{
   "found": true,
   "num_iterations": 129,
   "num_foil": 51,
   "_observation": [
      34.0,
      0.0,
      2.0,
      10.0,
      4.0,
      2.0,
      4.0,
      0.0,
      -0.1473664551602441,
      -0.21637494832950374,
      40.0
   ],
   "_idx": 38,
   "factual_class": 0,
   "feature_bounds_splits": {
      "0": {
         "type": 2,
         "values": [
            32.5,
            35.5
         ]
      },
      "1": {
         "type": 2,
         "values": [
            null,
            null
         ]
      },
      "2": {
         "type": 2,
         "values": [
            null,
            null
         ]
      },
      "3": {
         "type": 2,
         "values": [
            null,
            null
         ]
      },
      "4": {
         "type": 2,
         "values": [
            null,
            null
         ]
      },
      "5": {
         "type": 2,
         "values": [
            null,
            null
         ]
      },
      "6": {
         "type": 2,
         "values": [
            null,
            null
         ]
      },
      "7": {
         "type": 2,
         "values": [
            null,
            null
         ]
      },
      "8": {
         "type": 1,
         "values": [
            null,
            0.5538242757320404
         ]
      },
      "9": {
         "type": 1,
         "values": [
            null,
            null
         ]
      },
      "10": {
         "type": 2,
         "values": [
            41.5,
            43.5
         ]
      }
   },
   "splits": [
      [
         8,
         0.5538242757320404,
         true
      ],
      [
         0,
         29.5,
         false
      ],
      [
         10,
         32.5,
         false
      ],
      [
         10,
         38.5,
         false
      ],
      [
         10,
         39.5,
         false
      ],
      [
         0,
         32.5,
         false
      ],
      [
         10,
         40.5,
         false
      ],
      [
         0,
         35.5,
         true
      ],
      [
         10,
         43.5,
         true
      ],
      [
         10,
         41.5,
         false
      ]
   ],
   "remaining_rules": [
      670,
      1994,
      3396,
      4767,
      6312,
      7415,
      9377,
      10705,
      11986,
      13870
   ],
   "set_rules": [
      670,
      1994,
      3396,
      4767,
      6312,
      7415,
      9377,
      10705,
      11986,
      13870
   ],
   "foil_estimated_class": [
      1
   ],
   "distance": 0.0018552875695732837,
   "extraction_time": 0.37839388847351074,
   "feature_bounds": {
      "0": {
         "type": 2,
         "values": [
            33.5,
            35.5
         ]
      },
      "1": {
         "type": 2,
         "values": [
            null,
            0.5
         ]
      },
      "2": {
         "type": 2,
         "values": [
            1.5,
            2.5
         ]
      },
      "3": {
         "type": 2,
         "values": [
            9.5,
            10.5
         ]
      },
      "4": {
         "type": 2,
         "values": [
            3.5,
            4.5
         ]
      },
      "5": {
         "type": 2,
         "values": [
            1.0,
            2.5
         ]
      },
      "6": {
         "type": 2,
         "values": [
            3.5,
            4.0
         ]
      },
      "7": {
         "type": 2,
         "values": [
            null,
            0.5
         ]
      },
      "8": {
         "type": 1,
         "values": [
            null,
            0.06613514572381973
         ]
      },
      "9": {
         "type": 1,
         "values": [
            null,
            1.6004030331969261
         ]
      },
      "10": {
         "type": 2,
         "values": [
            41.0,
            42.5
         ]
      }
   },
   "feature_bounds_compact": {
      "0": {
         "type": 2,
         "values": [
            33.5,
            37.5
         ]
      },
      "1": {
         "type": 2,
         "values": [
            null,
            0.5
         ]
      },
      "2": {
         "type": 2,
         "values": [
            1.5,
            2.5
         ]
      },
      "3": {
         "type": 2,
         "values": [
            9.5,
            10.5
         ]
      },
      "4": {
         "type": 2,
         "values": [
            3.5,
            4.5
         ]
      },
      "5": {
         "type": 2,
         "values": [
            1.0,
            2.5
         ]
      },
      "6": {
         "type": 2,
         "values": [
            3.5,
            4.0
         ]
      },
      "7": {
         "type": 2,
         "values": [
            null,
            0.5
         ]
      },
      "8": {
         "type": 1,
         "values": [
            null,
            0.06613514572381973
         ]
      },
      "9": {
         "type": 1,
         "values": [
            null,
            1.6004030331969261
         ]
      },
      "10": {
         "type": 2,
         "values": [
            41.0,
            42.5
         ]
      }
   },
   "feature_bounds_compact_count": {
      "0": {
         "type": 2,
         "values": [
            33.5,
            37.5
         ]
      },
      "1": {
         "type": 2,
         "values": [
            null,
            0.5
         ]
      },
      "2": {
         "type": 2,
         "values": [
            1.5,
            2.5
         ]
      },
      "3": {
         "type": 2,
         "values": [
            9.5,
            10.5
         ]
      },
      "4": {
         "type": 2,
         "values": [
            3.5,
            4.5
         ]
      },
      "5": {
         "type": 2,
         "values": [
            1.0,
            2.5
         ]
      },
      "6": {
         "type": 2,
         "values": [
            3.5,
            4.0
         ]
      },
      "7": {
         "type": 2,
         "values": [
            null,
            0.5
         ]
      },
      "8": {
         "type": 1,
         "values": [
            null,
            0.06613514572381973
         ]
      },
      "9": {
         "type": 1,
         "values": [
            null,
            1.6004030331969261
         ]
      },
      "10": {
         "type": 2,
         "values": [
            41.0,
            42.5
         ]
      }
   },
   "counterfactual_sample": [
      34.0,
      0.0,
      2.0,
      10.0,
      4.0,
      2.0,
      4.0,
      0.0,
      -0.1473664551602441,
      -0.21637494832950374,
      42.0
   ],
   "counterfactual_distance": 0.0018552875695732837,
   "counterfactual_class": 1,
   "valid_": true
}