{
   "found": true,
   "num_iterations": 125,
   "num_foil": 55,
   "_observation": [
      33.0,
      0.0,
      2.0,
      13.0,
      5.0,
      4.0,
      9.0,
      1.0,
      -0.1473664551602441,
      -0.21637494832950374,
      40.0
   ],
   "_idx": 273,
   "factual_class": 0,
   "feature_bounds_splits": {
      "0": {
         "type": 2,
         "values": [
            null,
            null
         ]
      },
      "1": {
         "type": 2,
         "values": [
            null,
            null
         ]
      },
      "2": {
         "type": 2,
         "values": [
            null,
            null
         ]
      },
      "3": {
         "type": 2,
         "values": [
            null,
            null
         ]
      },
      "4": {
         "type": 2,
         "values": [
            null,
            null
         ]
      },
      "5": {
         "type": 2,
         "values": [
            null,
            null
         ]
      },
      "6": {
         "type": 2,
         "values": [
            null,
            null
         ]
      },
      "7": {
         "type": 2,
         "values": [
            null,
            null
         ]
      },
      "8": {
         "type": 1,
         "values": [
            0.7800547480583191,
            null
         ]
      },
      "9": {
         "type": 1,
         "values": [
            null,
            null
         ]
      },
      "10": {
         "type": 2,
         "values": [
            null,
            null
         ]
      }
   },
   "splits": [
      [
         8,
         0.43658071756362915,
         false
      ],
      [
         8,
         0.7800547480583191,
         false
      ]
   ],
   "remaining_rules": [
      1339,
      2928,
      2933,
      4397,
      5866,
      6979,
      8654,
      10017,
      11575,
      13038,
      14684
   ],
   "set_rules": [
      1339,
      2928,
      4397,
      5866,
      6979,
      8654,
      10017,
      11575,
      13038,
      14684
   ],
   "foil_estimated_class": [
      1
   ],
   "distance": 0.006127209624640058,
   "extraction_time": 0.19556879997253418,
   "feature_bounds": {
      "0": {
         "type": 2,
         "values": [
            32.5,
            35.5
         ]
      },
      "1": {
         "type": 2,
         "values": [
            null,
            0.5
         ]
      },
      "2": {
         "type": 2,
         "values": [
            1.5,
            2.5
         ]
      },
      "3": {
         "type": 2,
         "values": [
            12.5,
            13.5
         ]
      },
      "4": {
         "type": 2,
         "values": [
            4.5,
            5.5
         ]
      },
      "5": {
         "type": 2,
         "values": [
            2.5,
            4.5
         ]
      },
      "6": {
         "type": 2,
         "values": [
            6.5,
            9.5
         ]
      },
      "7": {
         "type": 2,
         "values": [
            0.5,
            1.5
         ]
      },
      "8": {
         "type": 1,
         "values": [
            0.7800547480583191,
            0.8260164558887482
         ]
      },
      "9": {
         "type": 1,
         "values": [
            null,
            4.96847677230835
         ]
      },
      "10": {
         "type": 2,
         "values": [
            null,
            42.5
         ]
      }
   },
   "feature_bounds_compact": {
      "0": {
         "type": 2,
         "values": [
            29.5,
            35.5
         ]
      },
      "1": {
         "type": 2,
         "values": [
            null,
            null
         ]
      },
      "2": {
         "type": 2,
         "values": [
            0.5,
            3.5
         ]
      },
      "3": {
         "type": 2,
         "values": [
            12.5,
            13.5
         ]
      },
      "4": {
         "type": 2,
         "values": [
            4.5,
            null
         ]
      },
      "5": {
         "type": 2,
         "values": [
            2.5,
            4.5
         ]
      },
      "6": {
         "type": 2,
         "values": [
            null,
            12.5
         ]
      },
      "7": {
         "type": 2,
         "values": [
            0.5,
            1.5
         ]
      },
      "8": {
         "type": 1,
         "values": [
            0.7800547480583191,
            null
         ]
      },
      "9": {
         "type": 1,
         "values": [
            null,
            4.96847677230835
         ]
      },
      "10": {
         "type": 2,
         "values": [
            null,
            42.5
         ]
      }
   },
   "feature_bounds_compact_count": {
      "0": {
         "type": 2,
         "values": [
            29.5,
            35.5
         ]
      },
      "1": {
         "type": 2,
         "values": [
            null,
            null
         ]
      },
      "2": {
         "type": 2,
         "values": [
            0.5,
            3.5
         ]
      },
      "3": {
         "type": 2,
         "values": [
            12.5,
            13.5
         ]
      },
      "4": {
         "type": 2,
         "values": [
            4.5,
            null
         ]
      },
      "5": {
         "type": 2,
         "values": [
            2.5,
            4.5
         ]
      },
      "6": {
         "type": 2,
         "values": [
            null,
            12.5
         ]
      },
      "7": {
         "type": 2,
         "values": [
            0.5,
            1.5
         ]
      },
      "8": {
         "type": 1,
         "values": [
            0.7800547480583191,
            null
         ]
      },
      "9": {
         "type": 1,
         "values": [
            null,
            4.96847677230835
         ]
      },
      "10": {
         "type": 2,
         "values": [
            null,
            42.5
         ]
      }
   },
   "counterfactual_sample": [
      33.0,
      0.0,
      2.0,
      13.0,
      5.0,
      4.0,
      9.0,
      1.0,
      0.7850547480583191,
      -0.21637494832950374,
      40.0
   ],
   "counterfactual_distance": 0.006126879306587951,
   "counterfactual_class": 1,
   "valid_": true
}