{
   "found": true,
   "num_iterations": 2377,
   "num_foil": 1162,
   "_observation": [
      39.0,
      0.0,
      2.0,
      9.0,
      3.0,
      0.0,
      11.0,
      1.0,
      0.497610662083811,
      -0.21637494832950374,
      50.0
   ],
   "_idx": 945,
   "factual_class": 0,
   "feature_bounds_splits": {
      "0": {
         "type": 2,
         "values": [
            39.5,
            40.5
         ]
      },
      "1": {
         "type": 2,
         "values": [
            null,
            null
         ]
      },
      "2": {
         "type": 2,
         "values": [
            null,
            null
         ]
      },
      "3": {
         "type": 2,
         "values": [
            null,
            null
         ]
      },
      "4": {
         "type": 2,
         "values": [
            null,
            null
         ]
      },
      "5": {
         "type": 2,
         "values": [
            null,
            null
         ]
      },
      "6": {
         "type": 2,
         "values": [
            null,
            null
         ]
      },
      "7": {
         "type": 2,
         "values": [
            null,
            null
         ]
      },
      "8": {
         "type": 1,
         "values": [
            0.5538242757320404,
            0.5842360258102417
         ]
      },
      "9": {
         "type": 1,
         "values": [
            null,
            null
         ]
      },
      "10": {
         "type": 2,
         "values": [
            49.5,
            null
         ]
      }
   },
   "splits": [
      [
         8,
         0.39323362708091736,
         false
      ],
      [
         8,
         0.4102972447872162,
         false
      ],
      [
         8,
         0.425640732049942,
         false
      ],
      [
         8,
         0.43403492867946625,
         false
      ],
      [
         8,
         0.43479177355766296,
         false
      ],
      [
         8,
         0.5538242757320404,
         false
      ],
      [
         8,
         0.9165636599063873,
         true
      ],
      [
         8,
         0.8304887861013412,
         true
      ],
      [
         8,
         0.8260164558887482,
         true
      ],
      [
         10,
         49.5,
         false
      ],
      [
         0,
         39.5,
         false
      ],
      [
         0,
         40.5,
         true
      ],
      [
         8,
         0.7391846477985382,
         true
      ],
      [
         8,
         0.5842360258102417,
         true
      ]
   ],
   "remaining_rules": [
      750,
      2925,
      4391,
      5863,
      6554,
      8243,
      9813,
      11575,
      12819,
      14026
   ],
   "set_rules": [
      750,
      2925,
      4391,
      5863,
      6554,
      8243,
      9813,
      11575,
      12819,
      14026
   ],
   "foil_estimated_class": [
      1
   ],
   "distance": 0.0016170277577483864,
   "extraction_time": 0.189650297164917,
   "feature_bounds": {
      "0": {
         "type": 2,
         "values": [
            39.5,
            40.5
         ]
      },
      "1": {
         "type": 2,
         "values": [
            null,
            null
         ]
      },
      "2": {
         "type": 2,
         "values": [
            0.5,
            2.5
         ]
      },
      "3": {
         "type": 2,
         "values": [
            8.0,
            11.5
         ]
      },
      "4": {
         "type": 2,
         "values": [
            2.5,
            3.5
         ]
      },
      "5": {
         "type": 2,
         "values": [
            null,
            1.0
         ]
      },
      "6": {
         "type": 2,
         "values": [
            8.5,
            12.0
         ]
      },
      "7": {
         "type": 2,
         "values": [
            0.5,
            3.5
         ]
      },
      "8": {
         "type": 1,
         "values": [
            0.5538242757320404,
            0.5842360258102417
         ]
      },
      "9": {
         "type": 1,
         "values": [
            null,
            0.5482622012495995
         ]
      },
      "10": {
         "type": 2,
         "values": [
            49.0,
            71.0
         ]
      }
   },
   "feature_bounds_compact": {
      "0": {
         "type": 2,
         "values": [
            39.5,
            40.5
         ]
      },
      "1": {
         "type": 2,
         "values": [
            null,
            null
         ]
      },
      "2": {
         "type": 2,
         "values": [
            null,
            2.5
         ]
      },
      "3": {
         "type": 2,
         "values": [
            8.0,
            12.5
         ]
      },
      "4": {
         "type": 2,
         "values": [
            2.5,
            3.5
         ]
      },
      "5": {
         "type": 2,
         "values": [
            null,
            2.5
         ]
      },
      "6": {
         "type": 2,
         "values": [
            8.5,
            12.0
         ]
      },
      "7": {
         "type": 2,
         "values": [
            0.5,
            3.5
         ]
      },
      "8": {
         "type": 1,
         "values": [
            0.5538242757320404,
            0.5842360258102417
         ]
      },
      "9": {
         "type": 1,
         "values": [
            null,
            5.269438028335571
         ]
      },
      "10": {
         "type": 2,
         "values": [
            40.5,
            71.0
         ]
      }
   },
   "feature_bounds_compact_count": {
      "0": {
         "type": 2,
         "values": [
            39.5,
            40.5
         ]
      },
      "1": {
         "type": 2,
         "values": [
            null,
            null
         ]
      },
      "2": {
         "type": 2,
         "values": [
            null,
            2.5
         ]
      },
      "3": {
         "type": 2,
         "values": [
            8.0,
            12.5
         ]
      },
      "4": {
         "type": 2,
         "values": [
            2.5,
            3.5
         ]
      },
      "5": {
         "type": 2,
         "values": [
            null,
            2.5
         ]
      },
      "6": {
         "type": 2,
         "values": [
            8.5,
            12.0
         ]
      },
      "7": {
         "type": 2,
         "values": [
            0.5,
            3.5
         ]
      },
      "8": {
         "type": 1,
         "values": [
            0.5538242757320404,
            0.5842360258102417
         ]
      },
      "9": {
         "type": 1,
         "values": [
            null,
            5.269438028335571
         ]
      },
      "10": {
         "type": 2,
         "values": [
            40.5,
            71.0
         ]
      }
   },
   "counterfactual_sample": [
      40.0,
      0.0,
      2.0,
      9.0,
      3.0,
      0.0,
      11.0,
      1.0,
      0.5588242757320404,
      -0.21637494832950374,
      50.0
   ],
   "counterfactual_distance": 0.00161669743969628,
   "counterfactual_class": 1,
   "valid_": true
}