{
   "found": true,
   "num_iterations": 326,
   "num_foil": 133,
   "_observation": [
      46.0,
      0.0,
      0.0,
      11.0,
      8.0,
      0.0,
      2.0,
      1.0,
      -0.1473664551602441,
      -0.21637494832950374,
      60.0
   ],
   "_idx": 973,
   "factual_class": 0,
   "feature_bounds_splits": {
      "0": {
         "type": 2,
         "values": [
            43.5,
            44.5
         ]
      },
      "1": {
         "type": 2,
         "values": [
            null,
            null
         ]
      },
      "2": {
         "type": 2,
         "values": [
            null,
            1.5
         ]
      },
      "3": {
         "type": 2,
         "values": [
            10.5,
            11.5
         ]
      },
      "4": {
         "type": 2,
         "values": [
            4.5,
            null
         ]
      },
      "5": {
         "type": 2,
         "values": [
            null,
            null
         ]
      },
      "6": {
         "type": 2,
         "values": [
            null,
            null
         ]
      },
      "7": {
         "type": 2,
         "values": [
            0.5,
            null
         ]
      },
      "8": {
         "type": 1,
         "values": [
            null,
            -0.06817201431840658
         ]
      },
      "9": {
         "type": 1,
         "values": [
            null,
            4.387352705001831
         ]
      },
      "10": {
         "type": 2,
         "values": [
            47.5,
            60.5
         ]
      }
   },
   "splits": [
      [
         7,
         0.5,
         false
      ],
      [
         8,
         0.19211692363023758,
         true
      ],
      [
         10,
         22.5,
         false
      ],
      [
         10,
         31.5,
         false
      ],
      [
         10,
         33.5,
         false
      ],
      [
         10,
         34.5,
         false
      ],
      [
         4,
         4.5,
         false
      ],
      [
         10,
         35.5,
         false
      ],
      [
         10,
         36.5,
         false
      ],
      [
         10,
         37.5,
         false
      ],
      [
         10,
         42.5,
         false
      ],
      [
         0,
         26.5,
         false
      ],
      [
         10,
         43.5,
         false
      ],
      [
         0,
         27.5,
         false
      ],
      [
         10,
         44.5,
         false
      ],
      [
         2,
         1.5,
         true
      ],
      [
         10,
         45.5,
         false
      ],
      [
         3,
         8.5,
         false
      ],
      [
         3,
         9.5,
         false
      ],
      [
         9,
         4.419161558151245,
         true
      ],
      [
         10,
         46.5,
         false
      ],
      [
         10,
         47.5,
         false
      ],
      [
         3,
         10.5,
         false
      ],
      [
         0,
         33.5,
         false
      ],
      [
         0,
         34.5,
         false
      ],
      [
         0,
         36.5,
         false
      ],
      [
         3,
         11.5,
         true
      ],
      [
         0,
         37.5,
         false
      ],
      [
         0,
         38.5,
         false
      ],
      [
         9,
         4.387352705001831,
         true
      ],
      [
         0,
         44.5,
         true
      ],
      [
         0,
         41.5,
         false
      ],
      [
         0,
         43.5,
         false
      ],
      [
         10,
         60.5,
         true
      ],
      [
         8,
         -0.06817201431840658,
         true
      ]
   ],
   "remaining_rules": [
      813,
      2862,
      4033,
      5259,
      6545,
      8211,
      10085,
      11384,
      12785,
      14569
   ],
   "set_rules": [
      813,
      2862,
      4033,
      5259,
      6545,
      8211,
      10085,
      11384,
      12785,
      14569
   ],
   "foil_estimated_class": [
      1
   ],
   "distance": 0.0024906600249066002,
   "extraction_time": 0.1747276782989502,
   "feature_bounds": {
      "0": {
         "type": 2,
         "values": [
            43.0,
            44.5
         ]
      },
      "1": {
         "type": 2,
         "values": [
            null,
            null
         ]
      },
      "2": {
         "type": 2,
         "values": [
            null,
            0.5
         ]
      },
      "3": {
         "type": 2,
         "values": [
            9.5,
            12.5
         ]
      },
      "4": {
         "type": 2,
         "values": [
            7.5,
            9.5
         ]
      },
      "5": {
         "type": 2,
         "values": [
            null,
            0.5
         ]
      },
      "6": {
         "type": 2,
         "values": [
            1.0,
            3.5
         ]
      },
      "7": {
         "type": 2,
         "values": [
            0.5,
            1.5
         ]
      },
      "8": {
         "type": 1,
         "values": [
            null,
            -0.06817201431840658
         ]
      },
      "9": {
         "type": 1,
         "values": [
            null,
            3.2887219190597534
         ]
      },
      "10": {
         "type": 2,
         "values": [
            55.5,
            60.0
         ]
      }
   },
   "feature_bounds_compact": {
      "0": {
         "type": 2,
         "values": [
            41.0,
            44.5
         ]
      },
      "1": {
         "type": 2,
         "values": [
            null,
            null
         ]
      },
      "2": {
         "type": 2,
         "values": [
            null,
            0.5
         ]
      },
      "3": {
         "type": 2,
         "values": [
            null,
            12.5
         ]
      },
      "4": {
         "type": 2,
         "values": [
            7.5,
            9.5
         ]
      },
      "5": {
         "type": 2,
         "values": [
            null,
            0.5
         ]
      },
      "6": {
         "type": 2,
         "values": [
            1.0,
            8.5
         ]
      },
      "7": {
         "type": 2,
         "values": [
            0.5,
            1.5
         ]
      },
      "8": {
         "type": 1,
         "values": [
            null,
            -0.06817201431840658
         ]
      },
      "9": {
         "type": 1,
         "values": [
            null,
            4.387352705001831
         ]
      },
      "10": {
         "type": 2,
         "values": [
            54.5,
            60.0
         ]
      }
   },
   "feature_bounds_compact_count": {
      "0": {
         "type": 2,
         "values": [
            41.0,
            44.5
         ]
      },
      "1": {
         "type": 2,
         "values": [
            null,
            null
         ]
      },
      "2": {
         "type": 2,
         "values": [
            null,
            0.5
         ]
      },
      "3": {
         "type": 2,
         "values": [
            null,
            12.5
         ]
      },
      "4": {
         "type": 2,
         "values": [
            7.5,
            9.5
         ]
      },
      "5": {
         "type": 2,
         "values": [
            null,
            0.5
         ]
      },
      "6": {
         "type": 2,
         "values": [
            1.0,
            8.5
         ]
      },
      "7": {
         "type": 2,
         "values": [
            0.5,
            1.5
         ]
      },
      "8": {
         "type": 1,
         "values": [
            null,
            -0.06817201431840658
         ]
      },
      "9": {
         "type": 1,
         "values": [
            null,
            4.387352705001831
         ]
      },
      "10": {
         "type": 2,
         "values": [
            54.5,
            60.0
         ]
      }
   },