{
   "found": true,
   "num_iterations": 284498,
   "num_foil": 142211,
   "_observation": [
      41.0,
      0.0,
      2.0,
      6.0,
      2.0,
      0.0,
      11.0,
      1.0,
      -0.1473664551602441,
      -0.21637494832950374,
      48.0
   ],
   "_idx": 336,
   "factual_class": 0,
   "feature_bounds_splits": {
      "0": {
         "type": 2,
         "values": [
            39.5,
            40.5
         ]
      },
      "1": {
         "type": 2,
         "values": [
            null,
            null
         ]
      },
      "2": {
         "type": 2,
         "values": [
            null,
            null
         ]
      },
      "3": {
         "type": 2,
         "values": [
            null,
            null
         ]
      },
      "4": {
         "type": 2,
         "values": [
            null,
            null
         ]
      },
      "5": {
         "type": 2,
         "values": [
            null,
            null
         ]
      },
      "6": {
         "type": 2,
         "values": [
            null,
            null
         ]
      },
      "7": {
         "type": 2,
         "values": [
            null,
            null
         ]
      },
      "8": {
         "type": 1,
         "values": [
            0.5538242757320404,
            0.5842360258102417
         ]
      },
      "9": {
         "type": 1,
         "values": [
            null,
            null
         ]
      },
      "10": {
         "type": 2,
         "values": [
            36.5,
            49.5
         ]
      }
   },
   "splits": [
      [
         8,
         0.425640732049942,
         false
      ],
      [
         8,
         0.43479177355766296,
         false
      ],
      [
         8,
         0.43658071756362915,
         false
      ],
      [
         8,
         0.4742858111858368,
         false
      ],
      [
         8,
         0.4801342189311981,
         false
      ],
      [
         8,
         0.4950648844242096,
         false
      ],
      [
         8,
         0.4959593564271927,
         false
      ],
      [
         8,
         0.4993307888507843,
         false
      ],
      [
         8,
         0.501945361495018,
         false
      ],
      [
         8,
         0.5268527567386627,
         false
      ],
      [
         8,
         0.8260164558887482,
         true
      ],
      [
         0,
         31.5,
         false
      ],
      [
         8,
         0.5538242757320404,
         false
      ],
      [
         8,
         0.5974465608596802,
         true
      ],
      [
         8,
         0.5842360258102417,
         true
      ],
      [
         10,
         36.5,
         false
      ],
      [
         0,
         39.5,
         false
      ],
      [
         0,
         40.5,
         true
      ],
      [
         10,
         49.5,
         true
      ]
   ],
   "remaining_rules": [
      750,
      2925,
      4390,
      5863,
      6553,
      8242,
      9792,
      11575,
      12819,
      14026
   ],
   "set_rules": [
      750,
      2925,
      4390,
      5863,
      6553,
      8242,
      9792,
      11575,
      12819,
      14026
   ],
   "foil_estimated_class": [
      1
   ],
   "distance": 0.005877979458174482,
   "extraction_time": 7.206780672073364,
   "feature_bounds": {
      "0": {
         "type": 2,
         "values": [
            39.5,
            40.5
         ]
      },
      "1": {
         "type": 2,
         "values": [
            null,
            null
         ]
      },
      "2": {
         "type": 2,
         "values": [
            0.5,
            2.5
         ]
      },
      "3": {
         "type": 2,
         "values": [
            null,
            8.0
         ]
      },
      "4": {
         "type": 2,
         "values": [
            null,
            2.5
         ]
      },
      "5": {
         "type": 2,
         "values": [
            null,
            2.5
         ]
      },
      "6": {
         "type": 2,
         "values": [
            8.5,
            12.0
         ]
      },
      "7": {
         "type": 2,
         "values": [
            0.5,
            3.5
         ]
      },
      "8": {
         "type": 1,
         "values": [
            0.5538242757320404,
            0.5842360258102417
         ]
      },
      "9": {
         "type": 1,
         "values": [
            null,
            0.5482622012495995
         ]
      },
      "10": {
         "type": 2,
         "values": [
            44.5,
            49.0
         ]
      }
   },
   "feature_bounds_compact": {
      "0": {
         "type": 2,
         "values": [
            39.5,
            40.5
         ]
      },
      "1": {
         "type": 2,
         "values": [
            null,
            null
         ]
      },
      "2": {
         "type": 2,
         "values": [
            null,
            2.5
         ]
      },
      "3": {
         "type": 2,
         "values": [
            null,
            8.0
         ]
      },
      "4": {
         "type": 2,
         "values": [
            null,
            2.5
         ]
      },
      "5": {
         "type": 2,
         "values": [
            null,
            2.5
         ]
      },
      "6": {
         "type": 2,
         "values": [
            8.5,
            12.0
         ]
      },
      "7": {
         "type": 2,
         "values": [
            0.5,
            3.5
         ]
      },
      "8": {
         "type": 1,
         "values": [
            0.5538242757320404,
            0.5842360258102417
         ]
      },
      "9": {
         "type": 1,
         "values": [
            null,
            5.269438028335571
         ]
      },
      "10": {
         "type": 2,
         "values": [
            40.5,
            71.0
         ]
      }
   },
   "feature_bounds_compact_count": {
      "0": {
         "type": 2,
         "values": [
            39.5,
            40.5
         ]
      },
      "1": {
         "type": 2,
         "values": [
            null,
            null
         ]
      },
      "2": {
         "type": 2,
         "values": [
            null,
            2.5
         ]
      },
      "3": {
         "type": 2,
         "values": [
            null,
            8.0
         ]
      },
      "4": {
         "type": 2,
         "values": [
            null,
            2.5
         ]
      },
      "5": {
         "type": 2,
         "values": [
            null,
            2.5
         ]
      },
      "6": {
         "type": 2,
         "values": [
            8.5,
            12.0
         ]
      },
      "7": {
         "type": 2,
         "values": [
            0.5,
            3.5
         ]
      },
      "8": {
         "type": 1,
         "values": [
            0.5538242757320404,
            0.5842360258102417
         ]
      },
      "9": {
         "type": 1,
         "values": [
            null,
            5.269438028335571
         ]
      },
      "10": {
         "type": 2,
         "values": [
            40.5,
            71.0
         ]
      }
   },
   "counterfactual_sample": [
      40.0,
      0.0,
      2.0,
      6.0,
      2.0,
      0.0,
      11.0,
      1.0,
      0.5588242757320404,
      -0.21637494832950374,
      48.0
   ],
   "counterfactual_distance": 0.005877649140122375,
   "counterfactual_class": 1,
   "valid_": true
}