{
   "found": true,
   "num_iterations": 38,
   "num_foil": 6,
   "_observation": [
      29.0,
      0.0,
      2.0,
      9.0,
      3.0,
      2.0,
      9.0,
      0.0,
      -0.1473664551602441,
      -0.21637494832950374,
      40.0
   ],
   "_idx": 877,
   "factual_class": 1,
   "feature_bounds_splits": {
      "0": {
         "type": 2,
         "values": [
            27.5,
            28.5
         ]
      },
      "1": {
         "type": 2,
         "values": [
            null,
            null
         ]
      },
      "2": {
         "type": 2,
         "values": [
            null,
            null
         ]
      },
      "3": {
         "type": 2,
         "values": [
            8.5,
            9.5
         ]
      },
      "4": {
         "type": 2,
         "values": [
            null,
            null
         ]
      },
      "5": {
         "type": 2,
         "values": [
            null,
            null
         ]
      },
      "6": {
         "type": 2,
         "values": [
            8.5,
            9.5
         ]
      },
      "7": {
         "type": 2,
         "values": [
            null,
            null
         ]
      },
      "8": {
         "type": 1,
         "values": [
            null,
            -0.0025321394205093384
         ]
      },
      "9": {
         "type": 1,
         "values": [
            null,
            null
         ]
      },
      "10": {
         "type": 2,
         "values": [
            39.5,
            40.5
         ]
      }
   },
   "splits": [
      [
         8,
         0.5538242757320404,
         true
      ],
      [
         6,
         8.5,
         false
      ],
      [
         0,
         24.5,
         false
      ],
      [
         10,
         34.5,
         false
      ],
      [
         10,
         35.5,
         false
      ],
      [
         3,
         9.5,
         true
      ],
      [
         10,
         37.5,
         false
      ],
      [
         6,
         9.5,
         true
      ],
      [
         8,
         0.4171089231967926,
         true
      ],
      [
         8,
         0.4110541045665741,
         true
      ],
      [
         8,
         0.3350246846675873,
         true
      ],
      [
         8,
         0.0022154003381729126,
         true
      ],
      [
         10,
         45.5,
         true
      ],
      [
         0,
         26.5,
         false
      ],
      [
         0,
         27.5,
         false
      ],
      [
         0,
         31.5,
         true
      ],
      [
         10,
         44.5,
         true
      ],
      [
         8,
         -0.0025321394205093384,
         true
      ],
      [
         10,
         42.5,
         true
      ],
      [
         3,
         8.5,
         false
      ],
      [
         10,
         41.5,
         true
      ],
      [
         10,
         39.5,
         false
      ],
      [
         0,
         28.5,
         true
      ],
      [
         10,
         40.5,
         true
      ]
   ],
   "remaining_rules": [
      91,
      1487,
      3048,
      4462,
      5949,
      7504,
      8774,
      10287,
      12073,
      13195
   ],
   "set_rules": [
      91,
      1487,
      3048,
      4462,
      5949,
      7504,
      8774,
      10287,
      12073,
      13195
   ],
   "foil_estimated_class": [
      0
   ],
   "distance": 0.0012453300124533001,
   "extraction_time": 0.18647217750549316,
   "feature_bounds": {
      "0": {
         "type": 2,
         "values": [
            27.5,
            28.0
         ]
      },
      "1": {
         "type": 2,
         "values": [
            null,
            0.5
         ]
      },
      "2": {
         "type": 2,
         "values": [
            1.5,
            3.0
         ]
      },
      "3": {
         "type": 2,
         "values": [
            8.5,
            9.5
         ]
      },
      "4": {
         "type": 2,
         "values": [
            2.5,
            3.5
         ]
      },
      "5": {
         "type": 2,
         "values": [
            1.0,
            2.5
         ]
      },
      "6": {
         "type": 2,
         "values": [
            8.0,
            9.5
         ]
      },
      "7": {
         "type": 2,
         "values": [
            null,
            0.5
         ]
      },
      "8": {
         "type": 1,
         "values": [
            null,
            -0.0025321394205093384
         ]
      },
      "9": {
         "type": 1,
         "values": [
            null,
            1.7080639228224754
         ]
      },
      "10": {
         "type": 2,
         "values": [
            39.5,
            40.5
         ]
      }
   },
   "feature_bounds_compact": {
      "0": {
         "type": 2,
         "values": [
            27.5,
            28.5
         ]
      },
      "1": {
         "type": 2,
         "values": [
            null,
            0.5
         ]
      },
      "2": {
         "type": 2,
         "values": [
            1.5,
            3.0
         ]
      },
      "3": {
         "type": 2,
         "values": [
            7.5,
            9.5
         ]
      },
      "4": {
         "type": 2,
         "values": [
            2.5,
            3.5
         ]
      },
      "5": {
         "type": 2,
         "values": [
            1.0,
            2.5
         ]
      },
      "6": {
         "type": 2,
         "values": [
            8.0,
            9.5
         ]
      },
      "7": {
         "type": 2,
         "values": [
            null,
            0.5
         ]
      },
      "8": {
         "type": 1,
         "values": [
            null,
            -0.0025321394205093384
         ]
      },
      "9": {
         "type": 1,
         "values": [
            null,
            1.7080639228224754
         ]
      },
      "10": {
         "type": 2,
         "values": [
            39.5,
            40.5
         ]
      }
   },
   "feature_bounds_compact_count": {
      "0": {
         "type": 2,
         "values": [
            27.5,
            28.5
         ]
      },
      "1": {
         "type": 2,
         "values": [
            null,
            0.5
         ]
      },
      "2": {
         "type": 2,
         "values": [
            1.5,
            3.0
         ]
      },
      "3": {
         "type": 2,
         "values": [
            7.5,
            9.5
         ]
      },
      "4": {
         "type": 2,
         "values": [
            2.5,
            3.5
         ]
      },
      "5": {
         "type": 2,
         "values": [
            1.0,
            2.5
         ]
      },
      "6": {
         "type": 2,
         "values": [
            8.0,
            9.5
         ]
      },
      "7": {
         "type": 2,
         "values": [
            null,
            0.5
         ]
      },
      "8": {
         "type": 1,
         "values": [
            null,
            -0.0025321394205093384
         ]
      },
      "9": {
         "type": 1,
         "values": [
            null,
            1.7080639228224754
         ]
      },
      "10": {
         "type": 2,
         "values": [
            39.5,
            40.5
         ]
      }
   },
   "counterfactual_sample": [
      28.0,
      0.0,
      2.0,
      9.0,
      3.0,
      2.0,
      9.0,
      0.0,
      -0.1473664551602441,
      -0.21637494832950374,
      40.0
   ],
   "counterfactual_distance": 0.0012453300124533001,
   "counterfactual_class": 0,
   "valid_": true
}