{
   "found": true,
   "num_iterations": 2187530,
   "num_foil": 1093698,
   "_observation": [
      18.0,
      0.0,
      2.0,
      8.0,
      2.0,
      4.0,
      2.0,
      3.0,
      -0.06562623590635704,
      -0.21637494832950374,
      20.0
   ],
   "_idx": 691,
   "factual_class": 0,
   "feature_bounds_splits": {
      "0": {
         "type": 2,
         "values": [
            null,
            27.5
         ]
      },
      "1": {
         "type": 2,
         "values": [
            null,
            null
         ]
      },
      "2": {
         "type": 2,
         "values": [
            null,
            null
         ]
      },
      "3": {
         "type": 2,
         "values": [
            8.5,
            null
         ]
      },
      "4": {
         "type": 2,
         "values": [
            null,
            2.5
         ]
      },
      "5": {
         "type": 2,
         "values": [
            3.5,
            5.5
         ]
      },
      "6": {
         "type": 2,
         "values": [
            null,
            2.5
         ]
      },
      "7": {
         "type": 2,
         "values": [
            null,
            null
         ]
      },
      "8": {
         "type": 1,
         "values": [
            0.9574337601661682,
            1.2561846673488617
         ]
      },
      "9": {
         "type": 1,
         "values": [
            null,
            null
         ]
      },
      "10": {
         "type": 2,
         "values": [
            21.5,
            35.5
         ]
      }
   },
   "splits": [
      [
         8,
         0.3816056028008461,
         false
      ],
      [
         8,
         0.3921327590942383,
         false
      ],
      [
         8,
         0.3927519917488098,
         false
      ],
      [
         8,
         0.4102972447872162,
         false
      ],
      [
         8,
         0.41077886521816254,
         false
      ],
      [
         8,
         0.4171089231967926,
         false
      ],
      [
         8,
         0.4233013689517975,
         false
      ],
      [
         8,
         0.43479177355766296,
         false
      ],
      [
         8,
         0.43658071756362915,
         false
      ],
      [
         8,
         0.46417146921157837,
         false
      ],
      [
         8,
         0.4777948558330536,
         false
      ],
      [
         8,
         0.4801342189311981,
         false
      ],
      [
         8,
         0.4950648844242096,
         false
      ],
      [
         8,
         0.4959593564271927,
         false
      ],
      [
         8,
         0.501945361495018,
         false
      ],
      [
         8,
         0.5106835961341858,
         false
      ],
      [
         8,
         0.5167384147644043,
         false
      ],
      [
         8,
         0.51907779276371,
         false
      ],
      [
         8,
         0.5268527567386627,
         false
      ],
      [
         8,
         0.5538242757320404,
         false
      ],
      [
         8,
         0.7274878025054932,
         false
      ],
      [
         8,
         0.7391846477985382,
         false
      ],
      [
         8,
         0.7800547480583191,
         false
      ],
      [
         8,
         0.820374459028244,
         false
      ],
      [
         8,
         0.8260164558887482,
         false
      ],
      [
         8,
         4.609666705131531,
         true
      ],
      [
         5,
         5.5,
         true
      ],
      [
         8,
         1.2561846673488617,
         true
      ],
      [
         8,
         0.9574337601661682,
         false
      ],
      [
         10,
         35.5,
         true
      ],
      [
         0,
         29.5,
         true
      ],
      [
         0,
         28.5,
         true
      ],
      [
         10,
         21.5,
         false
      ],
      [
         0,
         27.5,
         true
      ],
      [
         6,
         2.5,
         true
      ],
      [
         4,
         2.5,
         true
      ],
      [
         5,
         3.5,
         false
      ],
      [
         3,
         8.5,
         false
      ]
   ],
   "remaining_rules": [
      1301,
      2930,
      4392,
      4559,
      6795,
      8254,
      9706,
      11192,
      13137,
      13210
   ],
   "set_rules": [
      1301,
      2930,
      4392,
      4559,
      6795,
      8254,
      9706,
      11192,
      13137,
      13210
   ],
   "foil_estimated_class": [
      1
   ],
   "distance": 0.014674927650046108,
   "extraction_time": 29.94050621986389,
   "feature_bounds": {
      "0": {
         "type": 2,
         "values": [
            null,
            27.5
         ]
      },
      "1": {
         "type": 2,
         "values": [
            null,
            0.5
         ]
      },
      "2": {
         "type": 2,
         "values": [
            1.5,
            3.5
         ]
      },
      "3": {
         "type": 2,
         "values": [
            8.0,
            12.5
         ]
      },
      "4": {
         "type": 2,
         "values": [
            null,
            2.5
         ]
      },
      "5": {
         "type": 2,
         "values": [
            3.5,
            5.5
         ]
      },
      "6": {
         "type": 2,
         "values": [
            null,
            2.5
         ]
      },
      "7": {
         "type": 2,
         "values": [
            2.0,
            4.5
         ]
      },
      "8": {
         "type": 1,
         "values": [
            0.9574337601661682,
            3.185474157333374
         ]
      },
      "9": {
         "type": 1,
         "values": [
            null,
            5.337949514389038
         ]
      },
      "10": {
         "type": 2,
         "values": [
            21.5,
            35.5
         ]
      }
   },
   "feature_bounds_compact": {
      "0": {
         "type": 2,
         "values": [
            null,
            27.5
         ]
      },
      "1": {
         "type": 2,
         "values": [
            null,
            0.5
         ]
      },
      "2": {
         "type": 2,
         "values": [
            1.5,
            null
         ]
      },
      "3": {
         "type": 2,
         "values": [
            8.0,
            12.5
         ]
      },
      "4": {
         "type": 2,
         "values": [
            null,
            3.5
         ]
      },
      "5": {
         "type": 2,
         "values": [
            3.5,
            5.5
         ]
      },
      "6": {
         "type": 2,
         "values": [
            null,
            2.5
         ]
      },
      "7": {
         "type": 2,
         "values": [
            1.5,
            4.5
         ]
      },
      "8": {
         "type": 1,
         "values": [
            0.9574337601661682,
            null
         ]
      },
      "9": {
         "type": 1,
         "values": [
            null,
            5.337949514389038
         ]
      },
      "10": {
         "type": 2,
         "values": [
            21.5,
            42.5
         ]
      }
   },
   "feature_bounds_compact_count": {
      "0": {
         "type": 2,
         "values": [
            null,
            27.5
         ]
      },
      "1": {
         "type": 2,
         "values": [
            null,
            0.5
         ]
      },
      "2": {
         "type": 2,
         "values": [
            1.5,
            null
         ]
      },
      "3": {
         "type": 2,
         "values": [
            8.0,
            12.5
         ]
      },
      "4": {
         "type": 2,
         "values": [
            null,
            3.5
         ]
      },
      "5": {
         "type": 2,
         "values": [
            3.5,
            5.5
         ]
      },
      "6": {
         "type": 2,
         "values": [
            null,
            2.5
         ]
      },
      "7": {
         "type": 2,