{
   "factual_sample": {
      "sex": 1.0,
      "length": 0.6329849014529767,
      "diameter": 0.37407536895854,
      "height": -0.10799086572910817,
      "whole_weight": 0.18713474979582664,
      "shucked_weight": 0.3858426105162407,
      "viscera_weight": 0.2089977767727433,
      "shell_weight": 0.10180003713480552,
      "y": true
   },
   "counterfactual_sample": {
      "sex": 1.0,
      "length": 0.4831028726902854,
      "diameter": 0.37407536895854,
      "height": -0.1970231671834659,
      "whole_weight": 0.13681459404689622,
      "shucked_weight": 0.3858426105162407,
      "viscera_weight": 0.2089977767727433,
      "shell_weight": 0.11112267211899918,
      "y": 0.0
   },
   "counterfactual_found": true,
   "counterfactual_plausible": true,
   "counterfactual_distance": 0.0047059901844666,
   "counterfactual_time": 1.5523395538330078,
   "counterfactual_class": 0,
   "factual_class": 1,
   "valid_": true
}