{
   "factual_sample": {
      "sex": 0.0,
      "length": 0.4664272415087847,
      "diameter": 0.5252423994470907,
      "height": 0.9679965753931772,
      "whole_weight": 0.4543015888894977,
      "shucked_weight": 0.22588685943642786,
      "viscera_weight": 0.7199414218445032,
      "shell_weight": 0.2670465352479581,
      "y": false
   },
   "counterfactual_sample": {
      "sex": 0.0,
      "length": 0.4664272415087847,
      "diameter": 0.4501434112010976,
      "height": 0.22014976935631747,
      "whole_weight": 0.4513984525219853,
      "shucked_weight": 0.8357730956561531,
      "viscera_weight": 0.7199414218445032,
      "shell_weight": -0.11339702769293625,
      "y": 1.0
   },
   "counterfactual_found": true,
   "counterfactual_plausible": true,
   "counterfactual_distance": 0.023062578132765466,
   "counterfactual_time": 0.842083215713501,
   "counterfactual_class": 1,
   "factual_class": 0,
   "valid_": true
}