{
   "found": true,
   "num_iterations": 263,
   "num_foil": 106,
   "_observation": [
      1.0,
      1.0,
      3.0,
      3.0,
      -0.5338726407974013,
      -0.3493246320062693,
      0.0,
      0.0,
      5.0,
      -0.499585626601682,
      -0.17585210913996274,
      1.0,
      14.0,
      1.0
   ],
   "_idx": 293,
   "factual_class": 0,
   "feature_bounds_splits": {
      "0": {
         "type": 2,
         "values": [
            null,
            null
         ]
      },
      "1": {
         "type": 2,
         "values": [
            null,
            null
         ]
      },
      "2": {
         "type": 2,
         "values": [
            null,
            null
         ]
      },
      "3": {
         "type": 2,
         "values": [
            null,
            null
         ]
      },
      "4": {
         "type": 1,
         "values": [
            -0.5151296555995941,
            -0.4443228989839554
         ]
      },
      "5": {
         "type": 1,
         "values": [
            -0.36274532973766327,
            -0.3537982106208801
         ]
      },
      "6": {
         "type": 2,
         "values": [
            null,
            0.5
         ]
      },
      "7": {
         "type": 2,
         "values": [
            null,
            0.5
         ]
      },
      "8": {
         "type": 2,
         "values": [
            null,
            null
         ]
      },
      "9": {
         "type": 1,
         "values": [
            -0.5017957389354706,
            -0.4973755031824112
         ]
      },
      "10": {
         "type": 1,
         "values": [
            -0.17585211247205734,
            -0.164803477935493
         ]
      },
      "11": {
         "type": 2,
         "values": [
            null,
            null
         ]
      },
      "12": {
         "type": 2,
         "values": [
            13.5,
            null
         ]
      },
      "13": {
         "type": 2,
         "values": [
            null,
            null
         ]
      }
   },
   "splits": [
      [
         12,
         3.5,
         false
      ],
      [
         12,
         12.5,
         false
      ],
      [
         10,
         -0.010122749023139477,
         true
      ],
      [
         10,
         -0.07641449384391308,
         true
      ],
      [
         10,
         -0.08746311441063881,
         true
      ],
      [
         10,
         -0.08746311813592911,
         true
      ],
      [
         10,
         -0.09851174056529999,
         true
      ],
      [
         9,
         2.6719417572021484,
         true
      ],
      [
         9,
         2.2166563272476196,
         true
      ],
      [
         6,
         0.5,
         true
      ],
      [
         9,
         -0.6631347835063934,
         false
      ],
      [
         9,
         -0.6388234198093414,
         false
      ],
      [
         9,
         -0.63661327958107,
         false
      ],
      [
         9,
         -0.6277727782726288,
         false
      ],
      [
         9,
         -0.6189322769641876,
         false
      ],
      [
         9,
         -0.5968310534954071,
         false
      ],
      [
         5,
         -0.36721889674663544,
         false
      ],
      [
         4,
         0.011756006628274918,
         true
      ],
      [
         4,
         -0.0986192524433136,
         true
      ],
      [
         5,
         -0.36274532973766327,
         false
      ],
      [
         4,
         -0.0986192561686039,
         true
      ],
      [
         4,
         -0.14027030020952225,
         true
      ],
      [
         4,
         -0.16109582036733627,
         true
      ],
      [
         4,
         -0.19233409315347672,
         true
      ],
      [
         4,
         -0.20691195875406265,
         true
      ],
      [
         5,
         -0.33590392768383026,
         true
      ],
      [
         10,
         -0.12060898914933205,
         true
      ],
      [
         9,
         -0.5062160044908524,
         false
      ],
      [
         9,
         -0.5040058642625809,
         false
      ],
      [
         9,
         -0.5017957538366318,
         false
      ],
      [
         9,
         1.7746315598487854,
         true
      ],
      [
         9,
         -0.5017957389354706,
         false
      ],
      [
         12,
         13.5,
         false
      ],
      [
         9,
         -0.4973755031824112,
         true
      ],
      [
         4,
         -0.20691196620464325,
         true
      ],
      [
         4,
         -0.22773748636245728,
         true
      ],
      [
         4,
         -0.3755986839532852,
         true
      ],
      [
         4,
         -0.3776812255382538,
         true
      ],
      [
         4,
         -0.42974504828453064,
         true
      ],
      [
         10,
         -0.31948421895504,
         false
      ],
      [
         4,
         -0.431827574968338,
         true
      ],
      [
         10,
         -0.3084356039762497,
         false
      ],
      [
         10,
         -0.2973869740962982,
         false
      ],
      [
         4,
         -0.4443228989839554,
         true
      ],
      [
         4,
         -0.5713585615158081,
         false
      ],
      [
         7,
         0.5,
         true
      ],
      [
         5,
         -0.35379819571971893,
         true
      ],
      [
         4,
         -0.5484504997730255,
         false
      ],
      [
         4,
         -0.5255424231290817,
         false
      ],
      [
         4,
         -0.5234598517417908,
         false
      ],
      [
         10,
         -0.2531924769282341,
         false
      ],
      [
         4,
         -0.5151296555995941,
         false
      ],
      [
         10,
         -0.23109522834420204,
         false
      ],
      [
         10,
         -0.20899797976016998,
         false
      ],
      [
         5,
         -0.3537982106208801,
         true
      ],
      [
         10,
         -0.17585211247205734,
         false
      ],
      [
         10,
         -0.164803477935493,
         true
      ]
   ],
   "remaining_rules": [
      1075,
      3046,
      4588,
      4591,
      6650,
      8387,
      9924,
      11543,
      13932,
      13936,
      14916,
      14934,
      17309
   ],
   "set_rules": [
      1075,
      3046,
      4588,
      6650,
      8387,
      9924,
      11543,
      13932,
      14916,
      17309
   ],
   "foil_estimated_class": [
      1
   ],
   "distance": 0.00011883098044361559,
   "extraction_time": 0.2573380470275879,
   "feature_bounds": {
      "0": {
         "type": 2,
         "values": [
            0.5,
            null
         ]
      },
      "1": {
         "type": 2,
         "values": [
            0.5,
            null
         ]
      },
      "2": {
         "type": 2,
         "values": [
            2.5,
            3.5
         ]
      },
      "3": {
         "type": 2,
         "values": [
            2.5,
            3.5
         ]
      },
      "4": {
         "type": 1,
         "values": [
            -0.5151296555995941,
            -0.5005518198013306
         ]
      },
      "5": {
         "type": 1,
         "values": [
            -0.36274532973766327,
            -0.3537982106208801
         ]
      },
      "6": {
         "type": 2,
         "values": [
            null,
            0.5
         ]
      },
      "7": {
         "type": 2,
         "values": [
            null,
            0.5
         ]
      },
      "8": {
         "type": 2,
         "values": [
            4.5,
            5.5
         ]
      },
      "9": {
         "type": 1,
         "values": [
            -0.5017957389354706,
            -0.4774843901395798
         ]
      },
      "10": {
         "type": 1,
         "values": [
            -0.18690072745084763,
            -0.16480348259210587
         ]
      },