{
   "found": true,
   "num_iterations": 110546,
   "num_foil": 55216,
   "_observation": [
      0.0,
      1.0,
      2.0,
      3.0,
      2.664927368037255,
      0.2501331569152341,
      1.0,
      3.0,
      1.0,
      1.2287310477589757,
      0.11141211458423222,
      0.0,
      0.0,
      0.0
   ],
   "_idx": 849,
   "factual_class": 1,
   "feature_bounds_splits": {
      "0": {
         "type": 2,
         "values": [
            null,
            null
         ]
      },
      "1": {
         "type": 2,
         "values": [
            null,
            null
         ]
      },
      "2": {
         "type": 2,
         "values": [
            null,
            null
         ]
      },
      "3": {
         "type": 2,
         "values": [
            null,
            null
         ]
      },
      "4": {
         "type": 1,
         "values": [
            2.415021061897278,
            null
         ]
      },
      "5": {
         "type": 1,
         "values": [
            -0.23748549818992615,
            -0.21959123015403748
         ]
      },
      "6": {
         "type": 2,
         "values": [
            null,
            null
         ]
      },
      "7": {
         "type": 2,
         "values": [
            null,
            null
         ]
      },
      "8": {
         "type": 2,
         "values": [
            null,
            null
         ]
      },
      "9": {
         "type": 1,
         "values": [
            1.6862266659736633,
            1.7260088920593262
         ]
      },
      "10": {
         "type": 1,
         "values": [
            0.1224607415497303,
            0.14455799013376236
         ]
      },
      "11": {
         "type": 2,
         "values": [
            null,
            null
         ]
      },
      "12": {
         "type": 2,
         "values": [
            null,
            null
         ]
      },
      "13": {
         "type": 2,
         "values": [
            null,
            null
         ]
      }
   },
   "splits": [
      [
         9,
         -0.09955324977636337,
         false
      ],
      [
         4,
         0.15336954593658447,
         false
      ],
      [
         9,
         -0.04651028290390968,
         false
      ],
      [
         9,
         -0.042090036906301975,
         false
      ],
      [
         9,
         -0.03545966651290655,
         false
      ],
      [
         9,
         0.013163054594770074,
         false
      ],
      [
         9,
         0.024213671684265137,
         false
      ],
      [
         9,
         0.07062626630067825,
         false
      ],
      [
         9,
         0.07504651322960854,
         false
      ],
      [
         9,
         0.1347198486328125,
         false
      ],
      [
         9,
         0.14577047526836395,
         false
      ],
      [
         9,
         0.15019071847200394,
         false
      ],
      [
         9,
         0.15240084379911423,
         false
      ],
      [
         9,
         0.15461097098886967,
         false
      ],
      [
         9,
         0.19218306988477707,
         false
      ],
      [
         9,
         0.19218307361006737,
         false
      ],
      [
         9,
         0.3336309790611267,
         false
      ],
      [
         9,
         0.3380512297153473,
         false
      ],
      [
         9,
         0.417615681886673,
         false
      ],
      [
         9,
         0.42645616829395294,
         false
      ],
      [
         9,
         0.42866629362106323,
         false
      ],
      [
         9,
         0.4419270306825638,
         false
      ],
      [
         4,
         0.1575346551835537,
         false
      ],
      [
         4,
         0.17211251705884933,
         false
      ],
      [
         9,
         0.4596080183982849,
         false
      ],
      [
         4,
         0.17211252450942993,
         false
      ],
      [
         9,
         0.5435927212238312,
         false
      ],
      [
         5,
         0.21434463560581207,
         true
      ],
      [
         5,
         -0.15696130692958832,
         true
      ],
      [
         10,
         0.07826624251902103,
         false
      ],
      [
         9,
         1.3016651272773743,
         false
      ],
      [
         9,
         1.3657587170600891,
         false
      ],
      [
         5,
         -0.18380270153284073,
         true
      ],
      [
         5,
         -0.18380270898342133,
         true
      ],
      [
         5,
         -0.3761660307645798,
         false
      ],
      [
         10,
         0.10036348924040794,
         false
      ],
      [
         5,
         -0.3582717627286911,
         false
      ],
      [
         5,
         -0.3537982106208801,
         false
      ],
      [
         10,
         0.1445579919964075,
         true
      ],
      [
         5,
         -0.3448510617017746,
         false
      ],
      [
         4,
         2.415021061897278,
         false
      ],
      [
         9,
         1.6221330761909485,
         false
      ],
      [
         5,
         -0.2016969621181488,
         true
      ],
      [
         5,
         -0.2151176705956459,
         true
      ],
      [
         5,
         -0.21959123015403748,
         true
      ],
      [
         5,
         -0.3269568085670471,
         false
      ],
      [
         5,
         -0.23748549818992615,
         false
      ],
      [
         10,
         0.1224607415497303,
         false
      ],
      [
         10,
         0.14455799013376236,
         true
      ],
      [
         9,
         1.6862266659736633,
         false
      ],
      [
         9,
         1.7260088920593262,
         true
      ]
   ],
   "remaining_rules": [
      504,
      2140,
      5194,
      5890,
      7752,
      9347,
      11761,
      12809,
      15169,
      16265
   ],
   "set_rules": [
      504,
      2140,
      5194,
      5890,
      7752,
      9347,
      11761,
      12809,
      15169,
      16265
   ],
   "foil_estimated_class": [
      0
   ],
   "distance": 0.0037480940733479614,
   "extraction_time": 3.752063274383545,
   "feature_bounds": {
      "0": {
         "type": 2,
         "values": [
            null,
            0.5
         ]
      },
      "1": {
         "type": 2,
         "values": [
            0.5,
            null
         ]
      },
      "2": {
         "type": 2,
         "values": [
            1.5,
            2.5
         ]
      },
      "3": {
         "type": 2,
         "values": [
            2.5,
            3.5
         ]
      },
      "4": {
         "type": 1,
         "values": [
            2.415021061897278,
            3.6374791860580444
         ]
      },
      "5": {
         "type": 1,
         "values": [
            -0.23748549818992615,
            -0.21959123015403748
         ]
      },
      "6": {
         "type": 2,
         "values": [
            0.5,
            1.5
         ]
      },
      "7": {
         "type": 2,
         "values": [
            2.5,
            3.5
         ]
      },
      "8": {
         "type": 2,
         "values": [
            0.5,
            1.5
         ]
      },
      "9": {
         "type": 1,
         "values": [
            1.6862266659736633,
            1.7260088920593262
         ]
      },
      "10": {
         "type": 1,
         "values": [
            0.1224607415497303,
            0.14455799013376236
         ]
      },
      "11": {
         "type": 2,
         "values": [
            null,
            0.5
         ]
      },
      "12": {
         "type": 2,
         "values": [
            null,
            0.5
         ]
      },
      "13": {
         "type": 2,
         "values": [
            null,
            0.5
         ]
      }
   },
   "feature_bounds_compact": {
      "0": {
         "type": 2,