{
   "found": true,
   "num_iterations": 150,
   "num_foil": 57,
   "_observation": [
      0.0,
      0.0,
      1.0,
      4.0,
      -0.5671934742227622,
      -0.3493246320062693,
      0.0,
      0.0,
      0.0,
      -0.5040058738506862,
      -0.3747273409490208,
      1.0,
      10.0,
      1.0
   ],
   "_idx": 199,
   "factual_class": 0,
   "feature_bounds_splits": {
      "0": {
         "type": 2,
         "values": [
            null,
            null
         ]
      },
      "1": {
         "type": 2,
         "values": [
            null,
            null
         ]
      },
      "2": {
         "type": 2,
         "values": [
            null,
            null
         ]
      },
      "3": {
         "type": 2,
         "values": [
            null,
            null
         ]
      },
      "4": {
         "type": 1,
         "values": [
            -0.567193478345871,
            -0.5484504997730255
         ]
      },
      "5": {
         "type": 1,
         "values": [
            -0.32248324155807495,
            -0.3180096745491028
         ]
      },
      "6": {
         "type": 2,
         "values": [
            null,
            null
         ]
      },
      "7": {
         "type": 2,
         "values": [
            null,
            null
         ]
      },
      "8": {
         "type": 2,
         "values": [
            null,
            null
         ]
      },
      "9": {
         "type": 1,
         "values": [
            -0.6078816652297974,
            -0.5017957389354706
         ]
      },
      "10": {
         "type": 1,
         "values": [
            -0.3636787086725235,
            -0.34158146381378174
         ]
      },
      "11": {
         "type": 2,
         "values": [
            null,
            null
         ]
      },
      "12": {
         "type": 2,
         "values": [
            9.5,
            10.5
         ]
      },
      "13": {
         "type": 2,
         "values": [
            null,
            null
         ]
      }
   },
   "splits": [
      [
         4,
         -0.5255424231290817,
         true
      ],
      [
         5,
         -0.2016969658434391,
         true
      ],
      [
         4,
         -0.5422028601169586,
         true
      ],
      [
         5,
         -0.27774758636951447,
         true
      ],
      [
         4,
         -0.544285386800766,
         true
      ],
      [
         10,
         -0.17585210874676704,
         true
      ],
      [
         5,
         -0.28222113847732544,
         true
      ],
      [
         5,
         -0.2866947054862976,
         true
      ],
      [
         5,
         -0.2911682724952698,
         true
      ],
      [
         10,
         -0.17585211247205734,
         true
      ],
      [
         10,
         -0.18690072745084763,
         true
      ],
      [
         9,
         -0.13049498200416565,
         true
      ],
      [
         12,
         10.5,
         true
      ],
      [
         4,
         -0.6463304460048676,
         false
      ],
      [
         5,
         -0.3582717627286911,
         false
      ],
      [
         10,
         -0.20899798721075058,
         true
      ],
      [
         4,
         -0.6442479193210602,
         false
      ],
      [
         5,
         -0.3537982106208801,
         false
      ],
      [
         4,
         -0.6359176933765411,
         false
      ],
      [
         10,
         -0.22004660218954086,
         true
      ],
      [
         10,
         -0.23109523206949234,
         true
      ],
      [
         12,
         9.5,
         false
      ],
      [
         5,
         -0.33590392768383026,
         false
      ],
      [
         5,
         -0.3269568085670471,
         false
      ],
      [
         10,
         -0.28633834421634674,
         true
      ],
      [
         10,
         -0.2973869740962982,
         true
      ],
      [
         10,
         -0.3084355890750885,
         true
      ],
      [
         10,
         -0.31948421895504,
         true
      ],
      [
         4,
         -0.5859364420175552,
         false
      ],
      [
         9,
         -0.6830258965492249,
         false
      ],
      [
         5,
         -0.3045889735221863,
         true
      ],
      [
         5,
         -0.30906254053115845,
         true
      ],
      [
         4,
         -0.5755236744880676,
         false
      ],
      [
         4,
         -0.567193478345871,
         false
      ],
      [
         4,
         -0.5484504997730255,
         true
      ],
      [
         9,
         -0.13049498572945595,
         true
      ],
      [
         5,
         -0.32248324155807495,
         false
      ],
      [
         5,
         -0.3180096745491028,
         true
      ],
      [
         9,
         -0.6388234198093414,
         false
      ],
      [
         9,
         -0.25868214666843414,
         true
      ],
      [
         9,
         -0.6078816652297974,
         false
      ],
      [
         9,
         -0.5017957389354706,
         true
      ],
      [
         10,
         -0.3636787086725235,
         false
      ],
      [
         10,
         -0.34158146381378174,
         true
      ]
   ],
   "remaining_rules": [
      1003,
      3020,
      4440,
      6331,
      8321,
      9717,
      10715,
      13754,
      14823,
      17285
   ],
   "set_rules": [
      1003,
      3020,
      4440,
      6331,
      8321,
      9717,
      10715,
      13754,
      14823,
      17285
   ],
   "foil_estimated_class": [
      1
   ],
   "distance": 0.00010716810689970953,
   "extraction_time": 0.5086839199066162,
   "feature_bounds": {
      "0": {
         "type": 2,
         "values": [
            null,
            0.5
         ]
      },
      "1": {
         "type": 2,
         "values": [
            null,
            0.5
         ]
      },
      "2": {
         "type": 2,
         "values": [
            null,
            1.5
         ]
      },
      "3": {
         "type": 2,
         "values": [
            3.5,
            null
         ]
      },
      "4": {
         "type": 1,
         "values": [
            -0.5755236744880676,
            -0.5484504997730255
         ]
      },
      "5": {
         "type": 1,
         "values": [
            -0.32248324155807495,
            -0.3180096745491028
         ]
      },
      "6": {
         "type": 2,
         "values": [
            null,
            0.5
         ]
      },
      "7": {
         "type": 2,
         "values": [
            null,
            0.5
         ]
      },
      "8": {
         "type": 2,
         "values": [
            null,
            0.5
         ]
      },
      "9": {
         "type": 1,
         "values": [
            -0.6388234198093414,
            -0.5017957389354706
         ]
      },
      "10": {
         "type": 1,
         "values": [
            -0.3636787086725235,
            -0.34158146381378174
         ]
      },
      "11": {
         "type": 2,
         "values": [
            0.5,
            1.5
         ]
      },
      "12": {
         "type": 2,
         "values": [
            9.5,
            11.5
         ]
      },
      "13": {
         "type": 2,
         "values": [
            0.5,
            null
         ]
      }
   },
   "feature_bounds_compact": {
      "0": {
         "type": 2,
         "values": [
            null,
            0.5
         ]
      },
      "1": {
         "type": 2,
         "values": [
            null,
            0.5
         ]
      },
      "2": {
         "type": 2,
         "values": [
            null,
            1.5
         ]
      },
      "3": {
         "type": 2,
         "values": [
            3.5,
            null
         ]
      },
      "4": {
         "type": 1,
         "values": [
            -0.5755236744880676,
            -0.5484504997730255
         ]
      },