{
   "found": true,
   "num_iterations": 398,
   "num_foil": 183,
   "_observation": [
      1.0,
      0.0,
      2.0,
      2.0,
      -0.5213773282628908,
      -0.2866947137607391,
      0.0,
      5.0,
      0.0,
      -0.42886167061761415,
      -0.10956036520361004,
      0.0,
      0.0,
      0.0
   ],
   "_idx": 118,
   "factual_class": 1,
   "feature_bounds_splits": {
      "0": {
         "type": 2,
         "values": [
            null,
            null
         ]
      },
      "1": {
         "type": 2,
         "values": [
            null,
            null
         ]
      },
      "2": {
         "type": 2,
         "values": [
            null,
            null
         ]
      },
      "3": {
         "type": 2,
         "values": [
            null,
            null
         ]
      },
      "4": {
         "type": 1,
         "values": [
            -0.5484504997730255,
            -0.4255799353122711
         ]
      },
      "5": {
         "type": 1,
         "values": [
            -0.4253752529621124,
            -0.4164281189441681
         ]
      },
      "6": {
         "type": 2,
         "values": [
            null,
            null
         ]
      },
      "7": {
         "type": 2,
         "values": [
            null,
            null
         ]
      },
      "8": {
         "type": 2,
         "values": [
            null,
            null
         ]
      },
      "9": {
         "type": 1,
         "values": [
            -0.48411476612091064,
            -0.3647680878639221
         ]
      },
      "10": {
         "type": 1,
         "values": [
            -0.33053283393383026,
            -0.31948421895504
         ]
      },
      "11": {
         "type": 2,
         "values": [
            null,
            null
         ]
      },
      "12": {
         "type": 2,
         "values": [
            null,
            0.5
         ]
      },
      "13": {
         "type": 2,
         "values": [
            null,
            null
         ]
      }
   },
   "splits": [
      [
         4,
         -0.4255799353122711,
         true
      ],
      [
         9,
         -0.12165448442101479,
         true
      ],
      [
         9,
         -0.13933547586202621,
         true
      ],
      [
         9,
         -0.1415455974638462,
         true
      ],
      [
         9,
         -0.5327374935150146,
         false
      ],
      [
         10,
         -0.3636787086725235,
         false
      ],
      [
         10,
         0.2881901115179062,
         true
      ],
      [
         10,
         -0.032219995569903404,
         true
      ],
      [
         4,
         -0.6942291259765625,
         false
      ],
      [
         5,
         0.07119052112102509,
         true
      ],
      [
         5,
         0.06671696901321411,
         true
      ],
      [
         5,
         -0.18380270153284073,
         true
      ],
      [
         5,
         -0.2464326247572899,
         true
      ],
      [
         10,
         -0.1427062340080738,
         true
      ],
      [
         10,
         -0.164803477935493,
         true
      ],
      [
         10,
         -0.16480348259210587,
         true
      ],
      [
         10,
         -0.2531924769282341,
         true
      ],
      [
         10,
         -0.27528972923755646,
         true
      ],
      [
         4,
         -0.6921465992927551,
         false
      ],
      [
         10,
         -0.2973869740962982,
         true
      ],
      [
         9,
         -0.5040058791637421,
         false
      ],
      [
         10,
         -0.33053283393383026,
         false
      ],
      [
         9,
         -0.4973755031824112,
         false
      ],
      [
         5,
         -0.26880045235157013,
         true
      ],
      [
         5,
         -0.29564185440540314,
         true
      ],
      [
         5,
         -0.3001154065132141,
         true
      ],
      [
         5,
         -0.39406028389930725,
         true
      ],
      [
         4,
         -0.687981516122818,
         false
      ],
      [
         4,
         -0.6692385375499725,
         false
      ],
      [
         4,
         -0.6588257849216461,
         false
      ],
      [
         5,
         -0.3985338509082794,
         true
      ],
      [
         9,
         -0.3647680729627609,
         true
      ],
      [
         12,
         0.5,
         true
      ],
      [
         9,
         -0.4929552525281906,
         false
      ],
      [
         10,
         -0.31948421895504,
         true
      ],
      [
         9,
         -0.48411476612091064,
         false
      ],
      [
         4,
         -0.5567807257175446,
         false
      ],
      [
         4,
         -0.5484504997730255,
         false
      ],
      [
         5,
         -0.40748098492622375,
         true
      ],
      [
         9,
         -0.3647680878639221,
         true
      ],
      [
         5,
         -0.4164281189441681,
         true
      ],
      [
         5,
         -0.4253752529621124,
         false
      ]
   ],
   "remaining_rules": [
      267,
      1793,
      3592,
      5826,
      7112,
      9299,
      10902,
      12462,
      15107,
      15762
   ],
   "set_rules": [
      267,
      1793,
      3592,
      5826,
      7112,
      9299,
      10902,
      12462,
      15107,
      15762
   ],
   "foil_estimated_class": [
      0
   ],
   "distance": 0.0010602748934475182,
   "extraction_time": 0.23384904861450195,
   "feature_bounds": {
      "0": {
         "type": 2,
         "values": [
            0.5,
            null
         ]
      },
      "1": {
         "type": 2,
         "values": [
            null,
            0.5
         ]
      },
      "2": {
         "type": 2,
         "values": [
            1.5,
            2.5
         ]
      },
      "3": {
         "type": 2,
         "values": [
            1.5,
            2.5
         ]
      },
      "4": {
         "type": 1,
         "values": [
            -0.5484504997730255,
            -0.4318275898694992
         ]
      },
      "5": {
         "type": 1,
         "values": [
            -0.4253752529621124,
            -0.4164281189441681
         ]
      },
      "6": {
         "type": 2,
         "values": [
            null,
            0.5
         ]
      },
      "7": {
         "type": 2,
         "values": [
            4.5,
            5.5
         ]
      },
      "8": {
         "type": 2,
         "values": [
            null,
            0.5
         ]
      },
      "9": {
         "type": 1,
         "values": [
            -0.48632487654685974,
            -0.3647680878639221
         ]
      },
      "10": {
         "type": 1,
         "values": [
            -0.33053283393383026,
            -0.31948421895504
         ]
      },
      "11": {
         "type": 2,
         "values": [
            null,
            0.5
         ]
      },
      "12": {
         "type": 2,
         "values": [
            null,
            0.5
         ]
      },
      "13": {
         "type": 2,
         "values": [
            null,
            0.5
         ]
      }
   },
   "feature_bounds_compact": {
      "0": {
         "type": 2,
         "values": [
            0.5,
            null
         ]
      },
      "1": {
         "type": 2,
         "values": [
            null,
            0.5
         ]
      },
      "2": {
         "type": 2,
         "values": [
            1.5,
            2.5
         ]
      },
      "3": {
         "type": 2,
         "values": [
            1.5,
            2.5
         ]
      },
      "4": {
         "type": 1,
         "values": [
            -0.5484504997730255,
            -0.4318275898694992
         ]
      },
      "5": {
         "type": 1,
         "values": [
            -0.4253752529621124,
            -0.4164281189441681
         ]
      },
      "6": {
         "type": 2,