{
   "found": true,
   "num_iterations": 378,
   "num_foil": 143,
   "_observation": [
      1.0,
      0.0,
      3.0,
      2.0,
      -0.7754486831312685,
      -0.4298488126076653,
      0.0,
      6.0,
      0.0,
      -0.6984967528068727,
      -0.3747273409490208,
      1.0,
      1.0,
      1.0
   ],
   "_idx": 740,
   "factual_class": 1,
   "feature_bounds_splits": {
      "0": {
         "type": 2,
         "values": [
            null,
            null
         ]
      },
      "1": {
         "type": 2,
         "values": [
            null,
            null
         ]
      },
      "2": {
         "type": 2,
         "values": [
            null,
            null
         ]
      },
      "3": {
         "type": 2,
         "values": [
            null,
            null
         ]
      },
      "4": {
         "type": 1,
         "values": [
            -0.7733661234378815,
            -0.7712835669517517
         ]
      },
      "5": {
         "type": 1,
         "values": [
            null,
            -0.4253752529621124
         ]
      },
      "6": {
         "type": 2,
         "values": [
            null,
            null
         ]
      },
      "7": {
         "type": 2,
         "values": [
            null,
            null
         ]
      },
      "8": {
         "type": 2,
         "values": [
            null,
            null
         ]
      },
      "9": {
         "type": 1,
         "values": [
            -0.6962866187095642,
            -0.6918663680553436
         ]
      },
      "10": {
         "type": 1,
         "values": [
            null,
            -0.3636787086725235
         ]
      },
      "11": {
         "type": 2,
         "values": [
            0.5,
            null
         ]
      },
      "12": {
         "type": 2,
         "values": [
            0.5,
            1.5
         ]
      },
      "13": {
         "type": 2,
         "values": [
            null,
            null
         ]
      }
   },
   "splits": [
      [
         12,
         0.5,
         false
      ],
      [
         4,
         -0.12360987812280655,
         true
      ],
      [
         9,
         -0.20784930139780045,
         true
      ],
      [
         4,
         -0.1319400891661644,
         true
      ],
      [
         4,
         -0.16734347492456436,
         true
      ],
      [
         4,
         -0.16942602396011353,
         true
      ],
      [
         4,
         -0.17359112948179245,
         true
      ],
      [
         4,
         -0.20691196620464325,
         true
      ],
      [
         9,
         -0.21005942672491074,
         true
      ],
      [
         9,
         -0.21447967737913132,
         true
      ],
      [
         9,
         -0.25647203624248505,
         true
      ],
      [
         9,
         -0.25868214666843414,
         true
      ],
      [
         4,
         -0.21732471883296967,
         true
      ],
      [
         9,
         -0.2940441370010376,
         true
      ],
      [
         4,
         -0.22773747891187668,
         true
      ],
      [
         4,
         -0.22773748636245728,
         true
      ],
      [
         9,
         -0.2962542474269867,
         true
      ],
      [
         4,
         -0.27355362474918365,
         true
      ],
      [
         4,
         -0.2985442578792572,
         true
      ],
      [
         9,
         -0.298464372754097,
         true
      ],
      [
         4,
         -0.31728722155094147,
         true
      ],
      [
         4,
         -0.32353487610816956,
         true
      ],
      [
         4,
         -0.3318650871515274,
         true
      ],
      [
         9,
         -0.30288462340831757,
         true
      ],
      [
         4,
         -0.33603018522262573,
         true
      ],
      [
         4,
         -0.3443603962659836,
         true
      ],
      [
         4,
         -0.34644294530153275,
         true
      ],
      [
         4,
         -0.3755986839532852,
         true
      ],
      [
         9,
         -0.4509629011154175,
         true
      ],
      [
         11,
         0.5,
         false
      ],
      [
         9,
         -0.4730641394853592,
         true
      ],
      [
         9,
         -0.4730641543865204,
         true
      ],
      [
         9,
         -0.4752742499113083,
         true
      ],
      [
         9,
         -0.4752742797136307,
         true
      ],
      [
         9,
         -0.4774843901395798,
         true
      ],
      [
         4,
         -0.3776812255382538,
         true
      ],
      [
         12,
         1.5,
         true
      ],
      [
         4,
         -0.4214148223400116,
         true
      ],
      [
         4,
         -0.4214148372411728,
         true
      ],
      [
         4,
         -0.42349737882614136,
         true
      ],
      [
         4,
         -0.4318275898694992,
         true
      ],
      [
         4,
         -0.4505705386400223,
         true
      ],
      [
         4,
         -0.4818088263273239,
         true
      ],
      [
         4,
         -0.4818088412284851,
         true
      ],
      [
         4,
         -0.5067994743585587,
         true
      ],
      [
         4,
         -0.5088820159435272,
         true
      ],
      [
         4,
         -0.519294798374176,
         true
      ],
      [
         4,
         -0.5213773250579834,
         true
      ],
      [
         4,
         -0.5276249796152115,
         true
      ],
      [
         4,
         -0.5276249945163727,
         true
      ],
      [
         10,
         2.586303874850273,
         true
      ],
      [
         10,
         2.321136951446533,
         true
      ],
      [
         10,
         2.276942491531372,
         true
      ],
      [
         10,
         0.07826624810695648,
         true
      ],
      [
         10,
         0.07826624531298876,
         true
      ],
      [
         10,
         0.07826624065637589,
         true
      ],
      [
         10,
         -0.09851174056529999,
         true
      ],
      [
         10,
         -0.10956036299467087,
         true
      ],
      [
         10,
         -0.1427062340080738,
         true
      ],
      [
         10,
         -0.1537548564374447,
         true
      ],
      [
         10,
         -0.16480348259210587,
         true
      ],
      [
         5,
         -0.4253752529621124,
         true
      ],
      [
         10,
         -0.34158146381378174,
         true
      ],
      [
         4,
         -0.7733661234378815,
         false
      ],
      [
         9,
         -0.6962866187095642,
         false
      ],
      [
         4,
         -0.6838163733482361,
         true
      ],
      [
         4,
         -0.6838164031505585,
         true
      ],
      [
         4,
         -0.7462929487228394,
         true
      ],
      [
         4,
         -0.7587882578372955,
         true
      ],
      [
         10,
         -0.3636787086725235,
         true
      ],
      [
         9,
         -0.6918663680553436,
         true
      ],
      [
         4,
         -0.7608708143234253,
         true
      ],
      [
         4,
         -0.7650358974933624,
         true
      ],
      [
         4,
         -0.769201010465622,
         true
      ],
      [
         4,
         -0.7712835669517517,
         true
      ]
   ],
   "remaining_rules": [
      1428,
      2751,
      4078,
      5938,
      7063,
      8993,
      10587,
      13193,
      14122,
      16918
   ],
   "set_rules": [
      1428,
      2751,
      4078,
      5938,
      7063,
      8993,
      10587,
      13193,
      14122,
      16918
   ],
   "foil_estimated_class": [
      0
   ],
   "distance": 2.457589695335316e-05,
   "extraction_time": 0.4835174083709717,
   "feature_bounds": {
      "0": {
         "type": 2,