{
   "found": true,
   "num_iterations": 49,
   "num_foil": 1,
   "_observation": [
      1.0,
      0.0,
      2.0,
      4.0,
      -0.6546606619643349,
      -0.19722340198141025,
      1.0,
      6.0,
      0.0,
      -0.5703095825857498,
      -0.17585210913996274,
      1.0,
      6.0,
      1.0
   ],
   "_idx": 417,
   "factual_class": 1,
   "feature_bounds_splits": {
      "0": {
         "type": 2,
         "values": [
            null,
            null
         ]
      },
      "1": {
         "type": 2,
         "values": [
            null,
            null
         ]
      },
      "2": {
         "type": 2,
         "values": [
            null,
            null
         ]
      },
      "3": {
         "type": 2,
         "values": [
            null,
            null
         ]
      },
      "4": {
         "type": 1,
         "values": [
            -0.6609083116054535,
            -0.623422384262085
         ]
      },
      "5": {
         "type": 1,
         "values": [
            -0.2732740044593811,
            -0.2016969621181488
         ]
      },
      "6": {
         "type": 2,
         "values": [
            null,
            null
         ]
      },
      "7": {
         "type": 2,
         "values": [
            null,
            null
         ]
      },
      "8": {
         "type": 2,
         "values": [
            null,
            null
         ]
      },
      "9": {
         "type": 1,
         "values": [
            -0.5747298300266266,
            -0.5680994689464569
         ]
      },
      "10": {
         "type": 1,
         "values": [
            -0.23109522834420204,
            -0.05431724339723587
         ]
      },
      "11": {
         "type": 2,
         "values": [
            null,
            null
         ]
      },
      "12": {
         "type": 2,
         "values": [
            5.5,
            6.5
         ]
      },
      "13": {
         "type": 2,
         "values": [
            null,
            null
         ]
      }
   },
   "splits": [
      [
         4,
         -0.09237160091288388,
         true
      ],
      [
         4,
         -0.15693071484565735,
         true
      ],
      [
         4,
         -0.15693071857094765,
         true
      ],
      [
         4,
         -0.5276249796152115,
         true
      ],
      [
         4,
         -0.5838538855314255,
         true
      ],
      [
         5,
         0.19197680056095123,
         true
      ],
      [
         5,
         0.18750324100255966,
         true
      ],
      [
         4,
         -0.6671559810638428,
         false
      ],
      [
         5,
         -0.27774757146835327,
         false
      ],
      [
         9,
         -0.2962542623281479,
         true
      ],
      [
         9,
         -0.298464372754097,
         true
      ],
      [
         10,
         0.166655239649117,
         true
      ],
      [
         9,
         -0.3625579699873924,
         true
      ],
      [
         9,
         -0.3647680729627609,
         true
      ],
      [
         10,
         0.16665523499250412,
         true
      ],
      [
         10,
         0.10036348924040794,
         true
      ],
      [
         10,
         0.045120373368263245,
         true
      ],
      [
         9,
         -0.4156009405851364,
         true
      ],
      [
         9,
         -0.4178110510110855,
         true
      ],
      [
         10,
         0.04512037057429552,
         true
      ],
      [
         10,
         -0.010122748848516494,
         true
      ],
      [
         9,
         -0.4995856285095215,
         true
      ],
      [
         9,
         -0.5636792182922363,
         true
      ],
      [
         9,
         -0.5680994689464569,
         true
      ],
      [
         10,
         -0.04326862096786499,
         true
      ],
      [
         10,
         -0.05431724339723587,
         true
      ],
      [
         10,
         -0.23109522834420204,
         false
      ],
      [
         9,
         -0.6476638913154602,
         false
      ],
      [
         9,
         -0.5747298300266266,
         false
      ],
      [
         5,
         0.008560612797737122,
         true
      ],
      [
         5,
         -0.2732740044593811,
         false
      ],
      [
         12,
         5.5,
         false
      ],
      [
         5,
         0.004087049979716539,
         true
      ],
      [
         12,
         6.5,
         true
      ],
      [
         4,
         -0.6609083116054535,
         false
      ],
      [
         5,
         -0.013807212468236685,
         true
      ],
      [
         4,
         -0.623422384262085,
         true
      ],
      [
         5,
         -0.19722340255975723,
         true
      ],
      [
         5,
         -0.2016969621181488,
         true
      ]
   ],
   "remaining_rules": [
      1474,
      3259,
      5254,
      6918,
      8406,
      9817,
      12061,
      13751,
      15631,
      17251
   ],
   "set_rules": [
      1474,
      3259,
      5254,
      6918,
      8406,
      9817,
      12061,
      13751,
      15631,
      17251
   ],
   "foil_estimated_class": [
      0
   ],
   "distance": 1.1545208578954542e-05,
   "extraction_time": 0.45740795135498047,
   "feature_bounds": {
      "0": {
         "type": 2,
         "values": [
            0.5,
            null
         ]
      },
      "1": {
         "type": 2,
         "values": [
            null,
            0.5
         ]
      },
      "2": {
         "type": 2,
         "values": [
            1.5,
            2.5
         ]
      },
      "3": {
         "type": 2,
         "values": [
            3.5,
            null
         ]
      },
      "4": {
         "type": 1,
         "values": [
            -0.6609083116054535,
            -0.6442479193210602
         ]
      },
      "5": {
         "type": 1,
         "values": [
            -0.21064409613609314,
            -0.2016969621181488
         ]
      },
      "6": {
         "type": 2,
         "values": [
            0.5,
            1.5
         ]
      },
      "7": {
         "type": 2,
         "values": [
            5.5,
            null
         ]
      },
      "8": {
         "type": 2,
         "values": [
            null,
            0.5
         ]
      },
      "9": {
         "type": 1,
         "values": [
            -0.5857804417610168,
            -0.5680994689464569
         ]
      },
      "10": {
         "type": 1,
         "values": [
            -0.2973869740962982,
            -0.16480348259210587
         ]
      },
      "11": {
         "type": 2,
         "values": [
            0.5,
            1.5
         ]
      },
      "12": {
         "type": 2,
         "values": [
            5.5,
            6.5
         ]
      },
      "13": {
         "type": 2,
         "values": [
            0.5,
            null
         ]
      }
   },
   "feature_bounds_compact": {
      "0": {
         "type": 2,
         "values": [
            0.5,
            null
         ]
      },
      "1": {
         "type": 2,
         "values": [
            null,
            0.5
         ]
      },
      "2": {
         "type": 2,
         "values": [
            1.5,
            2.5
         ]
      },
      "3": {
         "type": 2,
         "values": [
            3.5,
            null
         ]
      },
      "4": {
         "type": 1,
         "values": [
            -0.6609083116054535,
            -0.6442479193210602
         ]
      },
      "5": {
         "type": 1,
         "values": [
            -0.21064409613609314,
            -0.2016969621181488
         ]
      },
      "6": {
         "type": 2,
         "values": [
            0.5,
            1.5
         ]
      },
      "7": {
         "type": 2,
         "values": [
            5.5,
            null
         ]
      },
      "8": {
         "type": 2,