{
   "found": true,
   "num_iterations": 279,
   "num_foil": 123,
   "_observation": [
      0.0,
      0.0,
      2.0,
      3.0,
      -0.6713210786770154,
      -0.009333647244819604,
      3.0,
      6.0,
      0.0,
      -0.6366132913208133,
      0.6638433140538379,
      1.0,
      2.0,
      1.0
   ],
   "_idx": 37,
   "factual_class": 1,
   "feature_bounds_splits": {
      "0": {
         "type": 2,
         "values": [
            null,
            null
         ]
      },
      "1": {
         "type": 2,
         "values": [
            null,
            null
         ]
      },
      "2": {
         "type": 2,
         "values": [
            null,
            null
         ]
      },
      "3": {
         "type": 2,
         "values": [
            null,
            null
         ]
      },
      "4": {
         "type": 1,
         "values": [
            -0.6734036505222321,
            -0.6671559810638428
         ]
      },
      "5": {
         "type": 1,
         "values": [
            -0.3716924488544464,
            -0.36274532973766327
         ]
      },
      "6": {
         "type": 2,
         "values": [
            null,
            null
         ]
      },
      "7": {
         "type": 2,
         "values": [
            null,
            null
         ]
      },
      "8": {
         "type": 2,
         "values": [
            null,
            null
         ]
      },
      "9": {
         "type": 1,
         "values": [
            -0.6167221665382385,
            -0.6078816950321198
         ]
      },
      "10": {
         "type": 1,
         "values": [
            0.07826624810695648,
            null
         ]
      },
      "11": {
         "type": 2,
         "values": [
            null,
            null
         ]
      },
      "12": {
         "type": 2,
         "values": [
            1.5,
            null
         ]
      },
      "13": {
         "type": 2,
         "values": [
            null,
            null
         ]
      }
   },
   "splits": [
      [
         5,
         0.23223889619112015,
         true
      ],
      [
         5,
         0.23223888874053955,
         true
      ],
      [
         12,
         1.5,
         false
      ],
      [
         9,
         -0.6962866187095642,
         false
      ],
      [
         5,
         -0.12117278575897217,
         true
      ],
      [
         10,
         0.07826624810695648,
         false
      ],
      [
         5,
         -0.18380270898342133,
         true
      ],
      [
         5,
         -0.3045889735221863,
         true
      ],
      [
         5,
         -0.30906254053115845,
         true
      ],
      [
         5,
         -0.3314303755760193,
         true
      ],
      [
         4,
         -0.6109270751476288,
         true
      ],
      [
         4,
         -0.6296700239181519,
         true
      ],
      [
         5,
         -0.3448510766029358,
         true
      ],
      [
         5,
         -0.3537982106208801,
         true
      ],
      [
         9,
         -0.687446117401123,
         false
      ],
      [
         9,
         -0.6830258965492249,
         false
      ],
      [
         4,
         -0.631752610206604,
         true
      ],
      [
         5,
         -0.4119545519351959,
         false
      ],
      [
         4,
         -0.6754861772060394,
         false
      ],
      [
         5,
         -0.3851131647825241,
         false
      ],
      [
         9,
         -0.61893230676651,
         false
      ],
      [
         4,
         -0.6671559810638428,
         true
      ],
      [
         9,
         -0.6167221665382385,
         false
      ],
      [
         9,
         -0.6078816950321198,
         true
      ],
      [
         4,
         -0.6734036505222321,
         false
      ],
      [
         5,
         -0.3716924488544464,
         false
      ],
      [
         5,
         -0.36274532973766327,
         true
      ]
   ],
   "remaining_rules": [
      1579,
      3000,
      5246,
      6875,
      8098,
      9812,
      11906,
      13617,
      15602,
      17052
   ],
   "set_rules": [
      1579,
      3000,
      5246,
      6875,
      8098,
      9812,
      11906,
      13617,
      15602,
      17052
   ],
   "foil_estimated_class": [
      0
   ],
   "distance": 0.0010115370930014068,
   "extraction_time": 0.42728757858276367,
   "feature_bounds": {
      "0": {
         "type": 2,
         "values": [
            null,
            0.5
         ]
      },
      "1": {
         "type": 2,
         "values": [
            null,
            0.5
         ]
      },
      "2": {
         "type": 2,
         "values": [
            1.5,
            2.5
         ]
      },
      "3": {
         "type": 2,
         "values": [
            1.5,
            null
         ]
      },
      "4": {
         "type": 1,
         "values": [
            -0.6734036505222321,
            -0.6671559810638428
         ]
      },
      "5": {
         "type": 1,
         "values": [
            -0.3716924488544464,
            -0.36274532973766327
         ]
      },
      "6": {
         "type": 2,
         "values": [
            2.5,
            null
         ]
      },
      "7": {
         "type": 2,
         "values": [
            5.5,
            null
         ]
      },
      "8": {
         "type": 2,
         "values": [
            null,
            1.0
         ]
      },
      "9": {
         "type": 1,
         "values": [
            -0.6167221665382385,
            -0.5592589676380157
         ]
      },
      "10": {
         "type": 1,
         "values": [
            0.07826624531298876,
            null
         ]
      },
      "11": {
         "type": 2,
         "values": [
            0.5,
            1.5
         ]
      },
      "12": {
         "type": 2,
         "values": [
            1.5,
            2.5
         ]
      },
      "13": {
         "type": 2,
         "values": [
            0.5,
            null
         ]
      }
   },
   "feature_bounds_compact": {
      "0": {
         "type": 2,
         "values": [
            null,
            0.5
         ]
      },
      "1": {
         "type": 2,
         "values": [
            null,
            0.5
         ]
      },
      "2": {
         "type": 2,
         "values": [
            1.5,
            2.5
         ]
      },
      "3": {
         "type": 2,
         "values": [
            1.5,
            null
         ]
      },
      "4": {
         "type": 1,
         "values": [
            -0.6734036505222321,
            -0.6671559810638428
         ]
      },
      "5": {
         "type": 1,
         "values": [
            -0.3716924488544464,
            -0.36274532973766327
         ]
      },
      "6": {
         "type": 2,
         "values": [
            2.5,
            null
         ]
      },
      "7": {
         "type": 2,
         "values": [
            5.5,
            null
         ]
      },
      "8": {
         "type": 2,
         "values": [
            null,
            2.5
         ]
      },
      "9": {
         "type": 1,
         "values": [
            -0.6167221665382385,
            -0.5592589676380157
         ]
      },
      "10": {
         "type": 1,
         "values": [
            0.07826624531298876,
            null
         ]
      },
      "11": {
         "type": 2,
         "values": [
            0.5,
            1.5
         ]
      },
      "12": {
         "type": 2,
         "values": [
            1.5,
            2.5
         ]
      },
      "13": {
         "type": 2,
         "values": [
            0.5,
            null
         ]
      }
   },
   "feature_bounds_compact_count": {
      "0": {
         "type": 2,
         "values": [
            null,
            0.5
         ]
      },
      "1": {
         "type": 2,
         "values": [
            null,
            0.5
         ]
      },