{
   "found": true,
   "num_iterations": 1015,
   "num_foil": 430,
   "_observation": [
      1.0,
      0.0,
      3.0,
      3.0,
      2.560799763583002,
      -0.09880495902414847,
      0.0,
      1.0,
      4.0,
      2.8421212936455227,
      0.2439956024569376,
      0.0,
      0.0,
      0.0
   ],
   "_idx": 499,
   "factual_class": 1,
   "feature_bounds_splits": {
      "0": {
         "type": 2,
         "values": [
            null,
            null
         ]
      },
      "1": {
         "type": 2,
         "values": [
            null,
            null
         ]
      },
      "2": {
         "type": 2,
         "values": [
            null,
            null
         ]
      },
      "3": {
         "type": 2,
         "values": [
            null,
            null
         ]
      },
      "4": {
         "type": 1,
         "values": [
            2.1734451055526733,
            2.831531524658203
         ]
      },
      "5": {
         "type": 1,
         "values": [
            -0.19274983555078506,
            -0.174855574965477
         ]
      },
      "6": {
         "type": 2,
         "values": [
            null,
            1.5
         ]
      },
      "7": {
         "type": 2,
         "values": [
            0.5,
            4.5
         ]
      },
      "8": {
         "type": 2,
         "values": [
            2.5,
            4.5
         ]
      },
      "9": {
         "type": 1,
         "values": [
            2.839911103248596,
            2.888533890247345
         ]
      },
      "10": {
         "type": 1,
         "values": [
            0.25504422187805176,
            0.2771414667367935
         ]
      },
      "11": {
         "type": 2,
         "values": [
            null,
            null
         ]
      },
      "12": {
         "type": 2,
         "values": [
            null,
            0.5
         ]
      },
      "13": {
         "type": 2,
         "values": [
            null,
            null
         ]
      }
   },
   "splits": [
      [
         9,
         -0.10176337137818336,
         false
      ],
      [
         4,
         -0.11111456900835037,
         false
      ],
      [
         9,
         -0.05535077769309282,
         false
      ],
      [
         9,
         -0.04872040916234255,
         false
      ],
      [
         9,
         -0.048720408231019974,
         false
      ],
      [
         9,
         -0.04651028569787741,
         false
      ],
      [
         9,
         -0.04651028476655483,
         false
      ],
      [
         9,
         -0.04651028290390968,
         false
      ],
      [
         9,
         -0.04430016130208969,
         false
      ],
      [
         4,
         -0.10070180520415306,
         false
      ],
      [
         9,
         -0.042090036906301975,
         false
      ],
      [
         9,
         -0.03987991437315941,
         false
      ],
      [
         9,
         -0.03766978904604912,
         false
      ],
      [
         9,
         -0.03545966651290655,
         false
      ],
      [
         9,
         -0.011148306541144848,
         false
      ],
      [
         4,
         -0.0986192524433136,
         false
      ],
      [
         4,
         -0.0819588378071785,
         false
      ],
      [
         9,
         0.04410478472709656,
         false
      ],
      [
         4,
         -0.07571118464693427,
         false
      ],
      [
         4,
         -0.07362863142043352,
         false
      ],
      [
         4,
         -0.07362862816080451,
         false
      ],
      [
         4,
         -0.06946352496743202,
         false
      ],
      [
         4,
         -0.06738097209017724,
         false
      ],
      [
         4,
         -0.01948227360844612,
         false
      ],
      [
         4,
         -0.01115206629037857,
         false
      ],
      [
         4,
         0.19502059370279312,
         false
      ],
      [
         9,
         0.16345145553350449,
         false
      ],
      [
         9,
         0.18997293757274747,
         false
      ],
      [
         9,
         0.2584867775440216,
         false
      ],
      [
         9,
         0.2629070207476616,
         false
      ],
      [
         9,
         0.2894285097718239,
         false
      ],
      [
         9,
         0.5480129718780518,
         false
      ],
      [
         4,
         0.2179286628961563,
         false
      ],
      [
         4,
         0.22209376841783524,
         false
      ],
      [
         4,
         0.22625887393951416,
         false
      ],
      [
         4,
         0.23250653594732285,
         false
      ],
      [
         4,
         0.24708440899848938,
         false
      ],
      [
         4,
         0.2512494996190071,
         false
      ],
      [
         9,
         0.5524332225322723,
         false
      ],
      [
         4,
         0.2533320486545563,
         false
      ],
      [
         9,
         0.5701142251491547,
         false
      ],
      [
         4,
         0.39286305010318756,
         false
      ],
      [
         9,
         0.5855850577354431,
         false
      ],
      [
         9,
         0.5944255590438843,
         false
      ],
      [
         12,
         0.5,
         true
      ],
      [
         9,
         0.631997674703598,
         false
      ],
      [
         9,
         0.6408381760120392,
         false
      ],
      [
         9,
         0.6784102767705917,
         false
      ],
      [
         9,
         0.7115621268749237,
         false
      ],
      [
         9,
         0.7248228490352631,
         false
      ],
      [
         9,
         0.7668152153491974,
         false
      ],
      [
         9,
         0.7867063283920288,
         false
      ],
      [
         9,
         0.9502554535865784,
         false
      ],
      [
         9,
         0.978987067937851,
         false
      ],
      [
         9,
         0.9900376796722412,
         false
      ],
      [
         9,
         1.0010883212089539,
         false
      ],
      [
         8,
         0.5,
         false
      ],
      [
         9,
         1.0320300161838531,
         false
      ],
      [
         9,
         1.0917034149169922,
         false
      ],
      [
         9,
         1.1226451396942139,
         false
      ],
      [
         9,
         1.1248552203178406,
         false
      ],
      [
         9,
         1.385649859905243,
         false
      ],
      [
         9,
         1.3967004716396332,
         false
      ],
      [
         9,
         1.434272587299347,
         false
      ],
      [
         9,
         1.4386928081512451,
         false
      ],
      [
         9,
         1.6221330761909485,
         false
      ],
      [
         5,
         -0.2911682799458504,
         false
      ],
      [
         5,
         -0.2732740193605423,
         false
      ],
      [
         9,
         1.6331836581230164,
         false
      ],
      [
         4,
         1.3799927234649658,
         false
      ],
      [
         9,
         1.737059473991394,
         false
      ],
      [
         8,
         1.5,
         false
      ],
      [
         9,
         1.7525303959846497,
         false
      ],
      [
         9,
         1.8011530637741089,
         false
      ],
      [
         4,
         1.4612122178077698,
         false
      ],
      [
         4,
         1.4716250598430634,
         false
      ],
      [
         4,
         1.4986981749534607,
         false
      ],
      [
         9,
         1.9691224098205566,
         false
      ],
      [
         4,
         1.5153586268424988,
         false
      ],
      [
         4,
         1.5403492450714111,
         false
      ],
      [
         9,
         1.9735426902770996,
         false
      ],
      [
         4,
