{
   "found": true,
   "num_iterations": 973,
   "num_foil": 475,
   "_observation": [
      1.0,
      1.0,
      2.0,
      4.0,
      -0.5463679533319117,
      -0.295641844938672,
      3.0,
      6.0,
      0.0,
      -0.4553831541116396,
      -0.35263009297023656,
      0.0,
      0.0,
      0.0
   ],
   "_idx": 125,
   "factual_class": 1,
   "feature_bounds_splits": {
      "0": {
         "type": 2,
         "values": [
            null,
            null
         ]
      },
      "1": {
         "type": 2,
         "values": [
            null,
            null
         ]
      },
      "2": {
         "type": 2,
         "values": [
            null,
            null
         ]
      },
      "3": {
         "type": 2,
         "values": [
            null,
            null
         ]
      },
      "4": {
         "type": 1,
         "values": [
            -0.5026343464851379,
            -0.46931351721286774
         ]
      },
      "5": {
         "type": 1,
         "values": [
            -0.29564185440540314,
            -0.2866947054862976
         ]
      },
      "6": {
         "type": 2,
         "values": [
            2.5,
            3.5
         ]
      },
      "7": {
         "type": 2,
         "values": [
            5.5,
            null
         ]
      },
      "8": {
         "type": 2,
         "values": [
            null,
            null
         ]
      },
      "9": {
         "type": 1,
         "values": [
            -0.6034614443778992,
            -0.5879905521869659
         ]
      },
      "10": {
         "type": 1,
         "values": [
            -0.34158146381378174,
            -0.31948421895504
         ]
      },
      "11": {
         "type": 2,
         "values": [
            null,
            null
         ]
      },
      "12": {
         "type": 2,
         "values": [
            null,
            0.5
         ]
      },
      "13": {
         "type": 2,
         "values": [
            null,
            null
         ]
      }
   },
   "splits": [
      [
         5,
         -0.2866947054862976,
         true
      ],
      [
         4,
         -0.35269060730934143,
         true
      ],
      [
         5,
         -0.29564185440540314,
         false
      ],
      [
         4,
         -0.5859364420175552,
         false
      ],
      [
         9,
         -0.6653448939323425,
         false
      ],
      [
         10,
         0.2881901115179062,
         true
      ],
      [
         10,
         0.14455799013376236,
         true
      ],
      [
         10,
         0.1224607415497303,
         true
      ],
      [
         10,
         0.01197449880419299,
         true
      ],
      [
         9,
         -0.3957097977399826,
         true
      ],
      [
         4,
         -0.5651109218597412,
         false
      ],
      [
         4,
         -0.5609458088874817,
         false
      ],
      [
         4,
         -0.5192947834730148,
         false
      ],
      [
         4,
         -0.5172122418880463,
         false
      ],
      [
         10,
         -0.04326862096786499,
         true
      ],
      [
         4,
         -0.5109645575284958,
         false
      ],
      [
         10,
         -0.05431724339723587,
         true
      ],
      [
         4,
         -0.4589007645845413,
         true
      ],
      [
         10,
         -0.2531924769282341,
         true
      ],
      [
         10,
         -0.3636787086725235,
         false
      ],
      [
         9,
         -0.3957098126411438,
         true
      ],
      [
         10,
         -0.2973869666457176,
         true
      ],
      [
         10,
         -0.3084356039762497,
         true
      ],
      [
         10,
         -0.31948421895504,
         true
      ],
      [
         7,
         5.5,
         false
      ],
      [
         6,
         3.5,
         true
      ],
      [
         4,
         -0.5067994594573975,
         false
      ],
      [
         4,
         -0.4609833061695099,
         true
      ],
      [
         10,
         -0.3526300936937332,
         false
      ],
      [
         4,
         -0.5026343464851379,
         false
      ],
      [
         6,
         2.5,
         false
      ],
      [
         4,
         -0.46931351721286774,
         true
      ],
      [
         12,
         0.5,
         true
      ],
      [
         9,
         -0.660924643278122,
         false
      ],
      [
         9,
         -0.48632487654685974,
         true
      ],
      [
         9,
         -0.6565043926239014,
         false
      ],
      [
         9,
         -0.5482083559036255,
         true
      ],
      [
         9,
         -0.5504184663295746,
         true
      ],
      [
         10,
         -0.34158146381378174,
         false
      ],
      [
         9,
         -0.5747298300266266,
         true
      ],
      [
         9,
         -0.5769399404525757,
         true
      ],
      [
         9,
         -0.6498740315437317,
         false
      ],
      [
         9,
         -0.6211424171924591,
         false
      ],
      [
         9,
         -0.6034614443778992,
         false
      ],
      [
         9,
         -0.585780456662178,
         true
      ],
      [
         9,
         -0.5879905521869659,
         true
      ]
   ],
   "remaining_rules": [
      424,
      2598,
      5235,
      5630,
      7320,
      9488,
      11724,
      13069,
      15334,
      16445
   ],
   "set_rules": [
      424,
      2598,
      5235,
      5630,
      7320,
      9488,
      11724,
      13069,
      15334,
      16445
   ],
   "foil_estimated_class": [
      0
   ],
   "distance": 0.001016387216541772,
   "extraction_time": 0.47600364685058594,
   "feature_bounds": {
      "0": {
         "type": 2,
         "values": [
            0.5,
            null
         ]
      },
      "1": {
         "type": 2,
         "values": [
            0.5,
            null
         ]
      },
      "2": {
         "type": 2,
         "values": [
            1.5,
            2.5
         ]
      },
      "3": {
         "type": 2,
         "values": [
            3.5,
            null
         ]
      },
      "4": {
         "type": 1,
         "values": [
            -0.5026343464851379,
            -0.46931351721286774
         ]
      },
      "5": {
         "type": 1,
         "values": [
            -0.3001154065132141,
            -0.2866947054862976
         ]
      },
      "6": {
         "type": 2,
         "values": [
            2.5,
            3.5
         ]
      },
      "7": {
         "type": 2,
         "values": [
            5.5,
            null
         ]
      },
      "8": {
         "type": 2,
         "values": [
            null,
            0.5
         ]
      },
      "9": {
         "type": 1,
         "values": [
            -0.6034614443778992,
            -0.5879905521869659
         ]
      },
      "10": {
         "type": 1,
         "values": [
            -0.34158146381378174,
            -0.31948421895504
         ]
      },
      "11": {
         "type": 2,
         "values": [
            null,
            0.5
         ]
      },
      "12": {
         "type": 2,
         "values": [
            null,
            0.5
         ]
      },
      "13": {
         "type": 2,
         "values": [
            null,
            0.5
         ]
      }
   },
   "feature_bounds_compact": {
      "0": {
         "type": 2,
         "values": [
            0.5,
            null
         ]
      },
      "1": {
         "type": 2,
         "values": [
            0.5,
            null
         ]
      },
      "2": {
         "type": 2,
         "values": [
            1.5,
            2.5
         ]
      },
      "3": {
         "type": 2,
         "values": [
            3.5,
            null
         ]
      },
      "4": {
         "type": 1,