{
   "found": true,
   "num_iterations": 129,
   "num_foil": 39,
   "_observation": [
      0.0,
      1.0,
      2.0,
      3.0,
      -0.6963117037460361,
      -0.2598533202269404,
      3.0,
      6.0,
      0.0,
      -0.6321930440718091,
      -0.3747273409490208,
      1.0,
      2.0,
      1.0
   ],
   "_idx": 276,
   "factual_class": 1,
   "feature_bounds_splits": {
      "0": {
         "type": 2,
         "values": [
            null,
            null
         ]
      },
      "1": {
         "type": 2,
         "values": [
            null,
            null
         ]
      },
      "2": {
         "type": 2,
         "values": [
            null,
            null
         ]
      },
      "3": {
         "type": 2,
         "values": [
            null,
            null
         ]
      },
      "4": {
         "type": 1,
         "values": [
            -0.6963117122650146,
            -0.6838164031505585
         ]
      },
      "5": {
         "type": 1,
         "values": [
            null,
            -0.28222113847732544
         ]
      },
      "6": {
         "type": 2,
         "values": [
            null,
            null
         ]
      },
      "7": {
         "type": 2,
         "values": [
            null,
            null
         ]
      },
      "8": {
         "type": 2,
         "values": [
            null,
            null
         ]
      },
      "9": {
         "type": 1,
         "values": [
            null,
            null
         ]
      },
      "10": {
         "type": 1,
         "values": [
            -0.3636787086725235,
            null
         ]
      },
      "11": {
         "type": 2,
         "values": [
            null,
            null
         ]
      },
      "12": {
         "type": 2,
         "values": [
            null,
            null
         ]
      },
      "13": {
         "type": 2,
         "values": [
            null,
            null
         ]
      }
   },
   "splits": [
      [
         5,
         0.07566409651190042,
         true
      ],
      [
         5,
         -0.027227912098169327,
         true
      ],
      [
         5,
         -0.031701475381851196,
         true
      ],
      [
         5,
         -0.12117278575897217,
         true
      ],
      [
         5,
         -0.18380270898342133,
         true
      ],
      [
         5,
         -0.2016969621181488,
         true
      ],
      [
         5,
         -0.20617052912712097,
         true
      ],
      [
         5,
         -0.21064409613609314,
         true
      ],
      [
         10,
         -0.3636787086725235,
         false
      ],
      [
         5,
         -0.2285383641719818,
         true
      ],
      [
         4,
         -0.712972104549408,
         false
      ],
      [
         5,
         -0.26432688534259796,
         true
      ],
      [
         4,
         -0.7067244648933411,
         false
      ],
      [
         4,
         -0.6838164031505585,
         true
      ],
      [
         5,
         -0.27774758636951447,
         true
      ],
      [
         5,
         -0.28222113847732544,
         true
      ],
      [
         4,
         -0.6963117122650146,
         false
      ]
   ],
   "remaining_rules": [
      1561,
      3181,
      5072,
      6795,
      8442,
      9901,
      11888,
      13400,
      15684,
      17035
   ],
   "set_rules": [
      1561,
      3181,
      5072,
      6795,
      8442,
      9901,
      11888,
      13400,
      15684,
      17035
   ],
   "foil_estimated_class": [
      0
   ],
   "distance": 9.603587175673121e-05,
   "extraction_time": 0.4488556385040283,
   "feature_bounds": {
      "0": {
         "type": 2,
         "values": [
            null,
            0.5
         ]
      },
      "1": {
         "type": 2,
         "values": [
            0.5,
            null
         ]
      },
      "2": {
         "type": 2,
         "values": [
            null,
            2.5
         ]
      },
      "3": {
         "type": 2,
         "values": [
            2.5,
            3.5
         ]
      },
      "4": {
         "type": 1,
         "values": [
            -0.6963117122650146,
            -0.6900640428066254
         ]
      },
      "5": {
         "type": 1,
         "values": [
            -0.2911682724952698,
            -0.28222113847732544
         ]
      },
      "6": {
         "type": 2,
         "values": [
            2.5,
            3.5
         ]
      },
      "7": {
         "type": 2,
         "values": [
            5.5,
            null
         ]
      },
      "8": {
         "type": 2,
         "values": [
            null,
            0.5
         ]
      },
      "9": {
         "type": 1,
         "values": [
            -0.6587145030498505,
            -0.6211424171924591
         ]
      },
      "10": {
         "type": 1,
         "values": [
            -0.3636787086725235,
            -0.34158146381378174
         ]
      },
      "11": {
         "type": 2,
         "values": [
            0.5,
            1.5
         ]
      },
      "12": {
         "type": 2,
         "values": [
            1.5,
            2.5
         ]
      },
      "13": {
         "type": 2,
         "values": [
            0.5,
            null
         ]
      }
   },
   "feature_bounds_compact": {
      "0": {
         "type": 2,
         "values": [
            null,
            0.5
         ]
      },
      "1": {
         "type": 2,
         "values": [
            0.5,
            null
         ]
      },
      "2": {
         "type": 2,
         "values": [
            null,
            2.5
         ]
      },
      "3": {
         "type": 2,
         "values": [
            2.5,
            3.5
         ]
      },
      "4": {
         "type": 1,
         "values": [
            -0.6963117122650146,
            -0.6900640428066254
         ]
      },
      "5": {
         "type": 1,
         "values": [
            -0.2911682724952698,
            -0.28222113847732544
         ]
      },
      "6": {
         "type": 2,
         "values": [
            2.5,
            3.5
         ]
      },
      "7": {
         "type": 2,
         "values": [
            5.5,
            null
         ]
      },
      "8": {
         "type": 2,
         "values": [
            null,
            0.5
         ]
      },
      "9": {
         "type": 1,
         "values": [
            -0.6587145030498505,
            -0.6211424171924591
         ]
      },
      "10": {
         "type": 1,
         "values": [
            -0.3636787086725235,
            -0.34158146381378174
         ]
      },
      "11": {
         "type": 2,
         "values": [
            0.5,
            1.5
         ]
      },
      "12": {
         "type": 2,
         "values": [
            1.5,
            2.5
         ]
      },
      "13": {
         "type": 2,
         "values": [
            0.5,
            null
         ]
      }
   },
   "feature_bounds_compact_count": {
      "0": {
         "type": 2,
         "values": [
            null,
            0.5
         ]
      },
      "1": {
         "type": 2,
         "values": [
            0.5,
            null
         ]
      },
      "2": {
         "type": 2,
         "values": [
            null,
            2.5
         ]
      },
      "3": {
         "type": 2,
         "values": [
            2.5,
            3.5
         ]
      },
      "4": {
         "type": 1,
         "values": [
            -0.6963117122650146,
            -0.6900640428066254
         ]
      },
      "5": {
         "type": 1,
         "values": [
            -0.2911682724952698,
            -0.28222113847732544
         ]
      },
      "6": {
         "type": 2,
         "values": [
            2.5,
            3.5
         ]
      },
      "7": {
         "type": 2,
         "values": [
            5.5,
            null
         ]
      },