{
   "found": true,
   "num_iterations": 40396,
   "num_foil": 20159,
   "_observation": [
      23.0,
      0.0,
      2.0,
      12.0,
      9.0,
      4.0,
      9.0,
      3.0,
      -0.1473664551602441,
      -0.21637494832950374,
      40.0
   ],
   "_idx": 212,
   "factual_class": 0,
   "feature_bounds_splits": {
      "0": {
         "type": 2,
         "values": [
            null,
            25.5
         ]
      },
      "1": {
         "type": 2,
         "values": [
            null,
            null
         ]
      },
      "2": {
         "type": 2,
         "values": [
            null,
            null
         ]
      },
      "3": {
         "type": 2,
         "values": [
            null,
            12.5
         ]
      },
      "4": {
         "type": 2,
         "values": [
            null,
            null
         ]
      },
      "5": {
         "type": 2,
         "values": [
            null,
            null
         ]
      },
      "6": {
         "type": 2,
         "values": [
            null,
            null
         ]
      },
      "7": {
         "type": 2,
         "values": [
            null,
            null
         ]
      },
      "8": {
         "type": 1,
         "values": [
            0.8286310136318207,
            0.8528503477573395
         ]
      },
      "9": {
         "type": 1,
         "values": [
            null,
            null
         ]
      },
      "10": {
         "type": 2,
         "values": [
            38.5,
            null
         ]
      }
   },
   "splits": [
      [
         8,
         0.3816056028008461,
         false
      ],
      [
         8,
         0.41077886521816254,
         false
      ],
      [
         8,
         0.4950648844242096,
         false
      ],
      [
         8,
         0.501945361495018,
         false
      ],
      [
         8,
         0.5268527567386627,
         false
      ],
      [
         8,
         0.5538242757320404,
         false
      ],
      [
         8,
         0.9165636599063873,
         true
      ],
      [
         0,
         29.5,
         true
      ],
      [
         8,
         0.5570580959320068,
         false
      ],
      [
         8,
         0.5974465608596802,
         false
      ],
      [
         8,
         0.820374459028244,
         false
      ],
      [
         8,
         0.8260164558887482,
         false
      ],
      [
         3,
         12.5,
         true
      ],
      [
         8,
         0.8286310136318207,
         false
      ],
      [
         0,
         28.5,
         true
      ],
      [
         8,
         0.8937204480171204,
         true
      ],
      [
         10,
         38.5,
         false
      ],
      [
         8,
         0.8528503477573395,
         true
      ],
      [
         0,
         25.5,
         true
      ]
   ],
   "remaining_rules": [
      1376,
      1410,
      1416,
      1417,
      1425,
      1462,
      1484,
      2926,
      4332,
      5621,
      5649,
      5653,
      5654,
      6725,
      8130,
      10127,
      11598,
      11599,
      12544,
      14548
   ],
   "set_rules": [
      1416,
      2926,
      4332,
      5621,
      6725,
      8130,
      10127,
      11599,
      12544,
      14548
   ],
   "foil_estimated_class": [
      1
   ],
   "distance": 0.006448121973096974,
   "extraction_time": 1.4528319835662842,
   "feature_bounds": {
      "0": {
         "type": 2,
         "values": [
            null,
            25.0
         ]
      },
      "1": {
         "type": 2,
         "values": [
            null,
            null
         ]
      },
      "2": {
         "type": 2,
         "values": [
            null,
            3.5
         ]
      },
      "3": {
         "type": 2,
         "values": [
            8.0,
            12.5
         ]
      },
      "4": {
         "type": 2,
         "values": [
            8.5,
            9.5
         ]
      },
      "5": {
         "type": 2,
         "values": [
            3.5,
            5.5
         ]
      },
      "6": {
         "type": 2,
         "values": [
            8.5,
            9.5
         ]
      },
      "7": {
         "type": 2,
         "values": [
            2.5,
            3.5
         ]
      },
      "8": {
         "type": 1,
         "values": [
            0.8286310136318207,
            0.8528503477573395
         ]
      },
      "9": {
         "type": 1,
         "values": [
            null,
            4.200169563293457
         ]
      },
      "10": {
         "type": 2,
         "values": [
            39.0,
            42.5
         ]
      }
   },
   "feature_bounds_compact": {
      "0": {
         "type": 2,
         "values": [
            null,
            25.0
         ]
      },
      "1": {
         "type": 2,
         "values": [
            null,
            null
         ]
      },
      "2": {
         "type": 2,
         "values": [
            null,
            3.5
         ]
      },
      "3": {
         "type": 2,
         "values": [
            8.0,
            12.5
         ]
      },
      "4": {
         "type": 2,
         "values": [
            8.5,
            null
         ]
      },
      "5": {
         "type": 2,
         "values": [
            3.5,
            5.5
         ]
      },
      "6": {
         "type": 2,
         "values": [
            3.5,
            9.5
         ]
      },
      "7": {
         "type": 2,
         "values": [
            2.5,
            3.5
         ]
      },
      "8": {
         "type": 1,
         "values": [
            0.8286310136318207,
            0.8528503477573395
         ]
      },
      "9": {
         "type": 1,
         "values": [
            null,
            4.200169563293457
         ]
      },
      "10": {
         "type": 2,
         "values": [
            38.5,
            55.5
         ]
      }
   },
   "feature_bounds_compact_count": {
      "0": {
         "type": 2,
         "values": [
            null,
            25.0
         ]
      },
      "1": {
         "type": 2,
         "values": [
            null,
            null
         ]
      },
      "2": {
         "type": 2,
         "values": [
            null,
            3.5
         ]
      },
      "3": {
         "type": 2,
         "values": [
            8.0,
            12.5
         ]
      },
      "4": {
         "type": 2,
         "values": [
            8.5,
            null
         ]
      },
      "5": {
         "type": 2,
         "values": [
            3.5,
            5.5
         ]
      },
      "6": {
         "type": 2,
         "values": [
            3.5,
            9.5
         ]
      },
      "7": {
         "type": 2,
         "values": [
            2.5,
            3.5
         ]
      },
      "8": {
         "type": 1,
         "values": [
            0.8286310136318207,
            0.8528503477573395
         ]
      },
      "9": {
         "type": 1,
         "values": [
            null,
            4.200169563293457
         ]
      },
      "10": {
         "type": 2,
         "values": [
            38.5,
            55.5
         ]
      }
   },
   "counterfactual_sample": [
      23.0,
      0.0,
      2.0,
      12.0,
      9.0,
      4.0,
      9.0,
      3.0,
      0.8336310136318207,
      -0.21637494832950374,
      40.0
   ],
   "counterfactual_distance": 0.006447791655044866,
   "counterfactual_class": 1,
   "valid_": true
}