{
   "found": true,
   "num_iterations": 42,
   "num_foil": 15,
   "_observation": [
      38.0,
      0.0,
      2.0,
      13.0,
      5.0,
      2.0,
      3.0,
      0.0,
      -0.1473664551602441,
      -0.21637494832950374,
      55.0
   ],
   "_idx": 320,
   "factual_class": 1,
   "feature_bounds_splits": {
      "0": {
         "type": 2,
         "values": [
            34.5,
            null
         ]
      },
      "1": {
         "type": 2,
         "values": [
            null,
            null
         ]
      },
      "2": {
         "type": 2,
         "values": [
            null,
            null
         ]
      },
      "3": {
         "type": 2,
         "values": [
            null,
            null
         ]
      },
      "4": {
         "type": 2,
         "values": [
            null,
            null
         ]
      },
      "5": {
         "type": 2,
         "values": [
            null,
            null
         ]
      },
      "6": {
         "type": 2,
         "values": [
            null,
            null
         ]
      },
      "7": {
         "type": 2,
         "values": [
            null,
            null
         ]
      },
      "8": {
         "type": 1,
         "values": [
            0.2819761037826538,
            0.5570580959320068
         ]
      },
      "9": {
         "type": 1,
         "values": [
            null,
            null
         ]
      },
      "10": {
         "type": 2,
         "values": [
            54.5,
            null
         ]
      }
   },
   "splits": [
      [
         8,
         0.5570580959320068,
         true
      ],
      [
         0,
         34.5,
         false
      ],
      [
         10,
         53.5,
         false
      ],
      [
         10,
         54.5,
         false
      ],
      [
         8,
         0.1564759835600853,
         false
      ],
      [
         8,
         0.2819761037826538,
         false
      ]
   ],
   "remaining_rules": [
      1242,
      2332,
      3799,
      5397,
      6947,
      6977,
      8093,
      9454,
      9484,
      11047,
      12499,
      14200
   ],
   "set_rules": [
      1242,
      2332,
      3799,
      5397,
      6947,
      8093,
      9454,
      11047,
      12499,
      14200
   ],
   "foil_estimated_class": [
      0
   ],
   "distance": 0.0028367222731806416,
   "extraction_time": 0.39665985107421875,
   "feature_bounds": {
      "0": {
         "type": 2,
         "values": [
            36.5,
            38.5
         ]
      },
      "1": {
         "type": 2,
         "values": [
            null,
            0.5
         ]
      },
      "2": {
         "type": 2,
         "values": [
            1.5,
            2.5
         ]
      },
      "3": {
         "type": 2,
         "values": [
            12.5,
            13.5
         ]
      },
      "4": {
         "type": 2,
         "values": [
            4.5,
            5.5
         ]
      },
      "5": {
         "type": 2,
         "values": [
            1.0,
            2.5
         ]
      },
      "6": {
         "type": 2,
         "values": [
            2.5,
            7.0
         ]
      },
      "7": {
         "type": 2,
         "values": [
            null,
            0.5
         ]
      },
      "8": {
         "type": 1,
         "values": [
            0.2819761037826538,
            0.34575824439525604
         ]
      },
      "9": {
         "type": 1,
         "values": [
            null,
            3.532182455062866
         ]
      },
      "10": {
         "type": 2,
         "values": [
            54.5,
            56.0
         ]
      }
   },
   "feature_bounds_compact": {
      "0": {
         "type": 2,
         "values": [
            36.5,
            42.5
         ]
      },
      "1": {
         "type": 2,
         "values": [
            null,
            0.5
         ]
      },
      "2": {
         "type": 2,
         "values": [
            1.5,
            2.5
         ]
      },
      "3": {
         "type": 2,
         "values": [
            12.5,
            13.5
         ]
      },
      "4": {
         "type": 2,
         "values": [
            4.5,
            5.5
         ]
      },
      "5": {
         "type": 2,
         "values": [
            0.5,
            2.5
         ]
      },
      "6": {
         "type": 2,
         "values": [
            2.5,
            7.0
         ]
      },
      "7": {
         "type": 2,
         "values": [
            null,
            0.5
         ]
      },
      "8": {
         "type": 1,
         "values": [
            0.2819761037826538,
            0.34575824439525604
         ]
      },
      "9": {
         "type": 1,
         "values": [
            null,
            3.532182455062866
         ]
      },
      "10": {
         "type": 2,
         "values": [
            54.5,
            56.0
         ]
      }
   },
   "feature_bounds_compact_count": {
      "0": {
         "type": 2,
         "values": [
            36.5,
            42.5
         ]
      },
      "1": {
         "type": 2,
         "values": [
            null,
            0.5
         ]
      },
      "2": {
         "type": 2,
         "values": [
            1.5,
            2.5
         ]
      },
      "3": {
         "type": 2,
         "values": [
            12.5,
            13.5
         ]
      },
      "4": {
         "type": 2,
         "values": [
            4.5,
            5.5
         ]
      },
      "5": {
         "type": 2,
         "values": [
            0.5,
            2.5
         ]
      },
      "6": {
         "type": 2,
         "values": [
            2.5,
            7.0
         ]
      },
      "7": {
         "type": 2,
         "values": [
            null,
            0.5
         ]
      },
      "8": {
         "type": 1,
         "values": [
            0.2819761037826538,
            0.34575824439525604
         ]
      },
      "9": {
         "type": 1,
         "values": [
            null,
            3.532182455062866
         ]
      },
      "10": {
         "type": 2,
         "values": [
            54.5,
            56.0
         ]
      }
   },
   "counterfactual_sample": [
      38.0,
      0.0,
      2.0,
      13.0,
      5.0,
      2.0,
      3.0,
      0.0,
      0.2869761037826538,
      -0.21637494832950374,
      55.0
   ],
   "counterfactual_distance": 0.002836391955128535,
   "counterfactual_class": 0,
   "valid_": true
}