{
   "found": true,
   "num_iterations": 83,
   "num_foil": 31,
   "_observation": [
      37.0,
      0.0,
      4.0,
      9.0,
      3.0,
      2.0,
      4.0,
      0.0,
      -0.1473664551602441,
      -0.21637494832950374,
      72.0
   ],
   "_idx": 909,
   "factual_class": 0,
   "feature_bounds_splits": {
      "0": {
         "type": 2,
         "values": [
            null,
            null
         ]
      },
      "1": {
         "type": 2,
         "values": [
            null,
            null
         ]
      },
      "2": {
         "type": 2,
         "values": [
            null,
            null
         ]
      },
      "3": {
         "type": 2,
         "values": [
            null,
            null
         ]
      },
      "4": {
         "type": 2,
         "values": [
            null,
            null
         ]
      },
      "5": {
         "type": 2,
         "values": [
            null,
            null
         ]
      },
      "6": {
         "type": 2,
         "values": [
            null,
            null
         ]
      },
      "7": {
         "type": 2,
         "values": [
            null,
            null
         ]
      },
      "8": {
         "type": 1,
         "values": [
            0.5538242757320404,
            null
         ]
      },
      "9": {
         "type": 1,
         "values": [
            null,
            null
         ]
      },
      "10": {
         "type": 2,
         "values": [
            null,
            null
         ]
      }
   },
   "splits": [
      [
         8,
         0.5538242757320404,
         false
      ]
   ],
   "remaining_rules": [
      925,
      2105,
      3242,
      4333,
      4799,
      6337,
      6720,
      6721,
      8101,
      9518,
      11593,
      11960,
      13784,
      14544
   ],
   "set_rules": [
      925,
      2105,
      3242,
      4799,
      6337,
      8101,
      9518,
      11593,
      11960,
      13784
   ],
   "foil_estimated_class": [
      1
   ],
   "distance": 0.004632649445721182,
   "extraction_time": 0.18695735931396484,
   "feature_bounds": {
      "0": {
         "type": 2,
         "values": [
            36.5,
            37.0
         ]
      },
      "1": {
         "type": 2,
         "values": [
            null,
            0.5
         ]
      },
      "2": {
         "type": 2,
         "values": [
            3.5,
            4.5
         ]
      },
      "3": {
         "type": 2,
         "values": [
            7.5,
            9.5
         ]
      },
      "4": {
         "type": 2,
         "values": [
            2.5,
            3.5
         ]
      },
      "5": {
         "type": 2,
         "values": [
            0.5,
            2.5
         ]
      },
      "6": {
         "type": 2,
         "values": [
            3.5,
            4.5
         ]
      },
      "7": {
         "type": 2,
         "values": [
            null,
            0.5
         ]
      },
      "8": {
         "type": 1,
         "values": [
            0.5538242757320404,
            0.5570580959320068
         ]
      },
      "9": {
         "type": 1,
         "values": [
            null,
            4.200169563293457
         ]
      },
      "10": {
         "type": 2,
         "values": [
            66.0,
            78.0
         ]
      }
   },
   "feature_bounds_compact": {
      "0": {
         "type": 2,
         "values": [
            36.5,
            44.5
         ]
      },
      "1": {
         "type": 2,
         "values": [
            null,
            0.5
         ]
      },
      "2": {
         "type": 2,
         "values": [
            3.5,
            null
         ]
      },
      "3": {
         "type": 2,
         "values": [
            7.5,
            9.5
         ]
      },
      "4": {
         "type": 2,
         "values": [
            2.5,
            3.5
         ]
      },
      "5": {
         "type": 2,
         "values": [
            0.5,
            2.5
         ]
      },
      "6": {
         "type": 2,
         "values": [
            1.0,
            4.5
         ]
      },
      "7": {
         "type": 2,
         "values": [
            null,
            0.5
         ]
      },
      "8": {
         "type": 1,
         "values": [
            0.5538242757320404,
            0.5570580959320068
         ]
      },
      "9": {
         "type": 1,
         "values": [
            null,
            4.200169563293457
         ]
      },
      "10": {
         "type": 2,
         "values": [
            66.0,
            78.0
         ]
      }
   },
   "feature_bounds_compact_count": {
      "0": {
         "type": 2,
         "values": [
            36.5,
            44.5
         ]
      },
      "1": {
         "type": 2,
         "values": [
            null,
            0.5
         ]
      },
      "2": {
         "type": 2,
         "values": [
            3.5,
            null
         ]
      },
      "3": {
         "type": 2,
         "values": [
            7.5,
            9.5
         ]
      },
      "4": {
         "type": 2,
         "values": [
            2.5,
            3.5
         ]
      },
      "5": {
         "type": 2,
         "values": [
            0.5,
            2.5
         ]
      },
      "6": {
         "type": 2,
         "values": [
            1.0,
            4.5
         ]
      },
      "7": {
         "type": 2,
         "values": [
            null,
            0.5
         ]
      },
      "8": {
         "type": 1,
         "values": [
            0.5538242757320404,
            0.5570580959320068
         ]
      },
      "9": {
         "type": 1,
         "values": [
            null,
            4.200169563293457
         ]
      },
      "10": {
         "type": 2,
         "values": [
            66.0,
            78.0
         ]
      }
   },
   "counterfactual_sample": [
      37.0,
      0.0,
      4.0,
      9.0,
      3.0,
      2.0,
      4.0,
      0.0,
      0.5588242757320404,
      -0.21637494832950374,
      72.0
   ],
   "counterfactual_distance": 0.004632319127669075,
   "counterfactual_class": 1,
   "valid_": true
}