{
   "found": true,
   "num_iterations": 118,
   "num_foil": 50,
   "_observation": [
      54.0,
      0.0,
      2.0,
      9.0,
      3.0,
      2.0,
      13.0,
      0.0,
      -0.1473664551602441,
      -0.21637494832950374,
      70.0
   ],
   "_idx": 161,
   "factual_class": 0,
   "feature_bounds_splits": {
      "0": {
         "type": 2,
         "values": [
            null,
            null
         ]
      },
      "1": {
         "type": 2,
         "values": [
            null,
            null
         ]
      },
      "2": {
         "type": 2,
         "values": [
            null,
            null
         ]
      },
      "3": {
         "type": 2,
         "values": [
            null,
            null
         ]
      },
      "4": {
         "type": 2,
         "values": [
            null,
            null
         ]
      },
      "5": {
         "type": 2,
         "values": [
            null,
            null
         ]
      },
      "6": {
         "type": 2,
         "values": [
            null,
            null
         ]
      },
      "7": {
         "type": 2,
         "values": [
            null,
            null
         ]
      },
      "8": {
         "type": 1,
         "values": [
            0.43403492867946625,
            0.5538242757320404
         ]
      },
      "9": {
         "type": 1,
         "values": [
            null,
            null
         ]
      },
      "10": {
         "type": 2,
         "values": [
            null,
            null
         ]
      }
   },
   "splits": [
      [
         8,
         0.5538242757320404,
         true
      ],
      [
         8,
         0.43403492867946625,
         false
      ]
   ],
   "remaining_rules": [
      633,
      1936,
      3473,
      4798,
      6193,
      7590,
      9382,
      10697,
      12123,
      13736
   ],
   "set_rules": [
      633,
      1936,
      3473,
      4798,
      6193,
      7590,
      9382,
      10697,
      12123,
      13736
   ],
   "foil_estimated_class": [
      1
   ],
   "distance": 0.00384127777009093,
   "extraction_time": 0.35927581787109375,
   "feature_bounds": {
      "0": {
         "type": 2,
         "values": [
            53.5,
            57.5
         ]
      },
      "1": {
         "type": 2,
         "values": [
            null,
            0.5
         ]
      },
      "2": {
         "type": 2,
         "values": [
            1.5,
            2.5
         ]
      },
      "3": {
         "type": 2,
         "values": [
            8.5,
            9.5
         ]
      },
      "4": {
         "type": 2,
         "values": [
            2.5,
            3.5
         ]
      },
      "5": {
         "type": 2,
         "values": [
            1.0,
            2.5
         ]
      },
      "6": {
         "type": 2,
         "values": [
            12.5,
            null
         ]
      },
      "7": {
         "type": 2,
         "values": [
            null,
            0.5
         ]
      },
      "8": {
         "type": 1,
         "values": [
            0.43403492867946625,
            0.5538242757320404
         ]
      },
      "9": {
         "type": 1,
         "values": [
            null,
            4.1377750635147095
         ]
      },
      "10": {
         "type": 2,
         "values": [
            62.5,
            76.5
         ]
      }
   },
   "feature_bounds_compact": {
      "0": {
         "type": 2,
         "values": [
            35.5,
            null
         ]
      },
      "1": {
         "type": 2,
         "values": [
            null,
            null
         ]
      },
      "2": {
         "type": 2,
         "values": [
            1.5,
            2.5
         ]
      },
      "3": {
         "type": 2,
         "values": [
            8.5,
            9.5
         ]
      },
      "4": {
         "type": 2,
         "values": [
            2.5,
            3.5
         ]
      },
      "5": {
         "type": 2,
         "values": [
            0.5,
            2.5
         ]
      },
      "6": {
         "type": 2,
         "values": [
            12.5,
            null
         ]
      },
      "7": {
         "type": 2,
         "values": [
            null,
            0.5
         ]
      },
      "8": {
         "type": 1,
         "values": [
            0.43403492867946625,
            0.5538242757320404
         ]
      },
      "9": {
         "type": 1,
         "values": [
            null,
            4.200169563293457
         ]
      },
      "10": {
         "type": 2,
         "values": [
            58.0,
            90.5
         ]
      }
   },
   "feature_bounds_compact_count": {
      "0": {
         "type": 2,
         "values": [
            35.5,
            null
         ]
      },
      "1": {
         "type": 2,
         "values": [
            null,
            null
         ]
      },
      "2": {
         "type": 2,
         "values": [
            1.5,
            2.5
         ]
      },
      "3": {
         "type": 2,
         "values": [
            8.5,
            9.5
         ]
      },
      "4": {
         "type": 2,
         "values": [
            2.5,
            3.5
         ]
      },
      "5": {
         "type": 2,
         "values": [
            0.5,
            2.5
         ]
      },
      "6": {
         "type": 2,
         "values": [
            12.5,
            null
         ]
      },
      "7": {
         "type": 2,
         "values": [
            null,
            0.5
         ]
      },
      "8": {
         "type": 1,
         "values": [
            0.43403492867946625,
            0.5538242757320404
         ]
      },
      "9": {
         "type": 1,
         "values": [
            null,
            4.200169563293457
         ]
      },
      "10": {
         "type": 2,
         "values": [
            58.0,
            90.5
         ]
      }
   },
   "counterfactual_sample": [
      54.0,
      0.0,
      2.0,
      9.0,
      3.0,
      2.0,
      13.0,
      0.0,
      0.43903492867946625,
      -0.21637494832950374,
      70.0
   ],
   "counterfactual_distance": 0.003840947452038823,
   "counterfactual_class": 1,
   "valid_": true
}