{
   "found": true,
   "num_iterations": 174,
   "num_foil": 84,
   "_observation": [
      38.0,
      0.0,
      4.0,
      9.0,
      3.0,
      2.0,
      2.0,
      0.0,
      -0.1473664551602441,
      -0.21637494832950374,
      50.0
   ],
   "_idx": 883,
   "factual_class": 0,
   "feature_bounds_splits": {
      "0": {
         "type": 2,
         "values": [
            null,
            null
         ]
      },
      "1": {
         "type": 2,
         "values": [
            null,
            null
         ]
      },
      "2": {
         "type": 2,
         "values": [
            null,
            null
         ]
      },
      "3": {
         "type": 2,
         "values": [
            null,
            null
         ]
      },
      "4": {
         "type": 2,
         "values": [
            null,
            null
         ]
      },
      "5": {
         "type": 2,
         "values": [
            null,
            null
         ]
      },
      "6": {
         "type": 2,
         "values": [
            null,
            null
         ]
      },
      "7": {
         "type": 2,
         "values": [
            null,
            null
         ]
      },
      "8": {
         "type": 1,
         "values": [
            0.5538242757320404,
            null
         ]
      },
      "9": {
         "type": 1,
         "values": [
            null,
            null
         ]
      },
      "10": {
         "type": 2,
         "values": [
            null,
            null
         ]
      }
   },
   "splits": [
      [
         8,
         0.5538242757320404,
         false
      ]
   ],
   "remaining_rules": [
      925,
      2105,
      3016,
      3021,
      3033,
      4333,
      4334,
      4799,
      6308,
      6337,
      6720,
      6721,
      6722,
      8101,
      8102,
      9518,
      11593,
      11595,
      11952,
      11953,
      11979,
      13292,
      13782,
      14544,
      14548
   ],
   "set_rules": [
      925,
      2105,
      3016,
      4799,
      6308,
      8101,
      9518,
      11593,
      11952,
      13782
   ],
   "foil_estimated_class": [
      1
   ],
   "distance": 0.004632649445721182,
   "extraction_time": 0.1875770092010498,
   "feature_bounds": {
      "0": {
         "type": 2,
         "values": [
            36.5,
            38.0
         ]
      },
      "1": {
         "type": 2,
         "values": [
            null,
            0.5
         ]
      },
      "2": {
         "type": 2,
         "values": [
            3.5,
            null
         ]
      },
      "3": {
         "type": 2,
         "values": [
            7.5,
            9.5
         ]
      },
      "4": {
         "type": 2,
         "values": [
            2.5,
            3.5
         ]
      },
      "5": {
         "type": 2,
         "values": [
            0.5,
            2.5
         ]
      },
      "6": {
         "type": 2,
         "values": [
            1.0,
            2.5
         ]
      },
      "7": {
         "type": 2,
         "values": [
            null,
            0.5
         ]
      },
      "8": {
         "type": 1,
         "values": [
            0.5538242757320404,
            0.5570580959320068
         ]
      },
      "9": {
         "type": 1,
         "values": [
            null,
            3.6459604501724243
         ]
      },
      "10": {
         "type": 2,
         "values": [
            43.5,
            51.0
         ]
      }
   },
   "feature_bounds_compact": {
      "0": {
         "type": 2,
         "values": [
            30.5,
            63.5
         ]
      },
      "1": {
         "type": 2,
         "values": [
            null,
            0.5
         ]
      },
      "2": {
         "type": 2,
         "values": [
            3.5,
            null
         ]
      },
      "3": {
         "type": 2,
         "values": [
            7.5,
            9.5
         ]
      },
      "4": {
         "type": 2,
         "values": [
            2.5,
            3.5
         ]
      },
      "5": {
         "type": 2,
         "values": [
            0.5,
            2.5
         ]
      },
      "6": {
         "type": 2,
         "values": [
            1.0,
            2.5
         ]
      },
      "7": {
         "type": 2,
         "values": [
            null,
            0.5
         ]
      },
      "8": {
         "type": 1,
         "values": [
            0.5538242757320404,
            0.5570580959320068
         ]
      },
      "9": {
         "type": 1,
         "values": [
            null,
            3.6459604501724243
         ]
      },
      "10": {
         "type": 2,
         "values": [
            41.5,
            51.0
         ]
      }
   },
   "feature_bounds_compact_count": {
      "0": {
         "type": 2,
         "values": [
            30.5,
            63.5
         ]
      },
      "1": {
         "type": 2,
         "values": [
            null,
            0.5
         ]
      },
      "2": {
         "type": 2,
         "values": [
            3.5,
            null
         ]
      },
      "3": {
         "type": 2,
         "values": [
            7.5,
            9.5
         ]
      },
      "4": {
         "type": 2,
         "values": [
            2.5,
            3.5
         ]
      },
      "5": {
         "type": 2,
         "values": [
            0.5,
            2.5
         ]
      },
      "6": {
         "type": 2,
         "values": [
            1.0,
            2.5
         ]
      },
      "7": {
         "type": 2,
         "values": [
            null,
            0.5
         ]
      },
      "8": {
         "type": 1,
         "values": [
            0.5538242757320404,
            0.5570580959320068
         ]
      },
      "9": {
         "type": 1,
         "values": [
            null,
            3.6459604501724243
         ]
      },
      "10": {
         "type": 2,
         "values": [
            41.5,
            51.0
         ]
      }
   },
   "counterfactual_sample": [
      38.0,
      0.0,
      4.0,
      9.0,
      3.0,
      2.0,
      2.0,
      0.0,
      0.5588242757320404,
      -0.21637494832950374,
      50.0
   ],
   "counterfactual_distance": 0.004632319127669075,
   "counterfactual_class": 1,
   "valid_": true
}