{
   "found": true,
   "num_iterations": 5,
   "num_foil": 1,
   "_observation": [
      59.0,
      0.0,
      4.0,
      4.0,
      1.0,
      2.0,
      13.0,
      0.0,
      -0.1473664551602441,
      -0.21637494832950374,
      40.0
   ],
   "_idx": 407,
   "factual_class": 0,
   "feature_bounds_splits": {
      "0": {
         "type": 2,
         "values": [
            59.5,
            61.5
         ]
      },
      "1": {
         "type": 2,
         "values": [
            null,
            0.5
         ]
      },
      "2": {
         "type": 2,
         "values": [
            3.5,
            4.5
         ]
      },
      "3": {
         "type": 2,
         "values": [
            3.5,
            4.5
         ]
      },
      "4": {
         "type": 2,
         "values": [
            null,
            1.5
         ]
      },
      "5": {
         "type": 2,
         "values": [
            0.5,
            2.5
         ]
      },
      "6": {
         "type": 2,
         "values": [
            12.5,
            null
         ]
      },
      "7": {
         "type": 2,
         "values": [
            null,
            0.5
         ]
      },
      "8": {
         "type": 1,
         "values": [
            null,
            0.5052480027079582
         ]
      },
      "9": {
         "type": 1,
         "values": [
            null,
            2.1105689629912376
         ]
      },
      "10": {
         "type": 2,
         "values": [
            38.5,
            41.0
         ]
      }
   },
   "remaining_rules": [
      8765,
      3277,
      10309,
      1515,
      4425,
      11624,
      239
   ],
   "set_rules": [
      8765,
      3277,
      10309,
      1515,
      4425,
      11624,
      239
   ],
   "foil_estimated_class": 1,
   "distance": 0.0012453300124533001,
   "extraction_time": 0.3533012866973877,
   "feature_bounds": {
      "0": {
         "type": 2,
         "values": [
            59.5,
            61.5
         ]
      },
      "1": {
         "type": 2,
         "values": [
            null,
            0.5
         ]
      },
      "2": {
         "type": 2,
         "values": [
            3.5,
            4.5
         ]
      },
      "3": {
         "type": 2,
         "values": [
            3.5,
            4.5
         ]
      },
      "4": {
         "type": 2,
         "values": [
            null,
            1.5
         ]
      },
      "5": {
         "type": 2,
         "values": [
            0.5,
            2.5
         ]
      },
      "6": {
         "type": 2,
         "values": [
            12.5,
            null
         ]
      },
      "7": {
         "type": 2,
         "values": [
            null,
            0.5
         ]
      },
      "8": {
         "type": 1,
         "values": [
            null,
            0.5052480027079582
         ]
      },
      "9": {
         "type": 1,
         "values": [
            null,
            2.1105689629912376
         ]
      },
      "10": {
         "type": 2,
         "values": [
            38.5,
            41.0
         ]
      }
   },
   "feature_bounds_compact": {
      "0": {
         "type": 2,
         "values": [
            59.5,
            61.5
         ]
      },
      "1": {
         "type": 2,
         "values": [
            null,
            0.5
         ]
      },
      "2": {
         "type": 2,
         "values": [
            3.5,
            4.5
         ]
      },
      "3": {
         "type": 2,
         "values": [
            3.5,
            4.5
         ]
      },
      "4": {
         "type": 2,
         "values": [
            null,
            1.5
         ]
      },
      "5": {
         "type": 2,
         "values": [
            0.5,
            2.5
         ]
      },
      "6": {
         "type": 2,
         "values": [
            12.5,
            null
         ]
      },
      "7": {
         "type": 2,
         "values": [
            null,
            0.5
         ]
      },
      "8": {
         "type": 1,
         "values": [
            null,
            0.5052480027079582
         ]
      },
      "9": {
         "type": 1,
         "values": [
            null,
            2.1105689629912376
         ]
      },
      "10": {
         "type": 2,
         "values": [
            38.5,
            41.0
         ]
      }
   },
   "feature_bounds_compact_count": {
      "0": {
         "type": 2,
         "values": [
            59.5,
            61.5
         ]
      },
      "1": {
         "type": 2,
         "values": [
            null,
            0.5
         ]
      },
      "2": {
         "type": 2,
         "values": [
            3.5,
            4.5
         ]
      },
      "3": {
         "type": 2,
         "values": [
            3.5,
            4.5
         ]
      },
      "4": {
         "type": 2,
         "values": [
            null,
            1.5
         ]
      },
      "5": {
         "type": 2,
         "values": [
            0.5,
            2.5
         ]
      },
      "6": {
         "type": 2,
         "values": [
            12.5,
            null
         ]
      },
      "7": {
         "type": 2,
         "values": [
            null,
            0.5
         ]
      },
      "8": {
         "type": 1,
         "values": [
            null,
            0.5052480027079582
         ]
      },
      "9": {
         "type": 1,
         "values": [
            null,
            2.1105689629912376
         ]
      },
      "10": {
         "type": 2,
         "values": [
            38.5,
            41.0
         ]
      }
   },
   "counterfactual_sample": [
      60.0,
      0.0,
      4.0,
      4.0,
      1.0,
      2.0,
      13.0,
      0.0,
      -0.1473664551602441,
      -0.21637494832950374,
      40.0
   ],
   "counterfactual_distance": 0.0012453300124533001,
   "counterfactual_class": 1,
   "valid_": true
}