{
   "found": true,
   "num_iterations": 10237,
   "num_foil": 5089,
   "_observation": [
      26.0,
      1.0,
      1.0,
      13.0,
      5.0,
      4.0,
      9.0,
      3.0,
      -0.1473664551602441,
      -0.21637494832950374,
      38.0
   ],
   "_idx": 951,
   "factual_class": 0,
   "feature_bounds_splits": {
      "0": {
         "type": 2,
         "values": [
            25.5,
            26.5
         ]
      },
      "1": {
         "type": 2,
         "values": [
            null,
            null
         ]
      },
      "2": {
         "type": 2,
         "values": [
            null,
            null
         ]
      },
      "3": {
         "type": 2,
         "values": [
            12.5,
            13.5
         ]
      },
      "4": {
         "type": 2,
         "values": [
            4.5,
            null
         ]
      },
      "5": {
         "type": 2,
         "values": [
            null,
            null
         ]
      },
      "6": {
         "type": 2,
         "values": [
            8.5,
            9.5
         ]
      },
      "7": {
         "type": 2,
         "values": [
            null,
            null
         ]
      },
      "8": {
         "type": 1,
         "values": [
            0.8528503477573395,
            0.8937204480171204
         ]
      },
      "9": {
         "type": 1,
         "values": [
            null,
            null
         ]
      },
      "10": {
         "type": 2,
         "values": [
            35.5,
            38.5
         ]
      }
   },
   "splits": [
      [
         8,
         0.352913960814476,
         false
      ],
      [
         8,
         0.41077886521816254,
         false
      ],
      [
         8,
         0.4950648844242096,
         false
      ],
      [
         8,
         0.4959593564271927,
         false
      ],
      [
         8,
         0.501945361495018,
         false
      ],
      [
         8,
         0.5268527567386627,
         false
      ],
      [
         8,
         0.5538242757320404,
         false
      ],
      [
         8,
         0.9165636599063873,
         true
      ],
      [
         0,
         25.5,
         false
      ],
      [
         0,
         26.5,
         true
      ],
      [
         8,
         0.5570580959320068,
         false
      ],
      [
         8,
         0.8260164558887482,
         false
      ],
      [
         8,
         0.8937204480171204,
         true
      ],
      [
         8,
         0.8286310136318207,
         false
      ],
      [
         8,
         0.8350986838340759,
         false
      ],
      [
         8,
         0.8528503477573395,
         false
      ],
      [
         3,
         12.5,
         false
      ],
      [
         3,
         13.5,
         true
      ],
      [
         10,
         35.5,
         false
      ],
      [
         10,
         42.5,
         true
      ],
      [
         10,
         39.5,
         true
      ],
      [
         6,
         9.5,
         true
      ],
      [
         10,
         38.5,
         true
      ],
      [
         6,
         8.5,
         false
      ],
      [
         4,
         4.5,
         false
      ]
   ],
   "remaining_rules": [
      1410,
      2926,
      4332,
      5627,
      7200,
      8167,
      10127,
      11592,
      12826,
      14548
   ],
   "set_rules": [
      1410,
      2926,
      4332,
      5627,
      7200,
      8167,
      10127,
      11592,
      12826,
      14548
   ],
   "foil_estimated_class": [
      1
   ],
   "distance": 0.006608123638530117,
   "extraction_time": 0.347365140914917,
   "feature_bounds": {
      "0": {
         "type": 2,
         "values": [
            null,
            27.5
         ]
      },
      "1": {
         "type": 2,
         "values": [
            null,
            null
         ]
      },
      "2": {
         "type": 2,
         "values": [
            null,
            3.5
         ]
      },
      "3": {
         "type": 2,
         "values": [
            12.5,
            13.5
         ]
      },
      "4": {
         "type": 2,
         "values": [
            4.5,
            9.5
         ]
      },
      "5": {
         "type": 2,
         "values": [
            3.5,
            5.5
         ]
      },
      "6": {
         "type": 2,
         "values": [
            8.5,
            9.5
         ]
      },
      "7": {
         "type": 2,
         "values": [
            1.5,
            3.5
         ]
      },
      "8": {
         "type": 1,
         "values": [
            0.8528503477573395,
            0.8937204480171204
         ]
      },
      "9": {
         "type": 1,
         "values": [
            null,
            4.200169563293457
         ]
      },
      "10": {
         "type": 2,
         "values": [
            35.5,
            38.5
         ]
      }
   },
   "feature_bounds_compact": {
      "0": {
         "type": 2,
         "values": [
            null,
            28.5
         ]
      },
      "1": {
         "type": 2,
         "values": [
            null,
            null
         ]
      },
      "2": {
         "type": 2,
         "values": [
            null,
            3.5
         ]
      },
      "3": {
         "type": 2,
         "values": [
            12.5,
            null
         ]
      },
      "4": {
         "type": 2,
         "values": [
            2.5,
            null
         ]
      },
      "5": {
         "type": 2,
         "values": [
            3.5,
            5.5
         ]
      },
      "6": {
         "type": 2,
         "values": [
            3.5,
            null
         ]
      },
      "7": {
         "type": 2,
         "values": [
            1.5,
            3.5
         ]
      },
      "8": {
         "type": 1,
         "values": [
            0.8528503477573395,
            0.8937204480171204
         ]
      },
      "9": {
         "type": 1,
         "values": [
            null,
            4.200169563293457
         ]
      },
      "10": {
         "type": 2,
         "values": [
            35.5,
            38.5
         ]
      }
   },
   "feature_bounds_compact_count": {
      "0": {
         "type": 2,
         "values": [
            null,
            28.5
         ]
      },
      "1": {
         "type": 2,
         "values": [
            null,
            null
         ]
      },
      "2": {
         "type": 2,
         "values": [
            null,
            3.5
         ]
      },
      "3": {
         "type": 2,
         "values": [
            12.5,
            null
         ]
      },
      "4": {
         "type": 2,
         "values": [
            2.5,
            null
         ]
      },
      "5": {
         "type": 2,
         "values": [
            3.5,
            5.5
         ]
      },
      "6": {
         "type": 2,
         "values": [
            3.5,
            null
         ]
      },
      "7": {
         "type": 2,
         "values": [
            1.5,
            3.5
         ]
      },
      "8": {
         "type": 1,
         "values": [
            0.8528503477573395,
            0.8937204480171204
         ]
      },
      "9": {
         "type": 1,
         "values": [
            null,
            4.200169563293457
         ]
      },
      "10": {
         "type": 2,
         "values": [
            35.5,
            38.5
         ]
      }
   },
   "counterfactual_sample": [
      26.0,
      1.0,
      1.0,
      13.0,
      5.0,
      4.0,
      9.0,
      3.0,
      0.8578503477573395,
      -0.21637494832950374,
      38.0
   ],
   "counterfactual_distance": 0.006607793320478011,
   "counterfactual_class": 1,
   "valid_": true
}