{
   "found": true,
   "num_iterations": 400200,
   "num_foil": 200052,
   "_observation": [
      64.0,
      0.0,
      4.0,
      9.0,
      3.0,
      6.0,
      7.0,
      2.0,
      -0.1473664551602441,
      -0.21637494832950374,
      40.0
   ],
   "_idx": 2,
   "factual_class": 0,
   "feature_bounds_splits": {
      "0": {
         "type": 2,
         "values": [
            null,
            null
         ]
      },
      "1": {
         "type": 2,
         "values": [
            null,
            null
         ]
      },
      "2": {
         "type": 2,
         "values": [
            null,
            null
         ]
      },
      "3": {
         "type": 2,
         "values": [
            null,
            9.5
         ]
      },
      "4": {
         "type": 2,
         "values": [
            null,
            3.5
         ]
      },
      "5": {
         "type": 2,
         "values": [
            null,
            null
         ]
      },
      "6": {
         "type": 2,
         "values": [
            null,
            null
         ]
      },
      "7": {
         "type": 2,
         "values": [
            null,
            null
         ]
      },
      "8": {
         "type": 1,
         "values": [
            0.9165636599063873,
            0.9574337601661682
         ]
      },
      "9": {
         "type": 1,
         "values": [
            null,
            null
         ]
      },
      "10": {
         "type": 2,
         "values": [
            39.5,
            null
         ]
      }
   },
   "splits": [
      [
         10,
         13.5,
         false
      ],
      [
         10,
         14.5,
         false
      ],
      [
         10,
         15.5,
         false
      ],
      [
         10,
         16.5,
         false
      ],
      [
         10,
         19.5,
         false
      ],
      [
         10,
         21.5,
         false
      ],
      [
         10,
         22.5,
         false
      ],
      [
         10,
         25.5,
         false
      ],
      [
         10,
         26.5,
         false
      ],
      [
         10,
         27.5,
         false
      ],
      [
         10,
         28.5,
         false
      ],
      [
         10,
         29.5,
         false
      ],
      [
         8,
         0.370252788066864,
         false
      ],
      [
         8,
         0.41077886521816254,
         false
      ],
      [
         8,
         0.42791129648685455,
         false
      ],
      [
         8,
         0.43403492867946625,
         false
      ],
      [
         8,
         0.48584501445293427,
         false
      ],
      [
         8,
         0.4950648844242096,
         false
      ],
      [
         8,
         0.51907779276371,
         false
      ],
      [
         8,
         0.8350986838340759,
         false
      ],
      [
         8,
         1.3831297159194946,
         true
      ],
      [
         8,
         1.0477057993412018,
         true
      ],
      [
         8,
         0.9640390574932098,
         true
      ],
      [
         10,
         39.5,
         false
      ],
      [
         3,
         9.5,
         true
      ],
      [
         4,
         3.5,
         true
      ],
      [
         8,
         0.9574337601661682,
         true
      ],
      [
         8,
         0.9165636599063873,
         false
      ]
   ],
   "remaining_rules": [
      1316,
      2928,
      4338,
      5606,
      6729,
      8311,
      10127,
      11595,
      12607,
      14548
   ],
   "set_rules": [
      1316,
      2928,
      4338,
      5606,
      6729,
      8311,
      10127,
      11595,
      12607,
      14548
   ],
   "foil_estimated_class": [
      1
   ],
   "distance": 0.007029036781776622,
   "extraction_time": 9.870177745819092,
   "feature_bounds": {
      "0": {
         "type": 2,
         "values": [
            63.5,
            66.5
         ]
      },
      "1": {
         "type": 2,
         "values": [
            null,
            0.5
         ]
      },
      "2": {
         "type": 2,
         "values": [
            0.5,
            null
         ]
      },
      "3": {
         "type": 2,
         "values": [
            8.5,
            9.5
         ]
      },
      "4": {
         "type": 2,
         "values": [
            2.5,
            3.5
         ]
      },
      "5": {
         "type": 2,
         "values": [
            5.5,
            null
         ]
      },
      "6": {
         "type": 2,
         "values": [
            3.5,
            8.5
         ]
      },
      "7": {
         "type": 2,
         "values": [
            0.5,
            2.5
         ]
      },
      "8": {
         "type": 1,
         "values": [
            0.9165636599063873,
            1.0477057993412018
         ]
      },
      "9": {
         "type": 1,
         "values": [
            null,
            4.200169563293457
         ]
      },
      "10": {
         "type": 2,
         "values": [
            39.0,
            null
         ]
      }
   },
   "feature_bounds_compact": {
      "0": {
         "type": 2,
         "values": [
            63.5,
            66.5
         ]
      },
      "1": {
         "type": 2,
         "values": [
            null,
            null
         ]
      },
      "2": {
         "type": 2,
         "values": [
            null,
            null
         ]
      },
      "3": {
         "type": 2,
         "values": [
            8.5,
            9.5
         ]
      },
      "4": {
         "type": 2,
         "values": [
            2.5,
            3.5
         ]
      },
      "5": {
         "type": 2,
         "values": [
            5.5,
            null
         ]
      },
      "6": {
         "type": 2,
         "values": [
            3.5,
            null
         ]
      },
      "7": {
         "type": 2,
         "values": [
            0.5,
            2.5
         ]
      },
      "8": {
         "type": 1,
         "values": [
            0.9165636599063873,
            1.3831297159194946
         ]
      },
      "9": {
         "type": 1,
         "values": [
            null,
            5.284119129180908
         ]
      },
      "10": {
         "type": 2,
         "values": [
            38.5,
            null
         ]
      }
   },
   "feature_bounds_compact_count": {
      "0": {
         "type": 2,
         "values": [
            63.5,
            66.5
         ]
      },
      "1": {
         "type": 2,
         "values": [
            null,
            null
         ]
      },
      "2": {
         "type": 2,
         "values": [
            null,
            null
         ]
      },
      "3": {
         "type": 2,
         "values": [
            8.5,
            9.5
         ]
      },
      "4": {
         "type": 2,
         "values": [
            2.5,
            3.5
         ]
      },
      "5": {
         "type": 2,
         "values": [
            5.5,
            null
         ]
      },
      "6": {
         "type": 2,
         "values": [
            3.5,
            null
         ]
      },
      "7": {
         "type": 2,
         "values": [
            0.5,
            2.5
         ]
      },
      "8": {
         "type": 1,
         "values": [
            0.9165636599063873,
            1.3831297159194946
         ]
      },
      "9": {
         "type": 1,
         "values": [
            null,
            5.284119129180908
         ]
      },
      "10": {
         "type": 2,
         "values": [
            38.5,
            null
         ]
      }
   },
   "counterfactual_sample": [
      64.0,
      0.0,
      4.0,
      9.0,
      3.0,
      6.0,
      7.0,
      2.0,
      0.9215636599063873,
      -0.21637494832950374,
      40.0
   ],
   "counterfactual_distance": 0.007028706463724514,
   "counterfactual_class": 1,
   "valid_": true
}