{
   "found": true,
   "num_iterations": 55,
   "num_foil": 23,
   "_observation": [
      40.0,
      0.0,
      2.0,
      11.0,
      8.0,
      2.0,
      2.0,
      0.0,
      -0.1473664551602441,
      -0.21637494832950374,
      40.0
   ],
   "_idx": 438,
   "factual_class": 0,
   "feature_bounds_splits": {
      "0": {
         "type": 2,
         "values": [
            null,
            null
         ]
      },
      "1": {
         "type": 2,
         "values": [
            null,
            null
         ]
      },
      "2": {
         "type": 2,
         "values": [
            null,
            null
         ]
      },
      "3": {
         "type": 2,
         "values": [
            null,
            null
         ]
      },
      "4": {
         "type": 2,
         "values": [
            null,
            null
         ]
      },
      "5": {
         "type": 2,
         "values": [
            null,
            null
         ]
      },
      "6": {
         "type": 2,
         "values": [
            null,
            null
         ]
      },
      "7": {
         "type": 2,
         "values": [
            null,
            null
         ]
      },
      "8": {
         "type": 1,
         "values": [
            null,
            0.30495694279670715
         ]
      },
      "9": {
         "type": 1,
         "values": [
            null,
            null
         ]
      },
      "10": {
         "type": 2,
         "values": [
            41.5,
            null
         ]
      }
   },
   "splits": [
      [
         8,
         0.3288322389125824,
         true
      ],
      [
         8,
         0.30495694279670715,
         true
      ],
      [
         10,
         36.5,
         false
      ],
      [
         10,
         41.5,
         false
      ]
   ],
   "remaining_rules": [
      740,
      750,
      1971,
      1980,
      3495,
      3497,
      4914,
      4960,
      6196,
      7756,
      9291,
      10740,
      12213,
      13913
   ],
   "set_rules": [
      740,
      1971,
      3495,
      4914,
      6196,
      7756,
      9291,
      10740,
      12213,
      13913
   ],
   "foil_estimated_class": [
      1
   ],
   "distance": 0.0018552875695732837,
   "extraction_time": 0.35075831413269043,
   "feature_bounds": {
      "0": {
         "type": 2,
         "values": [
            38.5,
            41.5
         ]
      },
      "1": {
         "type": 2,
         "values": [
            null,
            0.5
         ]
      },
      "2": {
         "type": 2,
         "values": [
            1.5,
            2.5
         ]
      },
      "3": {
         "type": 2,
         "values": [
            10.5,
            11.5
         ]
      },
      "4": {
         "type": 2,
         "values": [
            6.0,
            8.5
         ]
      },
      "5": {
         "type": 2,
         "values": [
            1.0,
            2.5
         ]
      },
      "6": {
         "type": 2,
         "values": [
            1.0,
            2.5
         ]
      },
      "7": {
         "type": 2,
         "values": [
            null,
            0.5
         ]
      },
      "8": {
         "type": 1,
         "values": [
            null,
            0.01824694126844406
         ]
      },
      "9": {
         "type": 1,
         "values": [
            null,
            1.829182468354702
         ]
      },
      "10": {
         "type": 2,
         "values": [
            41.5,
            42.5
         ]
      }
   },
   "feature_bounds_compact": {
      "0": {
         "type": 2,
         "values": [
            38.0,
            41.5
         ]
      },
      "1": {
         "type": 2,
         "values": [
            null,
            0.5
         ]
      },
      "2": {
         "type": 2,
         "values": [
            1.5,
            2.5
         ]
      },
      "3": {
         "type": 2,
         "values": [
            10.5,
            11.5
         ]
      },
      "4": {
         "type": 2,
         "values": [
            4.5,
            8.5
         ]
      },
      "5": {
         "type": 2,
         "values": [
            1.0,
            2.5
         ]
      },
      "6": {
         "type": 2,
         "values": [
            1.0,
            2.5
         ]
      },
      "7": {
         "type": 2,
         "values": [
            null,
            0.5
         ]
      },
      "8": {
         "type": 1,
         "values": [
            null,
            0.01824694126844406
         ]
      },
      "9": {
         "type": 1,
         "values": [
            null,
            2.0922176465392113
         ]
      },
      "10": {
         "type": 2,
         "values": [
            41.5,
            44.0
         ]
      }
   },
   "feature_bounds_compact_count": {
      "0": {
         "type": 2,
         "values": [
            38.0,
            41.5
         ]
      },
      "1": {
         "type": 2,
         "values": [
            null,
            0.5
         ]
      },
      "2": {
         "type": 2,
         "values": [
            1.5,
            2.5
         ]
      },
      "3": {
         "type": 2,
         "values": [
            10.5,
            11.5
         ]
      },
      "4": {
         "type": 2,
         "values": [
            4.5,
            8.5
         ]
      },
      "5": {
         "type": 2,
         "values": [
            1.0,
            2.5
         ]
      },
      "6": {
         "type": 2,
         "values": [
            1.0,
            2.5
         ]
      },
      "7": {
         "type": 2,
         "values": [
            null,
            0.5
         ]
      },
      "8": {
         "type": 1,
         "values": [
            null,
            0.01824694126844406
         ]
      },
      "9": {
         "type": 1,
         "values": [
            null,
            2.0922176465392113
         ]
      },
      "10": {
         "type": 2,
         "values": [
            41.5,
            44.0
         ]
      }
   },
   "counterfactual_sample": [
      40.0,
      0.0,
      2.0,
      11.0,
      8.0,
      2.0,
      2.0,
      0.0,
      -0.1473664551602441,
      -0.21637494832950374,
      42.0
   ],
   "counterfactual_distance": 0.0018552875695732837,
   "counterfactual_class": 1,
   "valid_": true
}