{
   "found": true,
   "num_iterations": 839,
   "num_foil": 392,
   "_observation": [
      43.0,
      0.0,
      4.0,
      13.0,
      5.0,
      0.0,
      3.0,
      1.0,
      -0.1473664551602441,
      -0.21637494832950374,
      60.0
   ],
   "_idx": 704,
   "factual_class": 0,
   "feature_bounds_splits": {
      "0": {
         "type": 2,
         "values": [
            42.5,
            44.5
         ]
      },
      "1": {
         "type": 2,
         "values": [
            null,
            null
         ]
      },
      "2": {
         "type": 2,
         "values": [
            null,
            null
         ]
      },
      "3": {
         "type": 2,
         "values": [
            null,
            null
         ]
      },
      "4": {
         "type": 2,
         "values": [
            null,
            null
         ]
      },
      "5": {
         "type": 2,
         "values": [
            null,
            null
         ]
      },
      "6": {
         "type": 2,
         "values": [
            null,
            null
         ]
      },
      "7": {
         "type": 2,
         "values": [
            null,
            null
         ]
      },
      "8": {
         "type": 1,
         "values": [
            0.5268527567386627,
            0.5538242757320404
         ]
      },
      "9": {
         "type": 1,
         "values": [
            null,
            null
         ]
      },
      "10": {
         "type": 2,
         "values": [
            null,
            null
         ]
      }
   },
   "splits": [
      [
         8,
         0.352913960814476,
         false
      ],
      [
         8,
         0.4950648844242096,
         false
      ],
      [
         8,
         0.8528503477573395,
         true
      ],
      [
         8,
         0.8260164558887482,
         true
      ],
      [
         8,
         0.5974465608596802,
         true
      ],
      [
         8,
         0.5842360258102417,
         true
      ],
      [
         8,
         0.5570580959320068,
         true
      ],
      [
         0,
         46.5,
         true
      ],
      [
         0,
         45.5,
         true
      ],
      [
         0,
         44.5,
         true
      ],
      [
         0,
         42.5,
         false
      ],
      [
         8,
         0.501945361495018,
         false
      ],
      [
         8,
         0.5268527567386627,
         false
      ],
      [
         8,
         0.5538242757320404,
         true
      ]
   ],
   "remaining_rules": [
      165,
      2917,
      4277,
      5229,
      7117,
      8548,
      10035,
      10040,
      11535,
      13038,
      13873
   ],
   "set_rules": [
      165,
      2917,
      4277,
      5229,
      7117,
      8548,
      10035,
      11535,
      13038,
      13873
   ],
   "foil_estimated_class": [
      1
   ],
   "distance": 0.004454465853396277,
   "extraction_time": 0.37865781784057617,
   "feature_bounds": {
      "0": {
         "type": 2,
         "values": [
            42.5,
            44.5
         ]
      },
      "1": {
         "type": 2,
         "values": [
            null,
            0.5
         ]
      },
      "2": {
         "type": 2,
         "values": [
            0.5,
            null
         ]
      },
      "3": {
         "type": 2,
         "values": [
            12.5,
            13.5
         ]
      },
      "4": {
         "type": 2,
         "values": [
            4.5,
            5.5
         ]
      },
      "5": {
         "type": 2,
         "values": [
            null,
            0.5
         ]
      },
      "6": {
         "type": 2,
         "values": [
            2.5,
            3.5
         ]
      },
      "7": {
         "type": 2,
         "values": [
            0.5,
            2.0
         ]
      },
      "8": {
         "type": 1,
         "values": [
            0.5268527567386627,
            0.5538242757320404
         ]
      },
      "9": {
         "type": 1,
         "values": [
            null,
            1.6970531567931175
         ]
      },
      "10": {
         "type": 2,
         "values": [
            49.0,
            62.5
         ]
      }
   },
   "feature_bounds_compact": {
      "0": {
         "type": 2,
         "values": [
            42.5,
            44.5
         ]
      },
      "1": {
         "type": 2,
         "values": [
            null,
            null
         ]
      },
      "2": {
         "type": 2,
         "values": [
            0.5,
            null
         ]
      },
      "3": {
         "type": 2,
         "values": [
            12.5,
            13.5
         ]
      },
      "4": {
         "type": 2,
         "values": [
            4.5,
            5.5
         ]
      },
      "5": {
         "type": 2,
         "values": [
            null,
            0.5
         ]
      },
      "6": {
         "type": 2,
         "values": [
            2.5,
            3.5
         ]
      },
      "7": {
         "type": 2,
         "values": [
            0.5,
            2.0
         ]
      },
      "8": {
         "type": 1,
         "values": [
            0.5268527567386627,
            0.5538242757320404
         ]
      },
      "9": {
         "type": 1,
         "values": [
            null,
            1.6970531567931175
         ]
      },
      "10": {
         "type": 2,
         "values": [
            49.0,
            62.5
         ]
      }
   },
   "feature_bounds_compact_count": {
      "0": {
         "type": 2,
         "values": [
            42.5,
            44.5
         ]
      },
      "1": {
         "type": 2,
         "values": [
            null,
            null
         ]
      },
      "2": {
         "type": 2,
         "values": [
            0.5,
            null
         ]
      },
      "3": {
         "type": 2,
         "values": [
            12.5,
            13.5
         ]
      },
      "4": {
         "type": 2,
         "values": [
            4.5,
            5.5
         ]
      },
      "5": {
         "type": 2,
         "values": [
            null,
            0.5
         ]
      },
      "6": {
         "type": 2,
         "values": [
            2.5,
            3.5
         ]
      },
      "7": {
         "type": 2,
         "values": [
            0.5,
            2.0
         ]
      },
      "8": {
         "type": 1,
         "values": [
            0.5268527567386627,
            0.5538242757320404
         ]
      },
      "9": {
         "type": 1,
         "values": [
            null,
            1.6970531567931175
         ]
      },
      "10": {
         "type": 2,
         "values": [
            49.0,
            62.5
         ]
      }
   },
   "counterfactual_sample": [
      43.0,
      0.0,
      4.0,
      13.0,
      5.0,
      0.0,
      3.0,
      1.0,
      0.5318527567386627,
      -0.21637494832950374,
      60.0
   ],
   "counterfactual_distance": 0.00445413553534417,
   "counterfactual_class": 1,
   "valid_": true
}