{
   "counterfactual_sample": {
      "CO2": -0.8027510441039422, 
      "Temperature": -0.5291493826842849, 
      "Light": -0.062868, 
      "Humidity": -1.011308438616377, 
      "HumidityRatio": -0.8776023273417635, 
      "y": 1
   }, 
   "factual_class": 1, 
   "factual_sample": {
      "CO2": -0.8027510441039422, 
      "Temperature": -0.5291493826842849, 
      "Light": -0.7724036570242273, 
      "Humidity": -1.011308438616377, 
      "HumidityRatio": -0.8776023273417635, 
      "y": 1
   }, 
   "counterfactual_distance": 0.020916217167312814, 
   "counterfactual_class": 1, 
   "counterfactual_rule": {
      "Light": ">-0.063868"
   }, 
   "counterfactual_time": 13.38456106185913, 
   "counterfactual_found": false
}