{
   "counterfactual_sample": {
      "CO2": -0.4114676771332252, 
      "Temperature": -0.4488832909750219, 
      "Light": 0.034413, 
      "Humidity": 0.1892406920310985, 
      "HumidityRatio": -0.10911584582365626, 
      "y": 1
   }, 
   "factual_class": 1, 
   "factual_sample": {
      "CO2": -0.4114676771332252, 
      "Temperature": -0.4488832909750219, 
      "Light": -0.7724036570242273, 
      "Humidity": 0.1892406920310985, 
      "HumidityRatio": -0.10911584582365626, 
      "y": 1
   }, 
   "counterfactual_distance": 0.023783938475058, 
   "counterfactual_class": 1, 
   "counterfactual_rule": {
      "Light": ">0.033413"
   }, 
   "counterfactual_time": 17.349403142929077, 
   "counterfactual_found": false
}