{
   "found": true,
   "num_iterations": 42,
   "num_foil": 8,
   "_observation": [
      0.9302341029386854,
      -0.1813903729175076,
      0.90089894105018,
      0.22176208618270365,
      0.23309144833689566
   ],
   "_idx": 26,
   "factual_class": 1,
   "feature_bounds_splits": {
      "0": {
         "type": 1,
         "values": [
            null,
            null
         ]
      },
      "1": {
         "type": 1,
         "values": [
            null,
            null
         ]
      },
      "2": {
         "type": 1,
         "values": [
            0.9264821410179138,
            0.9276813566684723
         ]
      },
      "3": {
         "type": 1,
         "values": [
            0.20527350902557373,
            null
         ]
      },
      "4": {
         "type": 1,
         "values": [
            null,
            null
         ]
      }
   },
   "splits": [
      [
         2,
         0.9415389597415924,
         true
      ],
      [
         2,
         0.9377747476100922,
         true
      ],
      [
         3,
         0.20386385917663574,
         false
      ],
      [
         2,
         0.9376748204231262,
         true
      ],
      [
         3,
         0.20527350902557373,
         false
      ],
      [
         2,
         0.7332755625247955,
         false
      ],
      [
         2,
         0.7356739640235901,
         false
      ],
      [
         2,
         0.7412703037261963,
         false
      ],
      [
         2,
         0.9264821410179138,
         false
      ],
      [
         2,
         0.9276813566684723,
         true
      ]
   ],
   "remaining_rules": [
      16,
      56,
      99,
      140,
      168,
      202,
      229,
      274,
      313,
      369
   ],
   "set_rules": [
      16,
      56,
      99,
      140,
      168,
      202,
      229,
      274,
      313,
      369
   ],
   "foil_estimated_class": [
      0
   ],
   "distance": 0.0007556344376924945,
   "extraction_time": 0.01806330680847168,
   "feature_bounds": {
      "0": {
         "type": 1,
         "values": [
            0.6480866074562073,
            0.9436117708683014
         ]
      },
      "1": {
         "type": 1,
         "values": [
            -0.19691884517669678,
            -0.09191354736685753
         ]
      },
      "2": {
         "type": 1,
         "values": [
            0.9264821410179138,
            0.9276813566684723
         ]
      },
      "3": {
         "type": 1,
         "values": [
            0.21561090648174286,
            0.3095872700214386
         ]
      },
      "4": {
         "type": 1,
         "values": [
            0.21097929030656815,
            0.2699515074491501
         ]
      }
   },
   "feature_bounds_compact": {
      "0": {
         "type": 1,
         "values": [
            0.6480866074562073,
            0.9436117708683014
         ]
      },
      "1": {
         "type": 1,
         "values": [
            -0.19691884517669678,
            -0.09191354736685753
         ]
      },
      "2": {
         "type": 1,
         "values": [
            0.9264821410179138,
            0.9276813566684723
         ]
      },
      "3": {
         "type": 1,
         "values": [
            0.21561090648174286,
            0.3095872700214386
         ]
      },
      "4": {
         "type": 1,
         "values": [
            0.21097929030656815,
            0.2699515074491501
         ]
      }
   },
   "feature_bounds_compact_count": {
      "0": {
         "type": 1,
         "values": [
            0.6480866074562073,
            0.9436117708683014
         ]
      },
      "1": {
         "type": 1,
         "values": [
            -0.19691884517669678,
            -0.09191354736685753
         ]
      },
      "2": {
         "type": 1,
         "values": [
            0.9264821410179138,
            0.9276813566684723
         ]
      },
      "3": {
         "type": 1,
         "values": [
            0.21561090648174286,
            0.3095872700214386
         ]
      },
      "4": {
         "type": 1,
         "values": [
            0.21097929030656815,
            0.2699515074491501
         ]
      }
   },
   "counterfactual_sample": [
      0.9302341029386854,
      -0.1813903729175076,
      0.9314821410179138,
      0.22176208618270365,
      0.23309144833689566
   ],
   "counterfactual_distance": 0.0007541605006915668,
   "counterfactual_class": 0,
   "valid_": true
}