{
   "found": true,
   "num_iterations": 413,
   "num_foil": 192,
   "_observation": [
      -0.9085890889462576,
      -0.6008642913864711,
      0.8571942705478396,
      -0.6637799501580096,
      -0.7688510291790042
   ],
   "_idx": 103,
   "factual_class": 0,
   "feature_bounds_splits": {
      "0": {
         "type": 1,
         "values": [
            -0.8356199264526367,
            -0.7991353273391724
         ]
      },
      "1": {
         "type": 1,
         "values": [
            -0.925115168094635,
            -0.5813681930303574
         ]
      },
      "2": {
         "type": 1,
         "values": [
            null,
            null
         ]
      },
      "3": {
         "type": 1,
         "values": [
            -0.6724656522274017,
            -0.6356439888477325
         ]
      },
      "4": {
         "type": 1,
         "values": [
            null,
            null
         ]
      }
   },
   "splits": [
      [
         3,
         -0.46144601702690125,
         true
      ],
      [
         3,
         -0.8488848805427551,
         false
      ],
      [
         3,
         -0.5347760319709778,
         true
      ],
      [
         3,
         -0.6139439940452576,
         true
      ],
      [
         3,
         -0.622829020023346,
         true
      ],
      [
         1,
         -0.925115168094635,
         false
      ],
      [
         0,
         -0.8477814495563507,
         false
      ],
      [
         3,
         -0.6356439888477325,
         true
      ],
      [
         0,
         -0.8469706773757935,
         false
      ],
      [
         1,
         -0.5813681930303574,
         true
      ],
      [
         0,
         -0.7358953654766083,
         true
      ],
      [
         0,
         -0.8356199264526367,
         false
      ],
      [
         0,
         -0.7991353273391724,
         true
      ],
      [
         3,
         -0.6724656522274017,
         false
      ]
   ],
   "remaining_rules": [
      4,
      49,
      60,
      61,
      86,
      125,
      126,
      131,
      132,
      156,
      190,
      223,
      262,
      264,
      289,
      290,
      292,
      293,
      342
   ],
   "set_rules": [
      4,
      49,
      86,
      125,
      156,
      190,
      223,
      262,
      292,
      342
   ],
   "foil_estimated_class": [
      1
   ],
   "distance": 0.003566798231218054,
   "extraction_time": 0.025406360626220703,
   "feature_bounds": {
      "0": {
         "type": 1,
         "values": [
            -0.8356199264526367,
            -0.7991353273391724
         ]
      },
      "1": {
         "type": 1,
         "values": [
            -0.6145457625389099,
            -0.5283524990081787
         ]
      },
      "2": {
         "type": 1,
         "values": [
            0.387764036655426,
            0.9264821410179138
         ]
      },
      "3": {
         "type": 1,
         "values": [
            -0.6724656522274017,
            -0.6432760059833527
         ]
      },
      "4": {
         "type": 1,
         "values": [
            -0.8086531162261963,
            -0.7305375635623932
         ]
      }
   },
   "feature_bounds_compact": {
      "0": {
         "type": 1,
         "values": [
            -0.8356199264526367,
            -0.7991353273391724
         ]
      },
      "1": {
         "type": 1,
         "values": [
            null,
            -0.48286159336566925
         ]
      },
      "2": {
         "type": 1,
         "values": [
            0.387764036655426,
            0.9264821410179138
         ]
      },
      "3": {
         "type": 1,
         "values": [
            -0.6724656522274017,
            -0.6432760059833527
         ]
      },
      "4": {
         "type": 1,
         "values": [
            null,
            -0.6545306742191315
         ]
      }
   },
   "feature_bounds_compact_count": {
      "0": {
         "type": 1,
         "values": [
            -0.8356199264526367,
            -0.7991353273391724
         ]
      },
      "1": {
         "type": 1,
         "values": [
            null,
            -0.48286159336566925
         ]
      },
      "2": {
         "type": 1,
         "values": [
            0.387764036655426,
            0.9264821410179138
         ]
      },
      "3": {
         "type": 1,
         "values": [
            -0.6724656522274017,
            -0.6432760059833527
         ]
      },
      "4": {
         "type": 1,
         "values": [
            -1.0079455375671387,
            -0.6545306742191315
         ]
      }
   },
   "counterfactual_sample": [
      -0.8306199264526367,
      -0.6008642913864711,
      0.8571942705478396,
      -0.6637799501580096,
      -0.7688510291790042
   ],
   "counterfactual_distance": 0.003564355859853188,
   "counterfactual_class": 1,
   "valid_": true
}