{
   "factual_sample": {
      "sex": 1.0,
      "length": -0.6578369631145096,
      "diameter": -0.5833158241356144,
      "height": -0.2275450258538067,
      "whole_weight": -0.8346254516234795,
      "shucked_weight": -0.8555041337792073,
      "viscera_weight": -0.7855175323847886,
      "shell_weight": -0.8573481149567534,
      "y": true
   },
   "counterfactual_sample": {
      "sex": 1.0,
      "length": -0.6578369631145096,
      "diameter": -0.7050023855309755,
      "height": -0.14269562647640288,
      "whole_weight": -0.8346254516234795,
      "shucked_weight": -0.8555041337792073,
      "viscera_weight": -0.7855175323847886,
      "shell_weight": -0.527770858066442,
      "y": 0.0
   },
   "counterfactual_found": true,
   "counterfactual_plausible": true,
   "counterfactual_distance": 0.008643314356652708,
   "counterfactual_time": 1.363292932510376,
   "counterfactual_class": 0,
   "factual_class": 1,
   "valid_": true
}