{
   "factual_sample": {
      "sex": 2.0,
      "length": 0.3831484115366887,
      "diameter": 0.6260204197727908,
      "height": 0.3702257747696853,
      "whole_weight": 0.7286064733024649,
      "shucked_weight": 1.244196711381151,
      "viscera_weight": 0.4644695993086234,
      "shell_weight": 0.2742311656007035,
      "y": true
   },
   "counterfactual_sample": {
      "sex": 2.0,
      "length": 0.2378153946669469,
      "diameter": 0.5547228722233504,
      "height": 0.6344064234294039,
      "whole_weight": 0.7286064733024649,
      "shucked_weight": 1.244196711381151,
      "viscera_weight": 0.37197213901917625,
      "shell_weight": 0.5697167495212578,
      "y": 0.0
   },
   "counterfactual_found": true,
   "counterfactual_plausible": true,
   "counterfactual_distance": 0.012447844281577317,
   "counterfactual_time": 1.3859965801239014,
   "counterfactual_class": 0,
   "factual_class": 1,
   "valid_": true
}