{
   "counterfactual_sample": {
      "CO2": 2.1216222422296047, 
      "Temperature": 1.2318400233007647, 
      "Light": 0.335386, 
      "Humidity": 2.3061063813693385, 
      "HumidityRatio": 2.0715358338981353, 
      "y": 1
   }, 
   "factual_class": 0, 
   "factual_sample": {
      "CO2": 2.1216222422296047, 
      "Temperature": 1.2318400233007647, 
      "Light": 0.9584611900044832, 
      "Humidity": 2.3061063813693385, 
      "HumidityRatio": 2.0715358338981353, 
      "y": 0
   }, 
   "counterfactual_distance": 0.018367471538154802, 
   "counterfactual_class": 1, 
   "counterfactual_rule": {
      "Light": "<=0.335386"
   }, 
   "counterfactual_time": 17.40015983581543, 
   "counterfactual_found": true
}