{
   "found": true,
   "num_iterations": 1093,
   "num_foil": 529,
   "_observation": [
      3.0,
      87.0,
      60.0,
      18.0,
      0.0,
      -1.2936343238731411,
      -0.0841897405774924,
      21.0
   ],
   "_idx": 48,
   "factual_class": 1,
   "feature_bounds_splits": {
      "0": {
         "type": 2,
         "values": [
            2.5,
            null
         ]
      },
      "1": {
         "type": 2,
         "values": [
            87.5,
            null
         ]
      },
      "2": {
         "type": 2,
         "values": [
            61.5,
            null
         ]
      },
      "3": {
         "type": 2,
         "values": [
            null,
            13.5
         ]
      },
      "4": {
         "type": 2,
         "values": [
            null,
            null
         ]
      },
      "5": {
         "type": 1,
         "values": [
            null,
            -1.1857529878616333
         ]
      },
      "6": {
         "type": 1,
         "values": [
            0.6043972969055176,
            null
         ]
      },
      "7": {
         "type": 2,
         "values": [
            null,
            null
         ]
      }
   },
   "splits": [
      [
         6,
         -1.0551578998565674,
         false
      ],
      [
         6,
         -0.9977756440639496,
         false
      ],
      [
         1,
         86.5,
         false
      ],
      [
         6,
         -0.8739507496356964,
         false
      ],
      [
         1,
         87.5,
         false
      ],
      [
         6,
         -0.6595223248004913,
         false
      ],
      [
         0,
         1.5,
         false
      ],
      [
         6,
         -0.45415428280830383,
         false
      ],
      [
         5,
         -1.1857529878616333,
         true
      ],
      [
         6,
         -0.4088525027036667,
         false
      ],
      [
         6,
         -0.12496133893728256,
         false
      ],
      [
         6,
         0.030574768781661987,
         false
      ],
      [
         6,
         0.09399726241827011,
         false
      ],
      [
         6,
         0.16799017041921616,
         false
      ],
      [
         3,
         31.5,
         true
      ],
      [
         0,
         2.5,
         false
      ],
      [
         6,
         0.5439949333667755,
         false
      ],
      [
         3,
         18.5,
         true
      ],
      [
         3,
         15.5,
         true
      ],
      [
         6,
         0.5485251247882843,
         false
      ],
      [
         6,
         0.5787262916564941,
         false
      ],
      [
         6,
         0.5892967283725739,
         false
      ],
      [
         2,
         61.5,
         false
      ],
      [
         3,
         13.5,
         true
      ],
      [
         6,
         0.6043972969055176,
         false
      ]
   ],
   "remaining_rules": [
      27,
      117,
      257,
      381,
      480,
      612,
      739,
      917,
      971,
      1153
   ],
   "set_rules": [
      27,
      117,
      257,
      381,
      480,
      612,
      739,
      917,
      971,
      1153
   ],
   "foil_estimated_class": [
      0
   ],
   "distance": 0.0211604218525564,
   "extraction_time": 0.03278923034667969,
   "feature_bounds": {
      "0": {
         "type": 2,
         "values": [
            2.5,
            5.5
         ]
      },
      "1": {
         "type": 2,
         "values": [
            87.5,
            101.5
         ]
      },
      "2": {
         "type": 2,
         "values": [
            61.0,
            82.5
         ]
      },
      "3": {
         "type": 2,
         "values": [
            5.0,
            13.5
         ]
      },
      "4": {
         "type": 2,
         "values": [
            null,
            24.0
         ]
      },
      "5": {
         "type": 1,
         "values": [
            null,
            -0.690767914056778
         ]
      },
      "6": {
         "type": 1,
         "values": [
            0.6043972969055176,
            0.670839935541153
         ]
      },
      "7": {
         "type": 2,
         "values": [
            null,
            22.5
         ]
      }
   },
   "feature_bounds_compact": {
      "0": {
         "type": 2,
         "values": [
            2.5,
            5.5
         ]
      },
      "1": {
         "type": 2,
         "values": [
            87.5,
            101.5
         ]
      },
      "2": {
         "type": 2,
         "values": [
            61.0,
            82.5
         ]
      },
      "3": {
         "type": 2,
         "values": [
            5.0,
            13.5
         ]
      },
      "4": {
         "type": 2,
         "values": [
            null,
            24.0
         ]
      },
      "5": {
         "type": 1,
         "values": [
            null,
            -0.690767914056778
         ]
      },
      "6": {
         "type": 1,
         "values": [
            0.6043972969055176,
            0.670839935541153
         ]
      },
      "7": {
         "type": 2,
         "values": [
            null,
            22.5
         ]
      }
   },
   "feature_bounds_compact_count": {
      "0": {
         "type": 2,
         "values": [
            2.5,
            5.5
         ]
      },
      "1": {
         "type": 2,
         "values": [
            87.5,
            101.5
         ]
      },
      "2": {
         "type": 2,
         "values": [
            61.0,
            82.5
         ]
      },
      "3": {
         "type": 2,
         "values": [
            5.0,
            13.5
         ]
      },
      "4": {
         "type": 2,
         "values": [
            null,
            24.0
         ]
      },
      "5": {
         "type": 1,
         "values": [
            null,
            -0.690767914056778
         ]
      },
      "6": {
         "type": 1,
         "values": [
            0.6043972969055176,
            0.670839935541153
         ]
      },
      "7": {
         "type": 2,
         "values": [
            null,
            22.5
         ]
      }
   },
   "counterfactual_sample": [
      3.0,
      88.0,
      62.0,
      13.0,
      0.0,
      -1.2936343238731411,
      0.6093972969055176,
      21.0
   ],
   "counterfactual_distance": 0.02115953822527195,
   "counterfactual_class": 0,
   "valid_": true
}