{
   "found": true,
   "num_iterations": 469,
   "num_foil": 195,
   "_observation": [
      6.0,
      154.0,
      78.0,
      41.0,
      140.0,
      1.7905033383159663,
      0.29936533144671834,
      27.0
   ],
   "_idx": 46,
   "factual_class": 0,
   "feature_bounds_splits": {
      "0": {
         "type": 2,
         "values": [
            1.5,
            6.5
         ]
      },
      "1": {
         "type": 2,
         "values": [
            141.5,
            156.5
         ]
      },
      "2": {
         "type": 2,
         "values": [
            76.5,
            null
         ]
      },
      "3": {
         "type": 2,
         "values": [
            5.5,
            null
         ]
      },
      "4": {
         "type": 2,
         "values": [
            null,
            142.5
         ]
      },
      "5": {
         "type": 1,
         "values": [
            -0.2719343900680542,
            null
         ]
      },
      "6": {
         "type": 1,
         "values": [
            -0.40130220353603363,
            3.058243691921234
         ]
      },
      "7": {
         "type": 2,
         "values": [
            27.5,
            28.5
         ]
      }
   },
   "splits": [
      [
         1,
         86.5,
         false
      ],
      [
         1,
         87.5,
         false
      ],
      [
         1,
         95.5,
         false
      ],
      [
         1,
         108.5,
         false
      ],
      [
         1,
         175.5,
         true
      ],
      [
         1,
         169.5,
         true
      ],
      [
         1,
         168.5,
         true
      ],
      [
         1,
         164.5,
         true
      ],
      [
         6,
         -0.9977756440639496,
         false
      ],
      [
         6,
         -0.8271389007568359,
         false
      ],
      [
         6,
         -0.7878773808479309,
         false
      ],
      [
         1,
         159.5,
         true
      ],
      [
         1,
         157.5,
         true
      ],
      [
         1,
         122.5,
         false
      ],
      [
         1,
         156.5,
         true
      ],
      [
         5,
         -1.1920989751815796,
         false
      ],
      [
         7,
         47.5,
         true
      ],
      [
         1,
         123.5,
         false
      ],
      [
         7,
         43.5,
         true
      ],
      [
         7,
         41.5,
         true
      ],
      [
         7,
         30.5,
         true
      ],
      [
         6,
         -0.48284541070461273,
         false
      ],
      [
         3,
         4.5,
         false
      ],
      [
         2,
         28.5,
         false
      ],
      [
         6,
         -0.4813353419303894,
         false
      ],
      [
         6,
         -0.45415428280830383,
         false
      ],
      [
         2,
         37.5,
         false
      ],
      [
         1,
         127.5,
         false
      ],
      [
         0,
         8.5,
         true
      ],
      [
         7,
         28.5,
         true
      ],
      [
         6,
         -0.4088525027036667,
         false
      ],
      [
         2,
         49.5,
         false
      ],
      [
         3,
         5.5,
         false
      ],
      [
         2,
         76.5,
         false
      ],
      [
         5,
         -1.0969094634056091,
         false
      ],
      [
         5,
         -0.989028126001358,
         false
      ],
      [
         5,
         -0.8176871240139008,
         false
      ],
      [
         5,
         -0.7478815615177155,
         false
      ],
      [
         1,
         132.5,
         false
      ],
      [
         0,
         1.5,
         false
      ],
      [
         1,
         133.5,
         false
      ],
      [
         6,
         -0.40130220353603363,
         false
      ],
      [
         1,
         139.5,
         false
      ],
      [
         1,
         141.5,
         false
      ],
      [
         5,
         -0.5384648144245148,
         false
      ],
      [
         5,
         -0.2782803475856781,
         false
      ],
      [
         5,
         -0.2719343900680542,
         false
      ],
      [
         0,
         7.5,
         true
      ],
      [
         0,
         6.5,
         true
      ],
      [
         6,
         3.058243691921234,
         true
      ],
      [
         4,
         142.5,
         true
      ],
      [
         7,
         27.5,
         false
      ]
   ],
   "remaining_rules": [
      109,
      221,
      226,
      284,
      461,
      579,
      697,
      818,
      958,
      1088,
      1189
   ],
   "set_rules": [
      109,
      226,
      284,
      461,
      579,
      697,
      818,
      958,
      1088,
      1189
   ],
   "foil_estimated_class": [
      1
   ],
   "distance": 0.0020833333333333333,
   "extraction_time": 0.02459573745727539,
   "feature_bounds": {
      "0": {
         "type": 2,
         "values": [
            1.5,
            6.0
         ]
      },
      "1": {
         "type": 2,
         "values": [
            152.5,
            155.5
         ]
      },
      "2": {
         "type": 2,
         "values": [
            77.0,
            80.0
         ]
      },
      "3": {
         "type": 2,
         "values": [
            40.5,
            50.0
         ]
      },
      "4": {
         "type": 2,
         "values": [
            null,
            193.5
         ]
      },
      "5": {
         "type": 1,
         "values": [
            1.3780157566070557,
            null
         ]
      },
      "6": {
         "type": 1,
         "values": [
            0.16799017041921616,
            1.3201654255390167
         ]
      },
      "7": {
         "type": 2,
         "values": [
            27.5,
            28.5
         ]
      }
   },
   "feature_bounds_compact": {
      "0": {
         "type": 2,
         "values": [
            1.5,
            7.0
         ]
      },
      "1": {
         "type": 2,
         "values": [
            152.5,
            156.5
         ]
      },
      "2": {
         "type": 2,
         "values": [
            74.0,
            84.0
         ]
      },
      "3": {
         "type": 2,
         "values": [
            40.5,
            null
         ]
      },
      "4": {
         "type": 2,
         "values": [
            null,
            193.5
         ]
      },
      "5": {
         "type": 1,
         "values": [
            1.3780157566070557,
            null
         ]
      },
      "6": {
         "type": 1,
         "values": [
            0.16799017041921616,
            2.137107491493225
         ]
      },
      "7": {
         "type": 2,
         "values": [
            27.5,
            28.5
         ]
      }
   },
   "feature_bounds_compact_count": {
      "0": {
         "type": 2,
         "values": [
            1.5,
            7.0
         ]
      },
      "1": {
         "type": 2,
         "values": [
            152.5,
            156.5
         ]
      },
      "2": {
         "type": 2,
         "values": [
            74.0,
            84.0
         ]
      },
      "3": {
         "type": 2,
         "values": [
            40.5,
            null
         ]
      },
      "4": {
         "type": 2,
         "values": [
            null,
            193.5
         ]
      },
      "5": {
         "type": 1,
         "values": [
            1.3780157566070557,
            null
         ]
      },
      "6": {
         "type": 1,
         "values": [
            0.16799017041921616,
            2.137107491493225
         ]
      },
      "7": {
         "type": 2,
         "values": [
            27.5,
            28.5
         ]
      }
   },
   "counterfactual_sample": [
      6.0,
      154.0,
      78.0,
      41.0,
      140.0,
      1.7905033383159663,
      0.29936533144671834,
      28.0
   ],