{
   "factual_sample": {
      "Temperature": 1.7839734420281208,
      "Humidity": 0.20976289939259266,
      "Light": -0.0009096259005757356,
      "CO2": 0.9443548193351764,
      "HumidityRatio": 0.8864830477029689,
      "y": 1
   },
   "counterfactual_sample": {
      "Temperature": 1.7401919374594337,
      "Humidity": 0.2313112171221635,
      "Light": 1.8408824717171572,
      "CO2": 0.9520437937952996,
      "HumidityRatio": 0.8812752584427707,
      "y": 0
   },
   "counterfactual_found": true,
   "counterfactual_plausible": true,
   "counterfactual_distance": 0.0583207847994139,
   "counterfactual_time": 0.19453144073486328,
   "counterfactual_class": 0,
   "factual_class": 1,
   "valid_": true
}