{
   "factual_sample": {
      "Temperature": 0.7453788614264412,
      "Humidity": -0.25362854282997044,
      "Light": -0.7724036570242273,
      "CO2": 0.1335951790399571,
      "HumidityRatio": 0.10604428233944424,
      "y": 1
   },
   "counterfactual_sample": {
      "Temperature": 0.9302341029386854,
      "Humidity": -0.2591695388175744,
      "Light": 0.9024978924100217,
      "CO2": 0.18570933926968144,
      "HumidityRatio": 0.18079316547994104,
      "y": 0
   },
   "counterfactual_found": true,
   "counterfactual_plausible": true,
   "counterfactual_distance": 0.0662201273381008,
   "counterfactual_time": 0.3403446674346924,
   "counterfactual_class": 0,
   "factual_class": 1,
   "valid_": true
}