{
   "factual_sample": {
      "Temperature": -0.2275434623222056,
      "Humidity": 0.00659304651379017,
      "Light": 1.1071636664697673,
      "CO2": 0.2067258694606849,
      "HumidityRatio": -0.13136440540522584
   },
   "counterfactual_sample": {
      "Temperature": -0.2275434623222056,
      "Humidity": 0.00659304651379017,
      "Light": 0.69496,
      "CO2": 0.2067258694606849,
      "HumidityRatio": -0.14727
   },
   "factual_class": 0,
   "counterfactual_class": 0,
   "counterfactual_found": false,
   "counterfactual_rule_id": 14,
   "counterfactual_rule": {
      "2": [
         -0.33829,
         0.69996
      ],
      "0": [
         null,
         0.18108
      ],
      "4": [
         -0.16342,
         -0.14227
      ],
      "3": [
         null,
         0.30959
      ],
      "1": [
         null,
         0.24636
      ]
   },
   "counterfactual_distance": 0.013087370033231302,
   "counterfactual_time": 0.17269515991210938
}