{
   "factual_sample": {
      "Temperature": 1.5237167204253594,
      "Humidity": 1.1407870400257505,
      "Light": 0.9424716764060656,
      "CO2": 1.2761198284478912,
      "HumidityRatio": 1.4162830914571165
   },
   "counterfactual_sample": {
      "Temperature": 1.5237167204253594,
      "Humidity": 1.1407870400257505,
      "Light": 0.59013,
      "CO2": 1.2761198284478912,
      "HumidityRatio": 1.4162830914571165
   },
   "factual_class": 0,
   "counterfactual_class": 1,
   "counterfactual_found": true,
   "counterfactual_rule_id": 327,
   "counterfactual_rule": {
      "2": [
         0.38477,
         0.59513
      ],
      "0": [
         0.94807,
         null
      ],
      "3": [
         1.06812,
         null
      ],
      "1": [
         0.25724,
         null
      ],
      "4": [
         0.90064,
         null
      ]
   },
   "counterfactual_distance": 0.010386588676476741,
   "counterfactual_time": 0.17834019660949707
}