{
   "found": true,
   "num_iterations": 990,
   "num_foil": 468,
   "_observation": [
      1.0,
      84.0,
      64.0,
      23.0,
      115.0,
      0.6228462810262629,
      -0.002646536288880636,
      28.0
   ],
   "_idx": 55,
   "factual_class": 1,
   "feature_bounds_splits": {
      "0": {
         "type": 2,
         "values": [
            null,
            1.5
         ]
      },
      "1": {
         "type": 2,
         "values": [
            87.5,
            88.5
         ]
      },
      "2": {
         "type": 2,
         "values": [
            63.5,
            66.5
         ]
      },
      "3": {
         "type": 2,
         "values": [
            21.5,
            27.5
         ]
      },
      "4": {
         "type": 2,
         "values": [
            110.5,
            135.5
         ]
      },
      "5": {
         "type": 1,
         "values": [
            0.9464903771877289,
            null
         ]
      },
      "6": {
         "type": 1,
         "values": [
            0.08493690565228462,
            0.0985274389386177
         ]
      },
      "7": {
         "type": 2,
         "values": [
            27.5,
            28.5
         ]
      }
   },
   "splits": [
      [
         1,
         165.5,
         true
      ],
      [
         1,
         81.5,
         false
      ],
      [
         1,
         84.5,
         false
      ],
      [
         2,
         73.5,
         true
      ],
      [
         2,
         71.5,
         true
      ],
      [
         7,
         23.5,
         false
      ],
      [
         5,
         0.13420718163251877,
         false
      ],
      [
         7,
         24.5,
         false
      ],
      [
         2,
         69.5,
         true
      ],
      [
         5,
         0.15959103405475616,
         false
      ],
      [
         2,
         59.5,
         false
      ],
      [
         4,
         80.5,
         false
      ],
      [
         6,
         -0.22462525963783264,
         false
      ],
      [
         6,
         -0.06606902740895748,
         false
      ],
      [
         6,
         0.06832625344395638,
         false
      ],
      [
         4,
         85.5,
         false
      ],
      [
         4,
         86.5,
         false
      ],
      [
         4,
         143.5,
         true
      ],
      [
         7,
         30.5,
         true
      ],
      [
         6,
         0.5455049872398376,
         true
      ],
      [
         3,
         30.5,
         true
      ],
      [
         7,
         25.5,
         false
      ],
      [
         4,
         142.5,
         true
      ],
      [
         5,
         0.6165003180503845,
         false
      ],
      [
         4,
         135.5,
         true
      ],
      [
         1,
         92.5,
         true
      ],
      [
         5,
         0.648230105638504,
         false
      ],
      [
         3,
         27.5,
         true
      ],
      [
         7,
         28.5,
         true
      ],
      [
         7,
         26.5,
         false
      ],
      [
         0,
         1.5,
         true
      ],
      [
         6,
         0.5364446341991425,
         true
      ],
      [
         7,
         27.5,
         false
      ],
      [
         1,
         87.5,
         false
      ],
      [
         2,
         62.5,
         false
      ],
      [
         5,
         0.9464903771877289,
         false
      ],
      [
         6,
         0.12570850551128387,
         true
      ],
      [
         6,
         0.0985274389386177,
         true
      ],
      [
         2,
         63.5,
         false
      ],
      [
         4,
         110.5,
         false
      ],
      [
         6,
         0.08493690565228462,
         false
      ],
      [
         3,
         21.5,
         false
      ],
      [
         2,
         66.5,
         true
      ],
      [
         1,
         88.5,
         true
      ]
   ],
   "remaining_rules": [
      4,
      129,
      266,
      411,
      497,
      647,
      749,
      879,
      1029,
      1124
   ],
   "set_rules": [
      4,
      129,
      266,
      411,
      497,
      647,
      749,
      879,
      1029,
      1124
   ],
   "foil_estimated_class": [
      0
   ],
   "distance": 0.008812375588175988,
   "extraction_time": 0.05534958839416504,
   "feature_bounds": {
      "0": {
         "type": 2,
         "values": [
            null,
            1.5
         ]
      },
      "1": {
         "type": 2,
         "values": [
            87.0,
            88.5
         ]
      },
      "2": {
         "type": 2,
         "values": [
            63.5,
            66.5
         ]
      },
      "3": {
         "type": 2,
         "values": [
            21.5,
            26.0
         ]
      },
      "4": {
         "type": 2,
         "values": [
            110.0,
            135.0
         ]
      },
      "5": {
         "type": 1,
         "values": [
            0.9464903771877289,
            1.2955182790756226
         ]
      },
      "6": {
         "type": 1,
         "values": [
            0.08493690565228462,
            0.0985274389386177
         ]
      },
      "7": {
         "type": 2,
         "values": [
            27.5,
            28.5
         ]
      }
   },
   "feature_bounds_compact": {
      "0": {
         "type": 2,
         "values": [
            null,
            1.5
         ]
      },
      "1": {
         "type": 2,
         "values": [
            87.0,
            88.5
         ]
      },
      "2": {
         "type": 2,
         "values": [
            63.5,
            66.5
         ]
      },
      "3": {
         "type": 2,
         "values": [
            21.5,
            26.0
         ]
      },
      "4": {
         "type": 2,
         "values": [
            110.0,
            135.0
         ]
      },
      "5": {
         "type": 1,
         "values": [
            0.9464903771877289,
            1.2955182790756226
         ]
      },
      "6": {
         "type": 1,
         "values": [
            0.08493690565228462,
            0.0985274389386177
         ]
      },
      "7": {
         "type": 2,
         "values": [
            27.5,
            28.5
         ]
      }
   },
   "feature_bounds_compact_count": {
      "0": {
         "type": 2,
         "values": [
            null,
            1.5
         ]
      },
      "1": {
         "type": 2,
         "values": [
            87.0,
            88.5
         ]
      },
      "2": {
         "type": 2,
         "values": [
            63.5,
            66.5
         ]
      },
      "3": {
         "type": 2,
         "values": [
            21.5,
            26.0
         ]
      },
      "4": {
         "type": 2,
         "values": [
            110.0,
            135.0
         ]
      },
      "5": {
         "type": 1,
         "values": [
            0.9464903771877289,
            1.2955182790756226
         ]
      },
      "6": {
         "type": 1,
         "values": [
            0.08493690565228462,
            0.0985274389386177
         ]
      },
      "7": {
         "type": 2,
         "values": [
            27.5,
            28.5
         ]
      }
   },
   "counterfactual_sample": [
      1.0,
      88.0,
      64.0,
      23.0,
      115.0,
      0.9514903771877289,
      0.08993690565228463,
      28.0
   ],
   "counterfactual_distance": 0.008810758072503729,
   "counterfactual_class": 0,
   "valid_": true
}