{
   "factual_sample": {
      "sex": 1.0,
      "length": -0.9909522830028932,
      "diameter": -0.986427905438416,
      "height": -0.7057616663526005,
      "whole_weight": 0.1657206138379371,
      "shucked_weight": 0.25517453216935154,
      "viscera_weight": 0.2454937514207262,
      "shell_weight": -1.0010407220116686,
      "y": true
   },
   "counterfactual_sample": {
      "sex": 1,
      "length": -0.9910326998603094,
      "diameter": -0.9865083222958322,
      "height": -0.40679584914523886,
      "whole_weight": 0.16564019698052093,
      "shucked_weight": 0.18758759647607803,
      "viscera_weight": 0.24541333456331002,
      "shell_weight": -1.0011211388690848,
      "y": true
   },
   "counterfactual_found": true,
   "counterfactual_plausible": true,
   "counterfactual_distance": 0.002651941416143507,
   "counterfactual_time": 31.213730335235596,
   "counterfactual_class": 0,
   "factual_class": 1,
   "valid_": true
}