{
   "factual_sample": {
      "sex": 2.0,
      "length": -0.4496398881842701,
      "diameter": -0.1802037428328124,
      "height": 0.2506716146449868,
      "whole_weight": -0.3941060833468925,
      "shucked_weight": -0.6347201393310151,
      "viscera_weight": -0.8402614943567629,
      "shell_weight": 0.11616929784029704,
      "y": false
   },
   "counterfactual_sample": {
      "sex": 2,
      "length": -0.4492699537924912,
      "diameter": -0.18057366075682052,
      "height": 0.24812775825964667,
      "whole_weight": -0.3616149608544495,
      "shucked_weight": -0.599388279786491,
      "viscera_weight": -0.8904434442520142,
      "shell_weight": 0.04432299267500639,
      "y": true
   },
   "counterfactual_found": true,
   "counterfactual_plausible": true,
   "counterfactual_distance": 0.0035422922514068865,
   "counterfactual_time": 166.48443412780762,
   "counterfactual_class": 0,
   "factual_class": 0,
   "valid_": false
}