{
   "factual_sample": {
      "sex": 2.0,
      "length": -1.4073464328633731,
      "diameter": -1.288761966415517,
      "height": -1.0644241467266955,
      "whole_weight": -1.1894882760685077,
      "shucked_weight": -1.1889330233540285,
      "viscera_weight": -1.082047326399649,
      "shell_weight": -1.1770641656539398,
      "y": true
   },
   "counterfactual_sample": {
      "sex": 2,
      "length": -1.4070550652985736,
      "diameter": -1.289344701545116,
      "height": -1.0040643410003143,
      "whole_weight": -1.1891969085037082,
      "shucked_weight": -1.1748328999793487,
      "viscera_weight": -1.074621577671762,
      "shell_weight": -1.1776469007835388,
      "y": true
   },
   "counterfactual_found": true,
   "counterfactual_plausible": true,
   "counterfactual_distance": 0.0007107361807356,
   "counterfactual_time": 59.384374141693115,
   "counterfactual_class": 0,
   "factual_class": 1,
   "valid_": true
}