{
   "factual_sample": {
      "sex": 2.0,
      "length": 0.2165907515924977,
      "diameter": 0.27329734863283944,
      "height": -0.7057616663526005,
      "whole_weight": -0.04638130422116058,
      "shucked_weight": -0.08050725530800194,
      "viscera_weight": 0.20443577994174567,
      "shell_weight": -0.1712159162695334,
      "y": true
   },
   "counterfactual_sample": {
      "sex": 2,
      "length": 0.21752895353877974,
      "diameter": 0.2481028363108635,
      "height": -0.7057616698878633,
      "whole_weight": -0.0463813053995815,
      "shucked_weight": -0.10979492962360382,
      "viscera_weight": 0.20443578053095612,
      "shell_weight": -0.1712159162695334,
      "y": true
   },
   "counterfactual_found": true,
   "counterfactual_plausible": true,
   "counterfactual_distance": 0.001090642522488712,
   "counterfactual_time": 51.410035610198975,
   "counterfactual_class": 1,
   "factual_class": 1,
   "valid_": false
}