{
   "factual_sample": {
      "sex": 2.0,
      "length": 0.6329849014529767,
      "diameter": 0.877965470587042,
      "height": 0.6093340950190824,
      "whole_weight": 0.8417954776513104,
      "shucked_weight": 0.5660744427188464,
      "viscera_weight": 0.8841733077604259,
      "shell_weight": 0.7268628778236867,
      "y": false
   },
   "counterfactual_sample": {
      "sex": 2,
      "length": 0.6331600287555318,
      "diameter": 0.877965470587042,
      "height": 0.4296862408671072,
      "whole_weight": 0.8419373675458368,
      "shucked_weight": 0.5659245859898331,
      "viscera_weight": 0.8840234510314126,
      "shell_weight": 0.7629358874983615,
      "y": true
   },
   "counterfactual_found": true,
   "counterfactual_plausible": true,
   "counterfactual_distance": 0.0014686603209013507,
   "counterfactual_time": 128.74325561523438,
   "counterfactual_class": 1,
   "factual_class": 0,
   "valid_": true
}