{
   "factual_sample": {
      "sex": 1.0,
      "length": -0.4080004731982221,
      "diameter": -0.482537803809914,
      "height": -0.7057616663526005,
      "whole_weight": -0.7683436022300114,
      "shucked_weight": -0.7586295239703067,
      "viscera_weight": -0.7444595609058079,
      "shell_weight": -0.7819094962529229,
      "y": true
   },
   "counterfactual_sample": {
      "sex": 1,
      "length": -0.4080004731982221,
      "diameter": -0.48388688867739144,
      "height": -0.16743186248593706,
      "whole_weight": -0.7686796854211164,
      "shucked_weight": -0.7687675654888153,
      "viscera_weight": -0.7448770005812145,
      "shell_weight": -0.7825432514596428,
      "y": true
   },
   "counterfactual_found": true,
   "counterfactual_plausible": true,
   "counterfactual_distance": 0.002733568675430628,
   "counterfactual_time": 168.59257817268372,
   "counterfactual_class": 0,
   "factual_class": 1,
   "valid_": true
}