{
   "factual_sample": {
      "sex": 2.0,
      "length": -0.19980339826798216,
      "diameter": -0.1802037428328124,
      "height": -0.10799086572910817,
      "whole_weight": -0.09634762145623636,
      "shucked_weight": 0.007355762890768256,
      "viscera_weight": -0.21070593167905907,
      "shell_weight": -0.002377102980008088,
      "y": true
   },
   "counterfactual_sample": {
      "sex": 2,
      "length": -0.1999502512287022,
      "diameter": -0.18035059579353244,
      "height": -0.1081377186898282,
      "whole_weight": -0.09634762145623636,
      "shucked_weight": 0.006893225417111521,
      "viscera_weight": -0.2100731839886784,
      "shell_weight": 0.026508273711338008,
      "y": true
   },
   "counterfactual_found": true,
   "counterfactual_plausible": true,
   "counterfactual_distance": 0.0005275646479510847,
   "counterfactual_time": 46.29629945755005,
   "counterfactual_class": 0,
   "factual_class": 1,
   "valid_": true
}