{
   "found": true,
   "num_iterations": 22,
   "num_foil": 6,
   "_observation": [
      -0.2924049505721463,
      -0.21778308730523835,
      1.0024323524001315,
      0.10056106654461168,
      -0.2975361071693853
   ],
   "_idx": 114,
   "factual_class": 0,
   "feature_bounds_splits": {
      "0": {
         "type": 1,
         "values": [
            null,
            null
         ]
      },
      "1": {
         "type": 1,
         "values": [
            null,
            -0.2020493969321251
         ]
      },
      "2": {
         "type": 1,
         "values": [
            1.001233160495758,
            null
         ]
      },
      "3": {
         "type": 1,
         "values": [
            0.09344164654612541,
            0.09643180295825005
         ]
      },
      "4": {
         "type": 1,
         "values": [
            null,
            -0.27128688991069794
         ]
      }
   },
   "splits": [
      [
         1,
         -0.1900096982717514,
         true
      ],
      [
         1,
         -0.19691884517669678,
         true
      ],
      [
         2,
         0.9150896370410919,
         false
      ],
      [
         2,
         0.9264821410179138,
         false
      ],
      [
         2,
         1.001233160495758,
         false
      ],
      [
         1,
         -0.2020493969321251,
         true
      ],
      [
         3,
         0.09643180295825005,
         true
      ],
      [
         3,
         0.09344164654612541,
         false
      ],
      [
         4,
         -0.27128688991069794,
         true
      ]
   ],
   "remaining_rules": [
      8,
      9,
      13,
      61,
      69,
      99,
      128,
      164,
      198,
      228,
      279,
      312,
      350
   ],
   "set_rules": [
      8,
      61,
      99,
      128,
      164,
      198,
      228,
      279,
      312,
      350
   ],
   "foil_estimated_class": [
      1
   ],
   "distance": 0.00025092886057506936,
   "extraction_time": 0.021551132202148438,
   "feature_bounds": {
      "0": {
         "type": 1,
         "values": [
            -0.3896971791982651,
            -0.2202465459704399
         ]
      },
      "1": {
         "type": 1,
         "values": [
            null,
            -0.2020493969321251
         ]
      },
      "2": {
         "type": 1,
         "values": [
            1.001233160495758,
            1.0168229341506958
         ]
      },
      "3": {
         "type": 1,
         "values": [
            0.09344164654612541,
            0.09643180295825005
         ]
      },
      "4": {
         "type": 1,
         "values": [
            -0.6786757409572601,
            -0.28455328941345215
         ]
      }
   },
   "feature_bounds_compact": {
      "0": {
         "type": 1,
         "values": [
            -0.3896971791982651,
            -0.2202465459704399
         ]
      },
      "1": {
         "type": 1,
         "values": [
            null,
            -0.2020493969321251
         ]
      },
      "2": {
         "type": 1,
         "values": [
            1.001233160495758,
            1.6461434960365295
         ]
      },
      "3": {
         "type": 1,
         "values": [
            0.09344164654612541,
            0.09643180295825005
         ]
      },
      "4": {
         "type": 1,
         "values": [
            -0.6786757409572601,
            -0.27128688991069794
         ]
      }
   },
   "feature_bounds_compact_count": {
      "0": {
         "type": 1,
         "values": [
            -0.3896971791982651,
            -0.2202465459704399
         ]
      },
      "1": {
         "type": 1,
         "values": [
            null,
            -0.2020493969321251
         ]
      },
      "2": {
         "type": 1,
         "values": [
            1.001233160495758,
            1.6461434960365295
         ]
      },
      "3": {
         "type": 1,
         "values": [
            0.09344164654612541,
            0.09643180295825005
         ]
      },
      "4": {
         "type": 1,
         "values": [
            -0.6786757409572601,
            -0.27128688991069794
         ]
      }
   },
   "counterfactual_sample": [
      -0.2924049505721463,
      -0.21778308730523835,
      1.006233160495758,
      0.09143180295825004,
      -0.2975361071693853
   ],
   "counterfactual_distance": 0.00024792679028936264,
   "counterfactual_class": 0,
   "valid_": false
}