{
   "found": true,
   "num_iterations": 1002,
   "num_foil": 480,
   "_observation": [
      1.134547790925902,
      0.01480192945838812,
      1.0000339253603692,
      0.5853651450969772,
      0.4550597036118321
   ],
   "_idx": 10,
   "factual_class": 0,
   "feature_bounds_splits": {
      "0": {
         "type": 1,
         "values": [
            null,
            null
         ]
      },
      "1": {
         "type": 1,
         "values": [
            null,
            null
         ]
      },
      "2": {
         "type": 1,
         "values": [
            0.896901547908783,
            0.9150896370410919
         ]
      },
      "3": {
         "type": 1,
         "values": [
            null,
            null
         ]
      },
      "4": {
         "type": 1,
         "values": [
            null,
            null
         ]
      }
   },
   "splits": [
      [
         2,
         1.001233160495758,
         true
      ],
      [
         2,
         0.9475350379943848,
         true
      ],
      [
         2,
         0.937941312789917,
         true
      ],
      [
         2,
         0.9376748204231262,
         true
      ],
      [
         2,
         0.9150896370410919,
         true
      ],
      [
         2,
         0.896901547908783,
         false
      ]
   ],
   "remaining_rules": [
      30,
      71,
      96,
      142,
      177,
      205,
      239,
      275,
      321,
      323,
      375
   ],
   "set_rules": [
      30,
      71,
      96,
      142,
      177,
      205,
      239,
      275,
      321,
      375
   ],
   "foil_estimated_class": [
      1
   ],
   "distance": 0.0025055245284262007,
   "extraction_time": 0.03281402587890625,
   "feature_bounds": {
      "0": {
         "type": 1,
         "values": [
            1.08590167760849,
            1.7101935148239136
         ]
      },
      "1": {
         "type": 1,
         "values": [
            -0.08575688675045967,
            0.015486003365367651
         ]
      },
      "2": {
         "type": 1,
         "values": [
            0.896901547908783,
            0.9150896370410919
         ]
      },
      "3": {
         "type": 1,
         "values": [
            0.46393629908561707,
            0.6047299802303314
         ]
      },
      "4": {
         "type": 1,
         "values": [
            0.40444375574588776,
            0.4824554771184921
         ]
      }
   },
   "feature_bounds_compact": {
      "0": {
         "type": 1,
         "values": [
            0.9436117708683014,
            null
         ]
      },
      "1": {
         "type": 1,
         "values": [
            -0.08575688675045967,
            0.07192207127809525
         ]
      },
      "2": {
         "type": 1,
         "values": [
            0.896901547908783,
            0.9150896370410919
         ]
      },
      "3": {
         "type": 1,
         "values": [
            0.36511874198913574,
            0.7986914813518524
         ]
      },
      "4": {
         "type": 1,
         "values": [
            0.3805447965860367,
            0.4824554771184921
         ]
      }
   },
   "feature_bounds_compact_count": {
      "0": {
         "type": 1,
         "values": [
            0.9436117708683014,
            null
         ]
      },
      "1": {
         "type": 1,
         "values": [
            -0.08575688675045967,
            0.07192207127809525
         ]
      },
      "2": {
         "type": 1,
         "values": [
            0.896901547908783,
            0.9150896370410919
         ]
      },
      "3": {
         "type": 1,
         "values": [
            0.36511874198913574,
            0.7986914813518524
         ]
      },
      "4": {
         "type": 1,
         "values": [
            0.3805447965860367,
            0.4824554771184921
         ]
      }
   },
   "counterfactual_sample": [
      1.134547790925902,
      0.01048600336536765,
      0.9100896370410919,
      0.5853651450969772,
      0.4550597036118321
   ],
   "counterfactual_distance": 0.002504050591425273,
   "counterfactual_class": 1,
   "valid_": true
}