{
   "found": true,
   "num_iterations": 143,
   "num_foil": 56,
   "_observation": [
      -0.7140046241965291,
      -0.2684045321302476,
      -0.7724036570242273,
      -0.8164203320330502,
      -0.4948608948234918
   ],
   "_idx": 231,
   "factual_class": 1,
   "feature_bounds_splits": {
      "0": {
         "type": 1,
         "values": [
            -0.7756230235099792,
            -0.6215769946575165
         ]
      },
      "1": {
         "type": 1,
         "values": [
            null,
            null
         ]
      },
      "2": {
         "type": 1,
         "values": [
            0.05578652396798134,
            0.13446825742721558
         ]
      },
      "3": {
         "type": 1,
         "values": [
            null,
            -0.7984794080257416
         ]
      },
      "4": {
         "type": 1,
         "values": [
            -0.6461904942989349,
            null
         ]
      }
   },
   "splits": [
      [
         2,
         -0.3382883630692959,
         false
      ],
      [
         2,
         -0.22569554671645164,
         false
      ],
      [
         2,
         -0.14931230247020721,
         false
      ],
      [
         2,
         -0.036719486117362976,
         false
      ],
      [
         2,
         0.021875441074371338,
         false
      ],
      [
         2,
         0.037065476179122925,
         false
      ],
      [
         2,
         0.05578652396798134,
         false
      ],
      [
         3,
         -0.7215327024459839,
         true
      ],
      [
         2,
         0.13446825742721558,
         true
      ],
      [
         0,
         -0.7756230235099792,
         false
      ],
      [
         0,
         -0.6215769946575165,
         true
      ],
      [
         3,
         -0.7984794080257416,
         true
      ],
      [
         4,
         -0.6461904942989349,
         false
      ]
   ],
   "remaining_rules": [
      6,
      52,
      88,
      121,
      158,
      186,
      228,
      271,
      309,
      339
   ],
   "set_rules": [
      6,
      52,
      88,
      121,
      158,
      186,
      228,
      271,
      309,
      339
   ],
   "foil_estimated_class": [
      0
   ],
   "distance": 0.024415476968391435,
   "extraction_time": 0.019173622131347656,
   "feature_bounds": {
      "0": {
         "type": 1,
         "values": [
            -0.7756230235099792,
            -0.47028757631778717
         ]
      },
      "1": {
         "type": 1,
         "values": [
            -0.4662386178970337,
            -0.02932081650942564
         ]
      },
      "2": {
         "type": 1,
         "values": [
            0.05578652396798134,
            0.13446825742721558
         ]
      },
      "3": {
         "type": 1,
         "values": [
            null,
            -0.7984794080257416
         ]
      },
      "4": {
         "type": 1,
         "values": [
            -0.6461904942989349,
            -0.17944121360778809
         ]
      }
   },
   "feature_bounds_compact": {
      "0": {
         "type": 1,
         "values": [
            -0.932668924331665,
            -0.47028757631778717
         ]
      },
      "1": {
         "type": 1,
         "values": [
            -0.4662386178970337,
            -0.02932081650942564
         ]
      },
      "2": {
         "type": 1,
         "values": [
            0.05578652396798134,
            0.13446825742721558
         ]
      },
      "3": {
         "type": 1,
         "values": [
            null,
            -0.7984794080257416
         ]
      },
      "4": {
         "type": 1,
         "values": [
            -0.6461904942989349,
            -0.17944121360778809
         ]
      }
   },
   "feature_bounds_compact_count": {
      "0": {
         "type": 1,
         "values": [
            -0.932668924331665,
            -0.47028757631778717
         ]
      },
      "1": {
         "type": 1,
         "values": [
            -0.4662386178970337,
            -0.02932081650942564
         ]
      },
      "2": {
         "type": 1,
         "values": [
            0.05578652396798134,
            0.13446825742721558
         ]
      },
      "3": {
         "type": 1,
         "values": [
            null,
            -0.7984794080257416
         ]
      },
      "4": {
         "type": 1,
         "values": [
            -0.6461904942989349,
            -0.17944121360778809
         ]
      }
   },
   "counterfactual_sample": [
      -0.7140046241965291,
      -0.2684045321302476,
      0.060786523967981336,
      -0.8164203320330502,
      -0.4948608948234918
   ],
   "counterfactual_distance": 0.02441400303139051,
   "counterfactual_class": 0,
   "valid_": true
}