{
   "factual_sample": {
      "sex": 1.0,
      "length": -2.4066923925285235,
      "diameter": -2.346931179835372,
      "height": -2.3795199080983784,
      "whole_weight": -1.5463905420333357,
      "shucked_weight": -1.4682923632680671,
      "viscera_weight": -1.5108750285134476,
      "shell_weight": -1.5722188350549566
   },
   "counterfactual_sample": {
      "sex": 1.0,
      "length": -2.4066923925285235,
      "diameter": -2.346931179835372,
      "height": -0.40188,
      "whole_weight": -1.5463905420333357,
      "shucked_weight": -1.4682923632680671,
      "viscera_weight": -1.5108750285134476,
      "shell_weight": -1.5722188350549566
   },
   "factual_class": 1,
   "counterfactual_class": 1,
   "counterfactual_found": false,
   "counterfactual_rule_id": 18,
   "counterfactual_rule": {
      "0": [
         0.5,
         null
      ],
      "2": [
         null,
         -0.10462
      ],
      "7": [
         null,
         -0.61127
      ],
      "4": [
         null,
         -0.84329
      ],
      "3": [
         -0.40688,
         null
      ],
      "1": [
         null,
         -1.09505
      ],
      "5": [
         null,
         -0.45674
      ]
   },
   "counterfactual_distance": 0.009149220584686323,
   "counterfactual_time": 0.0925297737121582
}