{
   "found": true,
   "num_iterations": 4836,
   "num_foil": 2382,
   "_observation": [
      0.0,
      0.0,
      2.0,
      3.0,
      1.7236138237708067,
      -0.2061705331593431,
      0.0,
      0.0,
      3.0,
      1.9006086296076203,
      0.1777038585205849,
      0.0,
      0.0,
      0.0
   ],
   "_idx": 169,
   "factual_class": 1,
   "feature_bounds_splits": {
      "0": {
         "type": 2,
         "values": [
            null,
            null
         ]
      },
      "1": {
         "type": 2,
         "values": [
            null,
            null
         ]
      },
      "2": {
         "type": 2,
         "values": [
            null,
            null
         ]
      },
      "3": {
         "type": 2,
         "values": [
            null,
            null
         ]
      },
      "4": {
         "type": 1,
         "values": [
            0.8322815299034119,
            1.7319440245628357
         ]
      },
      "5": {
         "type": 1,
         "values": [
            -0.33590394258499146,
            -0.3269568085670471
         ]
      },
      "6": {
         "type": 2,
         "values": [
            null,
            null
         ]
      },
      "7": {
         "type": 2,
         "values": [
            null,
            null
         ]
      },
      "8": {
         "type": 2,
         "values": [
            null,
            null
         ]
      },
      "9": {
         "type": 1,
         "values": [
            1.7724214792251587,
            1.858616292476654
         ]
      },
      "10": {
         "type": 1,
         "values": [
            -0.09851174056529999,
            -0.07641449198126793
         ]
      },
      "11": {
         "type": 2,
         "values": [
            null,
            null
         ]
      },
      "12": {
         "type": 2,
         "values": [
            null,
            0.5
         ]
      },
      "13": {
         "type": 2,
         "values": [
            null,
            null
         ]
      }
   },
   "splits": [
      [
         12,
         0.5,
         true
      ],
      [
         9,
         -0.6896562576293945,
         false
      ],
      [
         9,
         -0.6830258965492249,
         false
      ],
      [
         9,
         3.624505043029785,
         true
      ],
      [
         9,
         3.111756443977356,
         true
      ],
      [
         9,
         3.1095463037490845,
         true
      ],
      [
         9,
         -0.5835703015327454,
         false
      ],
      [
         9,
         2.8774832487106323,
         true
      ],
      [
         9,
         2.6962530612945557,
         true
      ],
      [
         9,
         2.6454203128814697,
         true
      ],
      [
         4,
         -0.30062679946422577,
         false
      ],
      [
         5,
         3.5650453567504883,
         true
      ],
      [
         9,
         2.428828239440918,
         true
      ],
      [
         5,
         3.466626763343811,
         true
      ],
      [
         5,
         2.5987550616264343,
         true
      ],
      [
         9,
         2.406726837158203,
         true
      ],
      [
         4,
         -0.27355362474918365,
         false
      ],
      [
         4,
         -0.25689321756362915,
         false
      ],
      [
         5,
         1.3640509843826294,
         true
      ],
      [
         9,
         0.335841104388237,
         false
      ],
      [
         4,
         -0.18816899694502354,
         false
      ],
      [
         4,
         -0.16942602396011353,
         false
      ],
      [
         4,
         -0.16734347492456436,
         false
      ],
      [
         4,
         0.5511369854211807,
         false
      ],
      [
         5,
         0.14724115282297134,
         true
      ],
      [
         10,
         0.26609285175800323,
         true
      ],
      [
         9,
         0.7270329892635345,
         false
      ],
      [
         10,
         -0.3636787086725235,
         false
      ],
      [
         9,
         0.771235466003418,
         false
      ],
      [
         10,
         0.21084973216056824,
         true
      ],
      [
         10,
         0.177703857421875,
         true
      ],
      [
         4,
         0.6094484627246857,
         false
      ],
      [
         4,
         0.6323565244674683,
         false
      ],
      [
         4,
         0.6844203323125839,
         false
      ],
      [
         4,
         0.7281539142131805,
         false
      ],
      [
         4,
         0.780217707157135,
         false
      ],
      [
         4,
         0.8322815299034119,
         false
      ],
      [
         10,
         0.0561689930036664,
         true
      ],
      [
         5,
         -0.10775209218263626,
         true
      ],
      [
         5,
         -0.18380270898342133,
         true
      ],
      [
         5,
         -0.1882762685418129,
         true
      ],
      [
         5,
         -0.2688004598021507,
         true
      ],
      [
         5,
         -0.2732740044593811,
         true
      ],
      [
         9,
         1.7724214792251587,
         false
      ],
      [
         10,
         -0.010122748848516494,
         true
      ],
      [
         5,
         -0.29116828739643097,
         true
      ],
      [
         5,
         -0.29564183950424194,
         true
      ],
      [
         9,
         1.882927656173706,
         true
      ],
      [
         10,
         -0.04326862096786499,
         true
      ],
      [
         9,
         1.874087154865265,
         true
      ],
      [
         10,
         -0.05431724339723587,
         true
      ],
      [
         5,
         -0.39406029880046844,
         false
      ],
      [
         5,
         -0.3895867168903351,
         false
      ],
      [
         9,
         1.858616292476654,
         true
      ],
      [
         4,
         1.7319440245628357,
         true
      ],
      [
         5,
         -0.38063958287239075,
         false
      ],
      [
         5,
         -0.3716924488544464,
         false
      ],
      [
         10,
         -0.07641449198126793,
         true
      ],
      [
         5,
         -0.3001154065132141,
         true
      ],
      [
         5,
         -0.3448510766029358,
         false
      ],
      [
         5,
         -0.33590394258499146,
         false
      ],
      [
         5,
         -0.3269568085670471,
         true
      ],
      [
         10,
         -0.09851174056529999,
         false
      ]
   ],
   "remaining_rules": [
      1029,
      2486,
      4327,
      5862,
      7487,
      9411,
      11322,
      13052,
      15140,
      16338
   ],
   "set_rules": [
      1029,
      2486,
      4327,
      5862,
      7487,
      9411,
      11322,
      13052,
      15140,
      16338
   ],
   "foil_estimated_class": [
      0
   ],
   "distance": 0.0014215735507194156,
   "extraction_time": 0.29225659370422363,
   "feature_bounds": {
      "0": {
         "type": 2,
         "values": [
            null,
            0.5
         ]
      },
      "1": {
         "type": 2,
         "values": [
            null,
            0.5
         ]
      },
      "2": {
         "type": 2,
         "values": [
            1.5,
            2.5
         ]
      },
      "3": {
         "type": 2,
         "values": [
            2.5,
            3.5
         ]
      },
      "4": {
         "type": 1,
         "values": [
            1.3300114870071411,
            1.7319440245628357
         ]
      },
      "5": {
         "type": 1,
         "values": [
            -0.33590394258499146,
            -0.3269568085670471
         ]
      },
      "6": {
         "type": 2,
         "values": [
            null,
            0.5
         ]
      },
      "7": {
         "type": 2,