{
   "found": true,
   "num_iterations": 58,
   "num_foil": 14,
   "_observation": [
      0.0,
      1.0,
      2.0,
      4.0,
      -0.32978253606706515,
      -0.376166025540068,
      0.0,
      0.0,
      0.0,
      -0.296254253147487,
      -0.24214385307631545,
      0.0,
      0.0,
      0.0
   ],
   "_idx": 547,
   "factual_class": 1,
   "feature_bounds_splits": {
      "0": {
         "type": 2,
         "values": [
            null,
            null
         ]
      },
      "1": {
         "type": 2,
         "values": [
            null,
            null
         ]
      },
      "2": {
         "type": 2,
         "values": [
            null,
            null
         ]
      },
      "3": {
         "type": 2,
         "values": [
            null,
            null
         ]
      },
      "4": {
         "type": 1,
         "values": [
            -0.3651859313249588,
            -0.30270935595035553
         ]
      },
      "5": {
         "type": 1,
         "values": [
            null,
            -0.3895867168903351
         ]
      },
      "6": {
         "type": 2,
         "values": [
            null,
            null
         ]
      },
      "7": {
         "type": 2,
         "values": [
            null,
            null
         ]
      },
      "8": {
         "type": 2,
         "values": [
            null,
            null
         ]
      },
      "9": {
         "type": 1,
         "values": [
            -0.30288462340831757,
            -0.289623886346817
         ]
      },
      "10": {
         "type": 1,
         "values": [
            null,
            null
         ]
      },
      "11": {
         "type": 2,
         "values": [
            null,
            null
         ]
      },
      "12": {
         "type": 2,
         "values": [
            null,
            null
         ]
      },
      "13": {
         "type": 2,
         "values": [
            null,
            null
         ]
      }
   },
   "splits": [
      [
         5,
         -0.35379819571971893,
         true
      ],
      [
         5,
         -0.3537982106208801,
         true
      ],
      [
         5,
         -0.3761660307645798,
         true
      ],
      [
         9,
         -0.32719598710536957,
         false
      ],
      [
         5,
         -0.38063958287239075,
         true
      ],
      [
         4,
         -0.30270935595035553,
         true
      ],
      [
         9,
         -0.30288462340831757,
         false
      ],
      [
         4,
         -0.3651859313249588,
         false
      ],
      [
         5,
         -0.3895867168903351,
         true
      ],
      [
         9,
         -0.289623886346817,
         true
      ]
   ],
   "remaining_rules": [
      542,
      2558,
      4891,
      4896,
      5658,
      7705,
      9545,
      10996,
      12643,
      14754,
      14755,
      14784,
      16194
   ],
   "set_rules": [
      542,
      2558,
      4896,
      5658,
      7705,
      9545,
      10996,
      12643,
      14784,
      16194
   ],
   "foil_estimated_class": [
      0
   ],
   "distance": 3.4380429714742847e-05,
   "extraction_time": 0.4293086528778076,
   "feature_bounds": {
      "0": {
         "type": 2,
         "values": [
            null,
            0.5
         ]
      },
      "1": {
         "type": 2,
         "values": [
            0.5,
            null
         ]
      },
      "2": {
         "type": 2,
         "values": [
            1.5,
            2.5
         ]
      },
      "3": {
         "type": 2,
         "values": [
            3.5,
            null
         ]
      },
      "4": {
         "type": 1,
         "values": [
            -0.35685572028160095,
            -0.30270935595035553
         ]
      },
      "5": {
         "type": 1,
         "values": [
            -0.3985338509082794,
            -0.3895867168903351
         ]
      },
      "6": {
         "type": 2,
         "values": [
            null,
            0.5
         ]
      },
      "7": {
         "type": 2,
         "values": [
            null,
            0.5
         ]
      },
      "8": {
         "type": 2,
         "values": [
            null,
            0.5
         ]
      },
      "9": {
         "type": 1,
         "values": [
            -0.30288462340831757,
            -0.289623886346817
         ]
      },
      "10": {
         "type": 1,
         "values": [
            -0.2531924769282341,
            -0.22004660218954086
         ]
      },
      "11": {
         "type": 2,
         "values": [
            null,
            0.5
         ]
      },
      "12": {
         "type": 2,
         "values": [
            null,
            1.5
         ]
      },
      "13": {
         "type": 2,
         "values": [
            null,
            0.5
         ]
      }
   },
   "feature_bounds_compact": {
      "0": {
         "type": 2,
         "values": [
            null,
            0.5
         ]
      },
      "1": {
         "type": 2,
         "values": [
            0.5,
            null
         ]
      },
      "2": {
         "type": 2,
         "values": [
            1.5,
            2.5
         ]
      },
      "3": {
         "type": 2,
         "values": [
            3.5,
            null
         ]
      },
      "4": {
         "type": 1,
         "values": [
            -0.35685572028160095,
            -0.30270935595035553
         ]
      },
      "5": {
         "type": 1,
         "values": [
            -0.3985338509082794,
            -0.3895867168903351
         ]
      },
      "6": {
         "type": 2,
         "values": [
            null,
            0.5
         ]
      },
      "7": {
         "type": 2,
         "values": [
            null,
            0.5
         ]
      },
      "8": {
         "type": 2,
         "values": [
            null,
            0.5
         ]
      },
      "9": {
         "type": 1,
         "values": [
            -0.30288462340831757,
            -0.289623886346817
         ]
      },
      "10": {
         "type": 1,
         "values": [
            -0.2973869740962982,
            -0.1427062377333641
         ]
      },
      "11": {
         "type": 2,
         "values": [
            null,
            0.5
         ]
      },
      "12": {
         "type": 2,
         "values": [
            null,
            1.5
         ]
      },
      "13": {
         "type": 2,
         "values": [
            null,
            0.5
         ]
      }
   },
   "feature_bounds_compact_count": {
      "0": {
         "type": 2,
         "values": [
            null,
            0.5
         ]
      },
      "1": {
         "type": 2,
         "values": [
            0.5,
            null
         ]
      },
      "2": {
         "type": 2,
         "values": [
            1.5,
            2.5
         ]
      },
      "3": {
         "type": 2,
         "values": [
            3.5,
            null
         ]
      },
      "4": {
         "type": 1,
         "values": [
            -0.35685572028160095,
            -0.30270935595035553
         ]
      },
      "5": {
         "type": 1,
         "values": [
            -0.3985338509082794,
            -0.3895867168903351
         ]
      },
      "6": {
         "type": 2,
         "values": [
            null,
            0.5
         ]
      },
      "7": {
         "type": 2,
         "values": [
            null,
            0.5
         ]
      },
      "8": {
         "type": 2,
         "values": [
            null,
            0.5
         ]
      },
      "9": {
         "type": 1,
         "values": [
            -0.30288462340831757,
            -0.289623886346817
         ]
      },
      "10": {
         "type": 1,
         "values": [
            -0.2973869740962982,
            -0.1427062377333641
         ]
      },
      "11": {
         "type": 2,