{
   "found": true,
   "num_iterations": 54,
   "num_foil": 12,
   "_observation": [
      0.0,
      0.0,
      1.0,
      3.0,
      -0.4922215990157,
      -0.30458897611660485,
      0.0,
      0.0,
      6.0,
      -0.4509629068626354,
      -0.17585210913996274,
      1.0,
      15.0,
      1.0
   ],
   "_idx": 163,
   "factual_class": 1,
   "feature_bounds_splits": {
      "0": {
         "type": 2,
         "values": [
            null,
            null
         ]
      },
      "1": {
         "type": 2,
         "values": [
            null,
            null
         ]
      },
      "2": {
         "type": 2,
         "values": [
            null,
            null
         ]
      },
      "3": {
         "type": 2,
         "values": [
            null,
            null
         ]
      },
      "4": {
         "type": 1,
         "values": [
            -0.5026343613862991,
            -0.49013903737068176
         ]
      },
      "5": {
         "type": 1,
         "values": [
            -0.3135361075401306,
            -0.3001154065132141
         ]
      },
      "6": {
         "type": 2,
         "values": [
            null,
            null
         ]
      },
      "7": {
         "type": 2,
         "values": [
            null,
            null
         ]
      },
      "8": {
         "type": 2,
         "values": [
            null,
            null
         ]
      },
      "9": {
         "type": 1,
         "values": [
            -0.45759327709674835,
            -0.4421224147081375
         ]
      },
      "10": {
         "type": 1,
         "values": [
            -0.2973869740962982,
            -0.20899797976016998
         ]
      },
      "11": {
         "type": 2,
         "values": [
            null,
            null
         ]
      },
      "12": {
         "type": 2,
         "values": [
            14.5,
            16.5
         ]
      },
      "13": {
         "type": 2,
         "values": [
            null,
            null
         ]
      }
   },
   "splits": [
      [
         9,
         -0.2918340042233467,
         true
      ],
      [
         9,
         -0.2918340116739273,
         true
      ],
      [
         9,
         -0.3979199454188347,
         true
      ],
      [
         9,
         -0.4001300632953644,
         true
      ],
      [
         9,
         -0.43107180297374725,
         true
      ],
      [
         9,
         -0.43328191339969635,
         true
      ],
      [
         9,
         -0.45980340242385864,
         false
      ],
      [
         5,
         -0.10775209218263626,
         true
      ],
      [
         4,
         -0.7671184837818146,
         false
      ],
      [
         4,
         -0.6567432284355164,
         false
      ],
      [
         5,
         -0.11222565174102783,
         true
      ],
      [
         4,
         -0.5380377471446991,
         false
      ],
      [
         5,
         -0.3582717627286911,
         false
      ],
      [
         4,
         -0.5026343613862991,
         false
      ],
      [
         4,
         -0.49013903737068176,
         true
      ],
      [
         5,
         -0.16590844094753265,
         true
      ],
      [
         5,
         -0.17038200795650482,
         true
      ],
      [
         10,
         -0.1427062340080738,
         true
      ],
      [
         10,
         -0.1427062377333641,
         true
      ],
      [
         9,
         -0.4421224147081375,
         true
      ],
      [
         12,
         16.5,
         true
      ],
      [
         5,
         -0.17932914197444916,
         true
      ],
      [
         10,
         -0.20899797603487968,
         true
      ],
      [
         10,
         -0.2973869740962982,
         false
      ],
      [
         5,
         -0.3448510766029358,
         false
      ],
      [
         5,
         -0.3403775095939636,
         false
      ],
      [
         10,
         -0.20899797976016998,
         true
      ],
      [
         5,
         -0.23748549073934555,
         true
      ],
      [
         5,
         -0.23748549818992615,
         true
      ],
      [
         12,
         14.5,
         false
      ],
      [
         5,
         -0.27774757146835327,
         true
      ],
      [
         5,
         -0.33590392768383026,
         false
      ],
      [
         9,
         -0.45759327709674835,
         false
      ],
      [
         5,
         -0.3001154065132141,
         true
      ],
      [
         5,
         -0.3135361075401306,
         false
      ]
   ],
   "remaining_rules": [
      656,
      3341,
      4774,
      6314,
      7619,
      9872,
      11606,
      13899,
      15600,
      16619
   ],
   "set_rules": [
      656,
      3341,
      4774,
      6314,
      7619,
      9872,
      11606,
      13899,
      15600,
      16619
   ],
   "foil_estimated_class": [
      0
   ],
   "distance": 0.00011525722450552502,
   "extraction_time": 0.2214186191558838,
   "feature_bounds": {
      "0": {
         "type": 2,
         "values": [
            null,
            0.5
         ]
      },
      "1": {
         "type": 2,
         "values": [
            null,
            0.5
         ]
      },
      "2": {
         "type": 2,
         "values": [
            null,
            1.5
         ]
      },
      "3": {
         "type": 2,
         "values": [
            2.5,
            3.5
         ]
      },
      "4": {
         "type": 1,
         "values": [
            -0.6567432284355164,
            -0.44640545547008514
         ]
      },
      "5": {
         "type": 1,
         "values": [
            -0.3135361075401306,
            -0.3001154065132141
         ]
      },
      "6": {
         "type": 2,
         "values": [
            null,
            0.5
         ]
      },
      "7": {
         "type": 2,
         "values": [
            null,
            0.5
         ]
      },
      "8": {
         "type": 2,
         "values": [
            5.5,
            null
         ]
      },
      "9": {
         "type": 1,
         "values": [
            -0.45759327709674835,
            -0.43328191339969635
         ]
      },
      "10": {
         "type": 1,
         "values": [
            -0.2973869740962982,
            -0.20899797976016998
         ]
      },
      "11": {
         "type": 2,
         "values": [
            0.5,
            1.5
         ]
      },
      "12": {
         "type": 2,
         "values": [
            14.0,
            16.0
         ]
      },
      "13": {
         "type": 2,
         "values": [
            0.5,
            null
         ]
      }
   },
   "feature_bounds_compact": {
      "0": {
         "type": 2,
         "values": [
            null,
            0.5
         ]
      },
      "1": {
         "type": 2,
         "values": [
            null,
            0.5
         ]
      },
      "2": {
         "type": 2,
         "values": [
            null,
            1.5
         ]
      },
      "3": {
         "type": 2,
         "values": [
            2.5,
            3.5
         ]
      },
      "4": {
         "type": 1,
         "values": [
            -0.6567432284355164,
            -0.44640545547008514
         ]
      },
      "5": {
         "type": 1,
         "values": [
            -0.3135361075401306,
            -0.3001154065132141
         ]
      },
      "6": {
         "type": 2,
         "values": [
            null,
            0.5
         ]
      },
      "7": {
         "type": 2,
         "values": [
            null,
            0.5
         ]
      },
      "8": {
         "type": 2,
         "values": [
            5.5,
            null
         ]
      },
      "9": {
         "type": 1,
         "values": [
            -0.45759327709674835,
            -0.43328191339969635
         ]
      },
      "10": {
         "type": 1,