{
   "found": true,
   "num_iterations": 156,
   "num_foil": 57,
   "_observation": [
      0.0,
      1.0,
      3.0,
      3.0,
      -0.3089570151762145,
      -0.3403775008283364,
      0.0,
      0.0,
      0.0,
      -0.2078493081674022,
      -0.1537548611611785,
      1.0,
      6.0,
      1.0
   ],
   "_idx": 469,
   "factual_class": 0,
   "feature_bounds_splits": {
      "0": {
         "type": 2,
         "values": [
            null,
            null
         ]
      },
      "1": {
         "type": 2,
         "values": [
            null,
            null
         ]
      },
      "2": {
         "type": 2,
         "values": [
            null,
            null
         ]
      },
      "3": {
         "type": 2,
         "values": [
            null,
            null
         ]
      },
      "4": {
         "type": 1,
         "values": [
            -0.43599268794059753,
            null
         ]
      },
      "5": {
         "type": 1,
         "values": [
            -0.3180096745491028,
            -0.3001154065132141
         ]
      },
      "6": {
         "type": 2,
         "values": [
            null,
            null
         ]
      },
      "7": {
         "type": 2,
         "values": [
            null,
            null
         ]
      },
      "8": {
         "type": 2,
         "values": [
            null,
            null
         ]
      },
      "9": {
         "type": 1,
         "values": [
            null,
            -0.03766978997737169
         ]
      },
      "10": {
         "type": 1,
         "values": [
            -0.20899797976016998,
            -0.15375486016273499
         ]
      },
      "11": {
         "type": 2,
         "values": [
            null,
            null
         ]
      },
      "12": {
         "type": 2,
         "values": [
            null,
            null
         ]
      },
      "13": {
         "type": 2,
         "values": [
            null,
            null
         ]
      }
   },
   "splits": [
      [
         10,
         -0.264241099357605,
         false
      ],
      [
         4,
         -0.5505330711603165,
         false
      ],
      [
         4,
         -0.5484504997730255,
         false
      ],
      [
         5,
         -0.2688004598021507,
         true
      ],
      [
         5,
         -0.2732740044593811,
         true
      ],
      [
         4,
         -0.5442854166030884,
         false
      ],
      [
         5,
         -0.2911682724952698,
         true
      ],
      [
         4,
         -0.5359551906585693,
         false
      ],
      [
         4,
         -0.5338726341724396,
         false
      ],
      [
         10,
         -0.23109522461891174,
         false
      ],
      [
         10,
         -0.22004660218954086,
         false
      ],
      [
         10,
         -0.20899797976016998,
         false
      ],
      [
         4,
         -0.43599268794059753,
         false
      ],
      [
         5,
         -0.3001154065132141,
         true
      ],
      [
         9,
         -0.03766978997737169,
         true
      ],
      [
         10,
         -0.13165760785341263,
         true
      ],
      [
         10,
         -0.13165761157870293,
         true
      ],
      [
         5,
         -0.33590394258499146,
         false
      ],
      [
         5,
         -0.3180096745491028,
         false
      ],
      [
         10,
         -0.15375486016273499,
         true
      ]
   ],
   "remaining_rules": [
      626,
      3172,
      4857,
      6219,
      7980,
      9751,
      11767,
      13750,
      15481,
      16500
   ],
   "set_rules": [
      626,
      3172,
      4857,
      6219,
      7980,
      9751,
      11767,
      13750,
      15481,
      16500
   ],
   "foil_estimated_class": [
      1
   ],
   "distance": 5.738925861637186e-05,
   "extraction_time": 0.4744415283203125,
   "feature_bounds": {
      "0": {
         "type": 2,
         "values": [
            null,
            0.5
         ]
      },
      "1": {
         "type": 2,
         "values": [
            0.5,
            null
         ]
      },
      "2": {
         "type": 2,
         "values": [
            2.5,
            3.5
         ]
      },
      "3": {
         "type": 2,
         "values": [
            2.5,
            3.5
         ]
      },
      "4": {
         "type": 1,
         "values": [
            -0.32353489100933075,
            -0.30270935595035553
         ]
      },
      "5": {
         "type": 1,
         "values": [
            -0.3180096745491028,
            -0.30906254053115845
         ]
      },
      "6": {
         "type": 2,
         "values": [
            null,
            0.5
         ]
      },
      "7": {
         "type": 2,
         "values": [
            null,
            0.5
         ]
      },
      "8": {
         "type": 2,
         "values": [
            null,
            0.5
         ]
      },
      "9": {
         "type": 1,
         "values": [
            -0.30730487406253815,
            -0.08850263245403767
         ]
      },
      "10": {
         "type": 1,
         "values": [
            -0.16480348259210587,
            -0.15375486016273499
         ]
      },
      "11": {
         "type": 2,
         "values": [
            0.5,
            1.5
         ]
      },
      "12": {
         "type": 2,
         "values": [
            5.5,
            6.5
         ]
      },
      "13": {
         "type": 2,
         "values": [
            0.5,
            null
         ]
      }
   },
   "feature_bounds_compact": {
      "0": {
         "type": 2,
         "values": [
            null,
            0.5
         ]
      },
      "1": {
         "type": 2,
         "values": [
            0.5,
            null
         ]
      },
      "2": {
         "type": 2,
         "values": [
            2.5,
            3.5
         ]
      },
      "3": {
         "type": 2,
         "values": [
            2.5,
            3.5
         ]
      },
      "4": {
         "type": 1,
         "values": [
            -0.32353489100933075,
            -0.30270935595035553
         ]
      },
      "5": {
         "type": 1,
         "values": [
            -0.3180096745491028,
            -0.30906254053115845
         ]
      },
      "6": {
         "type": 2,
         "values": [
            null,
            0.5
         ]
      },
      "7": {
         "type": 2,
         "values": [
            null,
            0.5
         ]
      },
      "8": {
         "type": 2,
         "values": [
            null,
            2.0
         ]
      },
      "9": {
         "type": 1,
         "values": [
            -0.30730487406253815,
            -0.08850263245403767
         ]
      },
      "10": {
         "type": 1,
         "values": [
            -0.16480348259210587,
            -0.15375486016273499
         ]
      },
      "11": {
         "type": 2,
         "values": [
            0.5,
            1.5
         ]
      },
      "12": {
         "type": 2,
         "values": [
            5.5,
            6.5
         ]
      },
      "13": {
         "type": 2,
         "values": [
            0.5,
            null
         ]
      }
   },
   "feature_bounds_compact_count": {
      "0": {
         "type": 2,
         "values": [
            null,
            0.5
         ]
      },
      "1": {
         "type": 2,
         "values": [
            0.5,
            null
         ]
      },
      "2": {
         "type": 2,
         "values": [
            2.5,
            3.5
         ]
      },
      "3": {
         "type": 2,
         "values": [
            2.5,
            3.5
         ]
      },
      "4": {
         "type": 1,
         "values": [
            -0.32353489100933075,
            -0.30270935595035553
         ]
      },
      "5": {
         "type": 1,