{
   "found": true,
   "num_iterations": 92,
   "num_foil": 23,
   "_observation": [
      0.0,
      1.0,
      3.0,
      3.0,
      -0.37976378620510665,
      -0.3493246320062693,
      0.0,
      0.0,
      6.0,
      -0.3316162311395209,
      -0.17585210913996274,
      1.0,
      8.0,
      1.0
   ],
   "_idx": 747,
   "factual_class": 0,
   "feature_bounds_splits": {
      "0": {
         "type": 2,
         "values": [
            null,
            null
         ]
      },
      "1": {
         "type": 2,
         "values": [
            null,
            null
         ]
      },
      "2": {
         "type": 2,
         "values": [
            null,
            null
         ]
      },
      "3": {
         "type": 2,
         "values": [
            null,
            null
         ]
      },
      "4": {
         "type": 1,
         "values": [
            -0.38601143658161163,
            -0.3776812255382538
         ]
      },
      "5": {
         "type": 1,
         "values": [
            -0.3537982106208801,
            -0.33590394258499146
         ]
      },
      "6": {
         "type": 2,
         "values": [
            null,
            null
         ]
      },
      "7": {
         "type": 2,
         "values": [
            null,
            null
         ]
      },
      "8": {
         "type": 2,
         "values": [
            null,
            null
         ]
      },
      "9": {
         "type": 1,
         "values": [
            -0.3647680878639221,
            -0.32940609753131866
         ]
      },
      "10": {
         "type": 1,
         "values": [
            -0.16480348259210587,
            -0.15375486575067043
         ]
      },
      "11": {
         "type": 2,
         "values": [
            null,
            null
         ]
      },
      "12": {
         "type": 2,
         "values": [
            7.5,
            8.5
         ]
      },
      "13": {
         "type": 2,
         "values": [
            null,
            null
         ]
      }
   },
   "splits": [
      [
         12,
         11.5,
         true
      ],
      [
         5,
         -0.3001154065132141,
         true
      ],
      [
         4,
         -0.5921840965747833,
         false
      ],
      [
         4,
         -0.5796887874603271,
         false
      ],
      [
         4,
         -0.5192947685718536,
         false
      ],
      [
         4,
         -0.5130471289157867,
         false
      ],
      [
         4,
         0.2804052382707596,
         true
      ],
      [
         10,
         0.06721761915832758,
         true
      ],
      [
         10,
         -0.02117137238383293,
         true
      ],
      [
         4,
         0.2804052233695984,
         true
      ],
      [
         4,
         0.27207502722740173,
         true
      ],
      [
         10,
         -0.021171373140532523,
         true
      ],
      [
         4,
         -0.22773747704923153,
         true
      ],
      [
         4,
         -0.22773748636245728,
         true
      ],
      [
         12,
         7.5,
         false
      ],
      [
         4,
         -0.5067994594573975,
         false
      ],
      [
         9,
         0.40214481949806213,
         true
      ],
      [
         9,
         0.335841104388237,
         true
      ],
      [
         9,
         -0.4664337635040283,
         false
      ],
      [
         10,
         -0.2973869666457176,
         false
      ],
      [
         4,
         -0.25064555555582047,
         true
      ],
      [
         4,
         -0.25272810459136963,
         true
      ],
      [
         4,
         -0.31728722155094147,
         true
      ],
      [
         4,
         -0.31728722900152206,
         true
      ],
      [
         4,
         -0.3922591060400009,
         false
      ],
      [
         5,
         -0.3761660307645798,
         false
      ],
      [
         5,
         -0.3716924488544464,
         false
      ],
      [
         12,
         10.5,
         true
      ],
      [
         9,
         -0.46201352775096893,
         false
      ],
      [
         12,
         9.5,
         true
      ],
      [
         9,
         -0.3647680878639221,
         false
      ],
      [
         9,
         -0.26089227944612503,
         true
      ],
      [
         10,
         -0.27528972923755646,
         false
      ],
      [
         4,
         -0.32978253066539764,
         true
      ],
      [
         4,
         -0.3714335709810257,
         true
      ],
      [
         10,
         -0.2531924769282341,
         false
      ],
      [
         10,
         -0.22004660218954086,
         false
      ],
      [
         10,
         -0.12060898542404175,
         true
      ],
      [
         9,
         -0.32940609753131866,
         true
      ],
      [
         10,
         -0.20899797976016998,
         false
      ],
      [
         10,
         -0.15375486575067043,
         true
      ],
      [
         5,
         -0.36274532973766327,
         false
      ],
      [
         5,
         -0.33590392768383026,
         true
      ],
      [
         5,
         -0.33590394258499146,
         true
      ],
      [
         5,
         -0.3537982106208801,
         false
      ],
      [
         10,
         -0.16480348259210587,
         false
      ],
      [
         12,
         8.5,
         true
      ],
      [
         4,
         -0.3776812255382538,
         true
      ],
      [
         4,
         -0.38601143658161163,
         false
      ]
   ],
   "remaining_rules": [
      668,
      3301,
      4865,
      6259,
      8039,
      9867,
      11937,
      13748,
      15536,
      16787
   ],
   "set_rules": [
      668,
      3301,
      4865,
      6259,
      8039,
      9867,
      11937,
      13748,
      15536,
      16787
   ],
   "foil_estimated_class": [
      1
   ],
   "distance": 3.853481977817559e-05,
   "extraction_time": 0.27532196044921875,
   "feature_bounds": {
      "0": {
         "type": 2,
         "values": [
            null,
            0.5
         ]
      },
      "1": {
         "type": 2,
         "values": [
            0.5,
            null
         ]
      },
      "2": {
         "type": 2,
         "values": [
            2.5,
            null
         ]
      },
      "3": {
         "type": 2,
         "values": [
            2.5,
            3.5
         ]
      },
      "4": {
         "type": 1,
         "values": [
            -0.38601143658161163,
            -0.3776812255382538
         ]
      },
      "5": {
         "type": 1,
         "values": [
            -0.36274532973766327,
            -0.33590394258499146
         ]
      },
      "6": {
         "type": 2,
         "values": [
            null,
            0.5
         ]
      },
      "7": {
         "type": 2,
         "values": [
            null,
            0.5
         ]
      },
      "8": {
         "type": 2,
         "values": [
            5.5,
            null
         ]
      },
      "9": {
         "type": 1,
         "values": [
            -0.3647680878639221,
            -0.32940609753131866
         ]
      },
      "10": {
         "type": 1,
         "values": [
            -0.16480348259210587,
            -0.1427062377333641
         ]
      },
      "11": {
         "type": 2,
         "values": [
            0.5,
            1.5
         ]
      },
      "12": {
         "type": 2,
         "values": [
            7.5,
            8.5
         ]
      },
      "13": {
         "type": 2,
         "values": [
            0.5,
            null
         ]
      }
   },
   "feature_bounds_compact": {
      "0": {
         "type": 2,
         "values": [
            null,
            0.5
         ]
      },
      "1": {
         "type": 2,
         "values": [
            0.5,
            null
         ]
      },
      "2": {
         "type": 2,