{
   "found": true,
   "num_iterations": 298,
   "num_foil": 130,
   "_observation": [
      1.0,
      1.0,
      2.0,
      3.0,
      -0.4672309739466792,
      -0.3493246320062693,
      0.0,
      0.0,
      0.0,
      -0.4465426596136311,
      -0.2642411010550996,
      0.0,
      0.0,
      0.0
   ],
   "_idx": 695,
   "factual_class": 1,
   "feature_bounds_splits": {
      "0": {
         "type": 2,
         "values": [
            null,
            null
         ]
      },
      "1": {
         "type": 2,
         "values": [
            null,
            null
         ]
      },
      "2": {
         "type": 2,
         "values": [
            null,
            null
         ]
      },
      "3": {
         "type": 2,
         "values": [
            null,
            null
         ]
      },
      "4": {
         "type": 1,
         "values": [
            -0.47347861528396606,
            -0.4089195132255554
         ]
      },
      "5": {
         "type": 1,
         "values": [
            -0.3135361075401306,
            -0.3001154065132141
         ]
      },
      "6": {
         "type": 2,
         "values": [
            null,
            null
         ]
      },
      "7": {
         "type": 2,
         "values": [
            null,
            null
         ]
      },
      "8": {
         "type": 2,
         "values": [
            null,
            null
         ]
      },
      "9": {
         "type": 1,
         "values": [
            -0.4465426653623581,
            -0.4443325251340866
         ]
      },
      "10": {
         "type": 1,
         "values": [
            -0.2973869666457176,
            -0.2531924769282341
         ]
      },
      "11": {
         "type": 2,
         "values": [
            null,
            null
         ]
      },
      "12": {
         "type": 2,
         "values": [
            null,
            null
         ]
      },
      "13": {
         "type": 2,
         "values": [
            null,
            null
         ]
      }
   },
   "splits": [
      [
         5,
         -0.42090168595314026,
         false
      ],
      [
         9,
         -0.3227757513523102,
         true
      ],
      [
         5,
         -0.4164281189441681,
         false
      ],
      [
         9,
         -0.3249858617782593,
         true
      ],
      [
         9,
         -0.40455031394958496,
         true
      ],
      [
         5,
         -0.4030074179172516,
         false
      ],
      [
         5,
         -0.3985338509082794,
         false
      ],
      [
         5,
         -0.3895867168903351,
         false
      ],
      [
         5,
         -0.3448510617017746,
         false
      ],
      [
         5,
         -0.33590394258499146,
         false
      ],
      [
         5,
         -0.2464326173067093,
         true
      ],
      [
         5,
         -0.24643263220787048,
         true
      ],
      [
         5,
         -0.33590392768383026,
         false
      ],
      [
         4,
         -0.47347861528396606,
         false
      ],
      [
         5,
         -0.3314303755760193,
         false
      ],
      [
         5,
         -0.3269568085670471,
         false
      ],
      [
         5,
         -0.26432688534259796,
         true
      ],
      [
         10,
         -0.2973869666457176,
         false
      ],
      [
         10,
         -0.23109522461891174,
         true
      ],
      [
         5,
         -0.3180096745491028,
         false
      ],
      [
         9,
         -0.5150564759969711,
         false
      ],
      [
         5,
         -0.3135361075401306,
         false
      ],
      [
         10,
         -0.23109523206949234,
         true
      ],
      [
         4,
         -0.4089195132255554,
         true
      ],
      [
         5,
         -0.3001154065132141,
         true
      ],
      [
         10,
         -0.2531924769282341,
         true
      ],
      [
         9,
         -0.43107180297374725,
         true
      ],
      [
         9,
         -0.4752742797136307,
         false
      ],
      [
         9,
         -0.4487527757883072,
         false
      ],
      [
         9,
         -0.4443325251340866,
         true
      ],
      [
         9,
         -0.4465426653623581,
         false
      ]
   ],
   "remaining_rules": [
      517,
      2180,
      4174,
      5782,
      7761,
      9651,
      11024,
      12653,
      14789,
      16170
   ],
   "set_rules": [
      517,
      2180,
      4174,
      5782,
      7761,
      9651,
      11024,
      12653,
      14789,
      16170
   ],
   "foil_estimated_class": [
      0
   ],
   "distance": 9.174281722977428e-05,
   "extraction_time": 0.4493582248687744,
   "feature_bounds": {
      "0": {
         "type": 2,
         "values": [
            0.5,
            null
         ]
      },
      "1": {
         "type": 2,
         "values": [
            0.5,
            null
         ]
      },
      "2": {
         "type": 2,
         "values": [
            1.5,
            2.5
         ]
      },
      "3": {
         "type": 2,
         "values": [
            2.5,
            3.5
         ]
      },
      "4": {
         "type": 1,
         "values": [
            -0.47347863018512726,
            -0.3818463385105133
         ]
      },
      "5": {
         "type": 1,
         "values": [
            -0.3135361075401306,
            -0.3001154065132141
         ]
      },
      "6": {
         "type": 2,
         "values": [
            null,
            0.5
         ]
      },
      "7": {
         "type": 2,
         "values": [
            null,
            0.5
         ]
      },
      "8": {
         "type": 2,
         "values": [
            null,
            0.5
         ]
      },
      "9": {
         "type": 1,
         "values": [
            -0.4465426653623581,
            -0.4443325251340866
         ]
      },
      "10": {
         "type": 1,
         "values": [
            -0.2973869740962982,
            -0.2531924769282341
         ]
      },
      "11": {
         "type": 2,
         "values": [
            null,
            0.5
         ]
      },
      "12": {
         "type": 2,
         "values": [
            null,
            1.5
         ]
      },
      "13": {
         "type": 2,
         "values": [
            null,
            0.5
         ]
      }
   },
   "feature_bounds_compact": {
      "0": {
         "type": 2,
         "values": [
            0.5,
            null
         ]
      },
      "1": {
         "type": 2,
         "values": [
            0.5,
            null
         ]
      },
      "2": {
         "type": 2,
         "values": [
            1.5,
            2.5
         ]
      },
      "3": {
         "type": 2,
         "values": [
            2.5,
            3.5
         ]
      },
      "4": {
         "type": 1,
         "values": [
            -0.47347863018512726,
            -0.3818463385105133
         ]
      },
      "5": {
         "type": 1,
         "values": [
            -0.3135361075401306,
            -0.3001154065132141
         ]
      },
      "6": {
         "type": 2,
         "values": [
            null,
            0.5
         ]
      },
      "7": {
         "type": 2,
         "values": [
            null,
            0.5
         ]
      },
      "8": {
         "type": 2,
         "values": [
            null,
            0.5
         ]
      },
      "9": {
         "type": 1,
         "values": [
            -0.4465426653623581,
            -0.4443325251340866
         ]
      },
      "10": {
         "type": 1,
         "values": [
            -0.2973869740962982,
            -0.2531924769282341
         ]
      },
      "11": {
         "type": 2,
         "values": [
            null,
            0.5
         ]
      },
      "12": {
         "type": 2,
         "values": [
            null,
            1.5
         ]
      },