{
   "found": true,
   "num_iterations": 793,
   "num_foil": 366,
   "_observation": [
      0.0,
      0.0,
      1.0,
      2.0,
      -0.3964242029177871,
      -0.3582717631842022,
      0.0,
      0.0,
      6.0,
      -0.3316162311395209,
      -0.24214385307631545,
      0.0,
      0.0,
      0.0
   ],
   "_idx": 480,
   "factual_class": 1,
   "feature_bounds_splits": {
      "0": {
         "type": 2,
         "values": [
            null,
            null
         ]
      },
      "1": {
         "type": 2,
         "values": [
            null,
            null
         ]
      },
      "2": {
         "type": 2,
         "values": [
            null,
            null
         ]
      },
      "3": {
         "type": 2,
         "values": [
            null,
            null
         ]
      },
      "4": {
         "type": 1,
         "values": [
            -0.42349737882614136,
            -0.3943416625261307
         ]
      },
      "5": {
         "type": 1,
         "values": [
            -0.4164281189441681,
            -0.3985338509082794
         ]
      },
      "6": {
         "type": 2,
         "values": [
            null,
            null
         ]
      },
      "7": {
         "type": 2,
         "values": [
            null,
            1.5
         ]
      },
      "8": {
         "type": 2,
         "values": [
            null,
            null
         ]
      },
      "9": {
         "type": 1,
         "values": [
            -0.5791500508785248,
            -0.32719598710536957
         ]
      },
      "10": {
         "type": 1,
         "values": [
            -0.3636787086725235,
            -0.34158146381378174
         ]
      },
      "11": {
         "type": 2,
         "values": [
            null,
            null
         ]
      },
      "12": {
         "type": 2,
         "values": [
            null,
            0.5
         ]
      },
      "13": {
         "type": 2,
         "values": [
            null,
            null
         ]
      }
   },
   "splits": [
      [
         12,
         0.5,
         true
      ],
      [
         9,
         -0.6344031393527985,
         false
      ],
      [
         5,
         3.466626763343811,
         true
      ],
      [
         5,
         1.3640509843826294,
         true
      ],
      [
         5,
         0.9569564983248711,
         true
      ],
      [
         4,
         -0.7712835669517517,
         false
      ],
      [
         5,
         0.9524829387664795,
         true
      ],
      [
         10,
         0.36553046107292175,
         true
      ],
      [
         10,
         0.14455799013376236,
         true
      ],
      [
         9,
         -0.6321930587291718,
         false
      ],
      [
         9,
         -0.6145120561122894,
         false
      ],
      [
         9,
         -0.5857804417610168,
         false
      ],
      [
         4,
         0.859354704618454,
         true
      ],
      [
         10,
         0.01197449880419299,
         true
      ],
      [
         4,
         0.7968781292438507,
         true
      ],
      [
         4,
         0.7906304597854614,
         true
      ],
      [
         10,
         -0.04326862096786499,
         true
      ],
      [
         10,
         -0.05431724339723587,
         true
      ],
      [
         4,
         -0.769201010465622,
         false
      ],
      [
         9,
         -0.5791500508785248,
         false
      ],
      [
         10,
         -0.07641449198126793,
         true
      ],
      [
         5,
         -0.35379819571971893,
         true
      ],
      [
         10,
         -0.12060898542404175,
         true
      ],
      [
         10,
         -0.12060898914933205,
         true
      ],
      [
         4,
         -0.7650358974933624,
         false
      ],
      [
         9,
         -0.1901683211326599,
         true
      ],
      [
         4,
         0.6052833497524261,
         true
      ],
      [
         7,
         1.5,
         true
      ],
      [
         5,
         -0.3537982106208801,
         true
      ],
      [
         4,
         -0.5172122418880463,
         false
      ],
      [
         5,
         -0.36274532973766327,
         true
      ],
      [
         4,
         -0.42974503338336945,
         false
      ],
      [
         4,
         -0.4276624917984009,
         false
      ],
      [
         10,
         -0.20899797603487968,
         true
      ],
      [
         10,
         -0.20899797976016998,
         true
      ],
      [
         9,
         -0.2918340116739273,
         true
      ],
      [
         4,
         -0.42349737882614136,
         false
      ],
      [
         9,
         -0.30288463830947876,
         true
      ],
      [
         5,
         -0.3716924488544464,
         true
      ],
      [
         10,
         -0.31948421895504,
         true
      ],
      [
         5,
         -0.38063958287239075,
         true
      ],
      [
         10,
         -0.34158146381378174,
         true
      ],
      [
         5,
         -0.39406029880046844,
         true
      ],
      [
         5,
         -0.3985338509082794,
         true
      ],
      [
         5,
         -0.4164281189441681,
         false
      ],
      [
         9,
         -0.3161453753709793,
         true
      ],
      [
         10,
         -0.3636787086725235,
         false
      ],
      [
         4,
         -0.3943416625261307,
         true
      ],
      [
         9,
         -0.32719598710536957,
         true
      ]
   ],
   "remaining_rules": [
      456,
      1924,
      4042,
      5673,
      7207,
      8858,
      11277,
      12895,
      14981,
      16570
   ],
   "set_rules": [
      456,
      1924,
      4042,
      5673,
      7207,
      8858,
      11277,
      12895,
      14981,
      16570
   ],
   "foil_estimated_class": [
      0
   ],
   "distance": 0.00044831056621532327,
   "extraction_time": 0.4730641841888428,
   "feature_bounds": {
      "0": {
         "type": 2,
         "values": [
            null,
            0.5
         ]
      },
      "1": {
         "type": 2,
         "values": [
            null,
            0.5
         ]
      },
      "2": {
         "type": 2,
         "values": [
            null,
            1.5
         ]
      },
      "3": {
         "type": 2,
         "values": [
            null,
            2.5
         ]
      },
      "4": {
         "type": 1,
         "values": [
            -0.4276624917984009,
            -0.3943416625261307
         ]
      },
      "5": {
         "type": 1,
         "values": [
            -0.4164281189441681,
            -0.3985338509082794
         ]
      },
      "6": {
         "type": 2,
         "values": [
            null,
            0.5
         ]
      },
      "7": {
         "type": 2,
         "values": [
            null,
            0.5
         ]
      },
      "8": {
         "type": 2,
         "values": [
            5.5,
            null
         ]
      },
      "9": {
         "type": 1,
         "values": [
            -0.35150735080242157,
            -0.32719598710536957
         ]
      },
      "10": {
         "type": 1,
         "values": [
            -0.3636787086725235,
            -0.34158146381378174
         ]
      },
      "11": {
         "type": 2,
         "values": [
            null,
            0.5
         ]
      },
      "12": {
         "type": 2,
         "values": [
            null,
            1.5
         ]
      },
      "13": {
         "type": 2,
         "values": [
            null,
            0.5
         ]
      }
   },
   "feature_bounds_compact": {
      "0": {
         "type": 2,
         "values": [
            null,
            0.5
         ]
      },
      "1": {
         "type": 2,
         "values": [
            null,
            0.5
         ]
      },