{
   "found": true,
   "num_iterations": 64,
   "num_foil": 19,
   "_observation": [
      1.0,
      0.0,
      2.0,
      3.0,
      -0.5005518073720403,
      -0.376166025540068,
      0.0,
      0.0,
      0.0,
      -0.40676043437259296,
      -0.3747273409490208,
      1.0,
      3.0,
      1.0
   ],
   "_idx": 725,
   "factual_class": 1,
   "feature_bounds_splits": {
      "0": {
         "type": 2,
         "values": [
            null,
            null
         ]
      },
      "1": {
         "type": 2,
         "values": [
            null,
            null
         ]
      },
      "2": {
         "type": 2,
         "values": [
            null,
            null
         ]
      },
      "3": {
         "type": 2,
         "values": [
            null,
            null
         ]
      },
      "4": {
         "type": 1,
         "values": [
            -0.5151296555995941,
            -0.4984692484140396
         ]
      },
      "5": {
         "type": 1,
         "values": [
            null,
            -0.3582717627286911
         ]
      },
      "6": {
         "type": 2,
         "values": [
            null,
            null
         ]
      },
      "7": {
         "type": 2,
         "values": [
            null,
            null
         ]
      },
      "8": {
         "type": 2,
         "values": [
            null,
            null
         ]
      },
      "9": {
         "type": 1,
         "values": [
            -0.40897057950496674,
            -0.40455031394958496
         ]
      },
      "10": {
         "type": 1,
         "values": [
            -0.3636787086725235,
            -0.31948421895504
         ]
      },
      "11": {
         "type": 2,
         "values": [
            null,
            null
         ]
      },
      "12": {
         "type": 2,
         "values": [
            null,
            null
         ]
      },
      "13": {
         "type": 2,
         "values": [
            null,
            null
         ]
      }
   },
   "splits": [
      [
         10,
         -0.16480348259210587,
         true
      ],
      [
         9,
         -0.2719428986310959,
         true
      ],
      [
         9,
         -0.2874137610197067,
         true
      ],
      [
         9,
         -0.313935250043869,
         true
      ],
      [
         10,
         -0.23109522461891174,
         true
      ],
      [
         10,
         -0.23109523206949234,
         true
      ],
      [
         9,
         -0.40234018862247467,
         true
      ],
      [
         5,
         -0.3448510617017746,
         true
      ],
      [
         10,
         -0.2531924769282341,
         true
      ],
      [
         10,
         -0.31948421895504,
         true
      ],
      [
         10,
         -0.3636787086725235,
         false
      ],
      [
         5,
         -0.3448510766029358,
         true
      ],
      [
         9,
         -0.40897057950496674,
         false
      ],
      [
         9,
         -0.40455031394958496,
         true
      ],
      [
         5,
         -0.3582717627286911,
         true
      ],
      [
         4,
         -0.5151296555995941,
         false
      ],
      [
         4,
         -0.4984692484140396,
         true
      ]
   ],
   "remaining_rules": [
      545,
      2843,
      2878,
      4567,
      6022,
      6023,
      6025,
      7207,
      8834,
      9730,
      11498,
      11503,
      11516,
      13318,
      15269,
      16374
   ],
   "set_rules": [
      545,
      2843,
      4567,
      6023,
      7207,
      8834,
      11498,
      13318,
      15269,
      16374
   ],
   "foil_estimated_class": [
      0
   ],
   "distance": 3.853483966821571e-05,
   "extraction_time": 0.4458763599395752,
   "feature_bounds": {
      "0": {
         "type": 2,
         "values": [
            0.5,
            null
         ]
      },
      "1": {
         "type": 2,
         "values": [
            null,
            0.5
         ]
      },
      "2": {
         "type": 2,
         "values": [
            1.5,
            2.5
         ]
      },
      "3": {
         "type": 2,
         "values": [
            2.5,
            3.5
         ]
      },
      "4": {
         "type": 1,
         "values": [
            -0.5192947685718536,
            -0.48597393929958344
         ]
      },
      "5": {
         "type": 1,
         "values": [
            -0.38063958287239075,
            -0.3716924488544464
         ]
      },
      "6": {
         "type": 2,
         "values": [
            null,
            0.5
         ]
      },
      "7": {
         "type": 2,
         "values": [
            null,
            0.5
         ]
      },
      "8": {
         "type": 2,
         "values": [
            null,
            1.5
         ]
      },
      "9": {
         "type": 1,
         "values": [
            -0.41118067502975464,
            -0.40455031394958496
         ]
      },
      "10": {
         "type": 1,
         "values": [
            -0.3636787086725235,
            -0.3526300936937332
         ]
      },
      "11": {
         "type": 2,
         "values": [
            0.5,
            1.5
         ]
      },
      "12": {
         "type": 2,
         "values": [
            1.5,
            3.5
         ]
      },
      "13": {
         "type": 2,
         "values": [
            0.5,
            null
         ]
      }
   },
   "feature_bounds_compact": {
      "0": {
         "type": 2,
         "values": [
            0.5,
            null
         ]
      },
      "1": {
         "type": 2,
         "values": [
            null,
            0.5
         ]
      },
      "2": {
         "type": 2,
         "values": [
            1.5,
            2.5
         ]
      },
      "3": {
         "type": 2,
         "values": [
            2.5,
            3.5
         ]
      },
      "4": {
         "type": 1,
         "values": [
            -0.5442854166030884,
            -0.48597393929958344
         ]
      },
      "5": {
         "type": 1,
         "values": [
            -0.38063958287239075,
            -0.36274532973766327
         ]
      },
      "6": {
         "type": 2,
         "values": [
            null,
            0.5
         ]
      },
      "7": {
         "type": 2,
         "values": [
            null,
            0.5
         ]
      },
      "8": {
         "type": 2,
         "values": [
            null,
            1.5
         ]
      },
      "9": {
         "type": 1,
         "values": [
            -0.41118067502975464,
            -0.40455031394958496
         ]
      },
      "10": {
         "type": 1,
         "values": [
            -0.3636787086725235,
            -0.31948421895504
         ]
      },
      "11": {
         "type": 2,
         "values": [
            0.5,
            1.5
         ]
      },
      "12": {
         "type": 2,
         "values": [
            1.5,
            3.5
         ]
      },
      "13": {
         "type": 2,
         "values": [
            0.5,
            null
         ]
      }
   },
   "feature_bounds_compact_count": {
      "0": {
         "type": 2,
         "values": [
            0.5,
            null
         ]
      },
      "1": {
         "type": 2,
         "values": [
            null,
            0.5
         ]
      },
      "2": {
         "type": 2,
         "values": [
            1.5,
            2.5
         ]
      },
      "3": {
         "type": 2,
         "values": [
            2.5,
            3.5
         ]
      },
      "4": {
         "type": 1,
         "values": [
            -0.5442854166030884,
            -0.48597393929958344
         ]
      },
      "5": {
         "type": 1,
         "values": [
            -0.38063958287239075,
            -0.36274532973766327
         ]
      },
      "6": {
         "type": 2,
         "values": [
            null,
            0.5
         ]
      },