{
   "found": true,
   "num_iterations": 102,
   "num_foil": 35,
   "_observation": [
      0.0,
      0.0,
      2.0,
      4.0,
      -0.7546231622404179,
      -0.3672188943621351,
      3.0,
      6.0,
      0.0,
      -0.6984967528068727,
      -0.3747273409490208,
      1.0,
      1.0,
      1.0
   ],
   "_idx": 337,
   "factual_class": 1,
   "feature_bounds_splits": {
      "0": {
         "type": 2,
         "values": [
            null,
            null
         ]
      },
      "1": {
         "type": 2,
         "values": [
            null,
            null
         ]
      },
      "2": {
         "type": 2,
         "values": [
            null,
            null
         ]
      },
      "3": {
         "type": 2,
         "values": [
            null,
            null
         ]
      },
      "4": {
         "type": 1,
         "values": [
            -0.7608708143234253,
            -0.7567057311534882
         ]
      },
      "5": {
         "type": 1,
         "values": [
            -0.3716924488544464,
            -0.36274532973766327
         ]
      },
      "6": {
         "type": 2,
         "values": [
            null,
            null
         ]
      },
      "7": {
         "type": 2,
         "values": [
            null,
            null
         ]
      },
      "8": {
         "type": 2,
         "values": [
            null,
            null
         ]
      },
      "9": {
         "type": 1,
         "values": [
            null,
            -0.6962866187095642
         ]
      },
      "10": {
         "type": 1,
         "values": [
            null,
            -0.3636787086725235
         ]
      },
      "11": {
         "type": 2,
         "values": [
            null,
            null
         ]
      },
      "12": {
         "type": 2,
         "values": [
            null,
            null
         ]
      },
      "13": {
         "type": 2,
         "values": [
            null,
            null
         ]
      }
   },
   "splits": [
      [
         5,
         -0.2732740044593811,
         true
      ],
      [
         10,
         -0.27528972178697586,
         true
      ],
      [
         10,
         -0.27528972923755646,
         true
      ],
      [
         10,
         -0.3084356039762497,
         true
      ],
      [
         5,
         -0.2732740193605423,
         true
      ],
      [
         5,
         -0.28222113847732544,
         true
      ],
      [
         5,
         -0.3001154065132141,
         true
      ],
      [
         10,
         -0.31948421895504,
         true
      ],
      [
         5,
         -0.30906254053115845,
         true
      ],
      [
         4,
         -0.544285386800766,
         true
      ],
      [
         5,
         -0.38063958287239075,
         false
      ],
      [
         10,
         -0.3526300936937332,
         true
      ],
      [
         4,
         -0.754623144865036,
         true
      ],
      [
         4,
         -0.7546231746673584,
         true
      ],
      [
         9,
         -0.6741853654384613,
         true
      ],
      [
         9,
         -0.6741853952407837,
         true
      ],
      [
         9,
         -0.685236006975174,
         true
      ],
      [
         10,
         -0.3636787086725235,
         true
      ],
      [
         5,
         -0.3761660158634186,
         false
      ],
      [
         5,
         -0.3582717627286911,
         true
      ],
      [
         9,
         -0.6918663680553436,
         true
      ],
      [
         9,
         -0.6962866187095642,
         true
      ],
      [
         5,
         -0.3716924488544464,
         false
      ],
      [
         5,
         -0.36274532973766327,
         true
      ],
      [
         4,
         -0.769201010465622,
         false
      ],
      [
         4,
         -0.7567057311534882,
         true
      ],
      [
         4,
         -0.7650358974933624,
         false
      ],
      [
         4,
         -0.7608708143234253,
         false
      ]
   ],
   "remaining_rules": [
      69,
      1854,
      3739,
      5526,
      8266,
      9234,
      12085,
      13222,
      14176,
      16016
   ],
   "set_rules": [
      69,
      1854,
      3739,
      5526,
      8266,
      9234,
      12085,
      13222,
      14176,
      16016
   ],
   "foil_estimated_class": [
      0
   ],
   "distance": 1.2174446949927107e-05,
   "extraction_time": 0.4375908374786377,
   "feature_bounds": {
      "0": {
         "type": 2,
         "values": [
            null,
            0.5
         ]
      },
      "1": {
         "type": 2,
         "values": [
            null,
            0.5
         ]
      },
      "2": {
         "type": 2,
         "values": [
            1.5,
            2.5
         ]
      },
      "3": {
         "type": 2,
         "values": [
            3.5,
            null
         ]
      },
      "4": {
         "type": 1,
         "values": [
            -0.7608708143234253,
            -0.7567057311534882
         ]
      },
      "5": {
         "type": 1,
         "values": [
            -0.3716924488544464,
            -0.36274532973766327
         ]
      },
      "6": {
         "type": 2,
         "values": [
            2.5,
            3.5
         ]
      },
      "7": {
         "type": 2,
         "values": [
            5.5,
            null
         ]
      },
      "8": {
         "type": 2,
         "values": [
            null,
            0.5
         ]
      },
      "9": {
         "type": 1,
         "values": [
            null,
            -0.6962866187095642
         ]
      },
      "10": {
         "type": 1,
         "values": [
            null,
            -0.3636787086725235
         ]
      },
      "11": {
         "type": 2,
         "values": [
            0.5,
            1.5
         ]
      },
      "12": {
         "type": 2,
         "values": [
            0.5,
            1.5
         ]
      },
      "13": {
         "type": 2,
         "values": [
            0.5,
            null
         ]
      }
   },
   "feature_bounds_compact": {
      "0": {
         "type": 2,
         "values": [
            null,
            0.5
         ]
      },
      "1": {
         "type": 2,
         "values": [
            null,
            0.5
         ]
      },
      "2": {
         "type": 2,
         "values": [
            1.5,
            2.5
         ]
      },
      "3": {
         "type": 2,
         "values": [
            3.5,
            null
         ]
      },
      "4": {
         "type": 1,
         "values": [
            -0.7608708143234253,
            -0.7567057311534882
         ]
      },
      "5": {
         "type": 1,
         "values": [
            -0.3716924488544464,
            -0.36274532973766327
         ]
      },
      "6": {
         "type": 2,
         "values": [
            2.5,
            3.5
         ]
      },
      "7": {
         "type": 2,
         "values": [
            5.5,
            null
         ]
      },
      "8": {
         "type": 2,
         "values": [
            null,
            0.5
         ]
      },
      "9": {
         "type": 1,
         "values": [
            null,
            -0.6962866187095642
         ]
      },
      "10": {
         "type": 1,
         "values": [
            null,
            -0.3636787086725235
         ]
      },
      "11": {
         "type": 2,
         "values": [
            0.5,
            1.5
         ]
      },
      "12": {
         "type": 2,
         "values": [
            0.5,
            1.5
         ]
      },
      "13": {
         "type": 2,
         "values": [
            0.5,
            null
         ]
      }
   },
   "feature_bounds_compact_count": {
      "0": {
         "type": 2,
         "values": [
            null,
            0.5
         ]
      },
      "1": {
         "type": 2,