{
   "found": true,
   "num_iterations": 550352,
   "num_foil": 275124,
   "_observation": [
      1.0,
      1.0,
      3.0,
      2.0,
      0.7448143419008272,
      -0.2061705331593431,
      1.0,
      5.0,
      1.0,
      0.9148934930796744,
      -0.10956036520361004,
      0.0,
      0.0,
      0.0
   ],
   "_idx": 940,
   "factual_class": 1,
   "feature_bounds_splits": {
      "0": {
         "type": 2,
         "values": [
            null,
            null
         ]
      },
      "1": {
         "type": 2,
         "values": [
            null,
            null
         ]
      },
      "2": {
         "type": 2,
         "values": [
            null,
            null
         ]
      },
      "3": {
         "type": 2,
         "values": [
            null,
            null
         ]
      },
      "4": {
         "type": 1,
         "values": [
            0.634439080953598,
            1.5799177289009094
         ]
      },
      "5": {
         "type": 1,
         "values": [
            -0.38063958287239075,
            -0.3716924488544464
         ]
      },
      "6": {
         "type": 2,
         "values": [
            null,
            null
         ]
      },
      "7": {
         "type": 2,
         "values": [
            null,
            null
         ]
      },
      "8": {
         "type": 2,
         "values": [
            null,
            null
         ]
      },
      "9": {
         "type": 1,
         "values": [
            0.5723243355751038,
            null
         ]
      },
      "10": {
         "type": 1,
         "values": [
            -0.16480348259210587,
            -0.15375486016273499
         ]
      },
      "11": {
         "type": 2,
         "values": [
            null,
            null
         ]
      },
      "12": {
         "type": 2,
         "values": [
            1.5,
            null
         ]
      },
      "13": {
         "type": 2,
         "values": [
            null,
            null
         ]
      }
   },
   "splits": [
      [
         12,
         0.5,
         false
      ],
      [
         10,
         -0.3636787086725235,
         false
      ],
      [
         5,
         -0.02275434322655201,
         true
      ],
      [
         5,
         -0.022754344157874584,
         true
      ],
      [
         5,
         -0.21064409613609314,
         true
      ],
      [
         9,
         -0.053140657022595406,
         false
      ],
      [
         9,
         0.16787171363830566,
         false
      ],
      [
         4,
         1.5799177289009094,
         true
      ],
      [
         9,
         0.29826900362968445,
         false
      ],
      [
         12,
         1.5,
         false
      ],
      [
         5,
         -0.27774757146835327,
         true
      ],
      [
         5,
         -0.2911682724952698,
         true
      ],
      [
         5,
         -0.30906255543231964,
         true
      ],
      [
         5,
         -0.3135361075401306,
         true
      ],
      [
         5,
         -0.3448510766029358,
         true
      ],
      [
         5,
         -0.3537982106208801,
         true
      ],
      [
         10,
         0.18875247985124588,
         true
      ],
      [
         10,
         -0.33053284883499146,
         false
      ],
      [
         4,
         0.634439080953598,
         false
      ],
      [
         10,
         -0.31948421895504,
         false
      ],
      [
         10,
         -0.2973869666457176,
         false
      ],
      [
         10,
         -0.27528972923755646,
         false
      ],
      [
         10,
         0.04512037057429552,
         true
      ],
      [
         10,
         -0.15375485719414428,
         true
      ],
      [
         10,
         -0.15375486016273499,
         true
      ],
      [
         10,
         -0.16480348259210587,
         false
      ],
      [
         9,
         0.5634838342666626,
         false
      ],
      [
         9,
         0.5723243355751038,
         false
      ],
      [
         5,
         -0.36721889674663544,
         true
      ],
      [
         5,
         -0.3716924488544464,
         true
      ],
      [
         5,
         -0.3895867168903351,
         false
      ],
      [
         5,
         -0.38063958287239075,
         false
      ]
   ],
   "remaining_rules": [
      1716,
      3123,
      4694,
      5962,
      8707,
      10388,
      11168,
      12856,
      15704,
      17102
   ],
   "set_rules": [
      1716,
      3123,
      4694,
      5962,
      8707,
      10388,
      11168,
      12856,
      15704,
      17102
   ],
   "foil_estimated_class": [
      0
   ],
   "distance": 0.00454445157610031,
   "extraction_time": 11.80961298942566,
   "feature_bounds": {
      "0": {
         "type": 2,
         "values": [
            0.5,
            null
         ]
      },
      "1": {
         "type": 2,
         "values": [
            0.5,
            null
         ]
      },
      "2": {
         "type": 2,
         "values": [
            2.5,
            null
         ]
      },
      "3": {
         "type": 2,
         "values": [
            null,
            2.5
         ]
      },
      "4": {
         "type": 1,
         "values": [
            0.634439080953598,
            1.5799177289009094
         ]
      },
      "5": {
         "type": 1,
         "values": [
            -0.38063958287239075,
            -0.3716924488544464
         ]
      },
      "6": {
         "type": 2,
         "values": [
            0.5,
            1.5
         ]
      },
      "7": {
         "type": 2,
         "values": [
            3.5,
            5.5
         ]
      },
      "8": {
         "type": 2,
         "values": [
            0.5,
            1.5
         ]
      },
      "9": {
         "type": 1,
         "values": [
            0.5723243355751038,
            1.6552848815917969
         ]
      },
      "10": {
         "type": 1,
         "values": [
            -0.16480348259210587,
            -0.15375486016273499
         ]
      },
      "11": {
         "type": 2,
         "values": [
            null,
            0.5
         ]
      },
      "12": {
         "type": 2,
         "values": [
            1.5,
            5.5
         ]
      },
      "13": {
         "type": 2,
         "values": [
            null,
            0.5
         ]
      }
   },
   "feature_bounds_compact": {
      "0": {
         "type": 2,
         "values": [
            0.5,
            null
         ]
      },
      "1": {
         "type": 2,
         "values": [
            0.5,
            null
         ]
      },
      "2": {
         "type": 2,
         "values": [
            2.5,
            null
         ]
      },
      "3": {
         "type": 2,
         "values": [
            null,
            2.5
         ]
      },
      "4": {
         "type": 1,
         "values": [
            0.634439080953598,
            1.5799177289009094
         ]
      },
      "5": {
         "type": 1,
         "values": [
            -0.38063958287239075,
            -0.3716924488544464
         ]
      },
      "6": {
         "type": 2,
         "values": [
            0.5,
            1.5
         ]
      },
      "7": {
         "type": 2,
         "values": [
            3.5,
            5.5
         ]
      },
      "8": {
         "type": 2,
         "values": [
            0.5,
            1.5
         ]
      },
      "9": {
         "type": 1,
         "values": [
            0.5723243355751038,
            1.6552848815917969
         ]
      },
      "10": {
         "type": 1,
         "values": [
            -0.16480348259210587,
            -0.15375486016273499
         ]
      },
      "11": {
         "type": 2,
         "values": [
            null,
            0.5
         ]
      },
      "12": {
         "type": 2,