{
   "found": true,
   "num_iterations": 2568,
   "num_foil": 1248,
   "_observation": [
      1.0,
      1.0,
      3.0,
      4.0,
      -0.1131971188022186,
      0.9927450446836638,
      5.0,
      6.0,
      0.0,
      -0.6542942803168303,
      -0.08746311722482583,
      0.0,
      0.0,
      0.0
   ],
   "_idx": 44,
   "factual_class": 1,
   "feature_bounds_splits": {
      "0": {
         "type": 2,
         "values": [
            null,
            null
         ]
      },
      "1": {
         "type": 2,
         "values": [
            null,
            null
         ]
      },
      "2": {
         "type": 2,
         "values": [
            null,
            null
         ]
      },
      "3": {
         "type": 2,
         "values": [
            null,
            null
         ]
      },
      "4": {
         "type": 1,
         "values": [
            null,
            0.08881043270230293
         ]
      },
      "5": {
         "type": 1,
         "values": [
            0.594597727060318,
            null
         ]
      },
      "6": {
         "type": 2,
         "values": [
            null,
            null
         ]
      },
      "7": {
         "type": 2,
         "values": [
            null,
            null
         ]
      },
      "8": {
         "type": 2,
         "values": [
            null,
            null
         ]
      },
      "9": {
         "type": 1,
         "values": [
            -0.6542942821979523,
            -0.6344031691551208
         ]
      },
      "10": {
         "type": 1,
         "values": [
            null,
            -0.3636787086725235
         ]
      },
      "11": {
         "type": 2,
         "values": [
            null,
            null
         ]
      },
      "12": {
         "type": 2,
         "values": [
            null,
            null
         ]
      },
      "13": {
         "type": 2,
         "values": [
            null,
            null
         ]
      }
   },
   "splits": [
      [
         10,
         0.04512037057429552,
         true
      ],
      [
         10,
         0.01197449880419299,
         true
      ],
      [
         10,
         0.011974498629570007,
         true
      ],
      [
         10,
         -0.02117137238383293,
         true
      ],
      [
         10,
         -0.021171373140532523,
         true
      ],
      [
         10,
         -0.12060898542404175,
         true
      ],
      [
         10,
         -0.2531924769282341,
         true
      ],
      [
         10,
         -0.2973869740962982,
         true
      ],
      [
         9,
         -0.6962866187095642,
         false
      ],
      [
         9,
         -0.6896562576293945,
         false
      ],
      [
         5,
         0.13382045179605484,
         false
      ],
      [
         9,
         -0.667555034160614,
         false
      ],
      [
         10,
         -0.3526300936937332,
         true
      ],
      [
         9,
         -0.6587145328521729,
         false
      ],
      [
         10,
         -0.3636787086725235,
         true
      ],
      [
         4,
         0.08881043270230293,
         true
      ],
      [
         5,
         0.594597727060318,
         false
      ],
      [
         9,
         -0.6542942821979523,
         false
      ],
      [
         9,
         -0.6100918054580688,
         true
      ],
      [
         9,
         -0.6123019158840179,
         true
      ],
      [
         9,
         -0.6344031393527985,
         true
      ],
      [
         9,
         -0.6344031691551208,
         true
      ]
   ],
   "remaining_rules": [
      446,
      2737,
      3736,
      6439,
      8434,
      9184,
      10803,
      12563,
      14089,
      15968
   ],
   "set_rules": [
      446,
      2737,
      3736,
      6439,
      8434,
      9184,
      10803,
      12563,
      14089,
      15968
   ],
   "foil_estimated_class": [
      0
   ],
   "distance": 0.0009594781445362233,
   "extraction_time": 0.2846837043762207,
   "feature_bounds": {
      "0": {
         "type": 2,
         "values": [
            0.5,
            null
         ]
      },
      "1": {
         "type": 2,
         "values": [
            0.5,
            null
         ]
      },
      "2": {
         "type": 2,
         "values": [
            2.5,
            3.5
         ]
      },
      "3": {
         "type": 2,
         "values": [
            3.5,
            null
         ]
      },
      "4": {
         "type": 1,
         "values": [
            -0.3985067456960678,
            0.08881043270230293
         ]
      },
      "5": {
         "type": 1,
         "values": [
            0.594597727060318,
            1.7979868054389954
         ]
      },
      "6": {
         "type": 2,
         "values": [
            4.5,
            null
         ]
      },
      "7": {
         "type": 2,
         "values": [
            5.5,
            null
         ]
      },
      "8": {
         "type": 2,
         "values": [
            null,
            0.5
         ]
      },
      "9": {
         "type": 1,
         "values": [
            -0.6542942821979523,
            -0.6344031691551208
         ]
      },
      "10": {
         "type": 1,
         "values": [
            null,
            -0.3636787086725235
         ]
      },
      "11": {
         "type": 2,
         "values": [
            null,
            0.5
         ]
      },
      "12": {
         "type": 2,
         "values": [
            null,
            1.5
         ]
      },
      "13": {
         "type": 2,
         "values": [
            null,
            0.5
         ]
      }
   },
   "feature_bounds_compact": {
      "0": {
         "type": 2,
         "values": [
            0.5,
            null
         ]
      },
      "1": {
         "type": 2,
         "values": [
            0.5,
            null
         ]
      },
      "2": {
         "type": 2,
         "values": [
            2.5,
            null
         ]
      },
      "3": {
         "type": 2,
         "values": [
            3.5,
            null
         ]
      },
      "4": {
         "type": 1,
         "values": [
            -0.3985067456960678,
            0.08881043270230293
         ]
      },
      "5": {
         "type": 1,
         "values": [
            0.594597727060318,
            1.7979868054389954
         ]
      },
      "6": {
         "type": 2,
         "values": [
            4.5,
            null
         ]
      },
      "7": {
         "type": 2,
         "values": [
            5.5,
            null
         ]
      },
      "8": {
         "type": 2,
         "values": [
            null,
            1.0
         ]
      },
      "9": {
         "type": 1,
         "values": [
            -0.6542942821979523,
            -0.6167221963405609
         ]
      },
      "10": {
         "type": 1,
         "values": [
            null,
            -0.3636787086725235
         ]
      },
      "11": {
         "type": 2,
         "values": [
            null,
            0.5
         ]
      },
      "12": {
         "type": 2,
         "values": [
            null,
            1.5
         ]
      },
      "13": {
         "type": 2,
         "values": [
            null,
            null
         ]
      }
   },
   "feature_bounds_compact_count": {
      "0": {
         "type": 2,
         "values": [
            0.5,
            null
         ]
      },
      "1": {
         "type": 2,
         "values": [
            0.5,
            null
         ]
      },
      "2": {
         "type": 2,
         "values": [
            2.5,
            null
         ]
      },
      "3": {
         "type": 2,
         "values": [
            3.5,
            null
         ]
      },
      "4": {
         "type": 1,
         "values": [
            -0.3985067456960678,
            0.08881043270230293
         ]
      },