{
   "found": true,
   "num_iterations": 543,
   "num_foil": 251,
   "_observation": [
      1.0,
      0.0,
      2.0,
      3.0,
      -0.4880564948375299,
      -0.3940602878959337,
      0.0,
      0.0,
      0.0,
      -0.39349969262558027,
      -0.2863383490338839,
      0.0,
      0.0,
      0.0
   ],
   "_idx": 644,
   "factual_class": 1,
   "feature_bounds_splits": {
      "0": {
         "type": 2,
         "values": [
            null,
            null
         ]
      },
      "1": {
         "type": 2,
         "values": [
            null,
            null
         ]
      },
      "2": {
         "type": 2,
         "values": [
            null,
            null
         ]
      },
      "3": {
         "type": 2,
         "values": [
            null,
            null
         ]
      },
      "4": {
         "type": 1,
         "values": [
            -0.5088820159435272,
            -0.5005518198013306
         ]
      },
      "5": {
         "type": 1,
         "values": [
            -0.3716924488544464,
            -0.3537982106208801
         ]
      },
      "6": {
         "type": 2,
         "values": [
            null,
            null
         ]
      },
      "7": {
         "type": 2,
         "values": [
            null,
            null
         ]
      },
      "8": {
         "type": 2,
         "values": [
            null,
            null
         ]
      },
      "9": {
         "type": 1,
         "values": [
            -0.3736085891723633,
            -0.35150735080242157
         ]
      },
      "10": {
         "type": 1,
         "values": [
            -0.2973869740962982,
            -0.27528972923755646
         ]
      },
      "11": {
         "type": 2,
         "values": [
            null,
            null
         ]
      },
      "12": {
         "type": 2,
         "values": [
            null,
            null
         ]
      },
      "13": {
         "type": 2,
         "values": [
            null,
            null
         ]
      }
   },
   "splits": [
      [
         9,
         -0.3006744980812073,
         true
      ],
      [
         9,
         -0.3249858617782593,
         true
      ],
      [
         9,
         -0.33382636308670044,
         true
      ],
      [
         9,
         -0.33603647351264954,
         true
      ],
      [
         9,
         -0.40455031394958496,
         false
      ],
      [
         4,
         -0.3755986839532852,
         true
      ],
      [
         10,
         -0.3636787086725235,
         false
      ],
      [
         5,
         -0.2732740119099617,
         true
      ],
      [
         4,
         -0.3776812255382538,
         true
      ],
      [
         4,
         -0.4422403573989868,
         true
      ],
      [
         4,
         -0.4443228989839554,
         true
      ],
      [
         9,
         -0.3736085891723633,
         false
      ],
      [
         4,
         -0.5172122418880463,
         false
      ],
      [
         5,
         -0.2732740193605423,
         true
      ],
      [
         10,
         -0.34158146381378174,
         false
      ],
      [
         9,
         -0.35150735080242157,
         true
      ],
      [
         5,
         -0.29564185440540314,
         true
      ],
      [
         5,
         -0.3001154065132141,
         true
      ],
      [
         4,
         -0.4943041503429413,
         true
      ],
      [
         4,
         -0.4943041652441025,
         true
      ],
      [
         4,
         -0.510964572429657,
         false
      ],
      [
         4,
         -0.5005518198013306,
         true
      ],
      [
         4,
         -0.5088820159435272,
         false
      ],
      [
         5,
         -0.42090168595314026,
         false
      ],
      [
         5,
         -0.4164281189441681,
         false
      ],
      [
         5,
         -0.40748098492622375,
         false
      ],
      [
         10,
         -0.3084356039762497,
         false
      ],
      [
         5,
         -0.3269567936658859,
         true
      ],
      [
         5,
         -0.38063958287239075,
         false
      ],
      [
         10,
         -0.2973869740962982,
         false
      ],
      [
         5,
         -0.3269568085670471,
         true
      ],
      [
         5,
         -0.3716924488544464,
         false
      ],
      [
         5,
         -0.3537982106208801,
         true
      ],
      [
         10,
         -0.27528972178697586,
         true
      ],
      [
         10,
         -0.27528972923755646,
         true
      ]
   ],
   "remaining_rules": [
      499,
      2183,
      4174,
      5715,
      7230,
      9453,
      11027,
      12626,
      14569,
      16158
   ],
   "set_rules": [
      499,
      2183,
      4174,
      5715,
      7230,
      9453,
      11027,
      12626,
      14569,
      16158
   ],
   "foil_estimated_class": [
      0
   ],
   "distance": 0.000238252795147825,
   "extraction_time": 0.4521167278289795,
   "feature_bounds": {
      "0": {
         "type": 2,
         "values": [
            0.5,
            null
         ]
      },
      "1": {
         "type": 2,
         "values": [
            null,
            0.5
         ]
      },
      "2": {
         "type": 2,
         "values": [
            1.5,
            2.5
         ]
      },
      "3": {
         "type": 2,
         "values": [
            2.5,
            3.5
         ]
      },
      "4": {
         "type": 1,
         "values": [
            -0.5088820159435272,
            -0.5005518198013306
         ]
      },
      "5": {
         "type": 1,
         "values": [
            -0.3716924488544464,
            -0.3537982106208801
         ]
      },
      "6": {
         "type": 2,
         "values": [
            null,
            0.5
         ]
      },
      "7": {
         "type": 2,
         "values": [
            null,
            0.5
         ]
      },
      "8": {
         "type": 2,
         "values": [
            null,
            0.5
         ]
      },
      "9": {
         "type": 1,
         "values": [
            -0.3736085891723633,
            -0.35150735080242157
         ]
      },
      "10": {
         "type": 1,
         "values": [
            -0.2973869740962982,
            -0.27528972923755646
         ]
      },
      "11": {
         "type": 2,
         "values": [
            null,
            0.5
         ]
      },
      "12": {
         "type": 2,
         "values": [
            null,
            1.0
         ]
      },
      "13": {
         "type": 2,
         "values": [
            null,
            0.5
         ]
      }
   },
   "feature_bounds_compact": {
      "0": {
         "type": 2,
         "values": [
            0.5,
            null
         ]
      },
      "1": {
         "type": 2,
         "values": [
            null,
            0.5
         ]
      },
      "2": {
         "type": 2,
         "values": [
            1.5,
            2.5
         ]
      },
      "3": {
         "type": 2,
         "values": [
            2.5,
            3.5
         ]
      },
      "4": {
         "type": 1,
         "values": [
            -0.5088820159435272,
            -0.5005518198013306
         ]
      },
      "5": {
         "type": 1,
         "values": [
            -0.3716924488544464,
            -0.3537982106208801
         ]
      },
      "6": {
         "type": 2,
         "values": [
            null,
            0.5
         ]
      },
      "7": {
         "type": 2,
         "values": [
            null,
            0.5
         ]
      },
      "8": {
         "type": 2,
         "values": [
            null,
            0.5
         ]
      },
      "9": {
         "type": 1,
         "values": [
            -0.3736085891723633,
            -0.35150735080242157
         ]
      },
      "10": {
         "type": 1,