{
   "found": true,
   "num_iterations": 515,
   "num_foil": 232,
   "_observation": [
      0.0,
      0.0,
      2.0,
      4.0,
      -0.25064555668183275,
      0.652754059922214,
      2.0,
      3.0,
      1.0,
      -0.6940765055578685,
      -0.35263009297023656,
      0.0,
      0.0,
      0.0
   ],
   "_idx": 373,
   "factual_class": 1,
   "feature_bounds_splits": {
      "0": {
         "type": 2,
         "values": [
            null,
            null
         ]
      },
      "1": {
         "type": 2,
         "values": [
            null,
            null
         ]
      },
      "2": {
         "type": 2,
         "values": [
            1.5,
            2.5
         ]
      },
      "3": {
         "type": 2,
         "values": [
            3.5,
            null
         ]
      },
      "4": {
         "type": 1,
         "values": [
            -0.3360302001237869,
            -0.19233410619199276
         ]
      },
      "5": {
         "type": 1,
         "values": [
            0.6706483364105225,
            0.9524829387664795
         ]
      },
      "6": {
         "type": 2,
         "values": [
            1.5,
            2.5
         ]
      },
      "7": {
         "type": 2,
         "values": [
            2.5,
            3.5
         ]
      },
      "8": {
         "type": 2,
         "values": [
            0.5,
            1.5
         ]
      },
      "9": {
         "type": 1,
         "values": [
            -0.6918663680553436,
            -0.685236006975174
         ]
      },
      "10": {
         "type": 1,
         "values": [
            -0.34158146381378174,
            -0.2973869740962982
         ]
      },
      "11": {
         "type": 2,
         "values": [
            null,
            null
         ]
      },
      "12": {
         "type": 2,
         "values": [
            null,
            0.5
         ]
      },
      "13": {
         "type": 2,
         "values": [
            null,
            null
         ]
      }
   },
   "splits": [
      [
         12,
         0.5,
         true
      ],
      [
         4,
         0.3241388201713562,
         true
      ],
      [
         5,
         -0.3180096596479416,
         false
      ],
      [
         4,
         0.2866528779268265,
         true
      ],
      [
         4,
         0.2845703288912773,
         true
      ],
      [
         4,
         0.21168100833892822,
         true
      ],
      [
         4,
         0.18669038265943527,
         true
      ],
      [
         4,
         0.14503934420645237,
         true
      ],
      [
         4,
         0.08672787994146347,
         true
      ],
      [
         4,
         0.0846453309059143,
         true
      ],
      [
         4,
         -0.004904410219751298,
         true
      ],
      [
         4,
         -0.006986960768699646,
         true
      ],
      [
         9,
         -0.6962866187095642,
         false
      ],
      [
         4,
         -0.013234619051218033,
         true
      ],
      [
         4,
         -0.6525781154632568,
         false
      ],
      [
         7,
         1.5,
         false
      ],
      [
         5,
         0.9524829387664795,
         true
      ],
      [
         9,
         -0.41339080035686493,
         true
      ],
      [
         10,
         -0.3636787086725235,
         false
      ],
      [
         9,
         -0.5725197196006775,
         true
      ],
      [
         10,
         -0.20899797976016998,
         true
      ],
      [
         5,
         0.044349140269332565,
         false
      ],
      [
         9,
         -0.6565044224262238,
         true
      ],
      [
         10,
         -0.28633834421634674,
         true
      ],
      [
         5,
         0.06671696901321411,
         false
      ],
      [
         9,
         -0.6587145030498505,
         true
      ],
      [
         9,
         -0.6786056458950043,
         true
      ],
      [
         4,
         -0.6525780856609344,
         false
      ],
      [
         4,
         -0.4339101314544678,
         false
      ],
      [
         4,
         -0.4276624843478203,
         false
      ],
      [
         8,
         1.5,
         true
      ],
      [
         4,
         -0.36935102194547653,
         false
      ],
      [
         4,
         -0.3651859164237976,
         false
      ],
      [
         4,
         -0.19233409315347672,
         true
      ],
      [
         7,
         3.5,
         true
      ],
      [
         6,
         3.5,
         true
      ],
      [
         5,
         0.5543356090784073,
         false
      ],
      [
         7,
         2.5,
         false
      ],
      [
         9,
         -0.6830258965492249,
         true
      ],
      [
         9,
         -0.6940765082836151,
         false
      ],
      [
         8,
         0.5,
         false
      ],
      [
         6,
         2.5,
         true
      ],
      [
         9,
         -0.6918663680553436,
         false
      ],
      [
         2,
         2.5,
         true
      ],
      [
         9,
         -0.685236006975174,
         true
      ],
      [
         2,
         1.5,
         false
      ],
      [
         6,
         1.5,
         false
      ],
      [
         3,
         3.5,
         false
      ],
      [
         5,
         0.6706483364105225,
         false
      ],
      [
         4,
         -0.35685572028160095,
         false
      ],
      [
         4,
         -0.19233410619199276,
         true
      ],
      [
         4,
         -0.3360302001237869,
         false
      ],
      [
         10,
         -0.34158146381378174,
         false
      ],
      [
         10,
         -0.2973869740962982,
         true
      ]
   ],
   "remaining_rules": [
      1267,
      2754,
      4906,
      6811,
      8414,
      10326,
      10739,
      12438,
      14532,
      16985
   ],
   "set_rules": [
      1267,
      2754,
      4906,
      6811,
      8414,
      10326,
      10739,
      12438,
      14532,
      16985
   ],
   "foil_estimated_class": [
      0
   ],
   "distance": 9.673444028801088e-05,
   "extraction_time": 0.23783588409423828,
   "feature_bounds": {
      "0": {
         "type": 2,
         "values": [
            null,
            0.5
         ]
      },
      "1": {
         "type": 2,
         "values": [
            null,
            0.5
         ]
      },
      "2": {
         "type": 2,
         "values": [
            1.5,
            2.5
         ]
      },
      "3": {
         "type": 2,
         "values": [
            3.5,
            null
         ]
      },
      "4": {
         "type": 1,
         "values": [
            -0.35685572028160095,
            -0.19233410619199276
         ]
      },
      "5": {
         "type": 1,
         "values": [
            0.6706483364105225,
            2.652437925338745
         ]
      },
      "6": {
         "type": 2,
         "values": [
            1.5,
            2.5
         ]
      },
      "7": {
         "type": 2,
         "values": [
            2.5,
            3.5
         ]
      },
      "8": {
         "type": 2,
         "values": [
            0.5,
            1.5
         ]
      },
      "9": {
         "type": 1,
         "values": [
            -0.6918663680553436,
            -0.685236006975174
         ]
      },
      "10": {
         "type": 1,
         "values": [
            -0.34158146381378174,
            -0.2973869740962982
         ]
      },
      "11": {
         "type": 2,
         "values": [
            null,
            0.5
         ]
      },
      "12": {
         "type": 2,
         "values": [
            null,
            1.5
         ]
      },
      "13": {
         "type": 2,
         "values": [
            null,
            0.5
         ]
      }
   },
   "feature_bounds_compact": {
      "0": {
         "type": 2,