{
   "factual_sample": {
      "Temperature": 1.416695264813009,
      "Humidity": 2.2722447392228715,
      "Light": 1.0328124282371256,
      "CO2": 2.2543852012410657,
      "HumidityRatio": 2.1492678510589145,
      "y": false
   },
   "counterfactual_sample": {
      "Temperature": 1.416695264813009,
      "Humidity": 2.2716293131514385,
      "Light": 0.4437987211276777,
      "CO2": 2.2537697751696326,
      "HumidityRatio": 2.1492678510589145,
      "y": true
   },
   "counterfactual_found": true,
   "counterfactual_plausible": true,
   "counterfactual_distance": 0.017432329035910073,
   "counterfactual_time": 1.353058099746704,
   "counterfactual_class": 1,
   "factual_class": 0,
   "valid_": true
}