{
   "factual_sample": {
      "Temperature": -0.8437276006963169,
      "Humidity": -1.3218778433536862,
      "Light": -0.7724036570242273,
      "CO2": -0.938304816067598,
      "HumidityRatio": -1.177291139274098,
      "y": true
   },
   "counterfactual_sample": {
      "Temperature": -0.8550783693790436,
      "Humidity": -1.3220788485970394,
      "Light": -0.036518480874009884,
      "CO2": -0.8372928018340547,
      "HumidityRatio": -1.177492144517451,
      "y": true
   },
   "counterfactual_found": true,
   "counterfactual_plausible": true,
   "counterfactual_distance": 0.02833460742948877,
   "counterfactual_time": 1.4118006229400635,
   "counterfactual_class": 1,
   "factual_class": 1,
   "valid_": false
}