{
   "factual_sample": {
      "Temperature": 0.6318712569890675,
      "Humidity": 1.2331369731524795,
      "Light": 1.3608639488979954,
      "CO2": 1.6719596247283333,
      "HumidityRatio": 1.0401104616352506,
      "y": false
   },
   "counterfactual_sample": {
      "Temperature": 0.73571360989129,
      "Humidity": 1.2744163958600705,
      "Light": 1.367685386376733,
      "CO2": 1.671895660165565,
      "HumidityRatio": 0.90059494972229,
      "y": true
   },
   "counterfactual_found": true,
   "counterfactual_plausible": true,
   "counterfactual_distance": 0.015634679149527066,
   "counterfactual_time": 5.204326152801514,
   "counterfactual_class": 1,
   "factual_class": 0,
   "valid_": true
}