{
   "factual_sample": {
      "Temperature": -0.4756386548781096,
      "Humidity": 0.17897958835034994,
      "Light": -0.7724036570242273,
      "CO2": -0.4541842019116877,
      "HumidityRatio": -0.12645811132402446,
      "y": true
   },
   "counterfactual_sample": {
      "Temperature": -0.4756386548781096,
      "Humidity": 0.17897958835034994,
      "Light": -0.035535189344476796,
      "CO2": -0.46144601702690125,
      "HumidityRatio": -0.12645811132402446,
      "y": true
   },
   "counterfactual_found": true,
   "counterfactual_plausible": true,
   "counterfactual_distance": 0.022157963574157023,
   "counterfactual_time": 1.008664608001709,
   "counterfactual_class": 0,
   "factual_class": 1,
   "valid_": true
}