{
   "found": true,
   "num_iterations": 284,
   "num_foil": 110,
   "_observation": [
      2.0,
      0.5913454864669286,
      0.7267984400984913,
      0.011563294395590387,
      0.17081921763743452,
      0.22588685943642786,
      0.01739390987083355,
      0.3604467298336527
   ],
   "_idx": 303,
   "factual_class": 0,
   "feature_bounds_splits": {
      "0": {
         "type": 2,
         "values": [
            null,
            null
         ]
      },
      "1": {
         "type": 1,
         "values": [
            0.5288863480091095,
            0.8203622698783875
         ]
      },
      "2": {
         "type": 1,
         "values": [
            0.6512149274349213,
            0.7016039192676544
         ]
      },
      "3": {
         "type": 1,
         "values": [
            -0.04821378691121936,
            0.071340371388942
         ]
      },
      "4": {
         "type": 1,
         "values": [
            0.14838536083698273,
            0.17897698283195496
         ]
      },
      "5": {
         "type": 1,
         "values": [
            0.21236947178840637,
            0.23151910305023193
         ]
      },
      "6": {
         "type": 1,
         "values": [
            0.02423690538853407,
            0.02879890357144177
         ]
      },
      "7": {
         "type": 1,
         "values": [
            0.37301982939243317,
            0.3855929374694824
         ]
      }
   },
   "splits": [
      [
         7,
         0.7933206856250763,
         true
      ],
      [
         7,
         0.7448244690895081,
         true
      ],
      [
         7,
         0.7071051299571991,
         true
      ],
      [
         7,
         0.6999205052852631,
         true
      ],
      [
         7,
         0.5795779824256897,
         true
      ],
      [
         7,
         0.5472471415996552,
         true
      ],
      [
         7,
         0.5185085982084274,
         true
      ],
      [
         7,
         0.5131201446056366,
         true
      ],
      [
         7,
         0.43768149614334106,
         true
      ],
      [
         7,
         0.425108402967453,
         true
      ],
      [
         7,
         0.4215160757303238,
         true
      ],
      [
         5,
         -0.0861395001411438,
         false
      ],
      [
         5,
         -0.053472479805350304,
         false
      ],
      [
         5,
         -0.04784023575484753,
         false
      ],
      [
         5,
         -0.041081542149186134,
         false
      ],
      [
         7,
         0.4071468263864517,
         true
      ],
      [
         5,
         0.04790792614221573,
         false
      ],
      [
         7,
         0.3855929374694824,
         true
      ],
      [
         5,
         0.05016082338988781,
         false
      ],
      [
         5,
         0.07156335189938545,
         false
      ],
      [
         3,
         1.6255444884300232,
         true
      ],
      [
         3,
         -0.5862075090408325,
         false
      ],
      [
         3,
         -0.5264304280281067,
         false
      ],
      [
         5,
         0.07606915198266506,
         false
      ],
      [
         5,
         0.08508074283599854,
         false
      ],
      [
         5,
         0.09859812632203102,
         false
      ],
      [
         3,
         1.2071049213409424,
         true
      ],
      [
         3,
         1.1473278403282166,
         true
      ],
      [
         3,
         1.027773678302765,
         true
      ],
      [
         5,
         0.10085102543234825,
         false
      ],
      [
         2,
         0.39926987886428833,
         false
      ],
      [
         5,
         0.10197747685015202,
         false
      ],
      [
         4,
         0.33907315135002136,
         true
      ],
      [
         4,
         0.3385632783174515,
         true
      ],
      [
         7,
         0.3388928472995758,
         false
      ],
      [
         3,
         -0.10799086093902588,
         false
      ],
      [
         6,
         0.36866767704486847,
         true
      ],
      [
         6,
         0.316204696893692,
         true
      ],
      [
         3,
         -0.04821378691121936,
         false
      ],
      [
         5,
         0.1335180476307869,
         false
      ],
      [
         4,
         0.3105209618806839,
         true
      ],
      [
         5,
         0.21236947178840637,
         false
      ],
      [
         6,
         0.297956719994545,
         true
      ],
      [
         6,
         0.2614607438445091,
         true
      ],
      [
         6,
         0.26146073639392853,
         true
      ],
      [
         4,
         0.30848151445388794,
         true
      ],
      [
         5,
         0.23151910305023193,
         true
      ],
      [
         6,
         -0.025945061817765236,
         false
      ],
      [
         4,
         0.29063641279935837,
         true
      ],
      [
         3,
         0.071340371388942,
         true
      ],
      [
         1,
         0.34150898456573486,
         false
      ],
      [
         1,
         0.3623286932706833,
         false
      ],
      [
         4,
         0.2891068160533905,
         true
      ],
      [
         6,
         -0.0076970725785940886,
         false
      ],
      [
         4,
         0.14838536083698273,
         false
      ],
      [
         1,
         0.4664272516965866,
         false
      ],
      [
         7,
         0.34966978430747986,
         false
      ],
      [
         4,
         0.17897698283195496,
         true
      ],
      [
         1,
         0.5080666542053223,
         false
      ],
      [
         1,
         0.5288863480091095,
         false
      ],
      [
         1,
         0.8203622698783875,
         true
      ],
      [
         7,
         0.37301982939243317,
         false
      ],
      [
         2,
         0.8023819625377655,
         true
      ],
      [
         2,
         0.7016039192676544,
         true
      ],
      [
         6,
         0.017393910326063633,
         false
      ],
      [
         6,
         0.02879890357144177,
         true
      ],
      [
         6,
         0.02423690538853407,
         false
      ],
      [
         2,
         0.6512149274349213,
         false
      ]
   ],
   "remaining_rules": [
      403,
      1027,
      1465,
      2101,
      2756,
      3324,
      3851,
      4437,
      5106,
      5660
   ],
   "set_rules": [
      403,
      1027,
      1465,
      2101,
      2756,
      3324,
      3851,
      4437,
      5106,
      5660
   ],
   "foil_estimated_class": [
      1
   ],
   "distance": 0.0008694449799231828,
   "extraction_time": 0.1440258026123047,
   "feature_bounds": {
      "0": {
         "type": 2,
         "values": [
            1.5,
            null
         ]
      },
      "1": {
         "type": 1,
         "values": [
            0.5288863480091095,
            0.7787228524684906
         ]
      },
      "2": {
         "type": 1,
         "values": [
            0.6512149274349213,
            0.7016039192676544
         ]
      },
      "3": {
         "type": 1,
         "values": [
            -0.04821378691121936,
            0.071340371388942
         ]
      },
      "4": {
         "type": 1,
         "values": [
            0.11575429886579514,
            0.22741372138261795
         ]
      },
      "5": {
         "type": 1,
         "values": [
            0.1999785304069519,
            0.23151910305023193
         ]
      },
      "6": {
         "type": 1,
         "values": [
            0.02423690538853407,
            0.08810486271977425
         ]
      },
      "7": {
         "type": 1,
         "values": [
            0.37301982939243317,
            0.38738909363746643
         ]
      }
   },