{
   "found": true,
   "num_iterations": 438,
   "num_foil": 165,
   "_observation": [
      1.0,
      -0.3247216432261261,
      -0.5329268139727642,
      -0.2275450258538067,
      -0.5052556461759388,
      -0.5153165504967888,
      -0.4433677700599496,
      -0.508893542848584
   ],
   "_idx": 65,
   "factual_class": 1,
   "feature_bounds_splits": {
      "0": {
         "type": 2,
         "values": [
            null,
            null
         ]
      },
      "1": {
         "type": 1,
         "values": [
            null,
            -0.2622625157237053
         ]
      },
      "2": {
         "type": 1,
         "values": [
            null,
            -0.4069542735815048
         ]
      },
      "3": {
         "type": 1,
         "values": [
            -0.167767945677042,
            0.19089453667402267
         ]
      },
      "4": {
         "type": 1,
         "values": [
            -0.5067852437496185,
            -0.5021964758634567
         ]
      },
      "5": {
         "type": 1,
         "values": [
            -0.6538697481155396,
            -0.5119372010231018
         ]
      },
      "6": {
         "type": 1,
         "values": [
            -0.4547727555036545,
            -0.14911897480487823
         ]
      },
      "7": {
         "type": 1,
         "values": [
            -0.5106897056102753,
            -0.4945242702960968
         ]
      }
   },
   "splits": [
      [
         7,
         -0.7962787747383118,
         false
      ],
      [
         7,
         -0.6903054714202881,
         false
      ],
      [
         7,
         -0.6849169731140137,
         false
      ],
      [
         7,
         -0.674140065908432,
         false
      ],
      [
         7,
         -0.6687515676021576,
         false
      ],
      [
         7,
         -0.6615669429302216,
         false
      ],
      [
         4,
         -0.7285744845867157,
         false
      ],
      [
         4,
         -0.7250054478645325,
         false
      ],
      [
         7,
         -0.17840054631233215,
         true
      ],
      [
         5,
         -0.25172749906778336,
         true
      ],
      [
         7,
         -0.625643789768219,
         false
      ],
      [
         7,
         -0.6220514476299286,
         false
      ],
      [
         7,
         -0.6148668527603149,
         false
      ],
      [
         5,
         -0.27200357615947723,
         true
      ],
      [
         7,
         -0.6130706667900085,
         false
      ],
      [
         7,
         -0.18558517843484879,
         true
      ],
      [
         5,
         -0.3148086369037628,
         true
      ],
      [
         5,
         -0.33057892322540283,
         true
      ],
      [
         5,
         -0.3429698646068573,
         true
      ],
      [
         5,
         -0.3666252940893173,
         true
      ],
      [
         7,
         -0.19995444267988205,
         true
      ],
      [
         3,
         -1.0046470761299133,
         false
      ],
      [
         5,
         -0.7879171967506409,
         false
      ],
      [
         6,
         -0.6463766098022461,
         false
      ],
      [
         4,
         -0.715828001499176,
         false
      ],
      [
         4,
         -0.6837067604064941,
         false
      ],
      [
         4,
         -0.6617827713489532,
         false
      ],
      [
         4,
         -0.6255826950073242,
         false
      ],
      [
         4,
         -0.6240531206130981,
         false
      ],
      [
         4,
         -0.6220136880874634,
         false
      ],
      [
         5,
         -0.706812858581543,
         false
      ],
      [
         7,
         -0.6112745106220245,
         false
      ],
      [
         5,
         -0.6797780990600586,
         false
      ],
      [
         5,
         -0.6786516606807709,
         false
      ],
      [
         7,
         -0.6094783544540405,
         false
      ],
      [
         7,
         -0.5484090149402618,
         false
      ],
      [
         7,
         -0.5466128587722778,
         false
      ],
      [
         7,
         -0.5286512672901154,
         false
      ],
      [
         7,
         -0.5232627987861633,
         false
      ],
      [
         5,
         -0.676398754119873,
         false
      ],
      [
         5,
         -0.669640064239502,
         false
      ],
      [
         5,
         -0.6685136258602142,
         false
      ],
      [
         6,
         -0.13087098300457,
         true
      ],
      [
         6,
         -0.14911897480487823,
         true
      ],
      [
         7,
         -0.5124858617782593,
         false
      ],
      [
         7,
         -0.5106897056102753,
         false
      ],
      [
         5,
         -0.6572491228580475,
         false
      ],
      [
         6,
         -0.6235666275024414,
         false
      ],
      [
         5,
         -0.6538697481155396,
         false
      ],
      [
         7,
         -0.4945242702960968,
         true
      ],
      [
         4,
         -0.6204840838909149,
         false
      ],
      [
         4,
         -0.5853037238121033,
         false
      ],
      [
         4,
         -0.576126217842102,
         false
      ],
      [
         4,
         -0.5756163895130157,
         false
      ],
      [
         4,
         -0.5633797347545624,
         false
      ],
      [
         3,
         -0.8850929141044617,
         false
      ],
      [
         4,
         -0.5572614073753357,
         false
      ],
      [
         5,
         -0.3733839839696884,
         true
      ],
      [
         6,
         -0.609880656003952,
         false
      ],
      [
         5,
         -0.37451042234897614,
         true
      ],
      [
         4,
         -0.5261599123477936,
         false
      ],
      [
         3,
         -0.40687626600265503,
         false
      ],
      [
         5,
         -0.37676332890987396,
         true
      ],
      [
         6,
         -0.5346077084541321,
         false
      ],
      [
         5,
         -0.3790162354707718,
         true
      ],
      [
         1,
         -0.07488515228033066,
         true
      ],
      [
         4,
         -0.5251401960849762,
         false
      ],
      [
         1,
         -0.11652456782758236,
         true
      ],
      [
         1,
         -0.13734427466988564,
         true
      ],
      [
         4,
         -0.5113739520311356,
         false
      ],
      [
         3,
         0.19089453667402267,
         true
      ],
      [
         5,
         -0.4297064244747162,
         true
      ],
      [
         4,
         -0.4226582646369934,
         true
      ],
      [
         2,
         -0.4069542735815048,
         true
      ],
      [
         3,
         -0.22754502668976784,
         false
      ],
      [
         1,
         -0.2414428135380149,
         true
      ],
      [
         1,
         -0.2622625157237053,
         true
      ],
      [
         5,
         -0.4308328777551651,
         true
      ],
      [
         3,
         -0.167767945677042,
         false
      ],
      [
         5,
         -0.5119372010231018,
         true
      ],
      [
         6,
         -0.4547727555036545,
         false
      ],
      [
         4,
         -0.4986274689435959,
         true
      ],
      [
         4,
         -0.5067852437496185,
         false
      ],
      [
         4,
         -0.5021964758634567,
         true
      ]
   ],
   "remaining_rules": [
      188,
      806,
      1347,
      1948,
      2558,
      3136,
      3693,
      4324,
      4894,
      5493
   ],
   "set_rules": [
      188,
      806,
      1347,
      1948,
      2558,
      3136,
      3693,
      4324,
      4894,
      5493
   ],
   "foil_estimated_class": [
      0
   ],
   "distance": 0.00027677998974103707,