{
   "found": true,
   "num_iterations": 35310,
   "num_foil": 17628,
   "_observation": [
      2.0,
      0.8828213913692646,
      1.1802995315641436,
      1.326659055767273,
      0.988635267076839,
      0.6043737070619003,
      0.6925694408585159,
      1.6249416719169067
   ],
   "_idx": 275,
   "factual_class": 0,
   "feature_bounds_splits": {
      "0": {
         "type": 2,
         "values": [
            null,
            null
         ]
      },
      "1": {
         "type": 1,
         "values": [
            null,
            0.8620016872882843
         ]
      },
      "2": {
         "type": 1,
         "values": [
            null,
            null
         ]
      },
      "3": {
         "type": 1,
         "values": [
            1.2668820023536682,
            1.326659083366394
         ]
      },
      "4": {
         "type": 1,
         "values": [
            0.980477511882782,
            1.0248353481292725
         ]
      },
      "5": {
         "type": 1,
         "values": [
            0.68885737657547,
            null
         ]
      },
      "6": {
         "type": 1,
         "values": [
            0.7609994113445282,
            null
         ]
      },
      "7": {
         "type": 1,
         "values": [
            null,
            1.2208062410354614
         ]
      }
   },
   "splits": [
      [
         7,
         1.750672698020935,
         true
      ],
      [
         7,
         1.739895761013031,
         true
      ],
      [
         5,
         -0.23483075574040413,
         false
      ],
      [
         5,
         -0.22694562375545502,
         false
      ],
      [
         7,
         1.6285340189933777,
         true
      ],
      [
         7,
         1.6195532083511353,
         true
      ],
      [
         6,
         0.27970872074365616,
         false
      ],
      [
         6,
         0.3367336839437485,
         false
      ],
      [
         3,
         1.6255444884300232,
         true
      ],
      [
         6,
         0.4986845850944519,
         false
      ],
      [
         4,
         1.110491931438446,
         true
      ],
      [
         6,
         0.5100895762443542,
         false
      ],
      [
         6,
         0.5214945673942566,
         false
      ],
      [
         4,
         1.0844890475273132,
         true
      ],
      [
         4,
         1.081939697265625,
         true
      ],
      [
         6,
         0.5990484952926636,
         false
      ],
      [
         6,
         0.6309824883937836,
         false
      ],
      [
         6,
         0.7085364460945129,
         false
      ],
      [
         7,
         1.4561029076576233,
         true
      ],
      [
         7,
         1.4489182233810425,
         true
      ],
      [
         7,
         1.425568163394928,
         true
      ],
      [
         7,
         1.4165873527526855,
         true
      ],
      [
         7,
         1.3609065413475037,
         true
      ],
      [
         4,
         1.0773509740829468,
         true
      ],
      [
         4,
         1.0278944969177246,
         true
      ],
      [
         4,
         1.0248353481292725,
         true
      ],
      [
         7,
         1.3555180430412292,
         true
      ],
      [
         7,
         1.3465372323989868,
         true
      ],
      [
         7,
         1.3321679830551147,
         true
      ],
      [
         7,
         1.3303717970848083,
         true
      ],
      [
         7,
         1.2710986137390137,
         true
      ],
      [
         7,
         1.2243985533714294,
         true
      ],
      [
         7,
         1.2208062410354614,
         true
      ],
      [
         1,
         1.028559386730194,
         true
      ],
      [
         5,
         0.5773389339447021,
         false
      ],
      [
         5,
         0.6606961637735367,
         false
      ],
      [
         6,
         0.7222224175930023,
         false
      ],
      [
         4,
         0.9407083988189697,
         false
      ],
      [
         4,
         0.9713000059127808,
         false
      ],
      [
         6,
         0.745032399892807,
         false
      ],
      [
         4,
         0.9748690128326416,
         false
      ],
      [
         1,
         0.9244607985019684,
         true
      ],
      [
         1,
         0.9036411046981812,
         true
      ],
      [
         6,
         0.7564373910427094,
         false
      ],
      [
         4,
         0.980477511882782,
         false
      ],
      [
         6,
         0.7609994113445282,
         false
      ],
      [
         5,
         0.68885737657547,
         false
      ],
      [
         1,
         0.8620016872882843,
         true
      ],
      [
         3,
         1.326659083366394,
         true
      ],
      [
         3,
         1.2668820023536682,
         false
      ]
   ],
   "remaining_rules": [
      582,
      1120,
      1719,
      2334,
      2951,
      3491,
      3510,
      4101,
      4685,
      5223,
      5808
   ],
   "set_rules": [
      582,
      1120,
      1719,
      2334,
      2951,
      3510,
      4101,
      4685,
      5223,
      5808
   ],
   "foil_estimated_class": [
      1
   ],
   "distance": 0.010243264078120581,
   "extraction_time": 0.9308896064758301,
   "feature_bounds": {
      "0": {
         "type": 2,
         "values": [
            0.5,
            null
         ]
      },
      "1": {
         "type": 1,
         "values": [
            0.6954440176486969,
            0.8620016872882843
         ]
      },
      "2": {
         "type": 1,
         "values": [
            1.1047160029411316,
            1.4574390649795532
         ]
      },
      "3": {
         "type": 1,
         "values": [
            1.2668820023536682,
            1.3864361643791199
         ]
      },
      "4": {
         "type": 1,
         "values": [
            0.980477511882782,
            1.0080099701881409
         ]
      },
      "5": {
         "type": 1,
         "values": [
            0.68885737657547,
            0.7913642227649689
         ]
      },
      "6": {
         "type": 1,
         "values": [
            0.7609994113445282,
            1.1054301857948303
         ]
      },
      "7": {
         "type": 1,
         "values": [
            1.215417742729187,
            1.2208062410354614
         ]
      }
   },
   "feature_bounds_compact": {
      "0": {
         "type": 2,
         "values": [
            0.5,
            null
         ]
      },
      "1": {
         "type": 1,
         "values": [
            0.6954440176486969,
            0.8620016872882843
         ]
      },
      "2": {
         "type": 1,
         "values": [
            1.1047160029411316,
            1.4574390649795532
         ]
      },
      "3": {
         "type": 1,
         "values": [
            1.2668820023536682,
            1.6255444884300232
         ]
      },
      "4": {
         "type": 1,
         "values": [
            0.980477511882782,
            1.0080099701881409
         ]
      },
      "5": {
         "type": 1,
         "values": [
            0.68885737657547,
            0.7913642227649689
         ]
      },
      "6": {
         "type": 1,
         "values": [
            0.7609994113445282,
            1.1054301857948303
         ]
      },
      "7": {
         "type": 1,
         "values": [
            1.215417742729187,
            1.2208062410354614
         ]
      }
   },
   "feature_bounds_compact_count": {
      "0": {
         "type": 2,
         "values": [
            0.5,
            null
         ]
      },
      "1": {
         "type": 1,
         "values": [
            0.6954440176486969,
            0.8620016872882843
         ]
      },
      "2": {
         "type": 1,