{
   "found": true,
   "num_iterations": 141,
   "num_foil": 40,
   "_observation": [
      1.0,
      -0.4496398881842701,
      -0.3817597834842135,
      0.011563294395590387,
      -0.6735095715593573,
      -0.6752723015766015,
      -0.5300457098489089,
      -0.6741400409617366
   ],
   "_idx": 58,
   "factual_class": 0,
   "feature_bounds_splits": {
      "0": {
         "type": 2,
         "values": [
            null,
            null
         ]
      },
      "1": {
         "type": 1,
         "values": [
            null,
            -0.2622625157237053
         ]
      },
      "2": {
         "type": 1,
         "values": [
            null,
            -0.10462022572755814
         ]
      },
      "3": {
         "type": 1,
         "values": [
            -0.40687626600265503,
            null
         ]
      },
      "4": {
         "type": 1,
         "values": [
            null,
            null
         ]
      },
      "5": {
         "type": 1,
         "values": [
            null,
            -0.676398754119873
         ]
      },
      "6": {
         "type": 1,
         "values": [
            null,
            null
         ]
      },
      "7": {
         "type": 1,
         "values": [
            -0.6831208169460297,
            -0.6651592552661896
         ]
      }
   },
   "splits": [
      [
         3,
         -1.0046470761299133,
         false
      ],
      [
         5,
         -0.33057892322540283,
         true
      ],
      [
         5,
         -0.37451042234897614,
         true
      ],
      [
         7,
         -0.7855018377304077,
         false
      ],
      [
         7,
         -0.7675402164459229,
         false
      ],
      [
         7,
         -0.7657440900802612,
         false
      ],
      [
         7,
         -0.7459863722324371,
         false
      ],
      [
         7,
         -0.7405978739261627,
         false
      ],
      [
         7,
         -0.6903054714202881,
         false
      ],
      [
         7,
         -0.6849169731140137,
         false
      ],
      [
         2,
         -0.10462022386491299,
         true
      ],
      [
         7,
         -0.6831208169460297,
         false
      ],
      [
         2,
         -0.10462022572755814,
         true
      ],
      [
         7,
         -0.6651592552661896,
         true
      ],
      [
         3,
         -0.8850929141044617,
         false
      ],
      [
         5,
         -0.4972933530807495,
         true
      ],
      [
         3,
         -0.46665334701538086,
         false
      ],
      [
         3,
         -0.40687626600265503,
         false
      ],
      [
         1,
         -0.22062309831380844,
         true
      ],
      [
         1,
         -0.22062310576438904,
         true
      ],
      [
         5,
         -0.501799151301384,
         true
      ],
      [
         1,
         -0.2622625157237053,
         true
      ],
      [
         5,
         -0.5119372010231018,
         true
      ],
      [
         5,
         -0.5457306802272797,
         true
      ],
      [
         5,
         -0.5524893701076508,
         true
      ],
      [
         5,
         -0.6088117957115173,
         true
      ],
      [
         5,
         -0.6144440472126007,
         true
      ],
      [
         5,
         -0.6426053047180176,
         true
      ],
      [
         5,
         -0.6538697481155396,
         true
      ],
      [
         5,
         -0.6561226844787598,
         true
      ],
      [
         5,
         -0.676398754119873,
         true
      ]
   ],
   "remaining_rules": [
      180,
      800,
      1345,
      1922,
      1930,
      2499,
      3128,
      3672,
      4265,
      4870,
      5486
   ],
   "set_rules": [
      180,
      800,
      1345,
      1930,
      2499,
      3128,
      3672,
      4265,
      4870,
      5486
   ],
   "foil_estimated_class": [
      1
   ],
   "distance": 2.1948353739553563e-05,
   "extraction_time": 0.07346010208129883,
   "feature_bounds": {
      "0": {
         "type": 2,
         "values": [
            0.5,
            1.5
         ]
      },
      "1": {
         "type": 1,
         "values": [
            -0.47045959532260895,
            -0.4288201779127121
         ]
      },
      "2": {
         "type": 1,
         "values": [
            -0.5077323019504547,
            -0.10462022572755814
         ]
      },
      "3": {
         "type": 1,
         "values": [
            -0.04821378691121936,
            0.071340371388942
         ]
      },
      "4": {
         "type": 1,
         "values": [
            -0.6837067604064941,
            -0.6204840838909149
         ]
      },
      "5": {
         "type": 1,
         "values": [
            -0.6786516606807709,
            -0.676398754119873
         ]
      },
      "6": {
         "type": 1,
         "values": [
            -0.6235666275024414,
            -0.4547727555036545
         ]
      },
      "7": {
         "type": 1,
         "values": [
            -0.6831208169460297,
            -0.6220514476299286
         ]
      }
   },
   "feature_bounds_compact": {
      "0": {
         "type": 2,
         "values": [
            0.5,
            1.5
         ]
      },
      "1": {
         "type": 1,
         "values": [
            -0.47045959532260895,
            -0.4288201779127121
         ]
      },
      "2": {
         "type": 1,
         "values": [
            -0.5077323019504547,
            -0.10462022572755814
         ]
      },
      "3": {
         "type": 1,
         "values": [
            -0.04821378691121936,
            0.071340371388942
         ]
      },
      "4": {
         "type": 1,
         "values": [
            -0.6837067604064941,
            -0.6204840838909149
         ]
      },
      "5": {
         "type": 1,
         "values": [
            -0.6786516606807709,
            -0.676398754119873
         ]
      },
      "6": {
         "type": 1,
         "values": [
            -0.6235666275024414,
            -0.4547727555036545
         ]
      },
      "7": {
         "type": 1,
         "values": [
            -0.6831208169460297,
            -0.6220514476299286
         ]
      }
   },
   "feature_bounds_compact_count": {
      "0": {
         "type": 2,
         "values": [
            0.5,
            1.5
         ]
      },
      "1": {
         "type": 1,
         "values": [
            -0.47045959532260895,
            -0.4288201779127121
         ]
      },
      "2": {
         "type": 1,
         "values": [
            -0.5077323019504547,
            -0.10462022572755814
         ]
      },
      "3": {
         "type": 1,
         "values": [
            -0.04821378691121936,
            0.071340371388942
         ]
      },
      "4": {
         "type": 1,
         "values": [
            -0.6837067604064941,
            -0.6204840838909149
         ]
      },
      "5": {
         "type": 1,
         "values": [
            -0.6786516606807709,
            -0.676398754119873
         ]
      },
      "6": {
         "type": 1,
         "values": [
            -0.6235666275024414,
            -0.4547727555036545
         ]
      },
      "7": {
         "type": 1,
         "values": [
            -0.6831208169460297,
            -0.6220514476299286
         ]
      }
   },
   "counterfactual_sample": [
      1.0,
      -0.4496398881842701,
      -0.3817597834842135,
      0.011563294395590387,
      -0.6735095715593573,
      -0.6736516606807709,
      -0.5300457098489089,
      -0.6741400409617366
   ],
   "counterfactual_distance": 2.1015534397835148e-05,
   "counterfactual_class": 0,
   "valid_": false
}