{
   "counterfactual_sample": {
      "y": 0, 
      "skewness_wti": -0.012690351908007805, 
      "variance_wti": 0.013631, 
      "entropy": 0.7713789241519405, 
      "curtosis_wty": 0.4038271793067852
   }, 
   "factual_class": 0, 
   "factual_sample": {
      "y": 0, 
      "entropy": 0.7713789241519405, 
      "variance_wti": 0.5565506728635073, 
      "skewness_wti": -0.012690351908007805, 
      "curtosis_wty": 0.4038271793067852
   }, 
   "counterfactual_distance": 0.027814961712787464, 
   "counterfactual_class": 0, 
   "counterfactual_rule": {
      "variance_wti": "<=0.013631", 
      "skewness_wti": "<=0.132756"
   }, 
   "counterfactual_time": 17.68013882637024, 
   "counterfactual_found": false
}