{
   "factual_sample": {
      "sex": 2.0,
      "length": 0.4247878265227367,
      "diameter": 0.37407536895854,
      "height": 0.7288882551437809,
      "whole_weight": 0.3951577848153261,
      "shucked_weight": 0.8544453742430157,
      "viscera_weight": 0.3367336880406833,
      "shell_weight": -0.07781572168383842,
      "y": 1
   },
   "counterfactual_sample": {
      "sex": 2.0,
      "length": 0.4247878265227367,
      "diameter": 0.3236863587956897,
      "height": 1.087550735517876,
      "whole_weight": 0.4002563886148235,
      "shucked_weight": 0.6674548483328121,
      "viscera_weight": 0.4006016436746533,
      "shell_weight": 0.06946920054744958,
      "y": 0
   },
   "counterfactual_found": true,
   "counterfactual_plausible": true,
   "counterfactual_distance": 0.010014594289300087,
   "counterfactual_time": 0.7917420864105225,
   "counterfactual_class": 0,
   "factual_class": 1,
   "valid_": true
}