{
   "factual_sample": {
      "sex": 1.0,
      "length": -1.6155435077936124,
      "diameter": -1.7926520680440194,
      "height": -1.3035324669760926,
      "whole_weight": -1.344485831573233,
      "shucked_weight": -1.263278654137603,
      "viscera_weight": -1.4105110982314946,
      "shell_weight": -1.3530876092962107,
      "y": 1
   },
   "counterfactual_sample": {
      "sex": 1.0,
      "length": -1.6988223377657083,
      "diameter": -1.641485037555469,
      "height": -1.4230866271007911,
      "whole_weight": -1.3669196882910222,
      "shucked_weight": -1.333118489116113,
      "viscera_weight": -1.3512051394285225,
      "shell_weight": -1.3566799244725836,
      "y": 0
   },
   "counterfactual_found": true,
   "counterfactual_plausible": true,
   "counterfactual_distance": 0.008315555020515494,
   "counterfactual_time": 0.7861247062683105,
   "counterfactual_class": 0,
   "factual_class": 1,
   "valid_": true
}