{
   "factual_sample": {
      "sex": 1.0,
      "length": -0.07488515330983822,
      "diameter": -0.1802037428328124,
      "height": -0.3470991859785052,
      "whole_weight": -0.5266697821338283,
      "shucked_weight": -0.5468571211322447,
      "viscera_weight": -0.493549735200926,
      "shell_weight": -0.38675482685190615,
      "y": 1
   },
   "counterfactual_sample": {
      "sex": 1.0,
      "length": -0.033245738323790235,
      "diameter": -0.07942572250711186,
      "height": -0.2275450258538067,
      "whole_weight": -0.5021964838962399,
      "shucked_weight": -0.5693861001575704,
      "viscera_weight": -0.4023097985809688,
      "shell_weight": -0.42267797861563505,
      "y": 0
   },
   "counterfactual_found": true,
   "counterfactual_plausible": true,
   "counterfactual_distance": 0.006718736905169942,
   "counterfactual_time": 0.7855467796325684,
   "counterfactual_class": 0,
   "factual_class": 1,
   "valid_": true
}