{
   "factual_sample": {
      "sex": 2.0,
      "length": 0.6746243164390247,
      "diameter": 0.676409429935641,
      "height": 0.2506716146449868,
      "whole_weight": 0.6551865785897002,
      "shucked_weight": 0.9715960651747096,
      "viscera_weight": 0.4690315961396209,
      "shell_weight": 0.4179237726556188,
      "y": 0
   },
   "counterfactual_sample": {
      "sex": 2.0,
      "length": 0.6746243164390247,
      "diameter": 0.676409429935641,
      "height": 0.3702257747696853,
      "whole_weight": 0.6776204353074896,
      "shucked_weight": 0.9580786777595146,
      "viscera_weight": 0.5922055105765631,
      "shell_weight": 0.2598619048952124,
      "y": 1
   },
   "counterfactual_found": true,
   "counterfactual_plausible": true,
   "counterfactual_distance": 0.0062545322476941145,
   "counterfactual_time": 0.7595648765563965,
   "counterfactual_class": 1,
   "factual_class": 0,
   "valid_": true
}