{
   "factual_sample": {
      "sex": 1.0,
      "length": 0.7579031464111207,
      "diameter": 0.8275764604241918,
      "height": 0.3702257747696853,
      "whole_weight": 0.3258167731421597,
      "shucked_weight": 0.2484158384617536,
      "viscera_weight": 0.13144383064578,
      "shell_weight": 0.7627860295874151,
      "y": 0
   },
   "counterfactual_sample": {
      "sex": 1.0,
      "length": 0.7162637314250726,
      "diameter": 0.575631409609941,
      "height": 0.2506716146449868,
      "whole_weight": 0.2687124105877873,
      "shucked_weight": 0.40611869163903386,
      "viscera_weight": -0.0738460267491236,
      "shell_weight": 0.3388928387754158,
      "y": 1
   },
   "counterfactual_found": true,
   "counterfactual_plausible": true,
   "counterfactual_distance": 0.02188392612914883,
   "counterfactual_time": 0.7496337890625,
   "counterfactual_class": 1,
   "factual_class": 0,
   "valid_": true
}