{
   "factual_sample": {
      "Temperature": 1.8058641943124658,
      "Humidity": 0.2562799027453037,
      "Light": 0.01574611743111064,
      "CO2": 0.9520437937952996,
      "HumidityRatio": 0.9298115979028212,
      "y": 1
   },
   "counterfactual_sample": {
      "Temperature": 1.718301185175088,
      "Humidity": 0.2651728592686306,
      "Light": 1.832554600051316,
      "CO2": 0.9546067852820076,
      "HumidityRatio": 0.8949853843292042,
      "y": 0
   },
   "counterfactual_found": true,
   "counterfactual_plausible": true,
   "counterfactual_distance": 0.06050038395379558,
   "counterfactual_time": 0.33869290351867676,
   "counterfactual_class": 0,
   "factual_class": 1,
   "valid_": true
}