{
   "factual_sample": {
      "variance_wti": 1.3051097164357317,
      "skewness_wti": -0.9547709984735618,
      "curtosis_wty": 0.5641165043471049,
      "entropy": 1.3433448955686944,
      "y": false
   },
   "counterfactual_sample": {
      "variance_wti": -0.03996523283421993,
      "skewness_wti": -0.9548749126661079,
      "curtosis_wty": 0.5641165043471049,
      "entropy": 1.3430176126332996,
      "y": true
   },
   "counterfactual_found": true,
   "counterfactual_plausible": true,
   "counterfactual_distance": 0.06893245864030034,
   "counterfactual_time": 1.9994990825653076,
   "counterfactual_class": 1,
   "factual_class": 0,
   "valid_": true
}