{
   "counterfactual_sample": {
      "shucked_weight": 0.014114456598365984, 
      "diameter": 0.676409429935641, 
      "whole_weight": -0.310489, 
      "shell_weight": 0.5472471190050426, 
      "viscera_weight": 0.07669986867380545, 
      "height": 0.011563294395590387, 
      "length": 0.5913454864669286, 
      "y": 0, 
      "sex": 2.0
   }, 
   "factual_class": 0, 
   "factual_sample": {
      "shucked_weight": 0.014114456598365984, 
      "diameter": 0.676409429935641, 
      "whole_weight": 0.23506162551110366, 
      "shell_weight": 0.5472471190050426, 
      "viscera_weight": 0.07669986867380545, 
      "height": 0.011563294395590387, 
      "length": 0.5913454864669286, 
      "y": 0, 
      "sex": 2.0
   }, 
   "counterfactual_distance": 0.011842571688465088, 
   "counterfactual_class": 0, 
   "counterfactual_rule": {
      "whole_weight": "-0.368942< whole_weight <=-0.310489"
   }, 
   "counterfactual_time": 11.863850116729736, 
   "counterfactual_found": false
}