{
   "counterfactual_sample": {
      "shucked_weight": 0.4646940371048808, 
      "diameter": 0.676409429935641, 
      "whole_weight": 0.3023631956644709, 
      "shell_weight": 0.2598619048952124, 
      "viscera_weight": 0.19987378311074785, 
      "height": 0.371226, 
      "length": 0.5497060714808807, 
      "y": 0, 
      "sex": 2.0
   }, 
   "factual_class": 0, 
   "factual_sample": {
      "shucked_weight": 0.4646940371048808, 
      "diameter": 0.676409429935641, 
      "whole_weight": 0.3023631956644709, 
      "shell_weight": 0.2598619048952124, 
      "viscera_weight": 0.19987378311074785, 
      "height": 0.011563294395590387, 
      "length": 0.5497060714808807, 
      "y": 0, 
      "sex": 2.0
   }, 
   "counterfactual_distance": 0.0016639194102954702, 
   "counterfactual_class": 0, 
   "counterfactual_rule": {
      "height": "0.370226< height <=0.6464"
   }, 
   "counterfactual_time": 17.252063989639282, 
   "counterfactual_found": false
}