{
   "counterfactual_sample": {
      "shucked_weight": 0.32050857134279603, 
      "diameter": 0.726798, 
      "whole_weight": 0.6347921633917101, 
      "shell_weight": 1.3016333060433471, 
      "viscera_weight": 0.4006016436746533, 
      "height": 0.7288882551437809, 
      "length": 0.7579031464111207, 
      "y": 0, 
      "sex": 0.0
   }, 
   "factual_class": 0, 
   "factual_sample": {
      "shucked_weight": 0.32050857134279603, 
      "diameter": 1.0795215112384429, 
      "whole_weight": 0.6347921633917101, 
      "shell_weight": 1.3016333060433471, 
      "viscera_weight": 0.4006016436746533, 
      "height": 0.7288882551437809, 
      "length": 0.7579031464111207, 
      "y": 0, 
      "sex": 0.0
   }, 
   "counterfactual_distance": 0.007352950350858607, 
   "counterfactual_class": 0, 
   "counterfactual_rule": {
      "diameter": "0.676409< diameter <=0.726798"
   }, 
   "counterfactual_time": 18.71519708633423, 
   "counterfactual_found": false
}