{
   "factual_sample": {
      "variance_wti": -0.9297289324541144,
      "skewness_wti": -1.8799091586957144,
      "curtosis_wty": 1.7643135790408402,
      "entropy": 0.4321379250637063,
      "y": 1
   },
   "counterfactual_sample": {
      "variance_wti": -0.2093147517555772,
      "skewness_wti": -1.4291606160888122,
      "curtosis_wty": 1.6153508092596685,
      "entropy": -0.15709744106305107,
      "y": 0
   },
   "counterfactual_found": true,
   "counterfactual_plausible": true,
   "counterfactual_distance": 0.09669046147526297,
   "counterfactual_time": 0.25601887702941895,
   "counterfactual_class": 0,
   "factual_class": 1,
   "valid_": true
}