{
   "factual_sample": {
      "variance_wti": -1.64608923943041,
      "skewness_wti": -2.5542848852316222,
      "curtosis_wty": 3.6472373401030964,
      "entropy": -0.7665970872796275,
      "y": 1
   },
   "counterfactual_sample": {
      "variance_wti": -0.379507068337596,
      "skewness_wti": -1.1127758761429127,
      "curtosis_wty": 1.6129601633750532,
      "entropy": -0.7228879493039368,
      "y": 0
   },
   "counterfactual_found": true,
   "counterfactual_plausible": true,
   "counterfactual_distance": 0.24048184622333366,
   "counterfactual_time": 0.25585389137268066,
   "counterfactual_class": 0,
   "factual_class": 1,
   "valid_": true
}