{
   "found": true,
   "num_iterations": 155,
   "num_foil": 71,
   "_observation": [
      1.5164953019349017,
      0.031745324044958466,
      -0.2926399183597186,
      1.3550578018236183
   ],
   "_idx": 50,
   "factual_class": 0,
   "feature_bounds_splits": {
      "0": {
         "type": 1,
         "values": [
            0.6891461312770844,
            0.8800864219665527
         ]
      },
      "1": {
         "type": 1,
         "values": [
            null,
            0.55198535323143
         ]
      },
      "2": {
         "type": 1,
         "values": [
            -1.3442803621292114,
            -0.9274492263793945
         ]
      },
      "3": {
         "type": 1,
         "values": [
            null,
            null
         ]
      }
   },
   "splits": [
      [
         2,
         1.355223000049591,
         true
      ],
      [
         1,
         0.8910992741584778,
         true
      ],
      [
         1,
         0.8859858065843582,
         true
      ],
      [
         1,
         0.6228744685649872,
         true
      ],
      [
         0,
         1.1475646495819092,
         true
      ],
      [
         1,
         0.55198535323143,
         true
      ],
      [
         2,
         -1.4130985140800476,
         false
      ],
      [
         0,
         -0.3267539143562317,
         false
      ],
      [
         0,
         -0.31399935483932495,
         false
      ],
      [
         2,
         0.3734915107488632,
         true
      ],
      [
         0,
         1.01006019115448,
         true
      ],
      [
         2,
         -1.3953891396522522,
         false
      ],
      [
         0,
         0.9420029670000076,
         true
      ],
      [
         2,
         -1.3442803621292114,
         false
      ],
      [
         0,
         0.8800864219665527,
         true
      ],
      [
         2,
         0.11047404259443283,
         true
      ],
      [
         2,
         -0.047927141189575195,
         true
      ],
      [
         0,
         0.6891461312770844,
         false
      ],
      [
         2,
         -0.6819438338279724,
         true
      ],
      [
         2,
         -0.7056994140148163,
         true
      ],
      [
         2,
         -0.7436828315258026,
         true
      ],
      [
         2,
         -0.8218430578708649,
         true
      ],
      [
         2,
         -0.8336802124977112,
         true
      ],
      [
         2,
         -0.9274492263793945,
         true
      ]
   ],
   "remaining_rules": [
      22,
      41,
      74,
      103,
      137,
      153,
      174,
      213,
      234,
      268
   ],
   "set_rules": [
      22,
      41,
      74,
      103,
      137,
      153,
      174,
      213,
      234,
      268
   ],
   "foil_estimated_class": [
      1
   ],
   "distance": 0.0620648806685465,
   "extraction_time": 0.014326333999633789,
   "feature_bounds": {
      "0": {
         "type": 1,
         "values": [
            0.6891461312770844,
            0.8800864219665527
         ]
      },
      "1": {
         "type": 1,
         "values": [
            null,
            0.4627475291490555
         ]
      },
      "2": {
         "type": 1,
         "values": [
            -1.3424003720283508,
            -0.9274492263793945
         ]
      },
      "3": {
         "type": 1,
         "values": [
            0.46661482751369476,
            null
         ]
      }
   },
   "feature_bounds_compact": {
      "0": {
         "type": 1,
         "values": [
            0.5576767325401306,
            0.8800864219665527
         ]
      },
      "1": {
         "type": 1,
         "values": [
            null,
            0.4627475291490555
         ]
      },
      "2": {
         "type": 1,
         "values": [
            -1.3424003720283508,
            -0.9274492263793945
         ]
      },
      "3": {
         "type": 1,
         "values": [
            0.46661482751369476,
            null
         ]
      }
   },
   "feature_bounds_compact_count": {
      "0": {
         "type": 1,
         "values": [
            0.5576767325401306,
            0.8800864219665527
         ]
      },
      "1": {
         "type": 1,
         "values": [
            null,
            0.4627475291490555
         ]
      },
      "2": {
         "type": 1,
         "values": [
            -1.3424003720283508,
            -0.9274492263793945
         ]
      },
      "3": {
         "type": 1,
         "values": [
            0.46661482751369476,
            null
         ]
      }
   },
   "counterfactual_sample": [
      0.8750864219665527,
      0.031745324044958466,
      -0.9324492263793945,
      1.3550578018236183
   ],
   "counterfactual_distance": 0.062059999041206564,
   "counterfactual_class": 1,
   "valid_": true
}