{
   "factual_sample": {
      "variance_wti": -0.4393544905547491,
      "skewness_wti": -1.3057054565462978,
      "curtosis_wty": 0.6949753538370155,
      "entropy": 0.7202754189348284,
      "y": 1
   },
   "counterfactual_sample": {
      "variance_wti": -0.03678582740309976,
      "skewness_wti": -1.0870382962852296,
      "curtosis_wty": 0.7367304212780139,
      "entropy": 0.09658696758017367,
      "y": 0
   },
   "counterfactual_found": true,
   "counterfactual_plausible": true,
   "counterfactual_distance": 0.06433967360545198,
   "counterfactual_time": 0.26514697074890137,
   "counterfactual_class": 0,
   "factual_class": 1,
   "valid_": true
}