{
   "found": true,
   "num_iterations": 400,
   "num_foil": 180,
   "_observation": [
      0.5089035806767459,
      0.09346438143877928,
      0.2542609455159047,
      0.7467532529525645
   ],
   "_idx": 18,
   "factual_class": 0,
   "feature_bounds_splits": {
      "0": {
         "type": 1,
         "values": [
            -0.04299508035182953,
            -0.03996523283421993
         ]
      },
      "1": {
         "type": 1,
         "values": [
            null,
            0.5138817727565765
         ]
      },
      "2": {
         "type": 1,
         "values": [
            -0.9104478061199188,
            0.2649991065263748
         ]
      },
      "3": {
         "type": 1,
         "values": [
            0.5534262657165527,
            null
         ]
      }
   },
   "splits": [
      [
         2,
         1.259562373161316,
         true
      ],
      [
         1,
         0.85301274061203,
         true
      ],
      [
         2,
         1.241272747516632,
         true
      ],
      [
         2,
         1.2396828532218933,
         true
      ],
      [
         1,
         0.7424348890781403,
         true
      ],
      [
         1,
         0.7131690680980682,
         true
      ],
      [
         2,
         -1.3424003720283508,
         false
      ],
      [
         1,
         0.6738383024930954,
         true
      ],
      [
         1,
         0.5646836757659912,
         true
      ],
      [
         0,
         -0.8100833594799042,
         false
      ],
      [
         2,
         -1.2410764694213867,
         false
      ],
      [
         0,
         -0.8095555007457733,
         false
      ],
      [
         2,
         -1.03443643450737,
         false
      ],
      [
         0,
         0.8890070039778948,
         true
      ],
      [
         0,
         -0.7817730903625488,
         false
      ],
      [
         0,
         0.8883032202720642,
         true
      ],
      [
         2,
         -1.0202202200889587,
         false
      ],
      [
         0,
         0.6891461312770844,
         true
      ],
      [
         1,
         0.5530421137809753,
         true
      ],
      [
         2,
         -0.9409691393375397,
         false
      ],
      [
         2,
         -0.9104478061199188,
         false
      ],
      [
         0,
         -0.2895265519618988,
         false
      ],
      [
         2,
         0.8194629848003387,
         true
      ],
      [
         2,
         0.8077302873134613,
         true
      ],
      [
         2,
         0.8014635220170021,
         true
      ],
      [
         2,
         0.7054117769002914,
         true
      ],
      [
         2,
         0.6606707480386831,
         true
      ],
      [
         0,
         -0.057041119784116745,
         false
      ],
      [
         2,
         0.2819158434867859,
         true
      ],
      [
         2,
         0.28011705726385117,
         true
      ],
      [
         2,
         0.2649991065263748,
         true
      ],
      [
         1,
         0.5431561470031738,
         true
      ],
      [
         1,
         0.5260517299175262,
         true
      ],
      [
         0,
         -0.04299508035182953,
         false
      ],
      [
         1,
         0.5138817727565765,
         true
      ],
      [
         0,
         -0.03996523283421993,
         true
      ],
      [
         3,
         0.5534262657165527,
         false
      ]
   ],
   "remaining_rules": [
      7,
      24,
      49,
      92,
      116,
      131,
      164,
      203,
      223,
      224,
      232,
      250
   ],
   "set_rules": [
      7,
      24,
      49,
      92,
      116,
      131,
      164,
      203,
      224,
      250
   ],
   "foil_estimated_class": [
      1
   ],
   "distance": 0.02812231080282612,
   "extraction_time": 0.010514020919799805,
   "feature_bounds": {
      "0": {
         "type": 1,
         "values": [
            -0.04299508035182953,
            -0.03996523283421993
         ]
      },
      "1": {
         "type": 1,
         "values": [
            -0.30985039472579956,
            0.2306661382317543
         ]
      },
      "2": {
         "type": 1,
         "values": [
            -0.08909499272704124,
            0.2649991065263748
         ]
      },
      "3": {
         "type": 1,
         "values": [
            0.7307432293891907,
            1.107234627008438
         ]
      }
   },
   "feature_bounds_compact": {
      "0": {
         "type": 1,
         "values": [
            -0.04299508035182953,
            -0.03996523283421993
         ]
      },
      "1": {
         "type": 1,
         "values": [
            -0.30985039472579956,
            0.2306661382317543
         ]
      },
      "2": {
         "type": 1,
         "values": [
            -0.1538199856877327,
            0.2649991065263748
         ]
      },
      "3": {
         "type": 1,
         "values": [
            0.7307432293891907,
            null
         ]
      }
   },
   "feature_bounds_compact_count": {
      "0": {
         "type": 1,
         "values": [
            -0.04299508035182953,
            -0.03996523283421993
         ]
      },
      "1": {
         "type": 1,
         "values": [
            -0.30985039472579956,
            0.2306661382317543
         ]
      },
      "2": {
         "type": 1,
         "values": [
            -0.1538199856877327,
            0.2649991065263748
         ]
      },
      "3": {
         "type": 1,
         "values": [
            0.7307432293891907,
            null
         ]
      }
   },
   "counterfactual_sample": [
      -0.04496523283421993,
      0.09346438143877928,
      0.2542609455159047,
      0.7467532529525645
   ],
   "counterfactual_distance": 0.028119749193521552,
   "counterfactual_class": 1,
   "valid_": true
}