{
   "found": true,
   "num_iterations": 192,
   "num_foil": 78,
   "_observation": [
      -0.9615405804133702,
      -1.218589714392247,
      0.9823402732294566,
      1.0041086578244665
   ],
   "_idx": 101,
   "factual_class": 1,
   "feature_bounds_splits": {
      "0": {
         "type": 1,
         "values": [
            -1.13625830411911,
            -1.1202996969223022
         ]
      },
      "1": {
         "type": 1,
         "values": [
            -1.12441748380661,
            -1.1085488200187683
         ]
      },
      "2": {
         "type": 1,
         "values": [
            1.241272747516632,
            1.2555934190750122
         ]
      },
      "3": {
         "type": 1,
         "values": [
            null,
            null
         ]
      }
   },
   "splits": [
      [
         0,
         0.19963031262159348,
         true
      ],
      [
         0,
         -1.539182424545288,
         false
      ],
      [
         0,
         -1.13625830411911,
         false
      ],
      [
         0,
         0.14669418334960938,
         true
      ],
      [
         1,
         -1.461426317691803,
         false
      ],
      [
         0,
         0.1115817278623581,
         true
      ],
      [
         1,
         -1.3903582692146301,
         false
      ],
      [
         1,
         -1.3020067811012268,
         false
      ],
      [
         2,
         -0.138114832341671,
         false
      ],
      [
         1,
         -1.27096825838089,
         false
      ],
      [
         2,
         -0.08909499272704124,
         false
      ],
      [
         2,
         0.05279680714011192,
         false
      ],
      [
         0,
         -1.1202996969223022,
         true
      ],
      [
         2,
         0.8077302873134613,
         false
      ],
      [
         2,
         0.8796237111091614,
         false
      ],
      [
         2,
         1.2334161400794983,
         false
      ],
      [
         2,
         1.2368976473808289,
         false
      ],
      [
         2,
         1.2396828532218933,
         false
      ],
      [
         2,
         1.2555934190750122,
         true
      ],
      [
         2,
         1.241272747516632,
         false
      ],
      [
         1,
         -1.1085488200187683,
         true
      ],
      [
         1,
         -1.12441748380661,
         false
      ]
   ],
   "remaining_rules": [
      8,
      27,
      53,
      83,
      99,
      125,
      160,
      175,
      211,
      244
   ],
   "set_rules": [
      8,
      27,
      53,
      83,
      99,
      125,
      160,
      175,
      211,
      244
   ],
   "foil_estimated_class": [
      0
   ],
   "distance": 0.025324200057863563,
   "extraction_time": 0.009192705154418945,
   "feature_bounds": {
      "0": {
         "type": 1,
         "values": [
            -1.13625830411911,
            -1.1202996969223022
         ]
      },
      "1": {
         "type": 1,
         "values": [
            -1.12441748380661,
            -1.1085488200187683
         ]
      },
      "2": {
         "type": 1,
         "values": [
            1.241272747516632,
            1.2555934190750122
         ]
      },
      "3": {
         "type": 1,
         "values": [
            0.3767254054546356,
            null
         ]
      }
   },
   "feature_bounds_compact": {
      "0": {
         "type": 1,
         "values": [
            -1.13625830411911,
            -1.1202996969223022
         ]
      },
      "1": {
         "type": 1,
         "values": [
            -1.12441748380661,
            -1.1085488200187683
         ]
      },
      "2": {
         "type": 1,
         "values": [
            1.241272747516632,
            1.2555934190750122
         ]
      },
      "3": {
         "type": 1,
         "values": [
            0.3271598070859909,
            null
         ]
      }
   },
   "feature_bounds_compact_count": {
      "0": {
         "type": 1,
         "values": [
            -1.13625830411911,
            -1.1202996969223022
         ]
      },
      "1": {
         "type": 1,
         "values": [
            -1.12441748380661,
            -1.1085488200187683
         ]
      },
      "2": {
         "type": 1,
         "values": [
            1.241272747516632,
            1.2555934190750122
         ]
      },
      "3": {
         "type": 1,
         "values": [
            0.3271598070859909,
            null
         ]
      }
   },
   "counterfactual_sample": [
      -1.1252996969223021,
      -1.1194174838066102,
      1.246272747516632,
      1.0041086578244665
   ],
   "counterfactual_distance": 0.02531657428957517,
   "counterfactual_class": 0,
   "valid_": true
}