{
   "counterfactual_sample": {
      "CO2": -0.6481172244059077, 
      "Temperature": -0.626441615059151, 
      "Light": 0.017320000000000002, 
      "Humidity": -0.1452712879612755, 
      "HumidityRatio": -0.3857599516844242, 
      "y": 1
   }, 
   "factual_class": 1, 
   "factual_sample": {
      "CO2": -0.6481172244059077, 
      "Temperature": -0.626441615059151, 
      "Light": -0.7724036570242273, 
      "Humidity": -0.1452712879612755, 
      "HumidityRatio": -0.3857599516844242, 
      "y": 1
   }, 
   "counterfactual_distance": 0.02328005837192082, 
   "counterfactual_class": 1, 
   "counterfactual_rule": {
      "Light": ">0.01632"
   }, 
   "counterfactual_time": 16.441571950912476, 
   "counterfactual_found": false
}