{
   "counterfactual_sample": {
      "y": 0, 
      "skewness_wti": -1.5571837699371935, 
      "variance_wti": -0.274127, 
      "entropy": 0.1169036224540596, 
      "curtosis_wty": 2.3780364769145925
   }, 
   "factual_class": 1, 
   "factual_sample": {
      "y": 1, 
      "entropy": 0.1169036224540596, 
      "variance_wti": -1.289439845550921, 
      "skewness_wti": -1.5571837699371935, 
      "curtosis_wty": 2.3780364769145925
   }, 
   "counterfactual_distance": 0.05201669664418305, 
   "counterfactual_class": 0, 
   "counterfactual_rule": {
      "variance_wti": "-0.275127< variance_wti <=-0.038901", 
      "curtosis_wty": ">-0.219851"
   }, 
   "counterfactual_time": 16.55172300338745, 
   "counterfactual_found": true
}