{
   "counterfactual_sample": {
      "y": 0, 
      "skewness_wti": -0.3579949274463116, 
      "variance_wti": -0.068991, 
      "entropy": 0.6408514395696326, 
      "curtosis_wty": 0.8144844379135585
   }, 
   "factual_class": 1, 
   "factual_sample": {
      "y": 1, 
      "entropy": 0.6408514395696326, 
      "variance_wti": -0.23994050089157315, 
      "skewness_wti": -0.3579949274463116, 
      "curtosis_wty": 0.8144844379135585
   }, 
   "counterfactual_distance": 0.008758116641897138, 
   "counterfactual_class": 0, 
   "counterfactual_rule": {
      "variance_wti": ">-0.069991"
   }, 
   "counterfactual_time": 14.631768941879272, 
   "counterfactual_found": true
}