{
   "factual_sample": {
      "sex": 1.0,
      "length": 0.5913454864669286,
      "diameter": 0.6260204197727908,
      "height": -0.10799086572910817,
      "whole_weight": 0.2197658141126109,
      "shucked_weight": 0.33627885666052404,
      "viscera_weight": 0.03107990036382712,
      "shell_weight": 0.3460774691281612
   },
   "counterfactual_sample": {
      "sex": 1.0,
      "length": 0.5913454864669286,
      "diameter": 0.6260204197727908,
      "height": -0.10799086572910817,
      "whole_weight": 0.2197658141126109,
      "shucked_weight": 0.38972,
      "viscera_weight": 0.03107990036382712,
      "shell_weight": 0.3460774691281612
   },
   "factual_class": 0,
   "counterfactual_class": 1,
   "counterfactual_found": true,
   "counterfactual_rule_id": 694,
   "counterfactual_rule": {
      "3": [
         null,
         0.19089
      ],
      "5": [
         0.38472,
         null
      ],
      "7": [
         0.02097,
         null
      ],
      "2": [
         null,
         0.7016
      ],
      "0": [
         0.5,
         1.5
      ],
      "6": [
         -0.09894,
         null
      ]
   },
   "counterfactual_distance": 0.0009970186430122972,
   "counterfactual_time": 0.7214820384979248
}