{
   "factual_sample": {
      "sex": 0.0,
      "length": -0.19980339826798216,
      "diameter": -0.07942572250711186,
      "height": -0.3470991859785052,
      "whole_weight": -0.32884395471332395,
      "shucked_weight": -0.4432238176157464,
      "viscera_weight": -0.4479297668909473,
      "shell_weight": -0.13529276450580455
   },
   "counterfactual_sample": {
      "sex": 0.0,
      "length": -0.19980339826798216,
      "diameter": -0.07942572250711186,
      "height": -0.3470991859785052,
      "whole_weight": -0.32884395471332395,
      "shucked_weight": -0.4432238176157464,
      "viscera_weight": -0.4479297668909473,
      "shell_weight": 0.02597
   },
   "factual_class": 0,
   "counterfactual_class": 0,
   "counterfactual_found": false,
   "counterfactual_rule_id": 186,
   "counterfactual_rule": {
      "3": [
         -1.48286,
         -0.16777
      ],
      "5": [
         -0.8341,
         0.38472
      ],
      "7": [
         0.02097,
         1.31959
      ],
      "6": [
         -0.45477,
         -0.40003
      ],
      "2": [
         -0.12981,
         null
      ],
      "1": [
         null,
         1.19512
      ]
   },
   "counterfactual_distance": 0.002795904338826883,
   "counterfactual_time": 0.9085996150970459
}