{
   "found": true,
   "num_iterations": 664,
   "num_foil": 289,
   "_observation": [
      0.0,
      -0.1165245682958862,
      -0.12981473266996213,
      -0.4666533461032038,
      -0.4308160307032745,
      -0.4387180218106812,
      -0.5346077066799068,
      -0.32927778402994
   ],
   "_idx": 329,
   "factual_class": 0,
   "feature_bounds_splits": {
      "0": {
         "type": 2,
         "values": [
            null,
            null
         ]
      },
      "1": {
         "type": 1,
         "values": [
            -0.4288201779127121,
            null
         ]
      },
      "2": {
         "type": 1,
         "values": [
            -0.35656528174877167,
            0.12213031575083733
         ]
      },
      "3": {
         "type": 1,
         "values": [
            null,
            -0.40687626600265503
         ]
      },
      "4": {
         "type": 1,
         "values": [
            -0.5154528617858887,
            -0.3334326893091202
         ]
      },
      "5": {
         "type": 1,
         "values": [
            -0.42632707953453064,
            -0.2618655413389206
         ]
      },
      "6": {
         "type": 1,
         "values": [
            -0.5551367104053497,
            -0.5460126996040344
         ]
      },
      "7": {
         "type": 1,
         "values": [
            -0.48733964562416077,
            -0.3220931589603424
         ]
      }
   },
   "splits": [
      [
         7,
         0.00839984230697155,
         true
      ],
      [
         7,
         -0.06344646215438843,
         true
      ],
      [
         7,
         -0.06524261832237244,
         true
      ],
      [
         5,
         -0.7845378518104553,
         false
      ],
      [
         7,
         -0.13170044869184494,
         true
      ],
      [
         5,
         -0.7349741160869598,
         false
      ],
      [
         7,
         -0.1658274456858635,
         true
      ],
      [
         7,
         -0.17121592164039612,
         true
      ],
      [
         7,
         -0.20713907480239868,
         true
      ],
      [
         7,
         -0.2107313871383667,
         true
      ],
      [
         7,
         -0.21791601926088333,
         true
      ],
      [
         5,
         -0.6685135960578918,
         false
      ],
      [
         5,
         -0.6459846198558807,
         false
      ],
      [
         7,
         -0.2520430088043213,
         true
      ],
      [
         7,
         -0.3041315823793411,
         true
      ],
      [
         7,
         -0.31131620705127716,
         true
      ],
      [
         7,
         -0.3149085268378258,
         true
      ],
      [
         7,
         -0.3202970027923584,
         true
      ],
      [
         6,
         -0.1787719503045082,
         true
      ],
      [
         5,
         -0.14246194809675217,
         true
      ],
      [
         6,
         -0.31791284680366516,
         true
      ],
      [
         5,
         -0.1954050436615944,
         true
      ],
      [
         6,
         -0.32475586235523224,
         true
      ],
      [
         4,
         -0.3334326893091202,
         true
      ],
      [
         6,
         -0.3270368427038193,
         true
      ],
      [
         5,
         -0.20216374099254608,
         true
      ],
      [
         7,
         -0.5609821379184723,
         false
      ],
      [
         3,
         0.071340371388942,
         true
      ],
      [
         5,
         -0.6335937082767487,
         false
      ],
      [
         5,
         -0.6324672400951385,
         false
      ],
      [
         5,
         -0.6155704855918884,
         false
      ],
      [
         5,
         -0.6110647320747375,
         false
      ],
      [
         5,
         -0.6054324805736542,
         false
      ],
      [
         4,
         -0.52412049472332,
         false
      ],
      [
         6,
         -0.826575517654419,
         false
      ],
      [
         5,
         -0.23821011185646057,
         true
      ],
      [
         5,
         -0.5716390013694763,
         false
      ],
      [
         4,
         -0.520551472902298,
         false
      ],
      [
         1,
         -0.4288201779127121,
         false
      ],
      [
         3,
         -0.167767945677042,
         true
      ],
      [
         5,
         -0.5412248820066452,
         false
      ],
      [
         7,
         -0.5520013272762299,
         false
      ],
      [
         5,
         -0.541224867105484,
         false
      ],
      [
         6,
         -0.41371478140354156,
         true
      ],
      [
         7,
         -0.5268551111221313,
         false
      ],
      [
         7,
         -0.5124858617782593,
         false
      ],
      [
         7,
         -0.5106897056102753,
         false
      ],
      [
         7,
         -0.498116597533226,
         false
      ],
      [
         6,
         -0.6783106029033661,
         false
      ],
      [
         6,
         -0.6737486124038696,
         false
      ],
      [
         5,
         -0.25172749906778336,
         true
      ],
      [
         5,
         -0.2607390806078911,
         true
      ],
      [
         4,
         -0.5154528617858887,
         false
      ],
      [
         2,
         -0.38175977766513824,
         false
      ],
      [
         5,
         -0.48602887988090515,
         false
      ],
      [
         5,
         -0.4668792486190796,
         false
      ],
      [
         5,
         -0.46462635695934296,
         false
      ],
      [
         6,
         -0.5870706737041473,
         false
      ],
      [
         6,
         -0.5551367104053497,
         false
      ],
      [
         2,
         -0.35656528174877167,
         false
      ],
      [
         5,
         -0.2618655413389206,
         true
      ],
      [
         2,
         0.12213031575083733,
         true
      ],
      [
         5,
         -0.4533618539571762,
         false
      ],
      [
         5,
         -0.4466031640768051,
         false
      ],
      [
         7,
         -0.48733964562416077,
         false
      ],
      [
         5,
         -0.4308328777551651,
         false
      ],
      [
         3,
         -0.40687626600265503,
         true
      ],
      [
         5,
         -0.42745353281497955,
         false
      ],
      [
         6,
         -0.5095167309045792,
         true
      ],
      [
         6,
         -0.5140787363052368,
         true
      ],
      [
         5,
         -0.42632707953453064,
         false
      ],
      [
         6,
         -0.5460126996040344,
         true
      ],
      [
         7,
         -0.3220931589603424,
         true
      ]
   ],
   "remaining_rules": [
      153,
      757,
      1321,
      1866,
      2535,
      3119,
      3552,
      4110,
      4727,
      5387
   ],
   "set_rules": [
      153,
      757,
      1321,
      1866,
      2535,
      3119,
      3552,
      4110,
      4727,
      5387
   ],
   "foil_estimated_class": [
      1
   ],
   "distance": 0.0004387324176667337,
   "extraction_time": 0.079132080078125,
   "feature_bounds": {
      "0": {
         "type": 2,
         "values": [
            null,
            0.5
         ]
      },
      "1": {
         "type": 1,
         "values": [
            -0.1789836883544922,
            -0.09570486098527908
         ]
      },
      "2": {
         "type": 1,
         "values": [
            -0.15500923246145248,
            null
         ]
      },
      "3": {
         "type": 1,
         "values": [
            null,
            -0.40687626600265503
         ]
      },
      "4": {
         "type": 1,
         "values": [
            -0.5853037238121033,
            -0.40430329740047455
         ]
      },
      "5": {
         "type": 1,