{
   "found": true,
   "num_iterations": 4096,
   "num_foil": 2008,
   "_observation": [
      0.0,
      0.8828213913692646,
      0.877965470587042,
      1.4462132158919714,
      1.2170527172943288,
      1.3500829128001823,
      1.4179269369871748,
      1.014248091933517
   ],
   "_idx": 262,
   "factual_class": 0,
   "feature_bounds_splits": {
      "0": {
         "type": 2,
         "values": [
            null,
            null
         ]
      },
      "1": {
         "type": 1,
         "values": [
            0.8828213810920715,
            0.9244607985019684
         ]
      },
      "2": {
         "type": 1,
         "values": [
            0.5000478848814964,
            0.8779654800891876
         ]
      },
      "3": {
         "type": 1,
         "values": [
            0.6691111922264099,
            null
         ]
      },
      "4": {
         "type": 1,
         "values": [
            1.228269636631012,
            1.3266727328300476
         ]
      },
      "5": {
         "type": 1,
         "values": [
            1.321921706199646,
            1.3241745829582214
         ]
      },
      "6": {
         "type": 1,
         "values": [
            1.3791499733924866,
            1.5068858861923218
         ]
      },
      "7": {
         "type": 1,
         "values": [
            0.9765287935733795,
            1.0268211960792542
         ]
      }
   },
   "splits": [
      [
         7,
         1.4345489740371704,
         true
      ],
      [
         7,
         1.3465372323989868,
         true
      ],
      [
         5,
         0.7226508557796478,
         false
      ],
      [
         7,
         1.247748613357544,
         true
      ],
      [
         7,
         1.1615330576896667,
         true
      ],
      [
         7,
         1.1130367517471313,
         true
      ],
      [
         7,
         1.1112405955791473,
         true
      ],
      [
         7,
         1.1004636883735657,
         true
      ],
      [
         5,
         0.8544453680515289,
         false
      ],
      [
         7,
         1.0986675024032593,
         true
      ],
      [
         5,
         0.8938710987567902,
         false
      ],
      [
         7,
         1.0950751900672913,
         true
      ],
      [
         7,
         1.0735212564468384,
         true
      ],
      [
         7,
         1.0465788841247559,
         true
      ],
      [
         7,
         1.0429866313934326,
         true
      ],
      [
         5,
         0.9051355719566345,
         false
      ],
      [
         7,
         0.8507977426052094,
         false
      ],
      [
         2,
         1.2306885123252869,
         true
      ],
      [
         6,
         0.7085364460945129,
         false
      ],
      [
         2,
         1.2054940462112427,
         true
      ],
      [
         6,
         1.7327046990394592,
         true
      ],
      [
         6,
         0.7108174264431,
         false
      ],
      [
         6,
         1.6802417635917664,
         true
      ],
      [
         6,
         1.6277787685394287,
         true
      ],
      [
         6,
         1.625497817993164,
         true
      ],
      [
         1,
         0.3831484019756317,
         false
      ],
      [
         5,
         0.9096413552761078,
         false
      ],
      [
         5,
         1.3737383484840393,
         true
      ],
      [
         6,
         0.7564373910427094,
         false
      ],
      [
         6,
         1.0689342021942139,
         false
      ],
      [
         6,
         1.0803391933441162,
         false
      ],
      [
         4,
         1.3949940204620361,
         true
      ],
      [
         1,
         0.48724694550037384,
         false
      ],
      [
         6,
         1.084901213645935,
         false
      ],
      [
         1,
         0.8828213810920715,
         false
      ],
      [
         6,
         1.6049688458442688,
         true
      ],
      [
         6,
         1.5935638546943665,
         true
      ],
      [
         6,
         1.591282844543457,
         true
      ],
      [
         6,
         1.0917441844940186,
         false
      ],
      [
         6,
         1.0940251350402832,
         false
      ],
      [
         6,
         1.094025194644928,
         false
      ],
      [
         3,
         0.6093341037631035,
         false
      ],
      [
         4,
         1.3669517040252686,
         true
      ],
      [
         4,
         1.352165699005127,
         true
      ],
      [
         4,
         1.3434981107711792,
         true
      ],
      [
         3,
         0.6691111922264099,
         false
      ],
      [
         6,
         1.0963061451911926,
         false
      ],
      [
         2,
         1.1551049947738647,
         true
      ],
      [
         2,
         1.104716032743454,
         true
      ],
      [
         2,
         0.5000478848814964,
         false
      ],
      [
         4,
         1.3266727328300476,
         true
      ],
      [
         4,
         1.091627061367035,
         false
      ],
      [
         1,
         0.9244607985019684,
         true
      ],
      [
         6,
         1.098587155342102,
         false
      ],
      [
         7,
         0.9765287935733795,
         false
      ],
      [
         6,
         1.5114479064941406,
         true
      ],
      [
         6,
         1.1578931212425232,
         false
      ],
      [
         5,
         0.9209058582782745,
         false
      ],
      [
         4,
         1.1120215058326721,
         false
      ],
      [
         4,
         1.115590512752533,
         false
      ],
      [
         4,
         1.2252104878425598,
         false
      ],
      [
         4,
         1.2272499203681946,
         false
      ],
      [
         6,
         1.5068858861923218,
         true
      ],
      [
         5,
         1.2577140927314758,
         false
      ],
      [
         6,
         1.3791499733924866,
         false
      ],
      [
         5,
         1.2689785957336426,
         false
      ],
      [
         2,
         0.8779654800891876,
         true
      ],
      [
         5,
         1.3241745829582214,
         true
      ],
      [
         4,
         1.228269636631012,
         false
      ],
      [
         7,
         1.0268211960792542,
         true
      ],
      [
         5,
         1.321921706199646,
         false
      ]
   ],
   "remaining_rules": [
      560,
      1160,
      1738,
      1742,
      1744,
      2268,
      2911,
      3476,
      4046,
      4628,
      5217,
      5766
   ],
   "set_rules": [
      560,
      1160,
      1738,
      2268,
      2911,
      3476,
      4046,
      4628,
      5217,
      5766
   ],
   "foil_estimated_class": [
      1
   ],
   "distance": 0.0007288659448508438,
   "extraction_time": 0.16878509521484375,
   "feature_bounds": {
      "0": {
         "type": 2,
         "values": [
            null,
            1.5
         ]
      },
      "1": {
         "type": 1,
         "values": [
            0.8620016872882843,
            0.9661002457141876
         ]
      },
      "2": {
         "type": 1,
         "values": [
            0.75199294090271,
            0.9031599760055542
         ]
      },
      "3": {
         "type": 1,
         "values": [
            1.027773678302765,
            1.6255444884300232
         ]
      },
      "4": {
         "type": 1,
         "values": [
            1.228269636631012,
            1.2818049788475037
         ]
      },
      "5": {
         "type": 1,
         "values": [
            1.321921706199646,
            1.3241745829582214
         ]
      },
      "6": {
         "type": 1,
         "values": [
            1.3244059681892395,
            1.5068858861923218
         ]
      },
      "7": {
         "type": 1,