{
   "counterfactual_sample": {
      "shucked_weight": -0.07825435740546936, 
      "diameter": 0.5252423994470907, 
      "whole_weight": 0.2880871050258778, 
      "shell_weight": 0.8346323331148728, 
      "viscera_weight": 0.1405678243077757, 
      "height": 0.9679965753931772, 
      "length": -0.241443, 
      "y": 0, 
      "sex": 0.0
   }, 
   "factual_class": 0, 
   "factual_sample": {
      "shucked_weight": -0.07825435740546936, 
      "diameter": 0.5252423994470907, 
      "whole_weight": 0.2880871050258778, 
      "shell_weight": 0.8346323331148728, 
      "viscera_weight": 0.1405678243077757, 
      "height": 0.9679965753931772, 
      "length": 0.2998695815645937, 
      "y": 0, 
      "sex": 0.0
   }, 
   "counterfactual_distance": 0.010979733517598442, 
   "counterfactual_class": 0, 
   "counterfactual_rule": {
      "length": "<=-0.241443"
   }, 
   "counterfactual_time": 18.219959020614624, 
   "counterfactual_found": false
}