{
   "counterfactual_sample": {
      "shucked_weight": 0.4399121601770225, 
      "diameter": 1.030133, 
      "whole_weight": 0.4512424266097991, 
      "shell_weight": 0.2957850566589412, 
      "viscera_weight": 0.8020573648024646, 
      "height": -1.1839783068513945, 
      "length": 0.6329849014529767, 
      "y": 0, 
      "sex": 2.0
   }, 
   "factual_class": 0, 
   "factual_sample": {
      "shucked_weight": 0.4399121601770225, 
      "diameter": 0.7267984400984913, 
      "whole_weight": 0.4512424266097991, 
      "shell_weight": 0.2957850566589412, 
      "viscera_weight": 0.8020573648024646, 
      "height": -1.1839783068513945, 
      "length": 0.6329849014529767, 
      "y": 0, 
      "sex": 2.0
   }, 
   "counterfactual_distance": 0.0063233776246562024, 
   "counterfactual_class": 0, 
   "counterfactual_rule": {
      "diameter": ">1.029133", 
      "height": "<=-0.10504"
   }, 
   "counterfactual_time": 18.47712516784668, 
   "counterfactual_found": false
}