{
   "factual_sample": {
      "Temperature": 0.06433323480238913,
      "Humidity": 1.1958549631124422,
      "Light": -0.7724036570242273,
      "CO2": 0.5035202836214429,
      "HumidityRatio": 0.7470343298560937,
      "y": 1
   },
   "counterfactual_sample": {
      "Temperature": 0.24270232748961015,
      "Humidity": 1.0203900901716578,
      "Light": 1.1223537043882643,
      "CO2": 1.151273665362049,
      "HumidityRatio": 0.7173535716454944,
      "y": 0
   },
   "counterfactual_found": true,
   "counterfactual_plausible": true,
   "counterfactual_distance": 0.11432925109411898,
   "counterfactual_time": 0.34124231338500977,
   "counterfactual_class": 0,
   "factual_class": 1,
   "valid_": true
}