{
   "factual_sample": {
      "Temperature": -0.5291493826842849,
      "Humidity": 0.15127460841233173,
      "Light": -0.7724036570242273,
      "CO2": -0.4558928629028262,
      "HumidityRatio": -0.1654311243497767,
      "y": 1
   },
   "counterfactual_sample": {
      "Temperature": -0.5534724407780031,
      "Humidity": 0.00454082577763959,
      "Light": 0.9584611900044832,
      "CO2": -0.20899134968331265,
      "HumidityRatio": -0.2651784248487609,
      "y": 0
   },
   "counterfactual_found": true,
   "counterfactual_plausible": true,
   "counterfactual_distance": 0.08053548561689405,
   "counterfactual_time": 0.34296631813049316,
   "counterfactual_class": 0,
   "factual_class": 1,
   "valid_": true
}