{
   "found": true,
   "num_iterations": 3,
   "num_foil": 0,
   "_observation": [
      46.0,
      0.0,
      2.0,
      10.0,
      4.0,
      2.0,
      3.0,
      0.0,
      -0.1473664551602441,
      -0.21637494832950374,
      40.0
   ],
   "_idx": 494,
   "factual_class": 0,
   "feature_bounds_splits": {
      "0": {
         "type": 2,
         "values": [
            46.5,
            47.5
         ]
      },
      "1": {
         "type": 2,
         "values": [
            null,
            0.5
         ]
      },
      "2": {
         "type": 2,
         "values": [
            1.5,
            2.5
         ]
      },
      "3": {
         "type": 2,
         "values": [
            9.5,
            10.5
         ]
      },
      "4": {
         "type": 2,
         "values": [
            3.5,
            4.5
         ]
      },
      "5": {
         "type": 2,
         "values": [
            0.5,
            2.5
         ]
      },
      "6": {
         "type": 2,
         "values": [
            2.5,
            3.5
         ]
      },
      "7": {
         "type": 2,
         "values": [
            null,
            0.5
         ]
      },
      "8": {
         "type": 1,
         "values": [
            null,
            0.15441183000802994
         ]
      },
      "9": {
         "type": 1,
         "values": [
            null,
            1.6004030331969261
         ]
      },
      "10": {
         "type": 2,
         "values": [
            39.0,
            41.5
         ]
      }
   },
   "remaining_rules": [
      8911,
      6009,
      10728,
      3049,
      12132,
      13358,
      1790,
      354
   ],
   "set_rules": [
      8911,
      6009,
      10728,
      3049,
      12132,
      13358,
      1790,
      354
   ],
   "foil_estimated_class": 1,
   "distance": 0.0012453300124533001,
   "extraction_time": 0.18810725212097168,
   "feature_bounds": {
      "0": {
         "type": 2,
         "values": [
            46.5,
            47.5
         ]
      },
      "1": {
         "type": 2,
         "values": [
            null,
            0.5
         ]
      },
      "2": {
         "type": 2,
         "values": [
            1.5,
            2.5
         ]
      },
      "3": {
         "type": 2,
         "values": [
            9.5,
            10.5
         ]
      },
      "4": {
         "type": 2,
         "values": [
            3.5,
            4.5
         ]
      },
      "5": {
         "type": 2,
         "values": [
            0.5,
            2.5
         ]
      },
      "6": {
         "type": 2,
         "values": [
            2.5,
            3.5
         ]
      },
      "7": {
         "type": 2,
         "values": [
            null,
            0.5
         ]
      },
      "8": {
         "type": 1,
         "values": [
            null,
            0.15441183000802994
         ]
      },
      "9": {
         "type": 1,
         "values": [
            null,
            1.6004030331969261
         ]
      },
      "10": {
         "type": 2,
         "values": [
            39.0,
            41.5
         ]
      }
   },
   "feature_bounds_compact": {
      "0": {
         "type": 2,
         "values": [
            46.5,
            47.5
         ]
      },
      "1": {
         "type": 2,
         "values": [
            null,
            0.5
         ]
      },
      "2": {
         "type": 2,
         "values": [
            1.5,
            2.5
         ]
      },
      "3": {
         "type": 2,
         "values": [
            9.5,
            10.5
         ]
      },
      "4": {
         "type": 2,
         "values": [
            3.5,
            4.5
         ]
      },
      "5": {
         "type": 2,
         "values": [
            0.5,
            2.5
         ]
      },
      "6": {
         "type": 2,
         "values": [
            2.5,
            3.5
         ]
      },
      "7": {
         "type": 2,
         "values": [
            null,
            0.5
         ]
      },
      "8": {
         "type": 1,
         "values": [
            null,
            0.15441183000802994
         ]
      },
      "9": {
         "type": 1,
         "values": [
            null,
            1.6004030331969261
         ]
      },
      "10": {
         "type": 2,
         "values": [
            39.0,
            41.5
         ]
      }
   },
   "feature_bounds_compact_count": {
      "0": {
         "type": 2,
         "values": [
            46.5,
            47.5
         ]
      },
      "1": {
         "type": 2,
         "values": [
            null,
            0.5
         ]
      },
      "2": {
         "type": 2,
         "values": [
            1.5,
            2.5
         ]
      },
      "3": {
         "type": 2,
         "values": [
            9.5,
            10.5
         ]
      },
      "4": {
         "type": 2,
         "values": [
            3.5,
            4.5
         ]
      },
      "5": {
         "type": 2,
         "values": [
            0.5,
            2.5
         ]
      },
      "6": {
         "type": 2,
         "values": [
            2.5,
            3.5
         ]
      },
      "7": {
         "type": 2,
         "values": [
            null,
            0.5
         ]
      },
      "8": {
         "type": 1,
         "values": [
            null,
            0.15441183000802994
         ]
      },
      "9": {
         "type": 1,
         "values": [
            null,
            1.6004030331969261
         ]
      },
      "10": {
         "type": 2,
         "values": [
            39.0,
            41.5
         ]
      }
   },
   "counterfactual_sample": [
      47.0,
      0.0,
      2.0,
      10.0,
      4.0,
      2.0,
      3.0,
      0.0,
      -0.1473664551602441,
      -0.21637494832950374,
      40.0
   ],
   "counterfactual_distance": 0.0012453300124533001,
   "counterfactual_class": 1,
   "valid_": true
}