{
   "found": true,
   "num_iterations": 905,
   "num_foil": 437,
   "_observation": [
      48.0,
      0.0,
      2.0,
      9.0,
      3.0,
      0.0,
      0.0,
      2.0,
      -0.1473664551602441,
      -0.21637494832950374,
      40.0
   ],
   "_idx": 391,
   "factual_class": 0,
   "feature_bounds_splits": {
      "0": {
         "type": 2,
         "values": [
            null,
            null
         ]
      },
      "1": {
         "type": 2,
         "values": [
            null,
            null
         ]
      },
      "2": {
         "type": 2,
         "values": [
            null,
            null
         ]
      },
      "3": {
         "type": 2,
         "values": [
            null,
            null
         ]
      },
      "4": {
         "type": 2,
         "values": [
            null,
            null
         ]
      },
      "5": {
         "type": 2,
         "values": [
            null,
            null
         ]
      },
      "6": {
         "type": 2,
         "values": [
            null,
            null
         ]
      },
      "7": {
         "type": 2,
         "values": [
            null,
            null
         ]
      },
      "8": {
         "type": 1,
         "values": [
            0.5570580959320068,
            0.5764610543847084
         ]
      },
      "9": {
         "type": 1,
         "values": [
            null,
            null
         ]
      },
      "10": {
         "type": 2,
         "values": [
            39.5,
            41.5
         ]
      }
   },
   "splits": [
      [
         8,
         0.15441183000802994,
         false
      ],
      [
         8,
         0.17512210458517075,
         false
      ],
      [
         8,
         0.40720102190971375,
         false
      ],
      [
         8,
         0.9165636599063873,
         true
      ],
      [
         8,
         0.42791129648685455,
         false
      ],
      [
         8,
         0.43479177355766296,
         false
      ],
      [
         8,
         0.46747411228716373,
         false
      ],
      [
         8,
         0.5538242757320404,
         false
      ],
      [
         8,
         0.8260164558887482,
         true
      ],
      [
         10,
         44.5,
         true
      ],
      [
         10,
         39.5,
         false
      ],
      [
         8,
         0.8108793497085571,
         true
      ],
      [
         10,
         43.5,
         true
      ],
      [
         10,
         41.5,
         true
      ],
      [
         8,
         0.8017971217632294,
         true
      ],
      [
         8,
         0.5764610543847084,
         true
      ],
      [
         8,
         0.5570580959320068,
         false
      ]
   ],
   "remaining_rules": [
      1209,
      2867,
      3248,
      5516,
      7270,
      8642,
      9790,
      11025,
      12878,
      13708
   ],
   "set_rules": [
      1209,
      2867,
      3248,
      5516,
      7270,
      8642,
      9790,
      11025,
      12878,
      13708
   ],
   "foil_estimated_class": [
      1
   ],
   "distance": 0.004654013229507492,
   "extraction_time": 0.39617228507995605,
   "feature_bounds": {
      "0": {
         "type": 2,
         "values": [
            44.5,
            51.5
         ]
      },
      "1": {
         "type": 2,
         "values": [
            null,
            null
         ]
      },
      "2": {
         "type": 2,
         "values": [
            1.5,
            4.5
         ]
      },
      "3": {
         "type": 2,
         "values": [
            null,
            9.5
         ]
      },
      "4": {
         "type": 2,
         "values": [
            2.5,
            3.5
         ]
      },
      "5": {
         "type": 2,
         "values": [
            null,
            1.0
         ]
      },
      "6": {
         "type": 2,
         "values": [
            null,
            1.0
         ]
      },
      "7": {
         "type": 2,
         "values": [
            0.5,
            2.5
         ]
      },
      "8": {
         "type": 1,
         "values": [
            0.5570580959320068,
            0.5842360258102417
         ]
      },
      "9": {
         "type": 1,
         "values": [
            null,
            4.300489902496338
         ]
      },
      "10": {
         "type": 2,
         "values": [
            39.0,
            44.5
         ]
      }
   },
   "feature_bounds_compact": {
      "0": {
         "type": 2,
         "values": [
            44.5,
            null
         ]
      },
      "1": {
         "type": 2,
         "values": [
            null,
            null
         ]
      },
      "2": {
         "type": 2,
         "values": [
            1.5,
            4.5
         ]
      },
      "3": {
         "type": 2,
         "values": [
            null,
            9.5
         ]
      },
      "4": {
         "type": 2,
         "values": [
            null,
            4.5
         ]
      },
      "5": {
         "type": 2,
         "values": [
            null,
            2.5
         ]
      },
      "6": {
         "type": 2,
         "values": [
            null,
            1.0
         ]
      },
      "7": {
         "type": 2,
         "values": [
            0.5,
            4.5
         ]
      },
      "8": {
         "type": 1,
         "values": [
            0.5570580959320068,
            0.5842360258102417
         ]
      },
      "9": {
         "type": 1,
         "values": [
            null,
            4.300489902496338
         ]
      },
      "10": {
         "type": 2,
         "values": [
            35.5,
            44.5
         ]
      }
   },
   "feature_bounds_compact_count": {
      "0": {
         "type": 2,
         "values": [
            44.5,
            null
         ]
      },
      "1": {
         "type": 2,
         "values": [
            null,
            null
         ]
      },
      "2": {
         "type": 2,
         "values": [
            1.5,
            4.5
         ]
      },
      "3": {
         "type": 2,
         "values": [
            null,
            9.5
         ]
      },
      "4": {
         "type": 2,
         "values": [
            null,
            4.5
         ]
      },
      "5": {
         "type": 2,
         "values": [
            null,
            2.5
         ]
      },
      "6": {
         "type": 2,
         "values": [
            null,
            1.0
         ]
      },
      "7": {
         "type": 2,
         "values": [
            0.5,
            4.5
         ]
      },
      "8": {
         "type": 1,
         "values": [
            0.5570580959320068,
            0.5842360258102417
         ]
      },
      "9": {
         "type": 1,
         "values": [
            null,
            4.300489902496338
         ]
      },
      "10": {
         "type": 2,
         "values": [
            35.5,
            44.5
         ]
      }
   },
   "counterfactual_sample": [
      48.0,
      0.0,
      2.0,
      9.0,
      3.0,
      0.0,
      0.0,
      2.0,
      0.5620580959320068,
      -0.21637494832950374,
      40.0
   ],
   "counterfactual_distance": 0.004653682911455384,
   "counterfactual_class": 1,
   "valid_": true
}