{
   "found": true,
   "num_iterations": 451863,
   "num_foil": 225882,
   "_observation": [
      23.0,
      0.0,
      4.0,
      2.0,
      1.0,
      2.0,
      11.0,
      2.0,
      -0.1473664551602441,
      -0.21637494832950374,
      40.0
   ],
   "_idx": 569,
   "factual_class": 0,
   "feature_bounds_splits": {
      "0": {
         "type": 2,
         "values": [
            21.5,
            24.5
         ]
      },
      "1": {
         "type": 2,
         "values": [
            null,
            null
         ]
      },
      "2": {
         "type": 2,
         "values": [
            null,
            null
         ]
      },
      "3": {
         "type": 2,
         "values": [
            null,
            null
         ]
      },
      "4": {
         "type": 2,
         "values": [
            null,
            null
         ]
      },
      "5": {
         "type": 2,
         "values": [
            null,
            null
         ]
      },
      "6": {
         "type": 2,
         "values": [
            null,
            null
         ]
      },
      "7": {
         "type": 2,
         "values": [
            null,
            null
         ]
      },
      "8": {
         "type": 1,
         "values": [
            0.5538242757320404,
            0.5570580959320068
         ]
      },
      "9": {
         "type": 1,
         "values": [
            null,
            null
         ]
      },
      "10": {
         "type": 2,
         "values": [
            39.5,
            43.5
         ]
      }
   },
   "splits": [
      [
         8,
         0.3679134249687195,
         false
      ],
      [
         8,
         0.4950648844242096,
         false
      ],
      [
         0,
         29.5,
         true
      ],
      [
         0,
         28.5,
         true
      ],
      [
         8,
         0.9165636599063873,
         true
      ],
      [
         0,
         27.5,
         true
      ],
      [
         0,
         21.5,
         false
      ],
      [
         8,
         0.8260164558887482,
         true
      ],
      [
         8,
         0.5764610543847084,
         true
      ],
      [
         8,
         0.5570580959320068,
         true
      ],
      [
         8,
         0.5538242757320404,
         false
      ],
      [
         10,
         37.5,
         false
      ],
      [
         10,
         39.5,
         false
      ],
      [
         10,
         44.5,
         true
      ],
      [
         10,
         43.5,
         true
      ],
      [
         0,
         24.5,
         true
      ]
   ],
   "remaining_rules": [
      1208,
      2867,
      3306,
      5276,
      6806,
      8662,
      9618,
      11025,
      12880,
      13708
   ],
   "set_rules": [
      1208,
      2867,
      3306,
      5276,
      6806,
      8662,
      9618,
      11025,
      12880,
      13708
   ],
   "foil_estimated_class": [
      1
   ],
   "distance": 0.004632649445721182,
   "extraction_time": 12.096726894378662,
   "feature_bounds": {
      "0": {
         "type": 2,
         "values": [
            20.0,
            24.5
         ]
      },
      "1": {
         "type": 2,
         "values": [
            null,
            0.5
         ]
      },
      "2": {
         "type": 2,
         "values": [
            3.0,
            4.5
         ]
      },
      "3": {
         "type": 2,
         "values": [
            null,
            12.5
         ]
      },
      "4": {
         "type": 2,
         "values": [
            null,
            1.5
         ]
      },
      "5": {
         "type": 2,
         "values": [
            1.0,
            2.5
         ]
      },
      "6": {
         "type": 2,
         "values": [
            8.0,
            null
         ]
      },
      "7": {
         "type": 2,
         "values": [
            0.5,
            2.5
         ]
      },
      "8": {
         "type": 1,
         "values": [
            0.5538242757320404,
            0.5570580959320068
         ]
      },
      "9": {
         "type": 1,
         "values": [
            null,
            4.300489902496338
         ]
      },
      "10": {
         "type": 2,
         "values": [
            39.0,
            43.5
         ]
      }
   },
   "feature_bounds_compact": {
      "0": {
         "type": 2,
         "values": [
            20.0,
            24.5
         ]
      },
      "1": {
         "type": 2,
         "values": [
            null,
            0.5
         ]
      },
      "2": {
         "type": 2,
         "values": [
            3.0,
            4.5
         ]
      },
      "3": {
         "type": 2,
         "values": [
            null,
            12.5
         ]
      },
      "4": {
         "type": 2,
         "values": [
            null,
            1.5
         ]
      },
      "5": {
         "type": 2,
         "values": [
            1.0,
            2.5
         ]
      },
      "6": {
         "type": 2,
         "values": [
            8.0,
            null
         ]
      },
      "7": {
         "type": 2,
         "values": [
            0.5,
            2.5
         ]
      },
      "8": {
         "type": 1,
         "values": [
            0.5538242757320404,
            0.8017971217632294
         ]
      },
      "9": {
         "type": 1,
         "values": [
            null,
            4.300489902496338
         ]
      },
      "10": {
         "type": 2,
         "values": [
            35.5,
            44.5
         ]
      }
   },
   "feature_bounds_compact_count": {
      "0": {
         "type": 2,
         "values": [
            20.0,
            24.5
         ]
      },
      "1": {
         "type": 2,
         "values": [
            null,
            0.5
         ]
      },
      "2": {
         "type": 2,
         "values": [
            3.0,
            4.5
         ]
      },
      "3": {
         "type": 2,
         "values": [
            null,
            12.5
         ]
      },
      "4": {
         "type": 2,
         "values": [
            null,
            1.5
         ]
      },
      "5": {
         "type": 2,
         "values": [
            1.0,
            2.5
         ]
      },
      "6": {
         "type": 2,
         "values": [
            8.0,
            null
         ]
      },
      "7": {
         "type": 2,
         "values": [
            0.5,
            2.5
         ]
      },
      "8": {
         "type": 1,
         "values": [
            0.5538242757320404,
            0.8017971217632294
         ]
      },
      "9": {
         "type": 1,
         "values": [
            null,
            4.300489902496338
         ]
      },
      "10": {
         "type": 2,
         "values": [
            35.5,
            44.5
         ]
      }
   },
   "counterfactual_sample": [
      23.0,
      0.0,
      4.0,
      2.0,
      1.0,
      2.0,
      11.0,
      2.0,
      0.5588242757320404,
      -0.21637494832950374,
      40.0
   ],
   "counterfactual_distance": 0.004632319127669075,
   "counterfactual_class": 1,
   "valid_": true
}