{
   "found": true,
   "num_iterations": 56,
   "num_foil": 8,
   "_observation": [
      33.0,
      1.0,
      3.0,
      9.0,
      3.0,
      2.0,
      3.0,
      0.0,
      -0.1473664551602441,
      -0.21637494832950374,
      84.0
   ],
   "_idx": 574,
   "factual_class": 1,
   "feature_bounds_splits": {
      "0": {
         "type": 2,
         "values": [
            31.5,
            35.5
         ]
      },
      "1": {
         "type": 2,
         "values": [
            null,
            null
         ]
      },
      "2": {
         "type": 2,
         "values": [
            2.5,
            3.5
         ]
      },
      "3": {
         "type": 2,
         "values": [
            7.5,
            13.5
         ]
      },
      "4": {
         "type": 2,
         "values": [
            2.5,
            4.5
         ]
      },
      "5": {
         "type": 2,
         "values": [
            null,
            3.5
         ]
      },
      "6": {
         "type": 2,
         "values": [
            1.5,
            3.5
         ]
      },
      "7": {
         "type": 2,
         "values": [
            null,
            0.5
         ]
      },
      "8": {
         "type": 1,
         "values": [
            0.04728260636329651,
            0.05113568156957626
         ]
      },
      "9": {
         "type": 1,
         "values": [
            null,
            1.32268675416708
         ]
      },
      "10": {
         "type": 2,
         "values": [
            78.5,
            82.5
         ]
      }
   },
   "splits": [
      [
         8,
         1.2561846673488617,
         true
      ],
      [
         8,
         0.34906088560819626,
         true
      ],
      [
         7,
         1.5,
         true
      ],
      [
         7,
         0.5,
         true
      ],
      [
         2,
         3.5,
         true
      ],
      [
         5,
         4.5,
         true
      ],
      [
         5,
         3.5,
         true
      ],
      [
         0,
         30.5,
         false
      ],
      [
         4,
         1.5,
         false
      ],
      [
         4,
         2.5,
         false
      ],
      [
         9,
         4.300489902496338,
         true
      ],
      [
         6,
         8.5,
         true
      ],
      [
         3,
         6.5,
         false
      ],
      [
         3,
         7.5,
         false
      ],
      [
         4,
         6.5,
         true
      ],
      [
         0,
         35.5,
         true
      ],
      [
         10,
         98.5,
         true
      ],
      [
         10,
         89.5,
         true
      ],
      [
         10,
         87.5,
         true
      ],
      [
         10,
         73.5,
         false
      ],
      [
         2,
         2.5,
         false
      ],
      [
         6,
         6.5,
         true
      ],
      [
         6,
         3.5,
         true
      ],
      [
         6,
         1.5,
         false
      ],
      [
         4,
         4.5,
         true
      ],
      [
         8,
         0.26078420132398605,
         true
      ],
      [
         8,
         0.05113568156957626,
         true
      ],
      [
         10,
         78.5,
         false
      ],
      [
         9,
         1.32268675416708,
         true
      ],
      [
         3,
         14.5,
         true
      ],
      [
         3,
         13.5,
         true
      ],
      [
         8,
         0.04728260636329651,
         false
      ],
      [
         0,
         31.5,
         false
      ],
      [
         10,
         82.5,
         true
      ]
   ],
   "remaining_rules": [
      147,
      1655,
      3418,
      4982,
      6227,
      7563,
      9360,
      10384,
      12342,
      14046
   ],
   "set_rules": [
      147,
      1655,
      3418,
      4982,
      6227,
      7563,
      9360,
      10384,
      12342,
      14046
   ],
   "foil_estimated_class": [
      0
   ],
   "distance": 0.003141539864561571,
   "extraction_time": 0.3939170837402344,
   "feature_bounds": {
      "0": {
         "type": 2,
         "values": [
            31.0,
            35.5
         ]
      },
      "1": {
         "type": 2,
         "values": [
            0.5,
            null
         ]
      },
      "2": {
         "type": 2,
         "values": [
            2.5,
            3.5
         ]
      },
      "3": {
         "type": 2,
         "values": [
            8.5,
            9.5
         ]
      },
      "4": {
         "type": 2,
         "values": [
            2.5,
            3.5
         ]
      },
      "5": {
         "type": 2,
         "values": [
            1.5,
            2.5
         ]
      },
      "6": {
         "type": 2,
         "values": [
            2.5,
            3.5
         ]
      },
      "7": {
         "type": 2,
         "values": [
            null,
            0.5
         ]
      },
      "8": {
         "type": 1,
         "values": [
            0.04728260636329651,
            0.26078420132398605
         ]
      },
      "9": {
         "type": 1,
         "values": [
            null,
            1.829182468354702
         ]
      },
      "10": {
         "type": 2,
         "values": [
            77.5,
            82.0
         ]
      }
   },
   "feature_bounds_compact": {
      "0": {
         "type": 2,
         "values": [
            31.0,
            35.5
         ]
      },
      "1": {
         "type": 2,
         "values": [
            0.5,
            null
         ]
      },
      "2": {
         "type": 2,
         "values": [
            2.5,
            3.5
         ]
      },
      "3": {
         "type": 2,
         "values": [
            8.5,
            9.5
         ]
      },
      "4": {
         "type": 2,
         "values": [
            2.5,
            3.5
         ]
      },
      "5": {
         "type": 2,
         "values": [
            1.5,
            2.5
         ]
      },
      "6": {
         "type": 2,
         "values": [
            2.5,
            3.5
         ]
      },
      "7": {
         "type": 2,
         "values": [
            null,
            0.5
         ]
      },
      "8": {
         "type": 1,
         "values": [
            0.04728260636329651,
            0.26078420132398605
         ]
      },
      "9": {
         "type": 1,
         "values": [
            null,
            1.829182468354702
         ]
      },
      "10": {
         "type": 2,
         "values": [
            77.5,
            82.0
         ]
      }
   },
   "feature_bounds_compact_count": {
      "0": {
         "type": 2,
         "values": [
            31.0,
            35.5
         ]
      },
      "1": {
         "type": 2,
         "values": [
            0.5,
            null
         ]
      },
      "2": {
         "type": 2,
         "values": [
            2.5,
            3.5
         ]
      },
      "3": {
         "type": 2,
         "values": [
            8.5,
            9.5
         ]
      },
      "4": {
         "type": 2,
         "values": [
            2.5,
            3.5
         ]
      },
      "5": {
         "type": 2,
         "values": [
            1.5,
            2.5
         ]
      },
      "6": {
         "type": 2,
         "values": [
            2.5,
            3.5
         ]
      },
      "7": {
         "type": 2,
         "values": [
            null,
            0.5
         ]
      },
      "8": {
         "type": 1,
         "values": [
            0.04728260636329651,
            0.26078420132398605
         ]
      },
      "9": {
         "type": 1,
         "values": [
            null,
            1.829182468354702
         ]
      },
      "10": {
         "type": 2,
         "values": [
            77.5,
            82.0
         ]
      }
   },