{
   "found": true,
   "num_iterations": 15428,
   "num_foil": 7686,
   "_observation": [
      20.0,
      0.0,
      2.0,
      10.0,
      4.0,
      4.0,
      6.0,
      3.0,
      -0.1473664551602441,
      -0.21637494832950374,
      40.0
   ],
   "_idx": 301,
   "factual_class": 0,
   "feature_bounds_splits": {
      "0": {
         "type": 2,
         "values": [
            20.5,
            null
         ]
      },
      "1": {
         "type": 2,
         "values": [
            null,
            null
         ]
      },
      "2": {
         "type": 2,
         "values": [
            null,
            null
         ]
      },
      "3": {
         "type": 2,
         "values": [
            null,
            null
         ]
      },
      "4": {
         "type": 2,
         "values": [
            null,
            4.5
         ]
      },
      "5": {
         "type": 2,
         "values": [
            null,
            null
         ]
      },
      "6": {
         "type": 2,
         "values": [
            null,
            8.5
         ]
      },
      "7": {
         "type": 2,
         "values": [
            null,
            null
         ]
      },
      "8": {
         "type": 1,
         "values": [
            0.9165636599063873,
            null
         ]
      },
      "9": {
         "type": 1,
         "values": [
            null,
            null
         ]
      },
      "10": {
         "type": 2,
         "values": [
            null,
            45.5
         ]
      }
   },
   "splits": [
      [
         8,
         0.34906088560819626,
         false
      ],
      [
         8,
         0.3816056028008461,
         false
      ],
      [
         8,
         0.42089320719242096,
         false
      ],
      [
         8,
         0.4233013689517975,
         false
      ],
      [
         8,
         0.4449061155319214,
         false
      ],
      [
         8,
         0.44531891494989395,
         false
      ],
      [
         8,
         0.4950648844242096,
         false
      ],
      [
         8,
         0.4959593564271927,
         false
      ],
      [
         8,
         0.501945361495018,
         false
      ],
      [
         8,
         0.5120597034692764,
         false
      ],
      [
         8,
         0.5538242757320404,
         false
      ],
      [
         8,
         0.7800547480583191,
         false
      ],
      [
         8,
         0.8260164558887482,
         false
      ],
      [
         6,
         8.5,
         true
      ],
      [
         8,
         0.9165636599063873,
         false
      ],
      [
         4,
         4.5,
         true
      ],
      [
         0,
         20.5,
         false
      ],
      [
         10,
         45.5,
         true
      ]
   ],
   "remaining_rules": [
      1273,
      2873,
      3634,
      3635,
      3654,
      5517,
      7273,
      8648,
      9723,
      11109,
      11110,
      11111,
      12903,
      14470
   ],
   "set_rules": [
      1273,
      2873,
      3635,
      5517,
      7273,
      8648,
      9723,
      11109,
      12903,
      14470
   ],
   "foil_estimated_class": [
      1
   ],
   "distance": 0.008274366794229921,
   "extraction_time": 0.5310764312744141,
   "feature_bounds": {
      "0": {
         "type": 2,
         "values": [
            20.0,
            28.5
         ]
      },
      "1": {
         "type": 2,
         "values": [
            null,
            null
         ]
      },
      "2": {
         "type": 2,
         "values": [
            null,
            3.5
         ]
      },
      "3": {
         "type": 2,
         "values": [
            8.5,
            12.5
         ]
      },
      "4": {
         "type": 2,
         "values": [
            null,
            4.5
         ]
      },
      "5": {
         "type": 2,
         "values": [
            2.5,
            4.5
         ]
      },
      "6": {
         "type": 2,
         "values": [
            5.5,
            8.0
         ]
      },
      "7": {
         "type": 2,
         "values": [
            2.5,
            4.5
         ]
      },
      "8": {
         "type": 1,
         "values": [
            0.9165636599063873,
            0.9892904907464981
         ]
      },
      "9": {
         "type": 1,
         "values": [
            null,
            4.300489902496338
         ]
      },
      "10": {
         "type": 2,
         "values": [
            27.5,
            44.5
         ]
      }
   },
   "feature_bounds_compact": {
      "0": {
         "type": 2,
         "values": [
            20.0,
            38.5
         ]
      },
      "1": {
         "type": 2,
         "values": [
            null,
            null
         ]
      },
      "2": {
         "type": 2,
         "values": [
            null,
            3.5
         ]
      },
      "3": {
         "type": 2,
         "values": [
            null,
            12.5
         ]
      },
      "4": {
         "type": 2,
         "values": [
            null,
            4.5
         ]
      },
      "5": {
         "type": 2,
         "values": [
            2.5,
            5.5
         ]
      },
      "6": {
         "type": 2,
         "values": [
            1.0,
            8.0
         ]
      },
      "7": {
         "type": 2,
         "values": [
            0.5,
            4.5
         ]
      },
      "8": {
         "type": 1,
         "values": [
            0.9165636599063873,
            null
         ]
      },
      "9": {
         "type": 1,
         "values": [
            null,
            4.300489902496338
         ]
      },
      "10": {
         "type": 2,
         "values": [
            27.5,
            null
         ]
      }
   },
   "feature_bounds_compact_count": {
      "0": {
         "type": 2,
         "values": [
            20.0,
            38.5
         ]
      },
      "1": {
         "type": 2,
         "values": [
            null,
            null
         ]
      },
      "2": {
         "type": 2,
         "values": [
            null,
            3.5
         ]
      },
      "3": {
         "type": 2,
         "values": [
            null,
            12.5
         ]
      },
      "4": {
         "type": 2,
         "values": [
            null,
            4.5
         ]
      },
      "5": {
         "type": 2,
         "values": [
            2.5,
            5.5
         ]
      },
      "6": {
         "type": 2,
         "values": [
            1.0,
            8.0
         ]
      },
      "7": {
         "type": 2,
         "values": [
            0.5,
            4.5
         ]
      },
      "8": {
         "type": 1,
         "values": [
            0.9165636599063873,
            null
         ]
      },
      "9": {
         "type": 1,
         "values": [
            null,
            4.300489902496338
         ]
      },
      "10": {
         "type": 2,
         "values": [
            27.5,
            null
         ]
      }
   },
   "counterfactual_sample": [
      21.0,
      0.0,
      2.0,
      10.0,
      4.0,
      4.0,
      6.0,
      3.0,
      0.9215636599063873,
      -0.21637494832950374,
      40.0
   ],
   "counterfactual_distance": 0.008274036476177814,
   "counterfactual_class": 1,
   "valid_": true
}