{
   "found": true,
   "num_iterations": 597,
   "num_foil": 277,
   "_observation": [
      22.0,
      0.0,
      2.0,
      13.0,
      5.0,
      4.0,
      0.0,
      3.0,
      -0.1473664551602441,
      -0.21637494832950374,
      25.0
   ],
   "_idx": 217,
   "factual_class": 0,
   "feature_bounds_splits": {
      "0": {
         "type": 2,
         "values": [
            20.5,
            23.5
         ]
      },
      "1": {
         "type": 2,
         "values": [
            null,
            null
         ]
      },
      "2": {
         "type": 2,
         "values": [
            null,
            null
         ]
      },
      "3": {
         "type": 2,
         "values": [
            12.5,
            13.5
         ]
      },
      "4": {
         "type": 2,
         "values": [
            4.5,
            5.5
         ]
      },
      "5": {
         "type": 2,
         "values": [
            null,
            null
         ]
      },
      "6": {
         "type": 2,
         "values": [
            null,
            0.5
         ]
      },
      "7": {
         "type": 2,
         "values": [
            null,
            null
         ]
      },
      "8": {
         "type": 1,
         "values": [
            0.8260164558887482,
            0.9165636599063873
         ]
      },
      "9": {
         "type": 1,
         "values": [
            null,
            null
         ]
      },
      "10": {
         "type": 2,
         "values": [
            null,
            27.5
         ]
      }
   },
   "splits": [
      [
         8,
         0.4038983881473541,
         false
      ],
      [
         8,
         0.44531891494989395,
         false
      ],
      [
         8,
         0.4950648844242096,
         false
      ],
      [
         8,
         0.501945361495018,
         false
      ],
      [
         8,
         0.5538242757320404,
         false
      ],
      [
         8,
         0.7800547480583191,
         false
      ],
      [
         8,
         0.8260164558887482,
         false
      ],
      [
         8,
         0.9165636599063873,
         true
      ],
      [
         4,
         4.5,
         false
      ],
      [
         0,
         20.5,
         false
      ],
      [
         0,
         29.5,
         true
      ],
      [
         4,
         5.5,
         true
      ],
      [
         0,
         26.5,
         true
      ],
      [
         0,
         23.5,
         true
      ],
      [
         3,
         13.5,
         true
      ],
      [
         6,
         0.5,
         true
      ],
      [
         3,
         12.5,
         false
      ],
      [
         10,
         27.5,
         true
      ]
   ],
   "remaining_rules": [
      1318,
      2873,
      4297,
      5587,
      7269,
      8645,
      10041,
      11345,
      13167,
      14648
   ],
   "set_rules": [
      1318,
      2873,
      4297,
      5587,
      7269,
      8645,
      10041,
      11345,
      13167,
      14648
   ],
   "foil_estimated_class": [
      1
   ],
   "distance": 0.006430849260680742,
   "extraction_time": 0.19955182075500488,
   "feature_bounds": {
      "0": {
         "type": 2,
         "values": [
            20.0,
            24.5
         ]
      },
      "1": {
         "type": 2,
         "values": [
            null,
            null
         ]
      },
      "2": {
         "type": 2,
         "values": [
            null,
            null
         ]
      },
      "3": {
         "type": 2,
         "values": [
            12.5,
            13.5
         ]
      },
      "4": {
         "type": 2,
         "values": [
            4.5,
            5.5
         ]
      },
      "5": {
         "type": 2,
         "values": [
            3.5,
            5.5
         ]
      },
      "6": {
         "type": 2,
         "values": [
            null,
            0.5
         ]
      },
      "7": {
         "type": 2,
         "values": [
            1.5,
            3.5
         ]
      },
      "8": {
         "type": 1,
         "values": [
            0.8260164558887482,
            0.9165636599063873
         ]
      },
      "9": {
         "type": 1,
         "values": [
            null,
            4.300489902496338
         ]
      },
      "10": {
         "type": 2,
         "values": [
            null,
            27.5
         ]
      }
   },
   "feature_bounds_compact": {
      "0": {
         "type": 2,
         "values": [
            20.0,
            24.5
         ]
      },
      "1": {
         "type": 2,
         "values": [
            null,
            null
         ]
      },
      "2": {
         "type": 2,
         "values": [
            null,
            null
         ]
      },
      "3": {
         "type": 2,
         "values": [
            12.5,
            13.5
         ]
      },
      "4": {
         "type": 2,
         "values": [
            4.5,
            5.5
         ]
      },
      "5": {
         "type": 2,
         "values": [
            3.5,
            5.5
         ]
      },
      "6": {
         "type": 2,
         "values": [
            null,
            0.5
         ]
      },
      "7": {
         "type": 2,
         "values": [
            0.5,
            3.5
         ]
      },
      "8": {
         "type": 1,
         "values": [
            0.8260164558887482,
            0.9165636599063873
         ]
      },
      "9": {
         "type": 1,
         "values": [
            null,
            4.300489902496338
         ]
      },
      "10": {
         "type": 2,
         "values": [
            null,
            27.5
         ]
      }
   },
   "feature_bounds_compact_count": {
      "0": {
         "type": 2,
         "values": [
            20.0,
            24.5
         ]
      },
      "1": {
         "type": 2,
         "values": [
            null,
            null
         ]
      },
      "2": {
         "type": 2,
         "values": [
            null,
            null
         ]
      },
      "3": {
         "type": 2,
         "values": [
            12.5,
            13.5
         ]
      },
      "4": {
         "type": 2,
         "values": [
            4.5,
            5.5
         ]
      },
      "5": {
         "type": 2,
         "values": [
            3.5,
            5.5
         ]
      },
      "6": {
         "type": 2,
         "values": [
            null,
            0.5
         ]
      },
      "7": {
         "type": 2,
         "values": [
            0.5,
            3.5
         ]
      },
      "8": {
         "type": 1,
         "values": [
            0.8260164558887482,
            0.9165636599063873
         ]
      },
      "9": {
         "type": 1,
         "values": [
            null,
            4.300489902496338
         ]
      },
      "10": {
         "type": 2,
         "values": [
            null,
            27.5
         ]
      }
   },
   "counterfactual_sample": [
      22.0,
      0.0,
      2.0,
      13.0,
      5.0,
      4.0,
      0.0,
      3.0,
      0.8310164558887482,
      -0.21637494832950374,
      25.0
   ],
   "counterfactual_distance": 0.0064305189426286345,
   "counterfactual_class": 1,
   "valid_": true
}