{
   "found": true,
   "num_iterations": 10144,
   "num_foil": 5054,
   "_observation": [
      35.0,
      1.0,
      2.0,
      4.0,
      1.0,
      2.0,
      2.0,
      0.0,
      -0.1473664551602441,
      -0.21637494832950374,
      40.0
   ],
   "_idx": 212,
   "factual_class": 0,
   "feature_bounds_splits": {
      "0": {
         "type": 2,
         "values": [
            34.5,
            38.5
         ]
      },
      "1": {
         "type": 2,
         "values": [
            null,
            null
         ]
      },
      "2": {
         "type": 2,
         "values": [
            null,
            null
         ]
      },
      "3": {
         "type": 2,
         "values": [
            null,
            null
         ]
      },
      "4": {
         "type": 2,
         "values": [
            null,
            null
         ]
      },
      "5": {
         "type": 2,
         "values": [
            1.5,
            2.5
         ]
      },
      "6": {
         "type": 2,
         "values": [
            null,
            null
         ]
      },
      "7": {
         "type": 2,
         "values": [
            null,
            null
         ]
      },
      "8": {
         "type": 1,
         "values": [
            0.5538242757320404,
            0.5570580959320068
         ]
      },
      "9": {
         "type": 1,
         "values": [
            null,
            null
         ]
      },
      "10": {
         "type": 2,
         "values": [
            36.5,
            44.5
         ]
      }
   },
   "splits": [
      [
         8,
         0.3288322389125824,
         false
      ],
      [
         8,
         0.39323362708091736,
         false
      ],
      [
         8,
         0.4233013689517975,
         false
      ],
      [
         8,
         0.43403492867946625,
         false
      ],
      [
         8,
         0.4950648844242096,
         false
      ],
      [
         8,
         0.4993307888507843,
         false
      ],
      [
         8,
         0.5538242757320404,
         false
      ],
      [
         8,
         1.2561846673488617,
         true
      ],
      [
         8,
         0.9165636599063873,
         true
      ],
      [
         5,
         2.5,
         true
      ],
      [
         8,
         0.8472083508968353,
         true
      ],
      [
         8,
         0.8260164558887482,
         true
      ],
      [
         10,
         36.5,
         false
      ],
      [
         0,
         44.5,
         true
      ],
      [
         0,
         40.5,
         true
      ],
      [
         0,
         38.5,
         true
      ],
      [
         5,
         1.5,
         false
      ],
      [
         10,
         44.5,
         true
      ],
      [
         8,
         0.5764610543847084,
         true
      ],
      [
         8,
         0.5570580959320068,
         true
      ],
      [
         0,
         34.5,
         false
      ]
   ],
   "remaining_rules": [
      673,
      1208,
      2867,
      3105,
      3300,
      5272,
      5514,
      5855,
      5858,
      6140,
      6857,
      6966,
      8642,
      8646,
      8809,
      9251,
      9252,
      9257,
      9258,
      9516,
      9666,
      9671,
      11025,
      12880,
      13708
   ],
   "set_rules": [
      673,
      2867,
      3105,
      5272,
      5855,
      8646,
      8809,
      11025,
      12880,
      13708
   ],
   "foil_estimated_class": [
      1
   ],
   "distance": 0.004632649445721182,
   "extraction_time": 0.32918882369995117,
   "feature_bounds": {
      "0": {
         "type": 2,
         "values": [
            30.5,
            39.5
         ]
      },
      "1": {
         "type": 2,
         "values": [
            0.5,
            null
         ]
      },
      "2": {
         "type": 2,
         "values": [
            null,
            3.5
         ]
      },
      "3": {
         "type": 2,
         "values": [
            null,
            12.5
         ]
      },
      "4": {
         "type": 2,
         "values": [
            null,
            2.5
         ]
      },
      "5": {
         "type": 2,
         "values": [
            1.0,
            2.5
         ]
      },
      "6": {
         "type": 2,
         "values": [
            1.0,
            2.5
         ]
      },
      "7": {
         "type": 2,
         "values": [
            null,
            0.5
         ]
      },
      "8": {
         "type": 1,
         "values": [
            0.5538242757320404,
            0.5570580959320068
         ]
      },
      "9": {
         "type": 1,
         "values": [
            null,
            4.300489902496338
         ]
      },
      "10": {
         "type": 2,
         "values": [
            35.5,
            41.5
         ]
      }
   },
   "feature_bounds_compact": {
      "0": {
         "type": 2,
         "values": [
            20.0,
            62.5
         ]
      },
      "1": {
         "type": 2,
         "values": [
            null,
            null
         ]
      },
      "2": {
         "type": 2,
         "values": [
            null,
            4.5
         ]
      },
      "3": {
         "type": 2,
         "values": [
            null,
            12.5
         ]
      },
      "4": {
         "type": 2,
         "values": [
            null,
            4.5
         ]
      },
      "5": {
         "type": 2,
         "values": [
            1.0,
            2.5
         ]
      },
      "6": {
         "type": 2,
         "values": [
            1.0,
            8.0
         ]
      },
      "7": {
         "type": 2,
         "values": [
            null,
            0.5
         ]
      },
      "8": {
         "type": 1,
         "values": [
            0.5538242757320404,
            0.7567987143993378
         ]
      },
      "9": {
         "type": 1,
         "values": [
            null,
            4.300489902496338
         ]
      },
      "10": {
         "type": 2,
         "values": [
            35.5,
            null
         ]
      }
   },
   "feature_bounds_compact_count": {
      "0": {
         "type": 2,
         "values": [
            30.5,
            62.5
         ]
      },
      "1": {
         "type": 2,
         "values": [
            null,
            null
         ]
      },
      "2": {
         "type": 2,
         "values": [
            null,
            3.5
         ]
      },
      "3": {
         "type": 2,
         "values": [
            null,
            12.5
         ]
      },
      "4": {
         "type": 2,
         "values": [
            null,
            4.5
         ]
      },
      "5": {
         "type": 2,
         "values": [
            1.0,
            2.5
         ]
      },
      "6": {
         "type": 2,
         "values": [
            null,
            8.0
         ]
      },
      "7": {
         "type": 2,
         "values": [
            null,
            0.5
         ]
      },
      "8": {
         "type": 1,
         "values": [
            0.5538242757320404,
            0.8260164558887482
         ]
      },
      "9": {
         "type": 1,
         "values": [
            null,
            null
         ]
      },
      "10": {
         "type": 2,
         "values": [
            35.5,
            44.5
         ]
      }
   },
   "counterfactual_sample": [
      35.0,
      1.0,
      2.0,
      4.0,
      1.0,
      2.0,
      2.0,
      0.0,
      0.5588242757320404,
      -0.21637494832950374,
      40.0
   ],
   "counterfactual_distance": 0.004632319127669075,
   "counterfactual_class": 1,
   "valid_": true
}