{
   "found": true,
   "num_iterations": 133309,
   "num_foil": 66631,
   "_observation": [
      17.0,
      0.0,
      2.0,
      9.0,
      3.0,
      4.0,
      0.0,
      3.0,
      -0.1473664551602441,
      -0.21637494832950374,
      20.0
   ],
   "_idx": 537,
   "factual_class": 0,
   "feature_bounds_splits": {
      "0": {
         "type": 2,
         "values": [
            20.5,
            null
         ]
      },
      "1": {
         "type": 2,
         "values": [
            null,
            null
         ]
      },
      "2": {
         "type": 2,
         "values": [
            null,
            null
         ]
      },
      "3": {
         "type": 2,
         "values": [
            null,
            null
         ]
      },
      "4": {
         "type": 2,
         "values": [
            null,
            4.5
         ]
      },
      "5": {
         "type": 2,
         "values": [
            2.5,
            null
         ]
      },
      "6": {
         "type": 2,
         "values": [
            null,
            null
         ]
      },
      "7": {
         "type": 2,
         "values": [
            null,
            null
         ]
      },
      "8": {
         "type": 1,
         "values": [
            0.9165636599063873,
            null
         ]
      },
      "9": {
         "type": 1,
         "values": [
            null,
            null
         ]
      },
      "10": {
         "type": 2,
         "values": [
            null,
            null
         ]
      }
   },
   "splits": [
      [
         8,
         0.15441183000802994,
         false
      ],
      [
         8,
         0.18200258165597916,
         false
      ],
      [
         8,
         0.3288322389125824,
         false
      ],
      [
         8,
         0.3816056028008461,
         false
      ],
      [
         8,
         0.4038983881473541,
         false
      ],
      [
         8,
         0.40720102190971375,
         false
      ],
      [
         8,
         0.4233013689517975,
         false
      ],
      [
         8,
         0.43403492867946625,
         false
      ],
      [
         8,
         0.4449061155319214,
         false
      ],
      [
         8,
         0.44531891494989395,
         false
      ],
      [
         8,
         0.49217505753040314,
         false
      ],
      [
         8,
         0.4950648844242096,
         false
      ],
      [
         8,
         0.4959593564271927,
         false
      ],
      [
         8,
         0.501945361495018,
         false
      ],
      [
         8,
         0.5120597034692764,
         false
      ],
      [
         8,
         0.5538242757320404,
         false
      ],
      [
         8,
         0.7800547480583191,
         false
      ],
      [
         8,
         0.8017971217632294,
         false
      ],
      [
         8,
         0.820374459028244,
         false
      ],
      [
         8,
         0.8260164558887482,
         false
      ],
      [
         5,
         2.5,
         false
      ],
      [
         8,
         0.9165636599063873,
         false
      ],
      [
         4,
         4.5,
         true
      ],
      [
         0,
         20.5,
         false
      ]
   ],
   "remaining_rules": [
      1273,
      2873,
      3632,
      3634,
      3638,
      3639,
      3662,
      3663,
      3664,
      3665,
      5517,
      7267,
      7269,
      7273,
      8642,
      8644,
      8645,
      8648,
      9723,
      11028,
      11029,
      11032,
      11109,
      11110,
      11111,
      12902,
      12903,
      12953,
      12974,
      12977,
      12982,
      14470
   ],
   "set_rules": [
      1273,
      2873,
      3634,
      5517,
      7267,
      8644,
      9723,
      11109,
      12903,
      14470
   ],
   "foil_estimated_class": [
      1
   ],
   "distance": 0.012010356831589823,
   "extraction_time": 4.71619176864624,
   "feature_bounds": {
      "0": {
         "type": 2,
         "values": [
            20.0,
            28.5
         ]
      },
      "1": {
         "type": 2,
         "values": [
            null,
            null
         ]
      },
      "2": {
         "type": 2,
         "values": [
            1.5,
            3.5
         ]
      },
      "3": {
         "type": 2,
         "values": [
            8.5,
            10.5
         ]
      },
      "4": {
         "type": 2,
         "values": [
            null,
            4.5
         ]
      },
      "5": {
         "type": 2,
         "values": [
            3.0,
            4.5
         ]
      },
      "6": {
         "type": 2,
         "values": [
            null,
            1.0
         ]
      },
      "7": {
         "type": 2,
         "values": [
            2.5,
            4.5
         ]
      },
      "8": {
         "type": 1,
         "values": [
            0.9165636599063873,
            0.9892904907464981
         ]
      },
      "9": {
         "type": 1,
         "values": [
            null,
            4.300489902496338
         ]
      },
      "10": {
         "type": 2,
         "values": [
            null,
            27.5
         ]
      }
   },
   "feature_bounds_compact": {
      "0": {
         "type": 2,
         "values": [
            20.0,
            38.5
         ]
      },
      "1": {
         "type": 2,
         "values": [
            null,
            null
         ]
      },
      "2": {
         "type": 2,
         "values": [
            null,
            null
         ]
      },
      "3": {
         "type": 2,
         "values": [
            null,
            11.5
         ]
      },
      "4": {
         "type": 2,
         "values": [
            null,
            4.5
         ]
      },
      "5": {
         "type": 2,
         "values": [
            2.5,
            5.5
         ]
      },
      "6": {
         "type": 2,
         "values": [
            null,
            5.5
         ]
      },
      "7": {
         "type": 2,
         "values": [
            0.5,
            4.5
         ]
      },
      "8": {
         "type": 1,
         "values": [
            0.9165636599063873,
            4.113239407539368
         ]
      },
      "9": {
         "type": 1,
         "values": [
            null,
            null
         ]
      },
      "10": {
         "type": 2,
         "values": [
            null,
            27.5
         ]
      }
   },
   "feature_bounds_compact_count": {
      "0": {
         "type": 2,
         "values": [
            20.0,
            38.5
         ]
      },
      "1": {
         "type": 2,
         "values": [
            null,
            null
         ]
      },
      "2": {
         "type": 2,
         "values": [
            null,
            null
         ]
      },
      "3": {
         "type": 2,
         "values": [
            null,
            11.5
         ]
      },
      "4": {
         "type": 2,
         "values": [
            null,
            4.5
         ]
      },
      "5": {
         "type": 2,
         "values": [
            2.5,
            5.5
         ]
      },
      "6": {
         "type": 2,
         "values": [
            null,
            5.5
         ]
      },
      "7": {
         "type": 2,
         "values": [
            0.5,
            4.5
         ]
      },
      "8": {
         "type": 1,
         "values": [
            0.9165636599063873,
            4.113239407539368
         ]
      },
      "9": {
         "type": 1,
         "values": [
            null,
            null
         ]
      },
      "10": {
         "type": 2,
         "values": [
            null,
            27.5
         ]
      }
   },
   "counterfactual_sample": [
      21.0,
      0.0,
      2.0,
      9.0,
      3.0,
      4.0,
      0.0,
      3.0,
      0.9215636599063873,
      -0.21637494832950374,
      20.0
   ],
   "counterfactual_distance": 0.012010026513537714,