{
   "found": true,
   "num_iterations": 10,
   "num_foil": 2,
   "_observation": [
      46.0,
      0.0,
      2.0,
      16.0,
      7.0,
      2.0,
      3.0,
      0.0,
      1.920083130816859,
      -0.21637494832950374,
      60.0
   ],
   "_idx": 51,
   "factual_class": 1,
   "feature_bounds_splits": {
      "0": {
         "type": 2,
         "values": [
            null,
            null
         ]
      },
      "1": {
         "type": 2,
         "values": [
            null,
            null
         ]
      },
      "2": {
         "type": 2,
         "values": [
            null,
            null
         ]
      },
      "3": {
         "type": 2,
         "values": [
            null,
            null
         ]
      },
      "4": {
         "type": 2,
         "values": [
            null,
            null
         ]
      },
      "5": {
         "type": 2,
         "values": [
            null,
            null
         ]
      },
      "6": {
         "type": 2,
         "values": [
            null,
            null
         ]
      },
      "7": {
         "type": 2,
         "values": [
            null,
            null
         ]
      },
      "8": {
         "type": 1,
         "values": [
            0.34906088560819626,
            0.5538242757320404
         ]
      },
      "9": {
         "type": 1,
         "values": [
            null,
            null
         ]
      },
      "10": {
         "type": 2,
         "values": [
            59.5,
            60.5
         ]
      }
   },
   "splits": [
      [
         8,
         0.8350986838340759,
         true
      ],
      [
         8,
         0.8260164558887482,
         true
      ],
      [
         8,
         0.5538242757320404,
         true
      ],
      [
         8,
         0.34906088560819626,
         false
      ],
      [
         10,
         60.5,
         true
      ],
      [
         10,
         59.5,
         false
      ]
   ],
   "remaining_rules": [
      909,
      2458,
      2461,
      4216,
      4217,
      5265,
      5266,
      6335,
      8340,
      9387,
      11538,
      12859,
      12863,
      14387,
      14393
   ],
   "set_rules": [
      909,
      2461,
      4217,
      5265,
      6335,
      8340,
      9387,
      11538,
      12859,
      14393
   ],
   "foil_estimated_class": [
      0
   ],
   "distance": 0.009026329591748861,
   "extraction_time": 0.3888239860534668,
   "feature_bounds": {
      "0": {
         "type": 2,
         "values": [
            41.0,
            47.5
         ]
      },
      "1": {
         "type": 2,
         "values": [
            null,
            0.5
         ]
      },
      "2": {
         "type": 2,
         "values": [
            1.0,
            2.5
         ]
      },
      "3": {
         "type": 2,
         "values": [
            15.5,
            null
         ]
      },
      "4": {
         "type": 2,
         "values": [
            6.5,
            8.5
         ]
      },
      "5": {
         "type": 2,
         "values": [
            0.5,
            2.5
         ]
      },
      "6": {
         "type": 2,
         "values": [
            2.5,
            3.5
         ]
      },
      "7": {
         "type": 2,
         "values": [
            null,
            0.5
         ]
      },
      "8": {
         "type": 1,
         "values": [
            0.5203851014375687,
            0.5538242757320404
         ]
      },
      "9": {
         "type": 1,
         "values": [
            null,
            2.0922176465392113
         ]
      },
      "10": {
         "type": 2,
         "values": [
            59.0,
            61.5
         ]
      }
   },
   "feature_bounds_compact": {
      "0": {
         "type": 2,
         "values": [
            37.0,
            47.5
         ]
      },
      "1": {
         "type": 2,
         "values": [
            null,
            null
         ]
      },
      "2": {
         "type": 2,
         "values": [
            1.0,
            2.5
         ]
      },
      "3": {
         "type": 2,
         "values": [
            15.5,
            null
         ]
      },
      "4": {
         "type": 2,
         "values": [
            4.5,
            null
         ]
      },
      "5": {
         "type": 2,
         "values": [
            null,
            2.5
         ]
      },
      "6": {
         "type": 2,
         "values": [
            2.5,
            4.5
         ]
      },
      "7": {
         "type": 2,
         "values": [
            null,
            0.5
         ]
      },
      "8": {
         "type": 1,
         "values": [
            0.4645843058824539,
            0.5538242757320404
         ]
      },
      "9": {
         "type": 1,
         "values": [
            null,
            2.0922176465392113
         ]
      },
      "10": {
         "type": 2,
         "values": [
            59.0,
            61.5
         ]
      }
   },
   "feature_bounds_compact_count": {
      "0": {
         "type": 2,
         "values": [
            37.0,
            47.5
         ]
      },
      "1": {
         "type": 2,
         "values": [
            null,
            null
         ]
      },
      "2": {
         "type": 2,
         "values": [
            1.0,
            2.5
         ]
      },
      "3": {
         "type": 2,
         "values": [
            15.5,
            null
         ]
      },
      "4": {
         "type": 2,
         "values": [
            4.5,
            null
         ]
      },
      "5": {
         "type": 2,
         "values": [
            null,
            2.5
         ]
      },
      "6": {
         "type": 2,
         "values": [
            2.5,
            4.5
         ]
      },
      "7": {
         "type": 2,
         "values": [
            null,
            0.5
         ]
      },
      "8": {
         "type": 1,
         "values": [
            0.4645843058824539,
            0.5538242757320404
         ]
      },
      "9": {
         "type": 1,
         "values": [
            null,
            2.0922176465392113
         ]
      },
      "10": {
         "type": 2,
         "values": [
            59.0,
            61.5
         ]
      }
   },
   "counterfactual_sample": [
      46.0,
      0.0,
      2.0,
      16.0,
      7.0,
      2.0,
      3.0,
      0.0,
      0.5488242757320404,
      -0.21637494832950374,
      60.0
   ],
   "counterfactual_distance": 0.009025999273696754,
   "counterfactual_class": 0,
   "valid_": true
}