{
   "factual_sample": {
      "Temperature": -0.4221279270719343,
      "Humidity": 0.2200240030733412,
      "Light": -0.7724036570242273,
      "CO2": -0.4165936601066407,
      "HumidityRatio": -0.07906776195974285,
      "y": 1
   },
   "counterfactual_sample": {
      "Temperature": -0.5534724407780031,
      "Humidity": 0.00454082577763959,
      "Light": 0.9584611900044832,
      "CO2": -0.20899134968331265,
      "HumidityRatio": -0.2651784248487609,
      "y": 0
   },
   "counterfactual_found": true,
   "counterfactual_plausible": true,
   "counterfactual_distance": 0.0920608395675647,
   "counterfactual_time": 0.3401210308074951,
   "counterfactual_class": 0,
   "factual_class": 1,
   "valid_": true
}