{
   "found": true,
   "num_iterations": 249,
   "num_foil": 91,
   "_observation": [
      0.0,
      0.2165907515924977,
      0.07174130798143838,
      -0.10799086572910817,
      -0.02904605130286883,
      0.30473828602506825,
      0.044765890856820686,
      -0.4586011303793638
   ],
   "_idx": 109,
   "factual_class": 1,
   "feature_bounds_splits": {
      "0": {
         "type": 2,
         "values": [
            null,
            null
         ]
      },
      "1": {
         "type": 1,
         "values": [
            0.15413163602352142,
            null
         ]
      },
      "2": {
         "type": 1,
         "values": [
            null,
            0.1473248191177845
         ]
      },
      "3": {
         "type": 1,
         "values": [
            0.19089453667402267,
            0.7886653542518616
         ]
      },
      "4": {
         "type": 1,
         "values": [
            -0.3160974383354187,
            -0.02190800616517663
         ]
      },
      "5": {
         "type": 1,
         "values": [
            0.2653125673532486,
            0.3374053090810776
         ]
      },
      "6": {
         "type": 1,
         "values": [
            -0.6075996458530426,
            0.04248489160090685
         ]
      },
      "7": {
         "type": 1,
         "values": [
            -1.2291527390480042,
            -0.35262784361839294
         ]
      }
   },
   "splits": [
      [
         4,
         -0.5154528617858887,
         false
      ],
      [
         7,
         -1.2291527390480042,
         false
      ],
      [
         3,
         0.9082195162773132,
         true
      ],
      [
         3,
         0.8484424352645874,
         true
      ],
      [
         5,
         0.79812291264534,
         true
      ],
      [
         5,
         0.6437994241714478,
         true
      ],
      [
         3,
         0.7886653542518616,
         true
      ],
      [
         5,
         -0.3790162205696106,
         false
      ],
      [
         4,
         -0.4012441188097,
         false
      ],
      [
         4,
         -0.3971652388572693,
         false
      ],
      [
         2,
         0.6512149274349213,
         true
      ],
      [
         5,
         -0.37000463902950287,
         false
      ],
      [
         4,
         -0.3645341843366623,
         false
      ],
      [
         5,
         -0.351981446146965,
         false
      ],
      [
         5,
         -0.26637132465839386,
         false
      ],
      [
         5,
         -0.2607390806078911,
         false
      ],
      [
         5,
         -0.25398039072752,
         false
      ],
      [
         5,
         -0.22807206958532333,
         false
      ],
      [
         4,
         -0.3640243262052536,
         false
      ],
      [
         5,
         -0.22131337225437164,
         false
      ],
      [
         5,
         -0.21455467492341995,
         false
      ],
      [
         4,
         -0.363004595041275,
         false
      ],
      [
         5,
         -0.20216374099254608,
         false
      ],
      [
         4,
         -0.34566935151815414,
         false
      ],
      [
         4,
         -0.3426101803779602,
         false
      ],
      [
         4,
         -0.3160974383354187,
         false
      ],
      [
         7,
         -0.35262784361839294,
         true
      ],
      [
         1,
         0.15413163602352142,
         false
      ],
      [
         5,
         0.2653125673532486,
         false
      ],
      [
         2,
         0.1473248191177845,
         true
      ],
      [
         6,
         -0.6075996458530426,
         false
      ],
      [
         3,
         -0.46665334701538086,
         false
      ],
      [
         3,
         -0.40687626972794533,
         false
      ],
      [
         3,
         -0.28732210770249367,
         false
      ],
      [
         3,
         -0.28732210397720337,
         false
      ],
      [
         3,
         0.071340371388942,
         false
      ],
      [
         5,
         0.3374053090810776,
         true
      ],
      [
         3,
         0.19089453667402267,
         false
      ],
      [
         6,
         0.04248489160090685,
         true
      ],
      [
         4,
         -0.02190800616517663,
         true
      ]
   ],
   "remaining_rules": [
      261,
      886,
      1476,
      2039,
      2670,
      3072,
      3823,
      4326,
      4971,
      5609
   ],
   "set_rules": [
      261,
      886,
      1476,
      2039,
      2670,
      3072,
      3823,
      4326,
      4971,
      5609
   ],
   "foil_estimated_class": [
      0
   ],
   "distance": 0.0014250221132022895,
   "extraction_time": 0.08104729652404785,
   "feature_bounds": {
      "0": {
         "type": 2,
         "values": [
            null,
            0.5
         ]
      },
      "1": {
         "type": 1,
         "values": [
            -0.012426030822098255,
            0.34150898456573486
         ]
      },
      "2": {
         "type": 1,
         "values": [
            -0.45734329521656036,
            0.09693581238389015
         ]
      },
      "3": {
         "type": 1,
         "values": [
            0.19089453667402267,
            0.31044870615005493
         ]
      },
      "4": {
         "type": 1,
         "values": [
            -0.03873339854180813,
            -0.02190800616517663
         ]
      },
      "5": {
         "type": 1,
         "values": [
            0.18646114319562912,
            0.3374053090810776
         ]
      },
      "6": {
         "type": 1,
         "values": [
            0.019674908369779587,
            0.04248489160090685
         ]
      },
      "7": {
         "type": 1,
         "values": [
            -0.48195117712020874,
            -0.4460280239582062
         ]
      }
   },
   "feature_bounds_compact": {
      "0": {
         "type": 2,
         "values": [
            null,
            0.5
         ]
      },
      "1": {
         "type": 1,
         "values": [
            -0.012426030822098255,
            0.34150898456573486
         ]
      },
      "2": {
         "type": 1,
         "values": [
            -0.45734329521656036,
            0.09693581238389015
         ]
      },
      "3": {
         "type": 1,
         "values": [
            0.19089453667402267,
            0.31044870615005493
         ]
      },
      "4": {
         "type": 1,
         "values": [
            -0.03873339854180813,
            -0.02190800616517663
         ]
      },
      "5": {
         "type": 1,
         "values": [
            0.18646114319562912,
            0.3374053090810776
         ]
      },
      "6": {
         "type": 1,
         "values": [
            0.019674908369779587,
            0.04248489160090685
         ]
      },
      "7": {
         "type": 1,
         "values": [
            -0.48195117712020874,
            -0.4460280239582062
         ]
      }
   },
   "feature_bounds_compact_count": {
      "0": {
         "type": 2,
         "values": [
            null,
            0.5
         ]
      },
      "1": {
         "type": 1,
         "values": [
            -0.012426030822098255,
            0.34150898456573486
         ]
      },
      "2": {
         "type": 1,
         "values": [
            -0.45734329521656036,
            0.09693581238389015
         ]
      },
      "3": {
         "type": 1,
         "values": [
            0.19089453667402267,
            0.31044870615005493
         ]
      },
      "4": {
         "type": 1,
         "values": [
            -0.03873339854180813,
            -0.02190800616517663
         ]
      },
      "5": {
         "type": 1,
         "values": [
            0.18646114319562912,
            0.3374053090810776
         ]
      },
      "6": {
         "type": 1,