{
   "found": true,
   "num_iterations": 3997,
   "num_foil": 1959,
   "_observation": [
      2.0,
      1.4241337861878876,
      1.2306885417269942,
      0.2506716146449868,
      1.3220839555639778,
      1.2532083029912813,
      1.1122731493103184,
      1.3734796095708048
   ],
   "_idx": 329,
   "factual_class": 0,
   "feature_bounds_splits": {
      "0": {
         "type": 2,
         "values": [
            null,
            null
         ]
      },
      "1": {
         "type": 1,
         "values": [
            1.29921555519104,
            null
         ]
      },
      "2": {
         "type": 1,
         "values": [
            1.2306885123252869,
            1.2810775637626648
         ]
      },
      "3": {
         "type": 1,
         "values": [
            null,
            0.7288882732391357
         ]
      },
      "4": {
         "type": 1,
         "values": [
            1.241016149520874,
            1.2721176743507385
         ]
      },
      "5": {
         "type": 1,
         "values": [
            1.1687245965003967,
            1.2284263968467712
         ]
      },
      "6": {
         "type": 1,
         "values": [
            0.5169325470924377,
            1.1099921464920044
         ]
      },
      "7": {
         "type": 1,
         "values": [
            0.6675896942615509,
            1.3429449200630188
         ]
      }
   },
   "splits": [
      [
         4,
         1.8370429277420044,
         true
      ],
      [
         6,
         0.46903158724308014,
         false
      ],
      [
         6,
         0.5169325470924377,
         false
      ],
      [
         3,
         1.6255444884300232,
         true
      ],
      [
         3,
         1.5657674074172974,
         true
      ],
      [
         3,
         1.5059903264045715,
         true
      ],
      [
         4,
         1.7682117819786072,
         true
      ],
      [
         4,
         1.713656723499298,
         true
      ],
      [
         2,
         1.5582171082496643,
         true
      ],
      [
         4,
         1.5994479656219482,
         true
      ],
      [
         1,
         0.5497060716152191,
         false
      ],
      [
         4,
         1.5076731443405151,
         true
      ],
      [
         4,
         1.3995827436447144,
         true
      ],
      [
         4,
         1.387346088886261,
         true
      ],
      [
         4,
         1.3776587843894958,
         true
      ],
      [
         4,
         1.3613432049751282,
         true
      ],
      [
         3,
         1.2071049213409424,
         true
      ],
      [
         3,
         1.1473278403282166,
         true
      ],
      [
         3,
         0.9082195162773132,
         true
      ],
      [
         3,
         0.7886653542518616,
         true
      ],
      [
         7,
         1.508191466331482,
         true
      ],
      [
         7,
         1.472268283367157,
         true
      ],
      [
         7,
         1.4435297846794128,
         true
      ],
      [
         7,
         1.4309566617012024,
         true
      ],
      [
         1,
         1.0077396631240845,
         false
      ],
      [
         6,
         1.634621798992157,
         true
      ],
      [
         2,
         1.5078280568122864,
         true
      ],
      [
         2,
         1.4826335906982422,
         true
      ],
      [
         1,
         1.028559386730194,
         false
      ],
      [
         3,
         0.7288882732391357,
         true
      ],
      [
         1,
         1.1326578855514526,
         false
      ],
      [
         7,
         0.5741894841194153,
         false
      ],
      [
         7,
         0.6119087934494019,
         false
      ],
      [
         1,
         1.1534775495529175,
         false
      ],
      [
         2,
         1.2810775637626648,
         true
      ],
      [
         2,
         1.2306885123252869,
         false
      ],
      [
         5,
         0.7913642227649689,
         false
      ],
      [
         1,
         1.1534776091575623,
         false
      ],
      [
         1,
         1.174297273159027,
         false
      ],
      [
         1,
         1.1951169967651367,
         false
      ],
      [
         7,
         0.6550165712833405,
         false
      ],
      [
         5,
         0.8882388472557068,
         false
      ],
      [
         5,
         1.0166540145874023,
         false
      ],
      [
         5,
         1.0245391428470612,
         false
      ],
      [
         1,
         1.2159367203712463,
         false
      ],
      [
         7,
         0.6675896942615509,
         false
      ],
      [
         4,
         1.3261628150939941,
         true
      ],
      [
         4,
         1.134965181350708,
         false
      ],
      [
         5,
         1.1045170426368713,
         false
      ],
      [
         5,
         1.1124022006988525,
         false
      ],
      [
         5,
         1.152954339981079,
         false
      ],
      [
         5,
         1.1630923748016357,
         false
      ],
      [
         5,
         1.1687245965003967,
         false
      ],
      [
         5,
         1.4424517750740051,
         true
      ],
      [
         6,
         1.5547868609428406,
         true
      ],
      [
         4,
         1.3113768696784973,
         true
      ],
      [
         7,
         1.3842566013336182,
         true
      ],
      [
         7,
         1.3752757906913757,
         true
      ],
      [
         7,
         1.3537219166755676,
         true
      ],
      [
         1,
         1.2367563843727112,
         false
      ],
      [
         1,
         1.29921555519104,
         false
      ],
      [
         5,
         1.2363116145133972,
         true
      ],
      [
         5,
         1.2318057417869568,
         true
      ],
      [
         4,
         1.306788146495819,
         true
      ],
      [
         4,
         1.2094047665596008,
         false
      ],
      [
         4,
         1.2976106405258179,
         true
      ],
      [
         4,
         1.241016149520874,
         false
      ],
      [
         4,
         1.287923276424408,
         true
      ],
      [
         4,
         1.281295120716095,
         true
      ],
      [
         5,
         1.2284263968467712,
         true
      ],
      [
         4,
         1.2721176743507385,
         true
      ],
      [
         6,
         1.1099921464920044,
         true
      ],
      [
         7,
         1.3429449200630188,
         true
      ]
   ],
   "remaining_rules": [
      558,
      1123,
      1713,
      2323,
      2917,
      3518,
      4114,
      4723,
      5304,
      5793
   ],
   "set_rules": [
      558,
      1123,
      1713,
      2323,
      2917,
      3518,
      4114,
      4723,
      5304,
      5793
   ],
   "foil_estimated_class": [
      1
   ],
   "distance": 0.002121316616954198,
   "extraction_time": 0.10840582847595215,
   "feature_bounds": {
      "0": {
         "type": 2,
         "values": [
            1.5,
            null
         ]
      },
      "1": {
         "type": 1,
         "values": [
            1.4033140540122986,
            1.6115111708641052
         ]
      },
      "2": {
         "type": 1,
         "values": [
            1.1551049947738647,
            1.4826335906982422
         ]
      },
      "3": {
         "type": 1,
         "values": [
            -0.28732210397720337,
            0.4300028681755066
         ]
      },
      "4": {
         "type": 1,
         "values": [
            1.2456048727035522,
            1.2721176743507385
         ]
      },
      "5": {
         "type": 1,
         "values": [
            1.172104001045227,
            1.2284263968467712
         ]
      },
      "6": {
         "type": 1,