{
   "found": true,
   "num_iterations": 2114,
   "num_foil": 1017,
   "_observation": [
      0.0,
      0.6329849014529767,
      0.9283544807498924,
      0.4897799348943839,
      0.5980822160353283,
      0.6764664399429424,
      0.6880074440275181,
      0.504139336888568
   ],
   "_idx": 372,
   "factual_class": 0,
   "feature_bounds_splits": {
      "0": {
         "type": 2,
         "values": [
            null,
            null
         ]
      },
      "1": {
         "type": 1,
         "values": [
            null,
            0.6746242940425873
         ]
      },
      "2": {
         "type": 1,
         "values": [
            0.8023819625377655,
            0.8527709543704987
         ]
      },
      "3": {
         "type": 1,
         "values": [
            0.37022578716278076,
            0.5495570302009583
         ]
      },
      "4": {
         "type": 1,
         "values": [
            0.585845559835434,
            0.5991019308567047
         ]
      },
      "5": {
         "type": 1,
         "values": [
            0.6584432721138,
            null
         ]
      },
      "6": {
         "type": 1,
         "values": [
            0.6401064991950989,
            1.0073472261428833
         ]
      },
      "7": {
         "type": 1,
         "values": [
            0.49695470929145813,
            0.5113239586353302
         ]
      }
   },
   "splits": [
      [
         7,
         1.0322096943855286,
         true
      ],
      [
         7,
         0.9441979229450226,
         true
      ],
      [
         7,
         0.895701676607132,
         true
      ],
      [
         7,
         0.8597785532474518,
         true
      ],
      [
         3,
         -0.6459845900535583,
         false
      ],
      [
         3,
         -0.28732210397720337,
         false
      ],
      [
         7,
         0.8525938987731934,
         true
      ],
      [
         7,
         0.6622012257575989,
         true
      ],
      [
         3,
         1.0875507593154907,
         true
      ],
      [
         3,
         1.027773678302765,
         true
      ],
      [
         7,
         0.6604050695896149,
         true
      ],
      [
         7,
         0.6370550096035004,
         true
      ],
      [
         7,
         0.63346266746521,
         true
      ],
      [
         7,
         0.042526837438344955,
         false
      ],
      [
         7,
         0.6119087934494019,
         true
      ],
      [
         7,
         0.06946920230984688,
         false
      ],
      [
         7,
         0.07306151470402256,
         false
      ],
      [
         7,
         0.07844998501241207,
         false
      ],
      [
         5,
         0.3171292394399643,
         false
      ],
      [
         5,
         0.3261408060789108,
         false
      ],
      [
         7,
         0.5113239735364914,
         true
      ],
      [
         7,
         0.5113239586353302,
         true
      ],
      [
         3,
         -0.167767945677042,
         false
      ],
      [
         7,
         0.49695470929145813,
         false
      ],
      [
         5,
         0.35655494034290314,
         false
      ],
      [
         5,
         0.3610607385635376,
         false
      ],
      [
         4,
         0.7607277035713196,
         true
      ],
      [
         3,
         0.9679965972900391,
         true
      ],
      [
         3,
         0.9082195162773132,
         true
      ],
      [
         3,
         0.7288882732391357,
         true
      ],
      [
         3,
         0.6691111922264099,
         true
      ],
      [
         2,
         1.2810775637626648,
         true
      ],
      [
         5,
         0.3959806561470032,
         false
      ],
      [
         5,
         0.40273934602737427,
         false
      ],
      [
         5,
         0.42188897728919983,
         false
      ],
      [
         5,
         0.44441795349121094,
         false
      ],
      [
         5,
         0.48834946751594543,
         false
      ],
      [
         5,
         0.49736106395721436,
         false
      ],
      [
         5,
         0.5029933154582977,
         false
      ],
      [
         1,
         0.8411819636821747,
         true
      ],
      [
         5,
         0.5052462071180344,
         false
      ],
      [
         2,
         1.1551049947738647,
         true
      ],
      [
         2,
         1.003937989473343,
         true
      ],
      [
         2,
         0.9787434935569763,
         true
      ],
      [
         2,
         0.9535489976406097,
         true
      ],
      [
         2,
         0.9031599760055542,
         true
      ],
      [
         6,
         0.6401064991950989,
         false
      ],
      [
         2,
         0.6512149274349213,
         false
      ],
      [
         6,
         1.0324382185935974,
         true
      ],
      [
         6,
         1.0073472261428833,
         true
      ],
      [
         2,
         0.7016039192676544,
         false
      ],
      [
         2,
         0.7267984449863434,
         false
      ],
      [
         2,
         0.7771874368190765,
         false
      ],
      [
         3,
         0.07134037837386131,
         false
      ],
      [
         2,
         0.8527709543704987,
         true
      ],
      [
         2,
         0.8023819625377655,
         false
      ],
      [
         4,
         0.585845559835434,
         false
      ],
      [
         4,
         0.5991019308567047,
         true
      ],
      [
         1,
         0.6746242940425873,
         true
      ],
      [
         3,
         0.37022578716278076,
         false
      ],
      [
         3,
         0.5495570302009583,
         true
      ],
      [
         5,
         0.6584432721138,
         false
      ]
   ],
   "remaining_rules": [
      408,
      1028,
      1031,
      1032,
      1035,
      1613,
      1619,
      1620,
      1623,
      2218,
      2777,
      3394,
      3965,
      4607,
      5199,
      5781
   ],
   "set_rules": [
      408,
      1028,
      1613,
      2218,
      2777,
      3394,
      3965,
      4607,
      5199,
      5781
   ],
   "foil_estimated_class": [
      1
   ],
   "distance": 0.0015766727950042726,
   "extraction_time": 0.1876533031463623,
   "feature_bounds": {
      "0": {
         "type": 2,
         "values": [
            null,
            0.5
         ]
      },
      "1": {
         "type": 1,
         "values": [
            0.445607528090477,
            0.7579031586647034
         ]
      },
      "2": {
         "type": 1,
         "values": [
            0.8023819625377655,
            0.8527709543704987
         ]
      },
      "3": {
         "type": 1,
         "values": [
            0.31044870615005493,
            0.5495570302009583
         ]
      },
      "4": {
         "type": 1,
         "values": [
            0.580237090587616,
            0.5991019308567047
         ]
      },
      "5": {
         "type": 1,
         "values": [
            0.6584432423114777,
            0.6967425048351288
         ]
      },
      "6": {
         "type": 1,
         "values": [
            0.6309824883937836,
            0.7199414074420929
         ]
      },
      "7": {
         "type": 1,
         "values": [
            0.3999621868133545,
            0.5310817062854767
         ]
      }
   },
   "feature_bounds_compact": {
      "0": {
         "type": 2,
         "values": [
            null,
            0.5
         ]
      },
      "1": {
         "type": 1,
         "values": [
            0.3623286932706833,
            0.7579031586647034
         ]
      },
      "2": {
         "type": 1,
         "values": [
            0.8023819625377655,
            0.8527709543704987
         ]
      },
      "3": {
         "type": 1,