{
   "found": true,
   "num_iterations": 57,
   "num_foil": 7,
   "_observation": [
      1.0,
      -0.6994763781005576,
      -0.6337048342984648,
      -0.9448699866019972,
      -0.9437355729327268,
      -1.069529434519802,
      -0.8220135070327715,
      -0.8537557997803805
   ],
   "_idx": 47,
   "factual_class": 0,
   "feature_bounds_splits": {
      "0": {
         "type": 2,
         "values": [
            null,
            null
         ]
      },
      "1": {
         "type": 1,
         "values": [
            null,
            null
         ]
      },
      "2": {
         "type": 1,
         "values": [
            null,
            null
         ]
      },
      "3": {
         "type": 1,
         "values": [
            -1.0046470761299133,
            -0.76553875207901
         ]
      },
      "4": {
         "type": 1,
         "values": [
            -0.9666792750358582,
            -0.9416961371898651
         ]
      },
      "5": {
         "type": 1,
         "values": [
            -1.06389719247818,
            -1.0548855662345886
         ]
      },
      "6": {
         "type": 1,
         "values": [
            null,
            null
         ]
      },
      "7": {
         "type": 1,
         "values": [
            -0.8645327389240265,
            -0.8250172734260559
         ]
      }
   },
   "splits": [
      [
         5,
         -0.8543776869773865,
         true
      ],
      [
         3,
         -1.0644241571426392,
         false
      ],
      [
         7,
         -0.8645327389240265,
         false
      ],
      [
         7,
         -0.8250172734260559,
         true
      ],
      [
         3,
         -1.0046470761299133,
         false
      ],
      [
         5,
         -0.8566305637359619,
         true
      ],
      [
         5,
         -0.9005620777606964,
         true
      ],
      [
         5,
         -0.903941422700882,
         true
      ],
      [
         5,
         -0.9163323640823364,
         true
      ],
      [
         5,
         -0.9174588322639465,
         true
      ],
      [
         5,
         -0.9208381772041321,
         true
      ],
      [
         5,
         -0.9253439605236053,
         true
      ],
      [
         5,
         -0.9557580649852753,
         true
      ],
      [
         4,
         -0.9289495944976807,
         true
      ],
      [
         3,
         -0.76553875207901,
         true
      ],
      [
         5,
         -0.9929309189319611,
         true
      ],
      [
         5,
         -1.00194251537323,
         true
      ],
      [
         5,
         -1.0109540820121765,
         true
      ],
      [
         5,
         -1.045873999595642,
         true
      ],
      [
         4,
         -0.9666792750358582,
         false
      ],
      [
         5,
         -1.0548855662345886,
         true
      ],
      [
         5,
         -1.06389719247818,
         false
      ],
      [
         4,
         -0.9416961371898651,
         true
      ]
   ],
   "remaining_rules": [
      48,
      649,
      1215,
      1804,
      2453,
      3003,
      3004,
      3633,
      4202,
      4828,
      5427
   ],
   "set_rules": [
      48,
      649,
      1215,
      1804,
      2453,
      3003,
      3633,
      4202,
      4828,
      5427
   ],
   "foil_estimated_class": [
      1
   ],
   "distance": 0.0001060101056150272,
   "extraction_time": 0.07152867317199707,
   "feature_bounds": {
      "0": {
         "type": 2,
         "values": [
            0.5,
            1.5
         ]
      },
      "1": {
         "type": 1,
         "values": [
            -0.7202960848808289,
            -0.5537384152412415
         ]
      },
      "2": {
         "type": 1,
         "values": [
            -0.658899337053299,
            -0.45734329521656036
         ]
      },
      "3": {
         "type": 1,
         "values": [
            -1.0046470761299133,
            -0.8850929141044617
         ]
      },
      "4": {
         "type": 1,
         "values": [
            -1.0100174248218536,
            -0.9416961371898651
         ]
      },
      "5": {
         "type": 1,
         "values": [
            -1.06389719247818,
            -1.0548855662345886
         ]
      },
      "6": {
         "type": 1,
         "values": [
            -0.8858814537525177,
            -0.7376165688037872
         ]
      },
      "7": {
         "type": 1,
         "values": [
            -0.9058443605899811,
            -0.851959615945816
         ]
      }
   },
   "feature_bounds_compact": {
      "0": {
         "type": 2,
         "values": [
            0.5,
            1.5
         ]
      },
      "1": {
         "type": 1,
         "values": [
            -0.8868537545204163,
            null
         ]
      },
      "2": {
         "type": 1,
         "values": [
            -0.7092883586883545,
            -0.45734329521656036
         ]
      },
      "3": {
         "type": 1,
         "values": [
            -1.0046470761299133,
            -0.8850929141044617
         ]
      },
      "4": {
         "type": 1,
         "values": [
            -1.0100174248218536,
            -0.9416961371898651
         ]
      },
      "5": {
         "type": 1,
         "values": [
            -1.06389719247818,
            -1.0548855662345886
         ]
      },
      "6": {
         "type": 1,
         "values": [
            -0.9041294455528259,
            -0.7376165688037872
         ]
      },
      "7": {
         "type": 1,
         "values": [
            -0.9058443605899811,
            -0.851959615945816
         ]
      }
   },
   "feature_bounds_compact_count": {
      "0": {
         "type": 2,
         "values": [
            0.5,
            1.5
         ]
      },
      "1": {
         "type": 1,
         "values": [
            -0.8868537545204163,
            null
         ]
      },
      "2": {
         "type": 1,
         "values": [
            -0.7092883586883545,
            -0.45734329521656036
         ]
      },
      "3": {
         "type": 1,
         "values": [
            -1.0046470761299133,
            -0.8850929141044617
         ]
      },
      "4": {
         "type": 1,
         "values": [
            -1.0100174248218536,
            -0.9416961371898651
         ]
      },
      "5": {
         "type": 1,
         "values": [
            -1.06389719247818,
            -1.0548855662345886
         ]
      },
      "6": {
         "type": 1,
         "values": [
            -0.9041294455528259,
            -0.7376165688037872
         ]
      },
      "7": {
         "type": 1,
         "values": [
            -0.9058443605899811,
            -0.851959615945816
         ]
      }
   },
   "counterfactual_sample": [
      1.0,
      -0.6994763781005576,
      -0.6337048342984648,
      -0.9448699866019972,
      -0.9466961371898651,
      -1.05889719247818,
      -0.8220135070327715,
      -0.856959615945816
   ],
   "counterfactual_distance": 0.00010507728627330672,
   "counterfactual_class": 1,
   "valid_": true
}