{
   "found": true,
   "num_iterations": 97,
   "num_foil": 5,
   "_observation": [
      2.0,
      0.2165907515924977,
      -0.23059275299566265,
      -0.2275450258538067,
      -0.206477463525383,
      -0.07374856160040448,
      -0.1650859633690805,
      -0.3508316750881773
   ],
   "_idx": 408,
   "factual_class": 1,
   "feature_bounds_splits": {
      "0": {
         "type": 2,
         "values": [
            null,
            null
         ]
      },
      "1": {
         "type": 1,
         "values": [
            0.17495133075863123,
            0.23741046339273453
         ]
      },
      "2": {
         "type": 1,
         "values": [
            null,
            -0.20539824664592743
         ]
      },
      "3": {
         "type": 1,
         "values": [
            -0.6459845900535583,
            -0.28732210397720337
         ]
      },
      "4": {
         "type": 1,
         "values": [
            -0.23350006341934204,
            -0.1983197033405304
         ]
      },
      "5": {
         "type": 1,
         "values": [
            -0.07825435698032379,
            -0.07262211386114359
         ]
      },
      "6": {
         "type": 1,
         "values": [
            -0.18105295300483704,
            -0.00313507579267025
         ]
      },
      "7": {
         "type": 1,
         "values": [
            -0.3903471529483795,
            -0.3472393602132797
         ]
      }
   },
   "splits": [
      [
         4,
         -0.5154528617858887,
         false
      ],
      [
         5,
         0.21011657174676657,
         true
      ],
      [
         5,
         0.1920933872461319,
         true
      ],
      [
         5,
         0.19096694141626358,
         true
      ],
      [
         7,
         -0.7208401560783386,
         false
      ],
      [
         5,
         0.18646114319562912,
         true
      ],
      [
         5,
         0.1774495542049408,
         true
      ],
      [
         5,
         -0.6775251924991608,
         false
      ],
      [
         5,
         0.15829991549253464,
         true
      ],
      [
         5,
         0.1481618769466877,
         true
      ],
      [
         7,
         -0.6489938199520111,
         false
      ],
      [
         5,
         0.1470354199409485,
         true
      ],
      [
         7,
         0.053303781896829605,
         true
      ],
      [
         5,
         0.1346444934606552,
         true
      ],
      [
         5,
         0.1188742108643055,
         true
      ],
      [
         7,
         0.042526837438344955,
         true
      ],
      [
         7,
         -0.6112745106220245,
         false
      ],
      [
         5,
         -0.6504904329776764,
         false
      ],
      [
         5,
         -0.6459846198558807,
         false
      ],
      [
         7,
         0.028157575521618128,
         true
      ],
      [
         5,
         0.06931045278906822,
         true
      ],
      [
         5,
         0.0681840069591999,
         true
      ],
      [
         5,
         0.06593110761605203,
         true
      ],
      [
         5,
         0.04678147565573454,
         true
      ],
      [
         5,
         0.04452857747673988,
         true
      ],
      [
         5,
         0.03776988387107849,
         true
      ],
      [
         5,
         -0.6324672400951385,
         false
      ],
      [
         5,
         0.03664343524724245,
         true
      ],
      [
         5,
         -0.05009312927722931,
         true
      ],
      [
         7,
         -0.0023771030828356743,
         true
      ],
      [
         7,
         -0.009561733342707157,
         true
      ],
      [
         7,
         -0.014950206503272057,
         true
      ],
      [
         5,
         -0.6043060123920441,
         false
      ],
      [
         5,
         -0.07262211106717587,
         true
      ],
      [
         5,
         -0.07262211386114359,
         true
      ],
      [
         3,
         -0.76553875207901,
         false
      ],
      [
         7,
         -0.6058860421180725,
         false
      ],
      [
         5,
         -0.07825435698032379,
         false
      ],
      [
         6,
         -0.5391696989536285,
         false
      ],
      [
         6,
         -0.5026737153530121,
         false
      ],
      [
         6,
         -0.4593347758054733,
         false
      ],
      [
         6,
         -0.4547727555036545,
         false
      ],
      [
         6,
         -0.44564877450466156,
         false
      ],
      [
         6,
         -0.3589708209037781,
         false
      ],
      [
         6,
         -0.3452848494052887,
         false
      ],
      [
         6,
         -0.31791286170482635,
         false
      ],
      [
         6,
         -0.3133508712053299,
         false
      ],
      [
         4,
         -0.3976751118898392,
         false
      ],
      [
         6,
         0.5169325470924377,
         true
      ],
      [
         4,
         -0.3971652388572693,
         false
      ],
      [
         6,
         -0.31106986105442047,
         false
      ],
      [
         6,
         -0.2973838597536087,
         false
      ],
      [
         6,
         -0.2882598862051964,
         false
      ],
      [
         6,
         -0.2836978808045387,
         false
      ],
      [
         6,
         -0.2677308917045593,
         false
      ],
      [
         4,
         -0.38900747895240784,
         false
      ],
      [
         6,
         -0.26773088425397873,
         false
      ],
      [
         4,
         -0.3645341843366623,
         false
      ],
      [
         6,
         -0.26316890120506287,
         false
      ],
      [
         6,
         -0.26088789105415344,
         false
      ],
      [
         6,
         -0.24035891145467758,
         false
      ],
      [
         3,
         -0.6459845900535583,
         false
      ],
      [
         3,
         -0.16776794521138072,
         true
      ],
      [
         4,
         -0.363004595041275,
         false
      ],
      [
         4,
         -0.2411479726433754,
         false
      ],
      [
         4,
         -0.23350006341934204,
         false
      ],
      [
         6,
         0.03792289458215237,
         true
      ],
      [
         6,
         0.035641901195049286,
         true
      ],
      [
         1,
         0.2998695746064186,
         true
      ],
      [
         4,
         -0.1983197033405304,
         true
      ],
      [
         2,
         0.021352306008338928,
         true
      ],
      [
         7,
         -0.4729703813791275,
         false
      ],
      [
         2,
         -0.05423121713101864,
         true
      ],
      [
         7,
         -0.4460280239582062,
         false
      ],
      [
         1,
         -0.32472163438796997,
         false
      ],
      [
         7,
         -0.3903471529483795,
         false
      ],
      [
         7,
         -0.3472393602132797,
         true
      ],
      [
         2,
         -0.1298147290945053,
         true
      ],
      [
         1,
         -0.24144280701875687,
         false
      ],
      [
         1,
         -0.09570486098527908,
         false
      ],
      [
         1,
         0.0708528021350503,
         false
      ],
      [
         1,
         0.17495133075863123,
         false
      ],
      [
         3,
         -0.167767945677042,
         true
      ],
      [
         3,
         -0.28732210397720337,
         true
      ],
      [
         1,
         0.23741046339273453,
         true
      ],
      [
         2,
         -0.15500923246145248,
         true
      ],
      [
         6,
         -0.1947389394044876,
         false
      ],
      [
         2,
         -0.20539824664592743,
         true
      ],
      [
         6,
         -0.00313507579267025,
