{
   "found": true,
   "num_iterations": 332,
   "num_foil": 158,
   "_observation": [
      0.8597818348822105,
      -1.0196603802736932,
      0.5171855725151434,
      0.41243548356660303
   ],
   "_idx": 28,
   "factual_class": 0,
   "feature_bounds_splits": {
      "0": {
         "type": 1,
         "values": [
            -0.31827491521835327,
            -0.04299508035182953
         ]
      },
      "1": {
         "type": 1,
         "values": [
            null,
            null
         ]
      },
      "2": {
         "type": 1,
         "values": [
            0.2847938984632492,
            0.3605634570121765
         ]
      },
      "3": {
         "type": 1,
         "values": [
            0.43860146403312683,
            null
         ]
      }
   },
   "splits": [
      [
         0,
         -0.4904413968324661,
         false
      ],
      [
         0,
         -0.3293139785528183,
         false
      ],
      [
         0,
         -0.31827491521835327,
         false
      ],
      [
         2,
         1.5785627365112305,
         true
      ],
      [
         2,
         1.1189668774604797,
         true
      ],
      [
         2,
         0.780678853392601,
         true
      ],
      [
         0,
         0.7240333799272776,
         true
      ],
      [
         2,
         0.5693782567977905,
         true
      ],
      [
         0,
         0.7138846218585968,
         true
      ],
      [
         2,
         0.42320766299963,
         true
      ],
      [
         0,
         0.650419682264328,
         true
      ],
      [
         0,
         0.6374504175037146,
         true
      ],
      [
         2,
         0.3868141323328018,
         true
      ],
      [
         2,
         0.3605634570121765,
         true
      ],
      [
         2,
         0.2847938984632492,
         false
      ],
      [
         0,
         0.5616883933544159,
         true
      ],
      [
         0,
         0.4076271206140518,
         true
      ],
      [
         0,
         0.2905504107475281,
         true
      ],
      [
         0,
         0.1197088323533535,
         true
      ],
      [
         0,
         0.11660684272646904,
         true
      ],
      [
         0,
         0.04619014076888561,
         true
      ],
      [
         0,
         -0.014338205568492413,
         true
      ],
      [
         0,
         -0.01957621891051531,
         true
      ],
      [
         0,
         -0.019583256915211678,
         true
      ],
      [
         0,
         -0.03841511905193329,
         true
      ],
      [
         0,
         -0.03996523283421993,
         true
      ],
      [
         3,
         0.27482788264751434,
         false
      ],
      [
         3,
         0.43860146403312683,
         false
      ],
      [
         0,
         -0.04299508035182953,
         true
      ]
   ],
   "remaining_rules": [
      14,
      41,
      59,
      90,
      115,
      143,
      160,
      193,
      215,
      237
   ],
   "set_rules": [
      14,
      41,
      59,
      90,
      115,
      143,
      160,
      193,
      215,
      237
   ],
   "foil_estimated_class": [
      1
   ],
   "distance": 0.05477506551397685,
   "extraction_time": 0.016312599182128906,
   "feature_bounds": {
      "0": {
         "type": 1,
         "values": [
            -0.21140503138303757,
            -0.04299508035182953
         ]
      },
      "1": {
         "type": 1,
         "values": [
            null,
            -0.5068348348140717
         ]
      },
      "2": {
         "type": 1,
         "values": [
            0.2847938984632492,
            0.3605634570121765
         ]
      },
      "3": {
         "type": 1,
         "values": [
            0.43860146403312683,
            0.5839029252529144
         ]
      }
   },
   "feature_bounds_compact": {
      "0": {
         "type": 1,
         "values": [
            -0.21140503138303757,
            -0.04299508035182953
         ]
      },
      "1": {
         "type": 1,
         "values": [
            null,
            -0.5068348348140717
         ]
      },
      "2": {
         "type": 1,
         "values": [
            0.2847938984632492,
            0.3605634570121765
         ]
      },
      "3": {
         "type": 1,
         "values": [
            0.43860146403312683,
            0.5839029252529144
         ]
      }
   },
   "feature_bounds_compact_count": {
      "0": {
         "type": 1,
         "values": [
            -0.21140503138303757,
            -0.04299508035182953
         ]
      },
      "1": {
         "type": 1,
         "values": [
            null,
            -0.5068348348140717
         ]
      },
      "2": {
         "type": 1,
         "values": [
            0.2847938984632492,
            0.3605634570121765
         ]
      },
      "3": {
         "type": 1,
         "values": [
            0.43860146403312683,
            0.5839029252529144
         ]
      }
   },
   "counterfactual_sample": [
      -0.047995080351829526,
      -1.0196603802736932,
      0.3555634570121765,
      0.44360146403312684
   ],
   "counterfactual_distance": 0.05476779674282224,
   "counterfactual_class": 1,
   "valid_": true
}