{
   "counterfactual_sample": {
      "CO2": 1.068232741192718, 
      "Temperature": 0.4437729410643619, 
      "Light": 0.445964, 
      "Humidity": 1.5785941304043298, 
      "HumidityRatio": 1.1755971474143136, 
      "y": 0
   }, 
   "factual_class": 1, 
   "factual_sample": {
      "CO2": 1.068232741192718, 
      "Temperature": 0.4437729410643619, 
      "Light": -0.7724036570242273, 
      "Humidity": 1.5785941304043298, 
      "HumidityRatio": 1.1755971474143136, 
      "y": 1
   }, 
   "counterfactual_distance": 0.03591594340843492, 
   "counterfactual_class": 0, 
   "counterfactual_rule": {
      "Light": ">0.444964"
   }, 
   "counterfactual_time": 15.815895080566406, 
   "counterfactual_found": true
}