{
   "counterfactual_sample": {
      "CO2": -0.9679216065806628, 
      "Temperature": -0.9085890889462576, 
      "Light": -0.067865, 
      "Humidity": -1.21653051223133, 
      "HumidityRatio": -1.136729662148386, 
      "y": 1
   }, 
   "factual_class": 1, 
   "factual_sample": {
      "CO2": -0.9679216065806628, 
      "Temperature": -0.9085890889462576, 
      "Light": -0.7724036570242273, 
      "Humidity": -1.21653051223133, 
      "HumidityRatio": -1.136729662148386, 
      "y": 1
   }, 
   "counterfactual_distance": 0.020768911903440088, 
   "counterfactual_class": 1, 
   "counterfactual_rule": {
      "Light": ">-0.068865"
   }, 
   "counterfactual_time": 17.570801973342896, 
   "counterfactual_found": false
}