{
   "counterfactual_sample": {
      "CO2": -0.777146, 
      "Temperature": -0.7140046241965291, 
      "Light": 0.055828, 
      "Humidity": -0.2314645588795561, 
      "HumidityRatio": -0.4724938304090901, 
      "y": 1
   }, 
   "factual_class": 1, 
   "factual_sample": {
      "CO2": -0.8073074734136436, 
      "Temperature": -0.7140046241965291, 
      "Light": -0.7724036570242273, 
      "Humidity": -0.2314645588795561, 
      "HumidityRatio": -0.4724938304090901, 
      "y": 1
   }, 
   "counterfactual_distance": 0.026226162954720203, 
   "counterfactual_class": 1, 
   "counterfactual_rule": {
      "Light": ">0.054828", 
      "CO2": ">-0.778146"
   }, 
   "counterfactual_time": 16.16572093963623, 
   "counterfactual_found": false
}