{
   "factual_sample": {
      "Temperature": -0.7140046241965291,
      "Humidity": -1.2473138232735728,
      "Light": -0.7724036570242273,
      "CO2": -0.8950187376254213,
      "HumidityRatio": -1.0872326273186654,
      "y": true
   },
   "counterfactual_sample": {
      "Temperature": -0.7142893853869435,
      "Humidity": -1.2476240329219,
      "Light": 0.05607128515839577,
      "CO2": -0.9441142678260803,
      "HumidityRatio": -1.0875173885090799,
      "y": true
   },
   "counterfactual_found": true,
   "counterfactual_plausible": true,
   "counterfactual_distance": 0.02741695940328197,
   "counterfactual_time": 1.5026583671569824,
   "counterfactual_class": 0,
   "factual_class": 1,
   "valid_": true
}