{
   "factual_sample": {
      "Temperature": 0.6480866290515785,
      "Humidity": 1.2461343711481063,
      "Light": 1.3661937867641334,
      "CO2": 1.6918940029582712,
      "HumidityRatio": 1.0565315239032906,
      "y": false
   },
   "counterfactual_sample": {
      "Temperature": 0.6480171665494862,
      "Humidity": 1.246064908646014,
      "Light": 1.5248258940816821,
      "CO2": 1.691824540456179,
      "HumidityRatio": 0.8905662298202515,
      "y": true
   },
   "counterfactual_found": true,
   "counterfactual_plausible": true,
   "counterfactual_distance": 0.014455353204280836,
   "counterfactual_time": 2.662828207015991,
   "counterfactual_class": 1,
   "factual_class": 0,
   "valid_": true
}