{
   "factual_sample": {
      "Temperature": -0.4221279270719343,
      "Humidity": 0.1892406920310985,
      "Light": -0.7724036570242273,
      "CO2": -0.4319716090268872,
      "HumidityRatio": -0.09806893210253688,
      "y": true
   },
   "counterfactual_sample": {
      "Temperature": -0.4221279270719343,
      "Humidity": 0.18874232039829084,
      "Light": 0.2448964881326843,
      "CO2": -0.43210551259250146,
      "HumidityRatio": -0.09806893210253688,
      "y": true
   },
   "counterfactual_found": true,
   "counterfactual_plausible": true,
   "counterfactual_distance": 0.03002267663891249,
   "counterfactual_time": 3.386673927307129,
   "counterfactual_class": 0,
   "factual_class": 1,
   "valid_": true
}