{
   "factual_sample": {
      "Temperature": -0.9085890889462576,
      "Humidity": -0.6008642913864711,
      "Light": 0.8571942705478396,
      "CO2": -0.6637799501580096,
      "HumidityRatio": -0.7688510291790042,
      "y": false
   },
   "counterfactual_sample": {
      "Temperature": -0.8355638182722244,
      "Humidity": -0.6008642913864711,
      "Light": 0.8571381623674272,
      "CO2": -0.6639653616526674,
      "HumidityRatio": -0.7688510291790042,
      "y": true
   },
   "counterfactual_found": true,
   "counterfactual_plausible": true,
   "counterfactual_distance": 0.0035798829653547687,
   "counterfactual_time": 1.6556792259216309,
   "counterfactual_class": 1,
   "factual_class": 0,
   "valid_": true
}