{
   "factual_sample": {
      "Temperature": -0.27618957850963866,
      "Humidity": 0.5524837623295645,
      "Light": -0.7724036570242273,
      "CO2": -0.15944018094029605,
      "HumidityRatio": 0.1888414164436804,
      "y": true
   },
   "counterfactual_sample": {
      "Temperature": -0.2770579874039168,
      "Humidity": 0.5524837623295645,
      "Light": 0.13533666632149374,
      "CO2": -0.15944018094029605,
      "HumidityRatio": 0.1888414164436804,
      "y": true
   },
   "counterfactual_found": true,
   "counterfactual_plausible": true,
   "counterfactual_distance": 0.02680146053659645,
   "counterfactual_time": 1.8993918895721436,
   "counterfactual_class": 0,
   "factual_class": 1,
   "valid_": true
}