{
   "factual_sample": {
      "sex": 1.0,
      "length": -1.8237405827238524,
      "diameter": -1.8430410782068696,
      "height": -1.1839783068513945,
      "whole_weight": -1.3913929865286103,
      "shucked_weight": -1.3353713870186454,
      "viscera_weight": -1.337519148935529,
      "shell_weight": -1.4177492824709226
   },
   "counterfactual_sample": {
      "sex": 1.0,
      "length": -1.8237405827238524,
      "diameter": -1.8430410782068696,
      "height": -1.1839783068513945,
      "whole_weight": -0.80209,
      "shucked_weight": -1.3353713870186454,
      "viscera_weight": -1.337519148935529,
      "shell_weight": -1.4177492824709226
   },
   "factual_class": 1,
   "counterfactual_class": 1,
   "counterfactual_found": false,
   "counterfactual_rule_id": 300,
   "counterfactual_rule": {
      "5": [
         null,
         -0.11543
      ],
      "3": [
         null,
         -0.64598
      ],
      "0": [
         0.5,
         null
      ],
      "4": [
         -0.80709,
         null
      ],
      "6": [
         null,
         -0.32704
      ],
      "2": [
         null,
         -0.10462
      ],
      "7": [
         null,
         0.06049
      ]
   },
   "counterfactual_distance": 0.012792328590318154,
   "counterfactual_time": 0.3295717239379883
}