{
   "factual_sample": {
      "sex": 0.0,
      "length": -0.28308222824007817,
      "diameter": -0.5329268139727642,
      "height": 0.4897799348943839,
      "whole_weight": 0.103517647484067,
      "shucked_weight": -0.04896668467254613,
      "viscera_weight": 0.31392370388569396,
      "shell_weight": 0.3137466325408052
   },
   "counterfactual_sample": {
      "sex": 0.0,
      "length": -0.28308222824007817,
      "diameter": -0.5329268139727642,
      "height": 0.4897799348943839,
      "whole_weight": 0.103517647484067,
      "shucked_weight": -0.04896668467254613,
      "viscera_weight": 0.31392370388569396,
      "shell_weight": 0.3137466325408052
   },
   "factual_class": 0,
   "counterfactual_class": 0,
   "counterfactual_found": false,
   "counterfactual_rule_id": 285,
   "counterfactual_rule": {
      "5": [
         -0.11543,
         null
      ],
      "0": [
         null,
         0.5
      ],
      "2": [
         null,
         -0.15501
      ],
      "4": [
         null,
         0.77704
      ],
      "6": [
         0.01511,
         0.51693
      ],
      "1": [
         -1.26161,
         -0.13734
      ],
      "3": [
         -0.64598,
         1.62554
      ],
      "7": [
         -0.05447,
         null
      ]
   },
   "counterfactual_distance": 0.0,
   "counterfactual_time": 0.35910677909851074
}