{
   "factual_sample": {
      "sex": 0.0,
      "length": 1.0910184662995046,
      "diameter": 1.1299105214012934,
      "height": 0.8484424152684789,
      "whole_weight": 1.311886747964983,
      "shucked_weight": 1.2081503449406297,
      "viscera_weight": 0.8157433552954582,
      "shell_weight": 1.5171722166257202,
      "y": false
   },
   "counterfactual_sample": {
      "sex": 0.0,
      "length": 0.8624719383844972,
      "diameter": 1.1299105214012934,
      "height": -0.18702165678899746,
      "whole_weight": 0.2943394063871444,
      "shucked_weight": 1.2081503449406297,
      "viscera_weight": 0.8157433552954582,
      "shell_weight": -0.13027839923582119,
      "y": 1.0
   },
   "counterfactual_found": true,
   "counterfactual_plausible": true,
   "counterfactual_distance": 0.060077390053132645,
   "counterfactual_time": 0.5046966075897217,
   "counterfactual_class": 1,
   "factual_class": 0,
   "valid_": true
}