{
   "factual_sample": {
      "sex": 2.0,
      "length": 0.6746243164390247,
      "diameter": 0.676409429935641,
      "height": 1.2071048956425745,
      "whole_weight": 0.6052202613546245,
      "shucked_weight": 1.039183002250687,
      "viscera_weight": 0.6058915010695567,
      "shell_weight": 0.15209244960402588,
      "y": true
   },
   "counterfactual_sample": {
      "sex": 2.0,
      "length": 0.6746243164390247,
      "diameter": 0.676409429935641,
      "height": 1.0470273931400107,
      "whole_weight": 0.7865966082651078,
      "shucked_weight": 1.08011317712467,
      "viscera_weight": 0.08338662498724936,
      "shell_weight": 0.5781559031673436,
      "y": 0.0
   },
   "counterfactual_found": true,
   "counterfactual_plausible": true,
   "counterfactual_distance": 0.022253458730174647,
   "counterfactual_time": 0.4108865261077881,
   "counterfactual_class": 0,
   "factual_class": 1,
   "valid_": true
}