{
   "factual_sample": {
      "sex": 0.0,
      "length": 0.3415089965506408,
      "diameter": 0.42446437912139023,
      "height": 1.326659055767273,
      "whole_weight": 0.35640839593914503,
      "shucked_weight": 0.21011657411870005,
      "viscera_weight": 0.6378254788865417,
      "shell_weight": 0.3317082084226696,
      "y": false
   },
   "counterfactual_sample": {
      "sex": 0.0,
      "length": 0.3415089965506408,
      "diameter": 0.42446437912139023,
      "height": -0.18702165678899746,
      "whole_weight": 0.2943394063871444,
      "shucked_weight": 0.21011657411870005,
      "viscera_weight": 0.3274534519864368,
      "shell_weight": -0.13027839923582119,
      "y": 1.0
   },
   "counterfactual_found": true,
   "counterfactual_plausible": true,
   "counterfactual_distance": 0.021958486902699137,
   "counterfactual_time": 0.8292641639709473,
   "counterfactual_class": 1,
   "factual_class": 0,
   "valid_": true
}