{
   "factual_sample": {
      "Temperature": 1.2537307755851101,
      "Humidity": 0.5114393476065748,
      "Light": 1.828890336518344,
      "CO2": 1.0366225128566555,
      "HumidityRatio": 0.8491095568868308
   },
   "counterfactual_sample": {
      "Temperature": 1.2537307755851101,
      "Humidity": 0.5114393476065748,
      "Light": 0.59013,
      "CO2": 1.0366225128566555,
      "HumidityRatio": 0.8491095568868308
   },
   "factual_class": 0,
   "counterfactual_class": 0,
   "counterfactual_found": false,
   "counterfactual_rule_id": 150,
   "counterfactual_rule": {
      "4": [
         -0.23177,
         null
      ],
      "2": [
         0.02607,
         0.59513
      ]
   },
   "counterfactual_distance": 0.036517093905523726,
   "counterfactual_time": 0.21933865547180176
}