{
   "found": true,
   "num_iterations": 1118,
   "num_foil": 538,
   "_observation": [
      0.0,
      0.9244608063553126,
      0.7771874502613415,
      1.2071048956425745,
      1.1171200828241772,
      1.2374380176735535,
      0.9845372380423784,
      1.201048481104907
   ],
   "_idx": 297,
   "factual_class": 0,
   "feature_bounds_splits": {
      "0": {
         "type": 2,
         "values": [
            null,
            null
         ]
      },
      "1": {
         "type": 1,
         "values": [
            null,
            null
         ]
      },
      "2": {
         "type": 1,
         "values": [
            null,
            null
         ]
      },
      "3": {
         "type": 1,
         "values": [
            0.5495570302009583,
            0.6691111922264099
         ]
      },
      "4": {
         "type": 1,
         "values": [
            1.1191595196723938,
            null
         ]
      },
      "5": {
         "type": 1,
         "values": [
            null,
            null
         ]
      },
      "6": {
         "type": 1,
         "values": [
            0.9594462513923645,
            1.021033227443695
         ]
      },
      "7": {
         "type": 1,
         "values": [
            1.0555596947669983,
            1.1776984333992004
         ]
      }
   },
   "splits": [
      [
         3,
         1.8048757314682007,
         true
      ],
      [
         3,
         1.74509859085083,
         true
      ],
      [
         7,
         1.4435297846794128,
         true
      ],
      [
         7,
         1.3968296647071838,
         true
      ],
      [
         7,
         1.3555180430412292,
         true
      ],
      [
         7,
         1.319594919681549,
         true
      ],
      [
         3,
         1.6255444884300232,
         true
      ],
      [
         7,
         1.3177987337112427,
         true
      ],
      [
         7,
         1.2962448596954346,
         true
      ],
      [
         7,
         1.229786992073059,
         true
      ],
      [
         7,
         1.2208062410354614,
         true
      ],
      [
         7,
         1.2136216163635254,
         true
      ],
      [
         7,
         1.197456181049347,
         true
      ],
      [
         7,
         0.9747326374053955,
         false
      ],
      [
         7,
         1.0178404450416565,
         false
      ],
      [
         7,
         1.0555596947669983,
         false
      ],
      [
         3,
         0.5495570302009583,
         false
      ],
      [
         3,
         1.0875507593154907,
         true
      ],
      [
         6,
         0.8704873025417328,
         false
      ],
      [
         6,
         0.9594462513923645,
         false
      ],
      [
         6,
         1.021033227443695,
         true
      ],
      [
         3,
         0.7886653542518616,
         true
      ],
      [
         3,
         0.7288882732391357,
         true
      ],
      [
         7,
         1.1920676827430725,
         true
      ],
      [
         3,
         0.6691111922264099,
         true
      ],
      [
         4,
         1.084998905658722,
         false
      ],
      [
         7,
         1.1776984333992004,
         true
      ],
      [
         4,
         1.1191595196723938,
         false
      ]
   ],
   "remaining_rules": [
      554,
      1106,
      1712,
      2334,
      2341,
      2924,
      3497,
      4082,
      4689,
      5279,
      5281,
      5820,
      5821
   ],
   "set_rules": [
      554,
      1106,
      1712,
      2334,
      2924,
      3497,
      4082,
      4689,
      5281,
      5820
   ],
   "foil_estimated_class": [
      1
   ],
   "distance": 0.0029402258077494297,
   "extraction_time": 0.16454434394836426,
   "feature_bounds": {
      "0": {
         "type": 2,
         "values": [
            null,
            0.5
         ]
      },
      "1": {
         "type": 1,
         "values": [
            0.8620016872882843,
            1.0701987743377686
         ]
      },
      "2": {
         "type": 1,
         "values": [
            0.75199294090271,
            0.9031599760055542
         ]
      },
      "3": {
         "type": 1,
         "values": [
            0.5495570302009583,
            0.6691111922264099
         ]
      },
      "4": {
         "type": 1,
         "values": [
            1.1191595196723938,
            1.218582272529602
         ]
      },
      "5": {
         "type": 1,
         "values": [
            1.164218783378601,
            2.0000439882278442
         ]
      },
      "6": {
         "type": 1,
         "values": [
            0.9594462513923645,
            0.9913802444934845
         ]
      },
      "7": {
         "type": 1,
         "values": [
            1.1615330576896667,
            1.1776984333992004
         ]
      }
   },
   "feature_bounds_compact": {
      "0": {
         "type": 2,
         "values": [
            null,
            0.5
         ]
      },
      "1": {
         "type": 1,
         "values": [
            0.8620016872882843,
            1.0701987743377686
         ]
      },
      "2": {
         "type": 1,
         "values": [
            0.75199294090271,
            0.9031599760055542
         ]
      },
      "3": {
         "type": 1,
         "values": [
            0.5495570302009583,
            0.6691111922264099
         ]
      },
      "4": {
         "type": 1,
         "values": [
            1.1191595196723938,
            1.218582272529602
         ]
      },
      "5": {
         "type": 1,
         "values": [
            1.164218783378601,
            null
         ]
      },
      "6": {
         "type": 1,
         "values": [
            0.9594462513923645,
            0.9913802444934845
         ]
      },
      "7": {
         "type": 1,
         "values": [
            1.1615330576896667,
            1.1776984333992004
         ]
      }
   },
   "feature_bounds_compact_count": {
      "0": {
         "type": 2,
         "values": [
            null,
            0.5
         ]
      },
      "1": {
         "type": 1,
         "values": [
            0.8620016872882843,
            1.0701987743377686
         ]
      },
      "2": {
         "type": 1,
         "values": [
            0.75199294090271,
            0.9031599760055542
         ]
      },
      "3": {
         "type": 1,
         "values": [
            0.5495570302009583,
            0.6691111922264099
         ]
      },
      "4": {
         "type": 1,
         "values": [
            1.1191595196723938,
            1.218582272529602
         ]
      },
      "5": {
         "type": 1,
         "values": [
            1.164218783378601,
            null
         ]
      },
      "6": {
         "type": 1,
         "values": [
            0.9594462513923645,
            0.9913802444934845
         ]
      },
      "7": {
         "type": 1,
         "values": [
            1.1615330576896667,
            1.1776984333992004
         ]
      }
   },
   "counterfactual_sample": [
      0.0,
      0.9244608063553126,
      0.7771874502613415,
      0.6641111922264099,
      1.1241595196723937,
      1.2374380176735535,
      0.9845372380423784,
      1.1726984333992005
   ],
   "counterfactual_distance": 0.0029380422347585053,
   "counterfactual_class": 1,
   "valid_": true
}