{
   "found": true,
   "num_iterations": 742,
   "num_foil": 308,
   "_observation": [
      2.0,
      -0.28308222824007817,
      -0.2809817631585129,
      0.011563294395590387,
      -0.1391758933720157,
      -0.5153165504967888,
      -0.12402799189010005,
      -0.38675482685190615
   ],
   "_idx": 79,
   "factual_class": 0,
   "feature_bounds_splits": {
      "0": {
         "type": 2,
         "values": [
            null,
            null
         ]
      },
      "1": {
         "type": 1,
         "values": [
            -0.30390192568302155,
            -0.2830822244286537
         ]
      },
      "2": {
         "type": 1,
         "values": [
            -0.35656528174877167,
            -0.2557872533798218
         ]
      },
      "3": {
         "type": 1,
         "values": [
            0.071340371388942,
            0.19089453667402267
         ]
      },
      "4": {
         "type": 1,
         "values": [
            -0.20596760511398315,
            -0.12235049903392792
         ]
      },
      "5": {
         "type": 1,
         "values": [
            -0.5502364635467529,
            -0.5322133004665375
         ]
      },
      "6": {
         "type": 1,
         "values": [
            -0.12858998775482178,
            -0.021383062936365604
         ]
      },
      "7": {
         "type": 1,
         "values": [
            -0.4765626937150955,
            -0.35801631212234497
         ]
      }
   },
   "splits": [
      [
         7,
         0.35146594047546387,
         true
      ],
      [
         7,
         0.08024614490568638,
         true
      ],
      [
         7,
         0.07665383070707321,
         true
      ],
      [
         5,
         0.1785760074853897,
         true
      ],
      [
         7,
         0.0748576745390892,
         true
      ],
      [
         5,
         0.1785760000348091,
         true
      ],
      [
         7,
         -0.8914750814437866,
         false
      ],
      [
         7,
         -0.8717173635959625,
         false
      ],
      [
         7,
         -0.850163459777832,
         false
      ],
      [
         7,
         -0.8250172734260559,
         false
      ],
      [
         7,
         -0.8196288049221039,
         false
      ],
      [
         5,
         0.05466661974787712,
         true
      ],
      [
         5,
         0.053540170192718506,
         true
      ],
      [
         5,
         0.04452857747673988,
         true
      ],
      [
         5,
         0.021999599412083626,
         true
      ],
      [
         7,
         0.06408072635531425,
         true
      ],
      [
         5,
         0.008482212200760841,
         true
      ],
      [
         7,
         0.06228456925600767,
         true
      ],
      [
         5,
         0.005102865397930145,
         true
      ],
      [
         5,
         -0.06473696976900101,
         true
      ],
      [
         5,
         -0.07149566523730755,
         true
      ],
      [
         5,
         -0.07262211106717587,
         true
      ],
      [
         5,
         -0.08163370564579964,
         true
      ],
      [
         7,
         -0.6058860421180725,
         false
      ],
      [
         7,
         -0.6040898859500885,
         false
      ],
      [
         7,
         0.04432299546897411,
         true
      ],
      [
         7,
         0.04432299267500639,
         true
      ],
      [
         7,
         0.0407306794077158,
         true
      ],
      [
         5,
         -0.09064529649913311,
         true
      ],
      [
         7,
         0.02636142075061798,
         true
      ],
      [
         7,
         0.026361417956650257,
         true
      ],
      [
         7,
         0.020972945727407932,
         true
      ],
      [
         6,
         -0.7125255763530731,
         false
      ],
      [
         7,
         0.01738063059747219,
         true
      ],
      [
         7,
         0.013788314536213875,
         true
      ],
      [
         7,
         -0.009561733808368444,
         true
      ],
      [
         5,
         -0.09515109285712242,
         true
      ],
      [
         5,
         -0.09740398824214935,
         true
      ],
      [
         5,
         -0.09853043779730797,
         true
      ],
      [
         7,
         -0.02752330992370844,
         true
      ],
      [
         6,
         -0.6919966042041779,
         false
      ],
      [
         6,
         -0.6783106327056885,
         false
      ],
      [
         6,
         -0.6760295927524567,
         false
      ],
      [
         7,
         -0.04009641148149967,
         true
      ],
      [
         5,
         -0.1086684800684452,
         true
      ],
      [
         7,
         -0.056261830031871796,
         true
      ],
      [
         6,
         -0.6691866219043732,
         false
      ],
      [
         5,
         -0.10979492962360382,
         true
      ],
      [
         5,
         -0.13232390582561493,
         true
      ],
      [
         5,
         -0.16161157935857773,
         true
      ],
      [
         5,
         -0.1661173775792122,
         true
      ],
      [
         3,
         0.5495570302009583,
         true
      ],
      [
         5,
         -0.1807612106204033,
         true
      ],
      [
         7,
         -0.5591859519481659,
         false
      ],
      [
         5,
         -0.18301410973072052,
         true
      ],
      [
         7,
         -0.5466128587722778,
         false
      ],
      [
         7,
         -0.5466128438711166,
         false
      ],
      [
         5,
         -0.18526700884103775,
         true
      ],
      [
         5,
         -0.19202569872140884,
         true
      ],
      [
         7,
         -0.5412243604660034,
         false
      ],
      [
         6,
         -0.5619796812534332,
         false
      ],
      [
         6,
         -0.5596987009048462,
         false
      ],
      [
         6,
         -0.5551367104053497,
         false
      ],
      [
         7,
         -0.12810813635587692,
         true
      ],
      [
         2,
         -0.7344828546047211,
         false
      ],
      [
         2,
         -0.658899337053299,
         false
      ],
      [
         5,
         -0.7282153964042664,
         false
      ],
      [
         5,
         -0.7214567065238953,
         false
      ],
      [
         7,
         -0.15325434505939484,
         true
      ],
      [
         6,
         -0.5482937097549438,
         false
      ],
      [
         6,
         -0.5460126996040344,
         false
      ],
      [
         5,
         -0.7158244550228119,
         false
      ],
      [
         7,
         -0.5268551111221313,
         false
      ],
      [
         5,
         -0.6178233921527863,
         false
      ],
      [
         7,
         -0.5232628136873245,
         false
      ],
      [
         5,
         -0.6144440472126007,
         false
      ],
      [
         7,
         -0.5232627987861633,
         false
      ],
      [
         7,
         -0.18019670993089676,
         true
      ],
      [
         7,
         -0.22510064393281937,
         true
      ],
      [
         6,
         -0.5186407268047333,
         false
      ],
      [
         6,
         -0.4547727704048157,
         false
      ],
      [
         6,
         -0.4547727555036545,
         false
      ],
      [
         3,
         -1.2437554001808167,
         false
      ],
      [
         3,
         -1.124201238155365,
         false
      ],
      [
         3,
         -0.22754502622410655,
         false
      ],
      [
         4,
         -0.7795605361461639,
         false
      ],
      [
         4,
         -0.7729323506355286,
         false
      ],
      [
         7,
         -0.5178743153810501,
         false
      ],
      [
         7,
