{
   "found": true,
   "num_iterations": 867,
   "num_foil": 406,
   "_observation": [
      2.0,
      -0.5329187181563656,
      -0.5329268139727642,
      -0.7057616663526005,
      -0.8438029384625749,
      -0.6504904246487432,
      -0.8995674531597351,
      -0.7819094962529229
   ],
   "_idx": 328,
   "factual_class": 1,
   "feature_bounds_splits": {
      "0": {
         "type": 2,
         "values": [
            null,
            null
         ]
      },
      "1": {
         "type": 1,
         "values": [
            null,
            -0.5537384152412415
         ]
      },
      "2": {
         "type": 1,
         "values": [
            -1.0620114207267761,
            null
         ]
      },
      "3": {
         "type": 1,
         "values": [
            -1.48286372423172,
            -1.0046470761299133
         ]
      },
      "4": {
         "type": 1,
         "values": [
            -0.8580790162086487,
            null
         ]
      },
      "5": {
         "type": 1,
         "values": [
            null,
            -0.6516168713569641
         ]
      },
      "6": {
         "type": 1,
         "values": [
            null,
            null
         ]
      },
      "7": {
         "type": 1,
         "values": [
            -0.7639479339122772,
            -0.7100631892681122
         ]
      }
   },
   "splits": [
      [
         5,
         -0.37451042234897614,
         true
      ],
      [
         5,
         -0.525454580783844,
         true
      ],
      [
         5,
         -0.5299603939056396,
         true
      ],
      [
         5,
         -0.5468571186065674,
         true
      ],
      [
         5,
         -0.5502364635467529,
         true
      ],
      [
         5,
         -0.5648803114891052,
         true
      ],
      [
         2,
         -1.0620114207267761,
         false
      ],
      [
         5,
         -0.5660067498683929,
         true
      ],
      [
         5,
         -0.5693860948085785,
         true
      ],
      [
         5,
         -0.5716390013694763,
         true
      ],
      [
         7,
         -1.11060631275177,
         false
      ],
      [
         7,
         -1.0728870034217834,
         false
      ],
      [
         7,
         -1.0297792255878448,
         false
      ],
      [
         7,
         -1.0046330392360687,
         false
      ],
      [
         7,
         -0.9723021984100342,
         false
      ],
      [
         7,
         -0.9327867329120636,
         false
      ],
      [
         7,
         -0.9166213274002075,
         false
      ],
      [
         7,
         -0.9076405167579651,
         false
      ],
      [
         7,
         -0.900455892086029,
         false
      ],
      [
         7,
         -0.8914750814437866,
         false
      ],
      [
         7,
         -0.8735135495662689,
         false
      ],
      [
         7,
         -0.8591442704200745,
         false
      ],
      [
         5,
         -0.5829034745693207,
         true
      ],
      [
         3,
         -1.48286372423172,
         false
      ],
      [
         7,
         -0.850163459777832,
         false
      ],
      [
         7,
         -0.8286095857620239,
         false
      ],
      [
         5,
         -0.5919150710105896,
         true
      ],
      [
         7,
         -0.8250172734260559,
         false
      ],
      [
         7,
         -0.8196288049221039,
         false
      ],
      [
         5,
         -0.5941679775714874,
         true
      ],
      [
         1,
         -0.345541350543499,
         true
      ],
      [
         5,
         -0.6043060123920441,
         true
      ],
      [
         5,
         -0.6178233921527863,
         true
      ],
      [
         7,
         -0.8070557117462158,
         false
      ],
      [
         7,
         -0.7998710870742798,
         false
      ],
      [
         7,
         -0.7801133394241333,
         false
      ],
      [
         3,
         -0.3470991849899292,
         true
      ],
      [
         3,
         -0.40687626600265503,
         true
      ],
      [
         7,
         -0.7639479339122772,
         false
      ],
      [
         3,
         -0.8850929141044617,
         true
      ],
      [
         4,
         -0.8580790162086487,
         false
      ],
      [
         7,
         -0.7100631892681122,
         true
      ],
      [
         1,
         -0.5329187214374542,
         true
      ],
      [
         1,
         -0.5537384152412415,
         true
      ],
      [
         3,
         -1.0046470761299133,
         true
      ],
      [
         5,
         -0.6516168713569641,
         true
      ]
   ],
   "remaining_rules": [
      52,
      664,
      1279,
      1898,
      2519,
      3085,
      3678,
      4228,
      4864,
      5425
   ],
   "set_rules": [
      52,
      664,
      1279,
      1898,
      2519,
      3085,
      3678,
      4228,
      4864,
      5425
   ],
   "foil_estimated_class": [
      0
   ],
   "distance": 0.0021405109396173865,
   "extraction_time": 0.16733837127685547,
   "feature_bounds": {
      "0": {
         "type": 2,
         "values": [
            1.5,
            null
         ]
      },
      "1": {
         "type": 1,
         "values": [
            -0.7619355022907257,
            -0.5537384152412415
         ]
      },
      "2": {
         "type": 1,
         "values": [
            -0.5581213235855103,
            -0.5077323019504547
         ]
      },
      "3": {
         "type": 1,
         "values": [
            -1.48286372423172,
            -1.0046470761299133
         ]
      },
      "4": {
         "type": 1,
         "values": [
            -0.8580790162086487,
            -0.7872084379196167
         ]
      },
      "5": {
         "type": 1,
         "values": [
            -0.6561226546764374,
            -0.6516168713569641
         ]
      },
      "6": {
         "type": 1,
         "values": [
            -0.970278412103653,
            -0.7262115776538849
         ]
      },
      "7": {
         "type": 1,
         "values": [
            -0.7639479339122772,
            -0.7100631892681122
         ]
      }
   },
   "feature_bounds_compact": {
      "0": {
         "type": 2,
         "values": [
            1.5,
            null
         ]
      },
      "1": {
         "type": 1,
         "values": [
            -0.7619355022907257,
            -0.5537384152412415
         ]
      },
      "2": {
         "type": 1,
         "values": [
            -0.5581213235855103,
            -0.5077323019504547
         ]
      },
      "3": {
         "type": 1,
         "values": [
            -1.48286372423172,
            -1.0046470761299133
         ]
      },
      "4": {
         "type": 1,
         "values": [
            -0.8580790162086487,
            -0.7872084379196167
         ]
      },
      "5": {
         "type": 1,
         "values": [
            -0.6561226546764374,
            -0.6516168713569641
         ]
      },
      "6": {
         "type": 1,
         "values": [
            -0.970278412103653,
            -0.7262115776538849
         ]
      },
      "7": {
         "type": 1,
         "values": [
            -0.7639479339122772,
            -0.7100631892681122
         ]
      }
   },
   "feature_bounds_compact_count": {
      "0": {
         "type": 2,
         "values": [
            1.5,
            null
         ]
      },
      "1": {
         "type": 1,
         "values": [
            -0.7619355022907257,
            -0.5537384152412415
         ]
      },
      "2": {
         "type": 1,
         "values": [
            -0.5581213235855103,
            -0.5077323019504547
         ]
      },
      "3": {
         "type": 1,
         "values": [
            -1.48286372423172,
            -1.0046470761299133
         ]
      },
      "4": {
         "type": 1,