{
   "found": true,
   "num_iterations": 687,
   "num_foil": 295,
   "_observation": [
      1.0,
      0.2165907515924977,
      0.12213031814428865,
      -0.2275450258538067,
      -0.3930863625869929,
      -0.2945325560485966,
      -0.33387984611600097,
      -0.4550088152029909
   ],
   "_idx": 262,
   "factual_class": 1,
   "feature_bounds_splits": {
      "0": {
         "type": 2,
         "values": [
            null,
            null
         ]
      },
      "1": {
         "type": 1,
         "values": [
            0.19577103853225708,
            0.23741046339273453
         ]
      },
      "2": {
         "type": 1,
         "values": [
            0.09693581238389015,
            0.39926987886428833
         ]
      },
      "3": {
         "type": 1,
         "values": [
            -0.76553875207901,
            -0.28732210397720337
         ]
      },
      "4": {
         "type": 1,
         "values": [
            -0.406852588057518,
            -0.36198487877845764
         ]
      },
      "5": {
         "type": 1,
         "values": [
            -0.32382023334503174,
            -0.28777386248111725
         ]
      },
      "6": {
         "type": 1,
         "values": [
            -0.3452848494052887,
            -0.1856149509549141
         ]
      },
      "7": {
         "type": 1,
         "values": [
            -0.503505066037178,
            -0.43884339928627014
         ]
      }
   },
   "splits": [
      [
         3,
         -1.2437554001808167,
         false
      ],
      [
         3,
         -1.124201238155365,
         false
      ],
      [
         5,
         0.04340212978422642,
         true
      ],
      [
         5,
         0.008482212200760841,
         true
      ],
      [
         7,
         -0.8196288049221039,
         false
      ],
      [
         5,
         -0.07149566523730755,
         true
      ],
      [
         5,
         -0.07262211106717587,
         true
      ],
      [
         5,
         -0.09515109285712242,
         true
      ],
      [
         5,
         -0.09740398824214935,
         true
      ],
      [
         6,
         -0.5482937097549438,
         false
      ],
      [
         5,
         -0.09853043779730797,
         true
      ],
      [
         5,
         -0.1007833369076252,
         true
      ],
      [
         6,
         -0.5300457030534744,
         false
      ],
      [
         6,
         -0.5186407268047333,
         false
      ],
      [
         6,
         -0.49126873910427094,
         false
      ],
      [
         6,
         -0.4867067486047745,
         false
      ],
      [
         5,
         -0.1086684800684452,
         true
      ],
      [
         6,
         -0.4821447432041168,
         false
      ],
      [
         6,
         -0.4798637479543686,
         false
      ],
      [
         5,
         -0.13119745627045631,
         true
      ],
      [
         5,
         -0.13232390582561493,
         true
      ],
      [
         5,
         -0.15372643619775772,
         true
      ],
      [
         2,
         0.39926987886428833,
         true
      ],
      [
         6,
         -0.450210765004158,
         false
      ],
      [
         3,
         0.5495570302009583,
         true
      ],
      [
         6,
         -0.44564877450466156,
         false
      ],
      [
         5,
         -0.7417328059673309,
         false
      ],
      [
         5,
         -0.15823223441839218,
         true
      ],
      [
         3,
         0.19089453667402267,
         true
      ],
      [
         4,
         -0.5032162070274353,
         false
      ],
      [
         4,
         -0.49505843222141266,
         false
      ],
      [
         4,
         -0.4812922030687332,
         false
      ],
      [
         6,
         -0.42055778205394745,
         false
      ],
      [
         4,
         -0.4807823598384857,
         false
      ],
      [
         4,
         -0.4716048687696457,
         false
      ],
      [
         4,
         -0.465486541390419,
         false
      ],
      [
         6,
         -0.4182767868041992,
         false
      ],
      [
         6,
         -0.4091528058052063,
         false
      ],
      [
         5,
         -0.6516168713569641,
         false
      ],
      [
         6,
         -0.3612518161535263,
         false
      ],
      [
         5,
         -0.16161157935857773,
         true
      ],
      [
         6,
         -0.3589708283543587,
         false
      ],
      [
         3,
         -1.0046470761299133,
         false
      ],
      [
         5,
         -0.6380994915962219,
         false
      ],
      [
         6,
         -0.34756582975387573,
         false
      ],
      [
         6,
         -0.3452848494052887,
         false
      ],
      [
         6,
         -0.1856149509549141,
         true
      ],
      [
         4,
         -0.45834849774837494,
         false
      ],
      [
         3,
         -0.8253158330917358,
         false
      ],
      [
         3,
         -0.76553875207901,
         false
      ],
      [
         7,
         -0.634624570608139,
         false
      ],
      [
         7,
         -0.6130706667900085,
         false
      ],
      [
         7,
         -0.6040898859500885,
         false
      ],
      [
         3,
         -0.167767945677042,
         true
      ],
      [
         7,
         -0.4083087146282196,
         true
      ],
      [
         4,
         -0.3431200534105301,
         true
      ],
      [
         5,
         -0.39140716195106506,
         false
      ],
      [
         5,
         -0.3733839690685272,
         false
      ],
      [
         5,
         -0.3654988408088684,
         false
      ],
      [
         2,
         -0.07942572049796581,
         false
      ],
      [
         7,
         -0.4119010269641876,
         true
      ],
      [
         7,
         -0.4298626184463501,
         true
      ],
      [
         1,
         0.19577103853225708,
         false
      ],
      [
         3,
         -0.22754502668976784,
         true
      ],
      [
         4,
         -0.44815129041671753,
         false
      ],
      [
         4,
         -0.4323456138372421,
         false
      ],
      [
         4,
         -0.42010897397994995,
         false
      ],
      [
         5,
         -0.2641184329986572,
         true
      ],
      [
         3,
         -0.28732210397720337,
         true
      ],
      [
         5,
         -0.2697506695985794,
         true
      ],
      [
         4,
         -0.406852588057518,
         false
      ],
      [
         5,
         -0.2855209559202194,
         true
      ],
      [
         1,
         0.23741046339273453,
         true
      ],
      [
         4,
         -0.35586655139923096,
         true
      ],
      [
         7,
         -0.43884339928627014,
         true
      ],
      [
         5,
         -0.28777386248111725,
         true
      ],
      [
         7,
         -0.5124858468770981,
         false
      ],
      [
         7,
         -0.503505066037178,
         false
      ],
      [
         2,
         0.09693581238389015,
         false
      ],
      [
         4,
         -0.36198487877845764,
         true
      ],
      [
         5,
         -0.32382023334503174,
         false
      ]
   ],
   "remaining_rules": [
      165,
      790,
      1355,
      1939,
      2499,
      3211,
      3744,
      4331,
      4967,
      5478
   ],
   "set_rules": [
      165,
      790,
      1355,
      1939,
      2499,
      3211,
      3744,
      4331,
      4967,
      5478
   ],
   "foil_estimated_class": [
      0
   ],
   "distance": 0.00027677998024147295,
   "extraction_time": 0.16086387634277344,
   "feature_bounds": {
      "0": {
         "type": 2,
         "values": [
            0.5,
            1.5
         ]
      },