{
   "factual_sample": {
      "Temperature": -0.4221279270719343,
      "Humidity": 0.3062172739916218,
      "Light": -0.7724036570242273,
      "CO2": -0.3653338303724856,
      "HumidityRatio": -0.025860739030102883
   },
   "counterfactual_sample": {
      "Temperature": -0.4221279270719343,
      "Humidity": 0.3062172739916218,
      "Light": -0.7724036570242273,
      "CO2": -0.3653338303724856,
      "HumidityRatio": -0.025860739030102883
   },
   "factual_class": 1,
   "counterfactual_class": 1,
   "counterfactual_found": false,
   "counterfactual_rule_id": 14,
   "counterfactual_rule": {
      "2": [
         null,
         0.23344
      ],
      "4": [
         -0.13842,
         0.17446
      ],
      "3": [
         null,
         0.23227
      ],
      "0": [
         null,
         0.18108
      ]
   },
   "counterfactual_distance": 0.0,
   "counterfactual_time": 1.466320514678955
}