{
   "found": true,
   "num_iterations": 2011,
   "num_foil": 989,
   "_observation": [
      1.0,
      1.0,
      3.0,
      4.0,
      -0.5047169115502104,
      0.14276758278003948,
      1.0,
      3.0,
      0.0,
      -0.6631347748148388,
      -0.2863383490338839,
      0.0,
      0.0,
      0.0
   ],
   "_idx": 791,
   "factual_class": 1,
   "feature_bounds_splits": {
      "0": {
         "type": 2,
         "values": [
            null,
            null
         ]
      },
      "1": {
         "type": 2,
         "values": [
            0.5,
            null
         ]
      },
      "2": {
         "type": 2,
         "values": [
            null,
            null
         ]
      },
      "3": {
         "type": 2,
         "values": [
            null,
            null
         ]
      },
      "4": {
         "type": 1,
         "values": [
            -0.5734411180019379,
            -0.5422028601169586
         ]
      },
      "5": {
         "type": 1,
         "values": [
            0.021981312675052322,
            0.14276758208870888
         ]
      },
      "6": {
         "type": 2,
         "values": [
            0.5,
            null
         ]
      },
      "7": {
         "type": 2,
         "values": [
            null,
            null
         ]
      },
      "8": {
         "type": 2,
         "values": [
            null,
            1.5
         ]
      },
      "9": {
         "type": 1,
         "values": [
            -0.6321930587291718,
            -0.594620943069458
         ]
      },
      "10": {
         "type": 1,
         "values": [
            -0.34158146381378174,
            -0.31948421895504
         ]
      },
      "11": {
         "type": 2,
         "values": [
            null,
            null
         ]
      },
      "12": {
         "type": 2,
         "values": [
            null,
            0.5
         ]
      },
      "13": {
         "type": 2,
         "values": [
            null,
            null
         ]
      }
   },
   "splits": [
      [
         5,
         0.021981312675052322,
         false
      ],
      [
         4,
         0.59278804063797,
         true
      ],
      [
         9,
         -0.5835703313350677,
         true
      ],
      [
         4,
         0.3907804936170578,
         true
      ],
      [
         4,
         0.38869793713092804,
         true
      ],
      [
         4,
         0.35954219102859497,
         true
      ],
      [
         4,
         0.16169975697994232,
         true
      ],
      [
         9,
         -0.5857804417610168,
         true
      ],
      [
         9,
         -0.5902006924152374,
         true
      ],
      [
         9,
         -0.594620943069458,
         true
      ],
      [
         8,
         1.5,
         true
      ],
      [
         10,
         0.03407174348831177,
         true
      ],
      [
         10,
         0.023023121058940887,
         true
      ],
      [
         4,
         -0.5734411180019379,
         false
      ],
      [
         12,
         0.5,
         true
      ],
      [
         1,
         0.5,
         false
      ],
      [
         6,
         0.5,
         false
      ],
      [
         5,
         0.24118603020906448,
         true
      ],
      [
         4,
         -0.5088820159435272,
         true
      ],
      [
         9,
         -0.6786056458950043,
         false
      ],
      [
         10,
         -0.3084355965256691,
         true
      ],
      [
         10,
         -0.3084356039762497,
         true
      ],
      [
         9,
         -0.663134753704071,
         false
      ],
      [
         9,
         -0.6587145328521729,
         false
      ],
      [
         9,
         -0.6476639211177826,
         false
      ],
      [
         9,
         -0.6476638913154602,
         false
      ],
      [
         9,
         -0.6454537808895111,
         false
      ],
      [
         5,
         0.14276758581399918,
         true
      ],
      [
         9,
         -0.6321930587291718,
         false
      ],
      [
         10,
         -0.31948421895504,
         true
      ],
      [
         10,
         -0.3636787086725235,
         false
      ],
      [
         10,
         -0.34158146381378174,
         false
      ],
      [
         5,
         0.14276758208870888,
         true
      ],
      [
         4,
         -0.5422028601169586,
         true
      ]
   ],
   "remaining_rules": [
      772,
      2551,
      4226,
      6131,
      7473,
      9352,
      11899,
      12951,
      15020,
      17165
   ],
   "set_rules": [
      772,
      2551,
      4226,
      6131,
      7473,
      9352,
      11899,
      12951,
      15020,
      17165
   ],
   "foil_estimated_class": [
      0
   ],
   "distance": 0.0004997242794766593,
   "extraction_time": 0.5096957683563232,
   "feature_bounds": {
      "0": {
         "type": 2,
         "values": [
            0.5,
            null
         ]
      },
      "1": {
         "type": 2,
         "values": [
            0.5,
            null
         ]
      },
      "2": {
         "type": 2,
         "values": [
            2.5,
            3.5
         ]
      },
      "3": {
         "type": 2,
         "values": [
            3.5,
            null
         ]
      },
      "4": {
         "type": 1,
         "values": [
            -0.6109270751476288,
            -0.5422028601169586
         ]
      },
      "5": {
         "type": 1,
         "values": [
            -0.022754344376153313,
            0.14276758208870888
         ]
      },
      "6": {
         "type": 2,
         "values": [
            0.5,
            1.5
         ]
      },
      "7": {
         "type": 2,
         "values": [
            2.5,
            3.5
         ]
      },
      "8": {
         "type": 2,
         "values": [
            null,
            0.5
         ]
      },
      "9": {
         "type": 1,
         "values": [
            -0.6321930587291718,
            -0.4907451272010803
         ]
      },
      "10": {
         "type": 1,
         "values": [
            -0.34158146381378174,
            -0.31948421895504
         ]
      },
      "11": {
         "type": 2,
         "values": [
            null,
            0.5
         ]
      },
      "12": {
         "type": 2,
         "values": [
            null,
            0.5
         ]
      },
      "13": {
         "type": 2,
         "values": [
            null,
            0.5
         ]
      }
   },
   "feature_bounds_compact": {
      "0": {
         "type": 2,
         "values": [
            0.5,
            null
         ]
      },
      "1": {
         "type": 2,
         "values": [
            0.5,
            null
         ]
      },
      "2": {
         "type": 2,
         "values": [
            2.5,
            3.5
         ]
      },
      "3": {
         "type": 2,
         "values": [
            3.5,
            null
         ]
      },
      "4": {
         "type": 1,
         "values": [
            -0.6109270751476288,
            -0.5422028601169586
         ]
      },
      "5": {
         "type": 1,
         "values": [
            -0.022754344376153313,
            0.14276758208870888
         ]
      },
      "6": {
         "type": 2,
         "values": [
            0.5,
            1.5
         ]
      },
      "7": {
         "type": 2,
         "values": [
            2.5,
            3.5
         ]
      },
      "8": {
         "type": 2,
         "values": [
            null,
            0.5
         ]
      },
      "9": {
         "type": 1,
         "values": [
            -0.6321930587291718,
            -0.4907451272010803
         ]
      },
      "10": {
         "type": 1,
         "values": [
            -0.34158146381378174,
            -0.31948421895504
         ]
      },
      "11": {
         "type": 2,