{
   "found": true,
   "num_iterations": 147,
   "num_foil": 47,
   "_observation": [
      0.0,
      0.0,
      3.0,
      2.0,
      0.09922319428445776,
      -0.3493246320062693,
      0.0,
      0.0,
      0.0,
      0.22975516948401745,
      -0.17585210913996274,
      0.0,
      0.0,
      0.0
   ],
   "_idx": 951,
   "factual_class": 1,
   "feature_bounds_splits": {
      "0": {
         "type": 2,
         "values": [
            null,
            null
         ]
      },
      "1": {
         "type": 2,
         "values": [
            null,
            null
         ]
      },
      "2": {
         "type": 2,
         "values": [
            null,
            null
         ]
      },
      "3": {
         "type": 2,
         "values": [
            null,
            null
         ]
      },
      "4": {
         "type": 1,
         "values": [
            -0.023647379130125046,
            0.1741950660943985
         ]
      },
      "5": {
         "type": 1,
         "values": [
            -0.28222113847732544,
            -0.27774757146835327
         ]
      },
      "6": {
         "type": 2,
         "values": [
            null,
            null
         ]
      },
      "7": {
         "type": 2,
         "values": [
            null,
            null
         ]
      },
      "8": {
         "type": 2,
         "values": [
            null,
            null
         ]
      },
      "9": {
         "type": 1,
         "values": [
            0.22754504531621933,
            0.2341754138469696
         ]
      },
      "10": {
         "type": 1,
         "values": [
            -0.1427062377333641,
            -0.12060898914933205
         ]
      },
      "11": {
         "type": 2,
         "values": [
            null,
            null
         ]
      },
      "12": {
         "type": 2,
         "values": [
            null,
            null
         ]
      },
      "13": {
         "type": 2,
         "values": [
            null,
            null
         ]
      }
   },
   "splits": [
      [
         5,
         0.27250099182128906,
         true
      ],
      [
         4,
         -0.2423153519630432,
         false
      ],
      [
         10,
         -0.3636787086725235,
         false
      ],
      [
         9,
         0.7977569401264191,
         true
      ],
      [
         10,
         0.045120371505618095,
         true
      ],
      [
         4,
         -0.2381502464413643,
         false
      ],
      [
         4,
         -0.23190258629620075,
         false
      ],
      [
         4,
         -0.21732471883296967,
         false
      ],
      [
         4,
         -0.07362862816080451,
         false
      ],
      [
         10,
         0.04512037057429552,
         true
      ],
      [
         10,
         0.03407174628227949,
         true
      ],
      [
         10,
         -0.010122749023139477,
         true
      ],
      [
         9,
         0.7955467998981476,
         true
      ],
      [
         5,
         -0.39406028389930725,
         false
      ],
      [
         10,
         -0.021171373140532523,
         true
      ],
      [
         10,
         -0.03221999667584896,
         true
      ],
      [
         9,
         0.5458028614521027,
         true
      ],
      [
         9,
         0.539172500371933,
         true
      ],
      [
         9,
         0.5281218588352203,
         true
      ],
      [
         9,
         0.5259117186069489,
         true
      ],
      [
         10,
         -0.032219997607171535,
         true
      ],
      [
         10,
         -0.08746311627328396,
         true
      ],
      [
         9,
         -0.042090036906301975,
         false
      ],
      [
         4,
         -0.023647379130125046,
         false
      ],
      [
         4,
         0.2137635573744774,
         true
      ],
      [
         9,
         -0.03766978904604912,
         false
      ],
      [
         5,
         -0.3448510766029358,
         false
      ],
      [
         5,
         -0.33590394258499146,
         false
      ],
      [
         9,
         0.22312480211257935,
         false
      ],
      [
         5,
         -0.3269568085670471,
         false
      ],
      [
         5,
         -0.19274983555078506,
         true
      ],
      [
         5,
         -0.19722340255975723,
         true
      ],
      [
         9,
         0.2584867775440216,
         true
      ],
      [
         4,
         0.1741950660943985,
         true
      ],
      [
         5,
         -0.29564185440540314,
         false
      ],
      [
         5,
         -0.2866947203874588,
         false
      ],
      [
         5,
         -0.2866947054862976,
         false
      ],
      [
         10,
         -0.08746311813592911,
         true
      ],
      [
         5,
         -0.2016969621181488,
         true
      ],
      [
         5,
         -0.21959123015403748,
         true
      ],
      [
         5,
         -0.2553797662258148,
         true
      ],
      [
         5,
         -0.2732740044593811,
         true
      ],
      [
         9,
         0.2341754138469696,
         true
      ],
      [
         9,
         0.22754504531621933,
         false
      ],
      [
         5,
         -0.28222113847732544,
         false
      ],
      [
         5,
         -0.27774757146835327,
         true
      ],
      [
         10,
         -0.2531924694776535,
         false
      ],
      [
         10,
         -0.23109522834420204,
         false
      ],
      [
         10,
         -0.18690073490142822,
         false
      ],
      [
         10,
         -0.09851174056529999,
         true
      ],
      [
         10,
         -0.1427062377333641,
         false
      ],
      [
         10,
         -0.12060898914933205,
         true
      ]
   ],
   "remaining_rules": [
      675,
      2515,
      3768,
      5900,
      7234,
      9437,
      11094,
      12308,
      14089,
      16271
   ],
   "set_rules": [
      675,
      2515,
      3768,
      5900,
      7234,
      9437,
      11094,
      12308,
      14089,
      16271
   ],
   "foil_estimated_class": [
      0
   ],
   "distance": 0.0002866490217873775,
   "extraction_time": 0.45466184616088867,
   "feature_bounds": {
      "0": {
         "type": 2,
         "values": [
            null,
            0.5
         ]
      },
      "1": {
         "type": 2,
         "values": [
            null,
            0.5
         ]
      },
      "2": {
         "type": 2,
         "values": [
            2.5,
            3.5
         ]
      },
      "3": {
         "type": 2,
         "values": [
            1.5,
            2.5
         ]
      },
      "4": {
         "type": 1,
         "values": [
            -0.1486005038022995,
            0.1741950660943985
         ]
      },
      "5": {
         "type": 1,
         "values": [
            -0.28222113847732544,
            -0.2732740044593811
         ]
      },
      "6": {
         "type": 2,
         "values": [
            null,
            0.5
         ]
      },
      "7": {
         "type": 2,
         "values": [
            null,
            0.5
         ]
      },
      "8": {
         "type": 2,
         "values": [
            null,
            0.5
         ]
      },
      "9": {
         "type": 1,
         "values": [
            0.09493762999773026,
            0.2584867775440216
         ]
      },
      "10": {
         "type": 1,
         "values": [
            -0.1427062377333641,
            -0.12060898914933205
         ]
      },
      "11": {
         "type": 2,
         "values": [
            null,
            0.5
         ]
      },
      "12": {
         "type": 2,
         "values": [
            null,
            1.5
         ]
      },
      "13": {
         "type": 2,
         "values": [
            null,
            0.5
         ]
      }
   },