{
   "found": true,
   "num_iterations": 1947,
   "num_foil": 925,
   "_observation": [
      1.0,
      0.0,
      2.0,
      3.0,
      3.3355091407226447,
      -0.0809106966682827,
      0.0,
      0.0,
      3.0,
      3.6068240677232564,
      0.4870653302235641,
      0.0,
      0.0,
      0.0
   ],
   "_idx": 902,
   "factual_class": 1,
   "feature_bounds_splits": {
      "0": {
         "type": 2,
         "values": [
            null,
            null
         ]
      },
      "1": {
         "type": 2,
         "values": [
            null,
            null
         ]
      },
      "2": {
         "type": 2,
         "values": [
            null,
            null
         ]
      },
      "3": {
         "type": 2,
         "values": [
            null,
            null
         ]
      },
      "4": {
         "type": 1,
         "values": [
            1.7756776213645935,
            null
         ]
      },
      "5": {
         "type": 1,
         "values": [
            -0.40748098492622375,
            -0.3985338509082794
         ]
      },
      "6": {
         "type": 2,
         "values": [
            null,
            null
         ]
      },
      "7": {
         "type": 2,
         "values": [
            null,
            null
         ]
      },
      "8": {
         "type": 2,
         "values": [
            0.5,
            null
         ]
      },
      "9": {
         "type": 1,
         "values": [
            3.5162090063095093,
            3.726170778274536
         ]
      },
      "10": {
         "type": 1,
         "values": [
            null,
            -0.1427062377333641
         ]
      },
      "11": {
         "type": 2,
         "values": [
            null,
            null
         ]
      },
      "12": {
         "type": 2,
         "values": [
            null,
            0.5
         ]
      },
      "13": {
         "type": 2,
         "values": [
            null,
            null
         ]
      }
   },
   "splits": [
      [
         4,
         0.13670913130044937,
         false
      ],
      [
         4,
         0.16169975697994232,
         false
      ],
      [
         9,
         0.21649442613124847,
         false
      ],
      [
         9,
         0.21870455145835876,
         false
      ],
      [
         4,
         0.1846078298985958,
         false
      ],
      [
         9,
         0.40214481949806213,
         false
      ],
      [
         9,
         0.4375067874789238,
         false
      ],
      [
         9,
         0.44855742156505585,
         false
      ],
      [
         9,
         0.4640282690525055,
         false
      ],
      [
         9,
         0.47286877036094666,
         false
      ],
      [
         9,
         0.4817092567682266,
         false
      ],
      [
         9,
         0.4839193820953369,
         false
      ],
      [
         9,
         0.5237015932798386,
         false
      ],
      [
         9,
         0.539172500371933,
         false
      ],
      [
         9,
         0.5767445862293243,
         false
      ],
      [
         9,
         0.5811648368835449,
         false
      ],
      [
         9,
         0.5855850875377655,
         false
      ],
      [
         9,
         0.6054762024432421,
         false
      ],
      [
         9,
         0.625367283821106,
         false
      ],
      [
         9,
         0.6430482864379883,
         false
      ],
      [
         9,
         0.6784102767705917,
         false
      ],
      [
         9,
         0.7159823775291443,
         false
      ],
      [
         9,
         0.7181924879550934,
         false
      ],
      [
         9,
         0.7425038814544678,
         false
      ],
      [
         4,
         0.20959845185279846,
         false
      ],
      [
         9,
         0.7535544633865356,
         false
      ],
      [
         9,
         0.7977569401264191,
         false
      ],
      [
         9,
         0.8088075518608093,
         false
      ],
      [
         9,
         0.8198581635951996,
         false
      ],
      [
         9,
         0.8331189155578613,
         false
      ],
      [
         4,
         0.4699174612760544,
         false
      ],
      [
         9,
         0.8397493064403534,
         false
      ],
      [
         12,
         0.5,
         true
      ],
      [
         9,
         0.8419594168663025,
         false
      ],
      [
         9,
         1.0187692940235138,
         false
      ],
      [
         9,
         1.029819905757904,
         false
      ],
      [
         9,
         1.1447463631629944,
         false
      ],
      [
         9,
         1.2309411764144897,
         false
      ],
      [
         8,
         0.5,
         false
      ],
      [
         9,
         1.3524979948997498,
         false
      ],
      [
         9,
         1.5978217124938965,
         false
      ],
      [
         9,
         1.6818063855171204,
         false
      ],
      [
         9,
         2.1989753246307373,
         false
      ],
      [
         9,
         2.265278935432434,
         false
      ],
      [
         9,
         2.4111472368240356,
         false
      ],
      [
         9,
         2.415567398071289,
         false
      ],
      [
         4,
         0.5886229276657104,
         false
      ],
      [
         9,
         2.4221978187561035,
         false
      ],
      [
         4,
         1.0530320703983307,
         false
      ],
      [
         9,
         2.8598023653030396,
         false
      ],
      [
         9,
         2.8774832487106323,
         false
      ],
      [
         9,
         3.0808147192001343,
         false
      ],
      [
         9,
         3.127227306365967,
         false
      ],
      [
         4,
         1.0988482236862183,
         false
      ],
      [
         4,
         1.3320940136909485,
         false
      ],
      [
         4,
         1.3654148578643799,
         false
      ],
      [
         5,
         0.030928442254662514,
         true
      ],
      [
         4,
         1.4112310409545898,
         false
      ],
      [
         4,
         1.7756776213645935,
         false
      ],
      [
         5,
         0.02645487803965807,
         true
      ],
      [
         9,
         3.5162090063095093,
         false
      ],
      [
         9,
         3.726170778274536,
         true
      ],
      [
         5,
         -0.19274983555078506,
         true
      ],
      [
         5,
         -0.26880045235157013,
         true
      ],
      [
         5,
         -0.2732740044593811,
         true
      ],
      [
         10,
         0.5865029394626617,
         true
      ],
      [
         5,
         -0.3582717627286911,
         true
      ],
      [
         10,
         0.25504422932863235,
         true
      ],
      [
         5,
         -0.36274532973766327,
         true
      ],
      [
         10,
         -0.1427062302827835,
         true
      ],
      [
         10,
         -0.1427062340080738,
         true
      ],
      [
         10,
         -0.1427062377333641,
         true
      ],
      [
         5,
         -0.3985338509082794,
         true
      ],
      [
         5,
         -0.40748098492622375,
         false
      ]
   ],
   "remaining_rules": [
      182,
      2910,
      3958,
      6567,
      7030,
      9587,
      11359,
      12295,
      14003,
      16515
   ],
   "set_rules": [
      182,
      2910,
      3958,
      6567,
      7030,
      9587,
      11359,
      12295,
      14003,
      16515
   ],
   "foil_estimated_class": [
      0
   ],
   "distance": 0.002997540477473482,
   "extraction_time": 0.5339033603668213,
   "feature_bounds": {
      "0": {
         "type": 2,
         "values": [
            0.5,
            null
         ]
      },
      "1": {
         "type": 2,