{
   "found": true,
   "num_iterations": 116,
   "num_foil": 49,
   "_observation": [
      0.0,
      0.0,
      2.0,
      3.0,
      -0.7337976413495673,
      -0.3403775008283364,
      2.0,
      6.0,
      0.0,
      -0.6984967528068727,
      -0.1537548611611785,
      0.0,
      0.0,
      0.0
   ],
   "_idx": 518,
   "factual_class": 1,
   "feature_bounds_splits": {
      "0": {
         "type": 2,
         "values": [
            null,
            null
         ]
      },
      "1": {
         "type": 2,
         "values": [
            null,
            null
         ]
      },
      "2": {
         "type": 2,
         "values": [
            null,
            null
         ]
      },
      "3": {
         "type": 2,
         "values": [
            null,
            null
         ]
      },
      "4": {
         "type": 1,
         "values": [
            -0.7275499999523163,
            -0.7192197740077972
         ]
      },
      "5": {
         "type": 1,
         "values": [
            -0.32248324155807495,
            -0.3180096745491028
         ]
      },
      "6": {
         "type": 2,
         "values": [
            null,
            null
         ]
      },
      "7": {
         "type": 2,
         "values": [
            null,
            null
         ]
      },
      "8": {
         "type": 2,
         "values": [
            null,
            null
         ]
      },
      "9": {
         "type": 1,
         "values": [
            -0.6830258965492249,
            -0.6786056160926819
         ]
      },
      "10": {
         "type": 1,
         "values": [
            -0.15375486016273499,
            -0.1427062377333641
         ]
      },
      "11": {
         "type": 2,
         "values": [
            null,
            null
         ]
      },
      "12": {
         "type": 2,
         "values": [
            null,
            null
         ]
      },
      "13": {
         "type": 2,
         "values": [
            null,
            null
         ]
      }
   },
   "splits": [
      [
         5,
         -0.36274532973766327,
         false
      ],
      [
         5,
         -0.28222113847732544,
         true
      ],
      [
         10,
         -0.04326861910521984,
         true
      ],
      [
         10,
         -0.07641449198126793,
         true
      ],
      [
         9,
         -0.6830258965492249,
         false
      ],
      [
         10,
         -0.17585211247205734,
         false
      ],
      [
         5,
         -0.35379819571971893,
         false
      ],
      [
         9,
         -0.6786056160926819,
         true
      ],
      [
         5,
         -0.3001154065132141,
         true
      ],
      [
         10,
         -0.16480348259210587,
         false
      ],
      [
         5,
         -0.33590394258499146,
         false
      ],
      [
         10,
         -0.12060898914933205,
         true
      ],
      [
         10,
         -0.15375486016273499,
         false
      ],
      [
         4,
         -0.7400453090667725,
         false
      ],
      [
         10,
         -0.1427062377333641,
         true
      ],
      [
         5,
         -0.3269567936658859,
         false
      ],
      [
         4,
         -0.7275499999523163,
         false
      ],
      [
         5,
         -0.30906254053115845,
         true
      ],
      [
         5,
         -0.3135361075401306,
         true
      ],
      [
         4,
         -0.7192197740077972,
         true
      ],
      [
         5,
         -0.3180096745491028,
         true
      ],
      [
         5,
         -0.32248324155807495,
         false
      ]
   ],
   "remaining_rules": [
      436,
      2435,
      3571,
      5291,
      7090,
      9746,
      10876,
      13406,
      15108,
      16758
   ],
   "set_rules": [
      436,
      2435,
      3571,
      5291,
      7090,
      9746,
      10876,
      13406,
      15108,
      16758
   ],
   "foil_estimated_class": [
      0
   ],
   "distance": 0.00016708768417085697,
   "extraction_time": 0.22057461738586426,
   "feature_bounds": {
      "0": {
         "type": 2,
         "values": [
            null,
            0.5
         ]
      },
      "1": {
         "type": 2,
         "values": [
            null,
            0.5
         ]
      },
      "2": {
         "type": 2,
         "values": [
            1.5,
            2.5
         ]
      },
      "3": {
         "type": 2,
         "values": [
            2.5,
            3.5
         ]
      },
      "4": {
         "type": 1,
         "values": [
            -0.7275499999523163,
            -0.7192197740077972
         ]
      },
      "5": {
         "type": 1,
         "values": [
            -0.32248324155807495,
            -0.3180096745491028
         ]
      },
      "6": {
         "type": 2,
         "values": [
            1.5,
            2.5
         ]
      },
      "7": {
         "type": 2,
         "values": [
            5.5,
            null
         ]
      },
      "8": {
         "type": 2,
         "values": [
            null,
            0.5
         ]
      },
      "9": {
         "type": 1,
         "values": [
            -0.6830258965492249,
            -0.663134753704071
         ]
      },
      "10": {
         "type": 1,
         "values": [
            -0.15375486016273499,
            -0.12060898914933205
         ]
      },
      "11": {
         "type": 2,
         "values": [
            null,
            0.5
         ]
      },
      "12": {
         "type": 2,
         "values": [
            null,
            1.5
         ]
      },
      "13": {
         "type": 2,
         "values": [
            null,
            0.5
         ]
      }
   },
   "feature_bounds_compact": {
      "0": {
         "type": 2,
         "values": [
            null,
            0.5
         ]
      },
      "1": {
         "type": 2,
         "values": [
            null,
            0.5
         ]
      },
      "2": {
         "type": 2,
         "values": [
            1.5,
            2.5
         ]
      },
      "3": {
         "type": 2,
         "values": [
            1.5,
            3.5
         ]
      },
      "4": {
         "type": 1,
         "values": [
            -0.7275499999523163,
            -0.7192197740077972
         ]
      },
      "5": {
         "type": 1,
         "values": [
            -0.32248324155807495,
            -0.3180096745491028
         ]
      },
      "6": {
         "type": 2,
         "values": [
            1.5,
            2.5
         ]
      },
      "7": {
         "type": 2,
         "values": [
            5.5,
            null
         ]
      },
      "8": {
         "type": 2,
         "values": [
            null,
            1.5
         ]
      },
      "9": {
         "type": 1,
         "values": [
            -0.6830258965492249,
            -0.6587145030498505
         ]
      },
      "10": {
         "type": 1,
         "values": [
            -0.15375486016273499,
            -0.12060898914933205
         ]
      },
      "11": {
         "type": 2,
         "values": [
            null,
            0.5
         ]
      },
      "12": {
         "type": 2,
         "values": [
            null,
            1.5
         ]
      },
      "13": {
         "type": 2,
         "values": [
            null,
            0.5
         ]
      }
   },
   "feature_bounds_compact_count": {
      "0": {
         "type": 2,
         "values": [
            null,
            0.5
         ]
      },
      "1": {
         "type": 2,
         "values": [
            null,
            0.5
         ]
      },
      "2": {
         "type": 2,
         "values": [
            1.5,
            2.5
         ]
      },
      "3": {
         "type": 2,
         "values": [
            1.5,
            3.5
         ]
      },
      "4": {
         "type": 1,