{
   "found": true,
   "num_iterations": 92,
   "num_foil": 26,
   "_observation": [
      0.0,
      0.0,
      2.0,
      3.0,
      -0.17150857729660038,
      -0.3224832384724706,
      0.0,
      0.0,
      6.0,
      -0.0575609017012581,
      -0.2200466050975312,
      0.0,
      0.0,
      0.0
   ],
   "_idx": 497,
   "factual_class": 1,
   "feature_bounds_splits": {
      "0": {
         "type": 2,
         "values": [
            null,
            null
         ]
      },
      "1": {
         "type": 2,
         "values": [
            null,
            null
         ]
      },
      "2": {
         "type": 2,
         "values": [
            null,
            null
         ]
      },
      "3": {
         "type": 2,
         "values": [
            null,
            null
         ]
      },
      "4": {
         "type": 1,
         "values": [
            -0.16317836940288544,
            -0.15276560932397842
         ]
      },
      "5": {
         "type": 1,
         "values": [
            -0.34037749469280243,
            -0.2866947203874588
         ]
      },
      "6": {
         "type": 2,
         "values": [
            null,
            null
         ]
      },
      "7": {
         "type": 2,
         "values": [
            null,
            null
         ]
      },
      "8": {
         "type": 2,
         "values": [
            null,
            null
         ]
      },
      "9": {
         "type": 1,
         "values": [
            -0.09734312817454338,
            -0.07524188980460167
         ]
      },
      "10": {
         "type": 1,
         "values": [
            -0.22004660218954086,
            -0.10956036299467087
         ]
      },
      "11": {
         "type": 2,
         "values": [
            null,
            null
         ]
      },
      "12": {
         "type": 2,
         "values": [
            null,
            null
         ]
      },
      "13": {
         "type": 2,
         "values": [
            null,
            null
         ]
      }
   },
   "splits": [
      [
         9,
         -0.5592589378356934,
         false
      ],
      [
         9,
         -0.5238969922065735,
         false
      ],
      [
         9,
         -0.5017957538366318,
         false
      ],
      [
         4,
         0.1846078298985958,
         true
      ],
      [
         4,
         0.18044272996485233,
         true
      ],
      [
         4,
         -0.14027029275894165,
         true
      ],
      [
         4,
         -0.1486005038022995,
         true
      ],
      [
         9,
         -0.4752742499113083,
         false
      ],
      [
         9,
         -0.4686439037322998,
         false
      ],
      [
         4,
         -0.15276560932397842,
         true
      ],
      [
         9,
         -0.45980338752269745,
         false
      ],
      [
         4,
         -0.4047544151544571,
         false
      ],
      [
         5,
         -0.36274532973766327,
         false
      ],
      [
         9,
         -0.4487527757883072,
         false
      ],
      [
         5,
         -0.3582717627286911,
         false
      ],
      [
         9,
         -0.4421224147081375,
         false
      ],
      [
         10,
         -0.33053284883499146,
         false
      ],
      [
         9,
         -0.43107180297374725,
         false
      ],
      [
         5,
         -0.3537982106208801,
         false
      ],
      [
         10,
         -0.2973869740962982,
         false
      ],
      [
         5,
         -0.2866947203874588,
         true
      ],
      [
         4,
         -0.1715085804462433,
         false
      ],
      [
         9,
         0.44855740666389465,
         true
      ],
      [
         9,
         0.44634728133678436,
         true
      ],
      [
         9,
         -0.1923784390091896,
         false
      ],
      [
         9,
         -0.1901683174073696,
         false
      ],
      [
         10,
         0.19980110973119736,
         true
      ],
      [
         10,
         0.19980110228061676,
         true
      ],
      [
         9,
         0.24743615835905075,
         true
      ],
      [
         9,
         0.24522604048252106,
         true
      ],
      [
         9,
         -0.022198923863470554,
         true
      ],
      [
         9,
         -0.02440904639661312,
         true
      ],
      [
         10,
         -0.10956036113202572,
         true
      ],
      [
         10,
         -0.10956036299467087,
         true
      ],
      [
         9,
         -0.042090036906301975,
         true
      ],
      [
         5,
         -0.34037749469280243,
         false
      ],
      [
         10,
         -0.264241099357605,
         false
      ],
      [
         10,
         -0.2531924769282341,
         false
      ],
      [
         9,
         -0.04872040916234255,
         true
      ],
      [
         9,
         -0.07303176634013653,
         true
      ],
      [
         9,
         -0.07303176820278168,
         true
      ],
      [
         9,
         -0.13049498572945595,
         false
      ],
      [
         4,
         -0.16734347492456436,
         false
      ],
      [
         10,
         -0.23109523206949234,
         false
      ],
      [
         9,
         -0.09734312817454338,
         false
      ],
      [
         4,
         -0.16317836940288544,
         false
      ],
      [
         10,
         -0.22004660218954086,
         false
      ],
      [
         9,
         -0.07524188980460167,
         true
      ]
   ],
   "remaining_rules": [
      201,
      2780,
      3968,
      6472,
      7552,
      9551,
      11246,
      12239,
      14134,
      16234
   ],
   "set_rules": [
      201,
      2780,
      3968,
      6472,
      7552,
      9551,
      11246,
      12239,
      14134,
      16234
   ],
   "foil_estimated_class": [
      0
   ],
   "distance": 0.0001453057739217235,
   "extraction_time": 0.4324321746826172,
   "feature_bounds": {
      "0": {
         "type": 2,
         "values": [
            null,
            0.5
         ]
      },
      "1": {
         "type": 2,
         "values": [
            null,
            0.5
         ]
      },
      "2": {
         "type": 2,
         "values": [
            1.5,
            2.5
         ]
      },
      "3": {
         "type": 2,
         "values": [
            2.5,
            3.5
         ]
      },
      "4": {
         "type": 1,
         "values": [
            -0.16317836940288544,
            -0.1590132638812065
         ]
      },
      "5": {
         "type": 1,
         "values": [
            -0.3448510766029358,
            -0.3001154065132141
         ]
      },
      "6": {
         "type": 2,
         "values": [
            null,
            0.5
         ]
      },
      "7": {
         "type": 2,
         "values": [
            null,
            0.5
         ]
      },
      "8": {
         "type": 2,
         "values": [
            5.5,
            null
         ]
      },
      "9": {
         "type": 1,
         "values": [
            -0.08187226206064224,
            -0.07524188980460167
         ]
      },
      "10": {
         "type": 1,
         "values": [
            -0.22004660218954086,
            -0.20899797976016998
         ]
      },
      "11": {
         "type": 2,
         "values": [
            null,
            0.5
         ]
      },
      "12": {
         "type": 2,
         "values": [
            null,
            1.5
         ]
      },
      "13": {
         "type": 2,
         "values": [
            null,
            0.5
         ]
      }
   },
   "feature_bounds_compact": {
      "0": {
         "type": 2,
         "values": [
            null,
            0.5
         ]
      },
      "1": {
         "type": 2,
         "values": [
            null,
            0.5
         ]
      },
      "2": {
         "type": 2,