{
   "found": true,
   "num_iterations": 80,
   "num_foil": 25,
   "_observation": [
      1.0,
      1.0,
      2.0,
      3.0,
      0.374120070043686,
      -0.295641844938672,
      0.0,
      0.0,
      3.0,
      0.5214914879182971,
      -0.10956036520361004,
      0.0,
      0.0,
      0.0
   ],
   "_idx": 843,
   "factual_class": 1,
   "feature_bounds_splits": {
      "0": {
         "type": 2,
         "values": [
            null,
            null
         ]
      },
      "1": {
         "type": 2,
         "values": [
            null,
            null
         ]
      },
      "2": {
         "type": 2,
         "values": [
            null,
            null
         ]
      },
      "3": {
         "type": 2,
         "values": [
            null,
            null
         ]
      },
      "4": {
         "type": 1,
         "values": [
            0.3137260675430298,
            0.37620261311531067
         ]
      },
      "5": {
         "type": 1,
         "values": [
            -0.26880045235157013,
            -0.21959123015403748
         ]
      },
      "6": {
         "type": 2,
         "values": [
            null,
            null
         ]
      },
      "7": {
         "type": 2,
         "values": [
            null,
            null
         ]
      },
      "8": {
         "type": 2,
         "values": [
            null,
            null
         ]
      },
      "9": {
         "type": 1,
         "values": [
            0.5214914977550507,
            0.5369623601436615
         ]
      },
      "10": {
         "type": 1,
         "values": [
            null,
            -0.1427062377333641
         ]
      },
      "11": {
         "type": 2,
         "values": [
            null,
            null
         ]
      },
      "12": {
         "type": 2,
         "values": [
            null,
            null
         ]
      },
      "13": {
         "type": 2,
         "values": [
            null,
            null
         ]
      }
   },
   "splits": [
      [
         10,
         -0.12060898821800947,
         true
      ],
      [
         10,
         -0.12060898914933205,
         true
      ],
      [
         10,
         -0.1427062377333641,
         true
      ],
      [
         9,
         0.5458028614521027,
         true
      ],
      [
         4,
         0.3033133000135422,
         false
      ],
      [
         9,
         0.539172500371933,
         true
      ],
      [
         4,
         0.3137260675430298,
         false
      ],
      [
         9,
         0.5369623601436615,
         true
      ],
      [
         5,
         -0.19722340255975723,
         true
      ],
      [
         5,
         -0.21959122270345688,
         true
      ],
      [
         5,
         -0.21959123015403748,
         true
      ],
      [
         5,
         -0.2866947203874588,
         false
      ],
      [
         4,
         0.37620261311531067,
         true
      ],
      [
         5,
         -0.2732740044593811,
         false
      ],
      [
         5,
         -0.26880045235157013,
         false
      ],
      [
         9,
         0.5214914977550507,
         false
      ]
   ],
   "remaining_rules": [
      177,
      2863,
      4017,
      6541,
      7710,
      9678,
      11340,
      12290,
      14229,
      16307
   ],
   "set_rules": [
      177,
      2863,
      4017,
      6541,
      7710,
      9678,
      11340,
      12290,
      14229,
      16307
   ],
   "foil_estimated_class": [
      0
   ],
   "distance": 0.0001841649110495322,
   "extraction_time": 0.444260835647583,
   "feature_bounds": {
      "0": {
         "type": 2,
         "values": [
            0.5,
            null
         ]
      },
      "1": {
         "type": 2,
         "values": [
            0.5,
            null
         ]
      },
      "2": {
         "type": 2,
         "values": [
            1.5,
            2.5
         ]
      },
      "3": {
         "type": 2,
         "values": [
            2.5,
            3.5
         ]
      },
      "4": {
         "type": 1,
         "values": [
            0.367872416973114,
            0.37620261311531067
         ]
      },
      "5": {
         "type": 1,
         "values": [
            -0.26880045235157013,
            -0.2553797513246536
         ]
      },
      "6": {
         "type": 2,
         "values": [
            null,
            0.5
         ]
      },
      "7": {
         "type": 2,
         "values": [
            null,
            0.5
         ]
      },
      "8": {
         "type": 2,
         "values": [
            2.5,
            3.5
         ]
      },
      "9": {
         "type": 1,
         "values": [
            0.5214914977550507,
            0.5237016081809998
         ]
      },
      "10": {
         "type": 1,
         "values": [
            -0.16480348259210587,
            -0.1427062377333641
         ]
      },
      "11": {
         "type": 2,
         "values": [
            null,
            0.5
         ]
      },
      "12": {
         "type": 2,
         "values": [
            null,
            1.5
         ]
      },
      "13": {
         "type": 2,
         "values": [
            null,
            0.5
         ]
      }
   },
   "feature_bounds_compact": {
      "0": {
         "type": 2,
         "values": [
            0.5,
            null
         ]
      },
      "1": {
         "type": 2,
         "values": [
            0.5,
            null
         ]
      },
      "2": {
         "type": 2,
         "values": [
            1.5,
            2.5
         ]
      },
      "3": {
         "type": 2,
         "values": [
            2.5,
            3.5
         ]
      },
      "4": {
         "type": 1,
         "values": [
            0.367872416973114,
            0.37620261311531067
         ]
      },
      "5": {
         "type": 1,
         "values": [
            -0.26880045235157013,
            -0.2553797513246536
         ]
      },
      "6": {
         "type": 2,
         "values": [
            null,
            0.5
         ]
      },
      "7": {
         "type": 2,
         "values": [
            null,
            0.5
         ]
      },
      "8": {
         "type": 2,
         "values": [
            2.5,
            3.5
         ]
      },
      "9": {
         "type": 1,
         "values": [
            0.5214914977550507,
            0.5237016081809998
         ]
      },
      "10": {
         "type": 1,
         "values": [
            -0.16480348259210587,
            -0.1427062377333641
         ]
      },
      "11": {
         "type": 2,
         "values": [
            null,
            0.5
         ]
      },
      "12": {
         "type": 2,
         "values": [
            null,
            1.5
         ]
      },
      "13": {
         "type": 2,
         "values": [
            null,
            0.5
         ]
      }
   },
   "feature_bounds_compact_count": {
      "0": {
         "type": 2,
         "values": [
            0.5,
            null
         ]
      },
      "1": {
         "type": 2,
         "values": [
            0.5,
            null
         ]
      },
      "2": {
         "type": 2,
         "values": [
            1.5,
            2.5
         ]
      },
      "3": {
         "type": 2,
         "values": [
            2.5,
            3.5
         ]
      },
      "4": {
         "type": 1,
         "values": [
            0.367872416973114,
            0.37620261311531067
         ]
      },
      "5": {
         "type": 1,
         "values": [
            -0.26880045235157013,
            -0.2553797513246536
         ]
      },
      "6": {
         "type": 2,
         "values": [
            null,
            0.5
         ]
      },
      "7": {
         "type": 2,
         "values": [
            null,
            0.5
         ]
      },
      "8": {
         "type": 2,