{
   "found": true,
   "num_iterations": 574,
   "num_foil": 268,
   "_observation": [
      0.0,
      0.0,
      1.0,
      3.0,
      -0.27980128592902365,
      1.207476192954053,
      1.0,
      3.0,
      0.0,
      -0.1724873301753683,
      -0.2200466050975312,
      0.0,
      0.0,
      0.0
   ],
   "_idx": 985,
   "factual_class": 1,
   "feature_bounds_splits": {
      "0": {
         "type": 2,
         "values": [
            null,
            null
         ]
      },
      "1": {
         "type": 2,
         "values": [
            null,
            null
         ]
      },
      "2": {
         "type": 2,
         "values": [
            null,
            null
         ]
      },
      "3": {
         "type": 2,
         "values": [
            null,
            null
         ]
      },
      "4": {
         "type": 1,
         "values": [
            -0.454735666513443,
            -0.4110020697116852
         ]
      },
      "5": {
         "type": 1,
         "values": [
            1.1761612296104431,
            1.3193153142929077
         ]
      },
      "6": {
         "type": 2,
         "values": [
            null,
            null
         ]
      },
      "7": {
         "type": 2,
         "values": [
            null,
            null
         ]
      },
      "8": {
         "type": 2,
         "values": [
            null,
            null
         ]
      },
      "9": {
         "type": 1,
         "values": [
            -0.13270510360598564,
            null
         ]
      },
      "10": {
         "type": 1,
         "values": [
            null,
            -0.3636787086725235
         ]
      },
      "11": {
         "type": 2,
         "values": [
            null,
            null
         ]
      },
      "12": {
         "type": 2,
         "values": [
            null,
            0.5
         ]
      },
      "13": {
         "type": 2,
         "values": [
            null,
            null
         ]
      }
   },
   "splits": [
      [
         10,
         0.177703857421875,
         true
      ],
      [
         4,
         0.9030883014202118,
         true
      ],
      [
         4,
         0.9030882716178894,
         true
      ],
      [
         10,
         0.166655239649117,
         true
      ],
      [
         10,
         0.14455799013376236,
         true
      ],
      [
         9,
         -0.2918339967727661,
         false
      ],
      [
         4,
         0.6802552342414856,
         true
      ],
      [
         4,
         0.6740075647830963,
         true
      ],
      [
         4,
         -0.18400388956069946,
         true
      ],
      [
         4,
         -0.18608643859624863,
         true
      ],
      [
         4,
         -0.19441664963960648,
         true
      ],
      [
         4,
         -0.20274685323238373,
         true
      ],
      [
         4,
         -0.20691195875406265,
         true
      ],
      [
         4,
         -0.2152421697974205,
         true
      ],
      [
         4,
         -0.4089195281267166,
         true
      ],
      [
         4,
         -0.4110020697116852,
         true
      ],
      [
         4,
         -0.454735666513443,
         false
      ],
      [
         5,
         -0.33590394258499146,
         false
      ],
      [
         5,
         -0.21064408868551254,
         false
      ],
      [
         10,
         -0.27528972178697586,
         true
      ],
      [
         5,
         -0.14801417663693428,
         false
      ],
      [
         5,
         0.03092844318598509,
         false
      ],
      [
         5,
         0.0980319194495678,
         false
      ],
      [
         10,
         -0.27528972923755646,
         true
      ],
      [
         10,
         -0.28633834421634674,
         true
      ],
      [
         10,
         -0.3526300936937332,
         true
      ],
      [
         5,
         0.34855160117149353,
         false
      ],
      [
         10,
         -0.3636787086725235,
         true
      ],
      [
         5,
         0.478285014629364,
         false
      ],
      [
         12,
         0.5,
         true
      ],
      [
         5,
         0.6393333673477173,
         false
      ],
      [
         5,
         2.2677112817764282,
         true
      ],
      [
         9,
         -0.13270510360598564,
         false
      ],
      [
         5,
         0.9435358047485352,
         false
      ],
      [
         5,
         1.3193153142929077,
         true
      ],
      [
         5,
         1.1761612296104431,
         false
      ]
   ],
   "remaining_rules": [
      38,
      1851,
      3823,
      6095,
      7158,
      8747,
      10490,
      12972,
      14995,
      15912
   ],
   "set_rules": [
      38,
      1851,
      3823,
      6095,
      7158,
      8747,
      10490,
      12972,
      14995,
      15912
   ],
   "foil_estimated_class": [
      0
   ],
   "distance": 0.001466718091851369,
   "extraction_time": 0.25049591064453125,
   "feature_bounds": {
      "0": {
         "type": 2,
         "values": [
            null,
            0.5
         ]
      },
      "1": {
         "type": 2,
         "values": [
            null,
            0.5
         ]
      },
      "2": {
         "type": 2,
         "values": [
            null,
            1.5
         ]
      },
      "3": {
         "type": 2,
         "values": [
            1.5,
            3.5
         ]
      },
      "4": {
         "type": 1,
         "values": [
            -0.454735666513443,
            -0.4110020697116852
         ]
      },
      "5": {
         "type": 1,
         "values": [
            1.1761612296104431,
            1.3193153142929077
         ]
      },
      "6": {
         "type": 2,
         "values": [
            0.5,
            1.5
         ]
      },
      "7": {
         "type": 2,
         "values": [
            1.5,
            5.5
         ]
      },
      "8": {
         "type": 2,
         "values": [
            null,
            0.5
         ]
      },
      "9": {
         "type": 1,
         "values": [
            -0.13270510360598564,
            3.8035250902175903
         ]
      },
      "10": {
         "type": 1,
         "values": [
            null,
            -0.3636787086725235
         ]
      },
      "11": {
         "type": 2,
         "values": [
            null,
            0.5
         ]
      },
      "12": {
         "type": 2,
         "values": [
            null,
            1.5
         ]
      },
      "13": {
         "type": 2,
         "values": [
            null,
            0.5
         ]
      }
   },
   "feature_bounds_compact": {
      "0": {
         "type": 2,
         "values": [
            null,
            0.5
         ]
      },
      "1": {
         "type": 2,
         "values": [
            null,
            0.5
         ]
      },
      "2": {
         "type": 2,
         "values": [
            null,
            1.5
         ]
      },
      "3": {
         "type": 2,
         "values": [
            1.5,
            3.5
         ]
      },
      "4": {
         "type": 1,
         "values": [
            -0.454735666513443,
            -0.4110020697116852
         ]
      },
      "5": {
         "type": 1,
         "values": [
            1.1761612296104431,
            1.3193153142929077
         ]
      },
      "6": {
         "type": 2,
         "values": [
            0.5,
            1.5
         ]
      },
      "7": {
         "type": 2,
         "values": [
            1.5,
            5.5
         ]
      },
      "8": {
         "type": 2,
         "values": [
            null,
            0.5
         ]
      },
      "9": {
         "type": 1,
         "values": [
            -0.13270510360598564,
            3.8035250902175903
         ]
      },
      "10": {
         "type": 1,