{
   "found": true,
   "num_iterations": 522,
   "num_foil": 243,
   "_observation": [
      1.0,
      0.0,
      2.0,
      3.0,
      0.10755340264079802,
      -0.3403775008283364,
      0.0,
      0.0,
      3.0,
      0.21207418048800047,
      -0.1537548611611785,
      0.0,
      0.0,
      0.0
   ],
   "_idx": 148,
   "factual_class": 1,
   "feature_bounds_splits": {
      "0": {
         "type": 2,
         "values": [
            null,
            null
         ]
      },
      "1": {
         "type": 2,
         "values": [
            null,
            null
         ]
      },
      "2": {
         "type": 2,
         "values": [
            null,
            null
         ]
      },
      "3": {
         "type": 2,
         "values": [
            null,
            null
         ]
      },
      "4": {
         "type": 1,
         "values": [
            0.08881043642759323,
            0.25541460514068604
         ]
      },
      "5": {
         "type": 1,
         "values": [
            null,
            -0.40748098492622375
         ]
      },
      "6": {
         "type": 2,
         "values": [
            null,
            null
         ]
      },
      "7": {
         "type": 2,
         "values": [
            null,
            null
         ]
      },
      "8": {
         "type": 2,
         "values": [
            null,
            null
         ]
      },
      "9": {
         "type": 1,
         "values": [
            0.10377812385559082,
            0.24080578982830048
         ]
      },
      "10": {
         "type": 1,
         "values": [
            -0.3636787086725235,
            -0.34158146381378174
         ]
      },
      "11": {
         "type": 2,
         "values": [
            null,
            null
         ]
      },
      "12": {
         "type": 2,
         "values": [
            null,
            null
         ]
      },
      "13": {
         "type": 2,
         "values": [
            null,
            null
         ]
      }
   },
   "splits": [
      [
         4,
         -0.14651795476675034,
         false
      ],
      [
         5,
         -0.11222565826028585,
         true
      ],
      [
         5,
         -0.22853835672140121,
         true
      ],
      [
         5,
         -0.2285383641719818,
         true
      ],
      [
         4,
         -0.14027030020952225,
         false
      ],
      [
         9,
         0.5458028614521027,
         true
      ],
      [
         9,
         0.539172500371933,
         true
      ],
      [
         4,
         -0.04447290115058422,
         false
      ],
      [
         4,
         -0.04447289928793907,
         false
      ],
      [
         4,
         0.27207501977682114,
         true
      ],
      [
         5,
         -0.23301191627979279,
         true
      ],
      [
         5,
         -0.2553797662258148,
         true
      ],
      [
         5,
         -0.36274532973766327,
         true
      ],
      [
         9,
         0.3623625785112381,
         true
      ],
      [
         9,
         0.3601524531841278,
         true
      ],
      [
         5,
         -0.3851131647825241,
         true
      ],
      [
         4,
         -0.029895035549998283,
         false
      ],
      [
         4,
         -0.023647379130125046,
         false
      ],
      [
         5,
         -0.3895867168903351,
         true
      ],
      [
         10,
         -0.1427062340080738,
         true
      ],
      [
         9,
         0.24080578982830048,
         true
      ],
      [
         4,
         -0.01115206629037857,
         false
      ],
      [
         4,
         0.08881043642759323,
         false
      ],
      [
         4,
         0.25541460514068604,
         true
      ],
      [
         9,
         0.10377812385559082,
         false
      ],
      [
         10,
         -0.33053284883499146,
         true
      ],
      [
         5,
         -0.3985338509082794,
         true
      ],
      [
         5,
         -0.4030074179172516,
         true
      ],
      [
         5,
         -0.40748098492622375,
         true
      ],
      [
         10,
         -0.34158146381378174,
         true
      ],
      [
         10,
         -0.3636787086725235,
         false
      ]
   ],
   "remaining_rules": [
      80,
      2697,
      3906,
      6460,
      7030,
      9522,
      11273,
      12215,
      13860,
      16205
   ],
   "set_rules": [
      80,
      2697,
      3906,
      6460,
      7030,
      9522,
      11273,
      12215,
      13860,
      16205
   ],
   "foil_estimated_class": [
      0
   ],
   "distance": 0.0008237059097610298,
   "extraction_time": 0.459719181060791,
   "feature_bounds": {
      "0": {
         "type": 2,
         "values": [
            0.5,
            null
         ]
      },
      "1": {
         "type": 2,
         "values": [
            null,
            0.5
         ]
      },
      "2": {
         "type": 2,
         "values": [
            1.5,
            2.5
         ]
      },
      "3": {
         "type": 2,
         "values": [
            2.5,
            3.5
         ]
      },
      "4": {
         "type": 1,
         "values": [
            -0.023647379130125046,
            0.3137260675430298
         ]
      },
      "5": {
         "type": 1,
         "values": [
            null,
            -0.40748098492622375
         ]
      },
      "6": {
         "type": 2,
         "values": [
            null,
            0.5
         ]
      },
      "7": {
         "type": 2,
         "values": [
            null,
            0.5
         ]
      },
      "8": {
         "type": 2,
         "values": [
            2.5,
            3.0
         ]
      },
      "9": {
         "type": 1,
         "values": [
            -0.03987991251051426,
            0.44634728133678436
         ]
      },
      "10": {
         "type": 1,
         "values": [
            -0.3636787086725235,
            -0.34158146381378174
         ]
      },
      "11": {
         "type": 2,
         "values": [
            null,
            0.5
         ]
      },
      "12": {
         "type": 2,
         "values": [
            null,
            1.5
         ]
      },
      "13": {
         "type": 2,
         "values": [
            null,
            0.5
         ]
      }
   },
   "feature_bounds_compact": {
      "0": {
         "type": 2,
         "values": [
            null,
            null
         ]
      },
      "1": {
         "type": 2,
         "values": [
            null,
            0.5
         ]
      },
      "2": {
         "type": 2,
         "values": [
            1.5,
            2.5
         ]
      },
      "3": {
         "type": 2,
         "values": [
            2.5,
            3.5
         ]
      },
      "4": {
         "type": 1,
         "values": [
            -0.023647379130125046,
            0.3137260675430298
         ]
      },
      "5": {
         "type": 1,
         "values": [
            null,
            -0.40748098492622375
         ]
      },
      "6": {
         "type": 2,
         "values": [
            null,
            0.5
         ]
      },
      "7": {
         "type": 2,
         "values": [
            null,
            0.5
         ]
      },
      "8": {
         "type": 2,
         "values": [
            2.5,
            3.0
         ]
      },
      "9": {
         "type": 1,
         "values": [
            -0.03987991251051426,
            0.44634728133678436
         ]
      },
      "10": {
         "type": 1,
         "values": [
            -0.3636787086725235,
            -0.34158146381378174
         ]
      },
      "11": {
         "type": 2,
         "values": [
            null,
            0.5
         ]
      },
      "12": {
         "type": 2,
         "values": [
            null,
            1.5
         ]
      },
      "13": {
         "type": 2,