{
   "factual_sample": {
      "sex": 0.0,
      "length": 1.2992155412297446,
      "diameter": 1.1299105214012934,
      "height": 1.087550735517876,
      "whole_weight": 1.4526082128311149,
      "shucked_weight": 1.0774822665937411,
      "viscera_weight": 1.9562425630449216,
      "shell_weight": 1.5710569442713134,
      "y": false
   },
   "counterfactual_sample": {
      "sex": 0.0,
      "length": 1.2992155412297446,
      "diameter": 1.150544063084348,
      "height": -0.37274302873471266,
      "whole_weight": 0.5270840191489989,
      "shucked_weight": 0.884862776901131,
      "viscera_weight": 1.102401409729704,
      "shell_weight": 0.5220008726661596,
      "y": 1.0
   },
   "counterfactual_found": true,
   "counterfactual_plausible": true,
   "counterfactual_distance": 0.06446037369486468,
   "counterfactual_time": 1.2235655784606934,
   "counterfactual_class": 1,
   "factual_class": 0,
   "valid_": true
}