{
   "found": true,
   "num_iterations": 376,
   "num_foil": 168,
   "_observation": [
      -0.2275434623222056,
      0.6858781101792838,
      -0.7724036570242273,
      -0.03641658957832389,
      0.29325084943978275
   ],
   "_idx": 177,
   "factual_class": 1,
   "feature_bounds_splits": {
      "0": {
         "type": 1,
         "values": [
            null,
            null
         ]
      },
      "1": {
         "type": 1,
         "values": [
            null,
            null
         ]
      },
      "2": {
         "type": 1,
         "values": [
            0.06424763798713684,
            0.06504711508750916
         ]
      },
      "3": {
         "type": 1,
         "values": [
            null,
            -0.05734768696129322
         ]
      },
      "4": {
         "type": 1,
         "values": [
            null,
            0.18650248646736145
         ]
      }
   },
   "splits": [
      [
         2,
         -0.036719486117362976,
         false
      ],
      [
         2,
         0.037065476179122925,
         false
      ],
      [
         2,
         0.0570523738861084,
         false
      ],
      [
         3,
         0.0018858939874917269,
         true
      ],
      [
         3,
         -0.02360163163393736,
         true
      ],
      [
         3,
         -0.05734768696129322,
         true
      ],
      [
         4,
         0.2745826095342636,
         true
      ],
      [
         4,
         0.21265162527561188,
         true
      ],
      [
         4,
         0.18650248646736145,
         true
      ],
      [
         2,
         0.06424763798713684,
         false
      ],
      [
         2,
         0.06504711508750916,
         true
      ]
   ],
   "remaining_rules": [
      17,
      62,
      93,
      130,
      172,
      218,
      261,
      306,
      357,
      387
   ],
   "set_rules": [
      17,
      62,
      93,
      130,
      172,
      218,
      261,
      306,
      357,
      387
   ],
   "foil_estimated_class": [
      0
   ],
   "distance": 0.03221026255443938,
   "extraction_time": 0.024646997451782227,
   "feature_bounds": {
      "0": {
         "type": 1,
         "values": [
            -0.43550561368465424,
            0.9436117708683014
         ]
      },
      "1": {
         "type": 1,
         "values": [
            -0.19691884517669678,
            null
         ]
      },
      "2": {
         "type": 1,
         "values": [
            0.06424763798713684,
            0.06504711508750916
         ]
      },
      "3": {
         "type": 1,
         "values": [
            -0.20514685660600662,
            -0.05734768696129322
         ]
      },
      "4": {
         "type": 1,
         "values": [
            -0.045387884601950645,
            0.18650248646736145
         ]
      }
   },
   "feature_bounds_compact": {
      "0": {
         "type": 1,
         "values": [
            -0.43550561368465424,
            0.9436117708683014
         ]
      },
      "1": {
         "type": 1,
         "values": [
            0.010697488207370043,
            null
         ]
      },
      "2": {
         "type": 1,
         "values": [
            0.06504711508750916,
            0.387764036655426
         ]
      },
      "3": {
         "type": 1,
         "values": [
            -0.20514685660600662,
            -0.05734768696129322
         ]
      },
      "4": {
         "type": 1,
         "values": [
            -0.045387884601950645,
            0.18650248646736145
         ]
      }
   },
   "feature_bounds_compact_count": {
      "0": {
         "type": 1,
         "values": [
            -0.43550561368465424,
            0.9436117708683014
         ]
      },
      "1": {
         "type": 1,
         "values": [
            0.010697488207370043,
            null
         ]
      },
      "2": {
         "type": 1,
         "values": [
            0.06504711508750916,
            0.387764036655426
         ]
      },
      "3": {
         "type": 1,
         "values": [
            -0.20514685660600662,
            -0.05734768696129322
         ]
      },
      "4": {
         "type": 1,
         "values": [
            -0.045387884601950645,
            0.18650248646736145
         ]
      }
   },
   "counterfactual_sample": [
      -0.2275434623222056,
      0.6858781101792838,
      0.06924763798713685,
      -0.06234768696129322,
      0.18150248646736145
   ],
   "counterfactual_distance": 0.0322028437922966,
   "counterfactual_class": 0,
   "valid_": true
}