{
   "factual_sample": {
      "pregnancies": 9.0,
      "glucose": 106.0,
      "blood_pressure": 52.0,
      "skin_thickness": 0.0,
      "insulin": 0.0,
      "bmi": -0.10059341751192273,
      "diabetes_pedigree_function": -0.2774773359282757,
      "age": 42.0
   },
   "counterfactual_sample": {
      "pregnancies": 9.0,
      "glucose": 101.0,
      "blood_pressure": 52.0,
      "skin_thickness": 0.0,
      "insulin": 0.0,
      "bmi": -0.10059341751192273,
      "diabetes_pedigree_function": -0.2774773359282757,
      "age": 42.0
   },
   "factual_class": 0,
   "counterfactual_class": 0,
   "counterfactual_found": false,
   "counterfactual_rule_id": 1445,
   "counterfactual_rule": {
      "0": [
         6.5,
         null
      ],
      "3": [
         null,
         31.5
      ],
      "1": [
         null,
         101.5
      ],
      "6": [
         -0.57949,
         0.11816
      ],
      "7": [
         null,
         46.5
      ],
      "2": [
         26.0,
         68.0
      ],
      "5": [
         -0.64635,
         null
      ]
   },
   "counterfactual_distance": 0.00314070351758794,
   "counterfactual_time": 1.5927472114562988
}