{
   "found": true,
   "num_iterations": 55,
   "num_foil": 6,
   "_observation": [
      0.0,
      1.0,
      3.0,
      3.0,
      -0.7754486831312685,
      -0.4298488126076653,
      0.0,
      6.0,
      0.0,
      -0.6984967528068727,
      -0.3747273409490208,
      1.0,
      1.0,
      1.0
   ],
   "_idx": 983,
   "factual_class": 0,
   "feature_bounds_splits": {
      "0": {
         "type": 2,
         "values": [
            null,
            null
         ]
      },
      "1": {
         "type": 2,
         "values": [
            null,
            null
         ]
      },
      "2": {
         "type": 2,
         "values": [
            null,
            null
         ]
      },
      "3": {
         "type": 2,
         "values": [
            null,
            null
         ]
      },
      "4": {
         "type": 1,
         "values": [
            null,
            -0.7733661234378815
         ]
      },
      "5": {
         "type": 1,
         "values": [
            -0.4253752529621124,
            -0.4164281189441681
         ]
      },
      "6": {
         "type": 2,
         "values": [
            null,
            null
         ]
      },
      "7": {
         "type": 2,
         "values": [
            null,
            null
         ]
      },
      "8": {
         "type": 2,
         "values": [
            null,
            null
         ]
      },
      "9": {
         "type": 1,
         "values": [
            null,
            -0.6940765082836151
         ]
      },
      "10": {
         "type": 1,
         "values": [
            null,
            -0.3636787086725235
         ]
      },
      "11": {
         "type": 2,
         "values": [
            null,
            null
         ]
      },
      "12": {
         "type": 2,
         "values": [
            0.5,
            1.5
         ]
      },
      "13": {
         "type": 2,
         "values": [
            null,
            null
         ]
      }
   },
   "splits": [
      [
         9,
         -0.4885350167751312,
         true
      ],
      [
         9,
         -0.4907451272010803,
         true
      ],
      [
         9,
         -0.4951653778553009,
         true
      ],
      [
         4,
         -0.5567807257175446,
         true
      ],
      [
         4,
         -0.5651109218597412,
         true
      ],
      [
         9,
         -0.5393678545951843,
         true
      ],
      [
         9,
         -0.5791500806808472,
         true
      ],
      [
         5,
         0.08013766445219517,
         true
      ],
      [
         5,
         -0.09433139115571976,
         true
      ],
      [
         4,
         -0.6088444888591766,
         true
      ],
      [
         4,
         -0.608844518661499,
         true
      ],
      [
         5,
         -0.09433139488101006,
         true
      ],
      [
         5,
         -0.11222565546631813,
         true
      ],
      [
         4,
         -0.6275874674320221,
         true
      ],
      [
         9,
         -0.5857804417610168,
         true
      ],
      [
         9,
         -0.6808157861232758,
         true
      ],
      [
         12,
         1.5,
         true
      ],
      [
         4,
         -0.729632556438446,
         true
      ],
      [
         5,
         -0.19274983555078506,
         true
      ],
      [
         5,
         -0.2016969621181488,
         true
      ],
      [
         5,
         -0.21064409613609314,
         true
      ],
      [
         5,
         -0.3582717627286911,
         true
      ],
      [
         10,
         -0.13165761157870293,
         true
      ],
      [
         5,
         -0.36721889674663544,
         true
      ],
      [
         10,
         -0.18690072745084763,
         true
      ],
      [
         5,
         -0.3716924488544464,
         true
      ],
      [
         10,
         -0.2531924769282341,
         true
      ],
      [
         10,
         -0.3636787086725235,
         true
      ],
      [
         4,
         -0.7358801960945129,
         true
      ],
      [
         4,
         -0.7671184837818146,
         true
      ],
      [
         5,
         -0.4030074179172516,
         true
      ],
      [
         5,
         -0.40748098492622375,
         true
      ],
      [
         4,
         -0.769201010465622,
         true
      ],
      [
         9,
         -0.6830258965492249,
         true
      ],
      [
         4,
         -0.7733661234378815,
         true
      ],
      [
         9,
         -0.6874461472034454,
         true
      ],
      [
         5,
         -0.4253752529621124,
         false
      ],
      [
         9,
         -0.6918663680553436,
         true
      ],
      [
         12,
         0.5,
         false
      ],
      [
         9,
         -0.6940765082836151,
         true
      ],
      [
         5,
         -0.4164281189441681,
         true
      ]
   ],
   "remaining_rules": [
      230,
      1831,
      4965,
      6210,
      8063,
      9296,
      10507,
      13154,
      15261,
      16709
   ],
   "set_rules": [
      230,
      1831,
      4965,
      6210,
      8063,
      9296,
      10507,
      13154,
      15261,
      16709
   ],
   "foil_estimated_class": [
      1
   ],
   "distance": 1.154520732533102e-05,
   "extraction_time": 0.5064554214477539,
   "feature_bounds": {
      "0": {
         "type": 2,
         "values": [
            null,
            0.5
         ]
      },
      "1": {
         "type": 2,
         "values": [
            0.5,
            null
         ]
      },
      "2": {
         "type": 2,
         "values": [
            2.5,
            3.5
         ]
      },
      "3": {
         "type": 2,
         "values": [
            2.5,
            3.5
         ]
      },
      "4": {
         "type": 1,
         "values": [
            null,
            -0.7733661234378815
         ]
      },
      "5": {
         "type": 1,
         "values": [
            -0.4253752529621124,
            -0.4164281189441681
         ]
      },
      "6": {
         "type": 2,
         "values": [
            null,
            0.5
         ]
      },
      "7": {
         "type": 2,
         "values": [
            5.5,
            null
         ]
      },
      "8": {
         "type": 2,
         "values": [
            null,
            0.5
         ]
      },
      "9": {
         "type": 1,
         "values": [
            null,
            -0.6940765082836151
         ]
      },
      "10": {
         "type": 1,
         "values": [
            null,
            -0.3636787086725235
         ]
      },
      "11": {
         "type": 2,
         "values": [
            0.5,
            1.5
         ]
      },
      "12": {
         "type": 2,
         "values": [
            0.5,
            1.5
         ]
      },
      "13": {
         "type": 2,
         "values": [
            0.5,
            null
         ]
      }
   },
   "feature_bounds_compact": {
      "0": {
         "type": 2,
         "values": [
            null,
            0.5
         ]
      },
      "1": {
         "type": 2,
         "values": [
            0.5,
            null
         ]
      },
      "2": {
         "type": 2,
         "values": [
            2.5,
            3.5
         ]
      },
      "3": {
         "type": 2,
         "values": [
            2.5,
            3.5
         ]
      },
      "4": {
         "type": 1,
         "values": [
            null,
            -0.7733661234378815
         ]
      },
      "5": {
         "type": 1,
         "values": [
            -0.4253752529621124,
            -0.4164281189441681
         ]
      },
      "6": {
         "type": 2,
         "values": [
            null,
            0.5
         ]
      },
      "7": {
         "type": 2,
         "values": [
            5.5,
            null
         ]
      },
      "8": {
         "type": 2,