{
   "found": true,
   "num_iterations": 55,
   "num_foil": 4,
   "_observation": [
      1.0,
      0.0,
      2.0,
      3.0,
      -0.7546231622404179,
      -0.4030074190738666,
      1.0,
      6.0,
      0.0,
      -0.6896562583088642,
      -0.3747273409490208,
      1.0,
      4.0,
      1.0
   ],
   "_idx": 205,
   "factual_class": 0,
   "feature_bounds_splits": {
      "0": {
         "type": 2,
         "values": [
            null,
            null
         ]
      },
      "1": {
         "type": 2,
         "values": [
            null,
            null
         ]
      },
      "2": {
         "type": 2,
         "values": [
            null,
            null
         ]
      },
      "3": {
         "type": 2,
         "values": [
            null,
            null
         ]
      },
      "4": {
         "type": 1,
         "values": [
            -0.7712835669517517,
            -0.7504580318927765
         ]
      },
      "5": {
         "type": 1,
         "values": [
            -0.40748098492622375,
            -0.3985338509082794
         ]
      },
      "6": {
         "type": 2,
         "values": [
            null,
            null
         ]
      },
      "7": {
         "type": 2,
         "values": [
            null,
            null
         ]
      },
      "8": {
         "type": 2,
         "values": [
            null,
            null
         ]
      },
      "9": {
         "type": 1,
         "values": [
            -0.6940765082836151,
            -0.6918663680553436
         ]
      },
      "10": {
         "type": 1,
         "values": [
            null,
            -0.3636787086725235
         ]
      },
      "11": {
         "type": 2,
         "values": [
            null,
            null
         ]
      },
      "12": {
         "type": 2,
         "values": [
            3.5,
            4.5
         ]
      },
      "13": {
         "type": 2,
         "values": [
            null,
            null
         ]
      }
   },
   "splits": [
      [
         9,
         -0.371398463845253,
         true
      ],
      [
         9,
         -0.3736085742712021,
         true
      ],
      [
         9,
         -0.5371577441692352,
         true
      ],
      [
         9,
         -0.5393678545951843,
         true
      ],
      [
         9,
         -0.5526286065578461,
         true
      ],
      [
         9,
         -0.5592589676380157,
         true
      ],
      [
         9,
         -0.5636792182922363,
         true
      ],
      [
         9,
         -0.5857804417610168,
         true
      ],
      [
         9,
         -0.5990411937236786,
         true
      ],
      [
         9,
         -0.6078816652297974,
         true
      ],
      [
         9,
         -0.6145120561122894,
         true
      ],
      [
         9,
         -0.6167221665382385,
         true
      ],
      [
         9,
         -0.6189322769641876,
         true
      ],
      [
         10,
         -0.1427062377333641,
         true
      ],
      [
         5,
         0.6527540385723114,
         true
      ],
      [
         9,
         -0.6255626678466797,
         true
      ],
      [
         4,
         -0.7733661234378815,
         false
      ],
      [
         5,
         0.630386233329773,
         true
      ],
      [
         9,
         -0.6277727782726288,
         true
      ],
      [
         9,
         -0.6299829185009003,
         true
      ],
      [
         9,
         -0.6321930587291718,
         true
      ],
      [
         9,
         -0.6344031691551208,
         true
      ],
      [
         5,
         -0.3448510617017746,
         true
      ],
      [
         4,
         -0.7712835669517517,
         false
      ],
      [
         5,
         -0.3448510766029358,
         true
      ],
      [
         5,
         -0.35379819571971893,
         true
      ],
      [
         5,
         -0.3582717627286911,
         true
      ],
      [
         5,
         -0.36274532973766327,
         true
      ],
      [
         9,
         -0.6454537808895111,
         true
      ],
      [
         5,
         -0.36721889674663544,
         true
      ],
      [
         12,
         2.5,
         false
      ],
      [
         12,
         4.5,
         true
      ],
      [
         5,
         -0.3985338509082794,
         true
      ],
      [
         4,
         -0.7442103922367096,
         true
      ],
      [
         10,
         -0.3526300936937332,
         true
      ],
      [
         10,
         -0.3636787086725235,
         true
      ],
      [
         5,
         -0.40748098492622375,
         false
      ],
      [
         9,
         -0.667555034160614,
         true
      ],
      [
         9,
         -0.6741853654384613,
         true
      ],
      [
         4,
         -0.7504580318927765,
         true
      ],
      [
         12,
         3.5,
         false
      ],
      [
         9,
         -0.6741853952407837,
         true
      ],
      [
         9,
         -0.6940765082836151,
         false
      ],
      [
         9,
         -0.6918663680553436,
         true
      ]
   ],
   "remaining_rules": [
      318,
      3127,
      4897,
      6292,
      7905,
      10313,
      12159,
      13167,
      15586,
      17049
   ],
   "set_rules": [
      318,
      3127,
      4897,
      6292,
      7905,
      10313,
      12159,
      13167,
      15586,
      17049
   ],
   "foil_estimated_class": [
      1
   ],
   "distance": 1.2401369022334454e-05,
   "extraction_time": 0.2577805519104004,
   "feature_bounds": {
      "0": {
         "type": 2,
         "values": [
            0.5,
            null
         ]
      },
      "1": {
         "type": 2,
         "values": [
            null,
            0.5
         ]
      },
      "2": {
         "type": 2,
         "values": [
            1.5,
            2.5
         ]
      },
      "3": {
         "type": 2,
         "values": [
            2.5,
            3.5
         ]
      },
      "4": {
         "type": 1,
         "values": [
            -0.7567057311534882,
            -0.7504580616950989
         ]
      },
      "5": {
         "type": 1,
         "values": [
            -0.40748098492622375,
            -0.3895867168903351
         ]
      },
      "6": {
         "type": 2,
         "values": [
            0.5,
            1.5
         ]
      },
      "7": {
         "type": 2,
         "values": [
            5.5,
            null
         ]
      },
      "8": {
         "type": 2,
         "values": [
            null,
            0.5
         ]
      },
      "9": {
         "type": 1,
         "values": [
            -0.6962866187095642,
            -0.6918663680553436
         ]
      },
      "10": {
         "type": 1,
         "values": [
            null,
            -0.3636787086725235
         ]
      },
      "11": {
         "type": 2,
         "values": [
            0.5,
            1.5
         ]
      },
      "12": {
         "type": 2,
         "values": [
            3.5,
            4.5
         ]
      },
      "13": {
         "type": 2,
         "values": [
            0.5,
            null
         ]
      }
   },
   "feature_bounds_compact": {
      "0": {
         "type": 2,
         "values": [
            0.5,
            null
         ]
      },
      "1": {
         "type": 2,
         "values": [
            null,
            0.5
         ]
      },
      "2": {
         "type": 2,
         "values": [
            1.5,
            2.5
         ]
      },
      "3": {
         "type": 2,
         "values": [
            2.5,
            3.5
         ]
      },
      "4": {
         "type": 1,
         "values": [
            -0.7567057311534882,
            -0.7504580616950989
         ]
      },
      "5": {
         "type": 1,