{
   "found": true,
   "num_iterations": 63,
   "num_foil": 22,
   "_observation": [
      0.0,
      1.0,
      2.0,
      3.0,
      -0.37976378620510665,
      -0.19722340198141025,
      0.0,
      0.0,
      0.0,
      -0.3669782091315548,
      0.19980110649936916,
      1.0,
      2.0,
      1.0
   ],
   "_idx": 59,
   "factual_class": 1,
   "feature_bounds_splits": {
      "0": {
         "type": 2,
         "values": [
            null,
            null
         ]
      },
      "1": {
         "type": 2,
         "values": [
            null,
            null
         ]
      },
      "2": {
         "type": 2,
         "values": [
            null,
            null
         ]
      },
      "3": {
         "type": 2,
         "values": [
            null,
            null
         ]
      },
      "4": {
         "type": 1,
         "values": [
            -0.4380752444267273,
            -0.40683695673942566
         ]
      },
      "5": {
         "type": 1,
         "values": [
            -0.3537982106208801,
            -0.3448510766029358
         ]
      },
      "6": {
         "type": 2,
         "values": [
            null,
            null
         ]
      },
      "7": {
         "type": 2,
         "values": [
            null,
            null
         ]
      },
      "8": {
         "type": 2,
         "values": [
            null,
            null
         ]
      },
      "9": {
         "type": 1,
         "values": [
            -0.3979199379682541,
            -0.36034783720970154
         ]
      },
      "10": {
         "type": 1,
         "values": [
            0.15560660511255264,
            0.36553046107292175
         ]
      },
      "11": {
         "type": 2,
         "values": [
            null,
            null
         ]
      },
      "12": {
         "type": 2,
         "values": [
            null,
            2.5
         ]
      },
      "13": {
         "type": 2,
         "values": [
            null,
            null
         ]
      }
   },
   "splits": [
      [
         10,
         0.37657907605171204,
         true
      ],
      [
         10,
         0.36553046107292175,
         true
      ],
      [
         10,
         0.15560660511255264,
         false
      ],
      [
         4,
         -0.6192573010921478,
         false
      ],
      [
         4,
         -0.6171747148036957,
         false
      ],
      [
         4,
         -0.6130096316337585,
         false
      ],
      [
         4,
         -0.5901015400886536,
         false
      ],
      [
         4,
         -0.5880190134048462,
         false
      ],
      [
         4,
         -0.5796887874603271,
         false
      ],
      [
         4,
         -0.5567806959152222,
         false
      ],
      [
         4,
         -0.544285386800766,
         false
      ],
      [
         4,
         -0.3089570105075836,
         true
      ],
      [
         9,
         -0.1680670790374279,
         true
      ],
      [
         9,
         -0.1680670827627182,
         true
      ],
      [
         9,
         -0.35813771188259125,
         true
      ],
      [
         9,
         -0.36034783720970154,
         true
      ],
      [
         9,
         -0.3979199379682541,
         false
      ],
      [
         5,
         -0.29564183950424194,
         true
      ],
      [
         5,
         -0.3001154065132141,
         true
      ],
      [
         12,
         2.5,
         true
      ],
      [
         5,
         -0.32248324155807495,
         true
      ],
      [
         5,
         -0.33590392768383026,
         true
      ],
      [
         5,
         -0.33590394258499146,
         true
      ],
      [
         5,
         -0.36274532973766327,
         false
      ],
      [
         4,
         -0.3880939930677414,
         true
      ],
      [
         4,
         -0.39017654955387115,
         true
      ],
      [
         4,
         -0.4047544151544571,
         true
      ],
      [
         5,
         -0.3448510766029358,
         true
      ],
      [
         5,
         -0.3537982106208801,
         false
      ],
      [
         4,
         -0.5317900776863098,
         false
      ],
      [
         4,
         -0.40683695673942566,
         true
      ],
      [
         4,
         -0.4380752444267273,
         false
      ]
   ],
   "remaining_rules": [
      1342,
      2818,
      4763,
      6455,
      8084,
      10009,
      11274,
      13369,
      15237,
      16673
   ],
   "set_rules": [
      1342,
      2818,
      4763,
      6455,
      8084,
      10009,
      11274,
      13369,
      15237,
      16673
   ],
   "foil_estimated_class": [
      0
   ],
   "distance": 0.0005317500185971759,
   "extraction_time": 0.43720388412475586,
   "feature_bounds": {
      "0": {
         "type": 2,
         "values": [
            null,
            0.5
         ]
      },
      "1": {
         "type": 2,
         "values": [
            0.5,
            null
         ]
      },
      "2": {
         "type": 2,
         "values": [
            1.5,
            2.5
         ]
      },
      "3": {
         "type": 2,
         "values": [
            2.5,
            3.5
         ]
      },
      "4": {
         "type": 1,
         "values": [
            -0.4380752444267273,
            -0.40683695673942566
         ]
      },
      "5": {
         "type": 1,
         "values": [
            -0.3537982106208801,
            -0.3448510766029358
         ]
      },
      "6": {
         "type": 2,
         "values": [
            null,
            0.5
         ]
      },
      "7": {
         "type": 2,
         "values": [
            null,
            0.5
         ]
      },
      "8": {
         "type": 2,
         "values": [
            null,
            0.5
         ]
      },
      "9": {
         "type": 1,
         "values": [
            -0.3979199379682541,
            -0.36034783720970154
         ]
      },
      "10": {
         "type": 1,
         "values": [
            0.07826624065637589,
            0.36553046107292175
         ]
      },
      "11": {
         "type": 2,
         "values": [
            0.5,
            1.5
         ]
      },
      "12": {
         "type": 2,
         "values": [
            1.5,
            2.5
         ]
      },
      "13": {
         "type": 2,
         "values": [
            0.5,
            null
         ]
      }
   },
   "feature_bounds_compact": {
      "0": {
         "type": 2,
         "values": [
            null,
            0.5
         ]
      },
      "1": {
         "type": 2,
         "values": [
            0.5,
            null
         ]
      },
      "2": {
         "type": 2,
         "values": [
            1.5,
            3.5
         ]
      },
      "3": {
         "type": 2,
         "values": [
            2.5,
            3.5
         ]
      },
      "4": {
         "type": 1,
         "values": [
            -0.4380752444267273,
            -0.40683695673942566
         ]
      },
      "5": {
         "type": 1,
         "values": [
            -0.3537982106208801,
            -0.3448510766029358
         ]
      },
      "6": {
         "type": 2,
         "values": [
            null,
            0.5
         ]
      },
      "7": {
         "type": 2,
         "values": [
            null,
            0.5
         ]
      },
      "8": {
         "type": 2,
         "values": [
            null,
            2.0
         ]
      },
      "9": {
         "type": 1,
         "values": [
            -0.3979199379682541,
            -0.36034783720970154
         ]
      },
      "10": {
         "type": 1,
         "values": [
            0.07826624065637589,
            null
         ]
      },
      "11": {
         "type": 2,
         "values": [
            0.5,
            1.5
         ]
      },
      "12": {
         "type": 2,