{
   "found": true,
   "num_iterations": 300,
   "num_foil": 96,
   "_observation": [
      1.0,
      0.0,
      2.0,
      2.0,
      -0.2298200357909821,
      -0.3851131567180008,
      0.0,
      2.0,
      1.0,
      -0.11944436318731745,
      -0.2642411010550996,
      0.0,
      0.0,
      0.0
   ],
   "_idx": 290,
   "factual_class": 1,
   "feature_bounds_splits": {
      "0": {
         "type": 2,
         "values": [
            null,
            null
         ]
      },
      "1": {
         "type": 2,
         "values": [
            null,
            null
         ]
      },
      "2": {
         "type": 2,
         "values": [
            null,
            null
         ]
      },
      "3": {
         "type": 2,
         "values": [
            null,
            null
         ]
      },
      "4": {
         "type": 1,
         "values": [
            -0.3089570105075836,
            -0.08404138684272766
         ]
      },
      "5": {
         "type": 1,
         "values": [
            null,
            -0.40748098492622375
         ]
      },
      "6": {
         "type": 2,
         "values": [
            null,
            1.5
         ]
      },
      "7": {
         "type": 2,
         "values": [
            null,
            2.5
         ]
      },
      "8": {
         "type": 2,
         "values": [
            null,
            null
         ]
      },
      "9": {
         "type": 1,
         "values": [
            -0.12165448814630508,
            -0.05977102555334568
         ]
      },
      "10": {
         "type": 1,
         "values": [
            -0.27528972923755646,
            0.3102873358875513
         ]
      },
      "11": {
         "type": 2,
         "values": [
            null,
            null
         ]
      },
      "12": {
         "type": 2,
         "values": [
            null,
            null
         ]
      },
      "13": {
         "type": 2,
         "values": [
            null,
            null
         ]
      }
   },
   "splits": [
      [
         4,
         0.10130574554204941,
         true
      ],
      [
         5,
         -0.013807212468236685,
         true
      ],
      [
         4,
         0.0742325708270073,
         true
      ],
      [
         4,
         0.04715938866138458,
         true
      ],
      [
         4,
         0.04507683962583542,
         true
      ],
      [
         4,
         0.030498974956572056,
         true
      ],
      [
         4,
         0.03049897402524948,
         true
      ],
      [
         5,
         -0.08538426086306572,
         true
      ],
      [
         5,
         -0.08538426272571087,
         true
      ],
      [
         5,
         -0.19722339883446693,
         true
      ],
      [
         5,
         -0.2553797513246536,
         true
      ],
      [
         5,
         -0.2553797662258148,
         true
      ],
      [
         5,
         -0.2598533183336258,
         true
      ],
      [
         5,
         -0.26880045235157013,
         true
      ],
      [
         5,
         -0.2732740044593811,
         true
      ],
      [
         5,
         -0.3045889735221863,
         true
      ],
      [
         5,
         -0.3135361075401306,
         true
      ],
      [
         5,
         -0.3180096745491028,
         true
      ],
      [
         5,
         -0.36274532973766327,
         true
      ],
      [
         4,
         -0.4110020697116852,
         false
      ],
      [
         9,
         -0.4686438888311386,
         false
      ],
      [
         9,
         -0.46422363817691803,
         false
      ],
      [
         9,
         -0.46201351284980774,
         false
      ],
      [
         9,
         -0.318355493247509,
         false
      ],
      [
         4,
         -0.40683695673942566,
         false
      ],
      [
         9,
         -0.3006744980812073,
         false
      ],
      [
         9,
         -0.28299351036548615,
         false
      ],
      [
         9,
         -0.28078338503837585,
         false
      ],
      [
         9,
         -0.20121893286705017,
         false
      ],
      [
         9,
         -0.18795819953083992,
         false
      ],
      [
         9,
         -0.17690757475793362,
         false
      ],
      [
         9,
         -0.17469745129346848,
         false
      ],
      [
         9,
         -0.17248733341693878,
         false
      ],
      [
         4,
         -0.38601143658161163,
         false
      ],
      [
         9,
         -0.15701646357774734,
         false
      ],
      [
         9,
         -0.15259621664881706,
         false
      ],
      [
         9,
         -0.15038609504699707,
         false
      ],
      [
         9,
         -0.03324954118579626,
         true
      ],
      [
         5,
         -0.36721889674663544,
         true
      ],
      [
         4,
         -0.38392889499664307,
         false
      ],
      [
         4,
         -0.3610208183526993,
         false
      ],
      [
         4,
         -0.3589382767677307,
         false
      ],
      [
         6,
         1.5,
         true
      ],
      [
         4,
         0.005508348345756531,
         true
      ],
      [
         4,
         0.003425799310207367,
         true
      ],
      [
         4,
         -0.35060806572437286,
         false
      ],
      [
         4,
         -0.004904410219751298,
         true
      ],
      [
         9,
         -0.05977102555334568,
         true
      ],
      [
         4,
         -0.34644295275211334,
         false
      ],
      [
         4,
         -0.32978254556655884,
         false
      ],
      [
         4,
         -0.3110395669937134,
         false
      ],
      [
         4,
         -0.01115206629037857,
         true
      ],
      [
         10,
         0.3102873358875513,
         true
      ],
      [
         4,
         -0.3089570105075836,
         false
      ],
      [
         4,
         -0.08404138684272766,
         true
      ],
      [
         7,
         2.5,
         true
      ],
      [
         5,
         -0.3716924488544464,
         true
      ],
      [
         5,
         -0.39406028389930725,
         true
      ],
      [
         9,
         -0.12607473507523537,
         false
      ],
      [
         9,
         -0.12165448814630508,
         false
      ],
      [
         5,
         -0.3985338509082794,
         true
      ],
      [
         10,
         -0.27528972923755646,
         false
      ],
      [
         5,
         -0.40748098492622375,
         true
      ]
   ],
   "remaining_rules": [
      597,
      2108,
      3760,
      5185,
      7095,
      8966,
      11043,
      13101,
      14662,
      15921
   ],
   "set_rules": [
      597,
      2108,
      3760,
      5185,
      7095,
      8966,
      11043,
      13101,
      14662,
      15921
   ],
   "foil_estimated_class": [
      0
   ],
   "distance": 5.721566525646129e-05,
   "extraction_time": 0.2501211166381836,
   "feature_bounds": {
      "0": {
         "type": 2,
         "values": [
            0.5,
            null
         ]
      },
      "1": {
         "type": 2,
         "values": [
            null,
            0.5
         ]
      },
      "2": {
         "type": 2,
         "values": [
            1.5,
            2.5
         ]
      },
      "3": {
         "type": 2,
         "values": [
            null,
            2.5
         ]
      },
      "4": {
         "type": 1,
         "values": [
            -0.38601143658161163,
            -0.15693071484565735
         ]
      },
      "5": {
         "type": 1,
         "values": [
            null,
            -0.40748098492622375
         ]
      },
      "6": {
         "type": 2,
         "values": [
            null,
            0.5
         ]
      },
      "7": {
         "type": 2,