{
   "found": true,
   "num_iterations": 37,
   "num_foil": 4,
   "_observation": [
      1.0,
      1.0,
      3.0,
      3.0,
      -0.4130846196304676,
      -0.3940602878959337,
      0.0,
      0.0,
      0.0,
      -0.31393524214350393,
      -0.2863383490338839,
      0.0,
      0.0,
      0.0
   ],
   "_idx": 688,
   "factual_class": 1,
   "feature_bounds_splits": {
      "0": {
         "type": 2,
         "values": [
            null,
            null
         ]
      },
      "1": {
         "type": 2,
         "values": [
            null,
            null
         ]
      },
      "2": {
         "type": 2,
         "values": [
            null,
            null
         ]
      },
      "3": {
         "type": 2,
         "values": [
            null,
            null
         ]
      },
      "4": {
         "type": 1,
         "values": [
            -0.4484879970550537,
            -0.40058930218219757
         ]
      },
      "5": {
         "type": 1,
         "values": [
            -0.40748098492622375,
            -0.3985338509082794
         ]
      },
      "6": {
         "type": 2,
         "values": [
            null,
            null
         ]
      },
      "7": {
         "type": 2,
         "values": [
            null,
            null
         ]
      },
      "8": {
         "type": 2,
         "values": [
            null,
            null
         ]
      },
      "9": {
         "type": 1,
         "values": [
            -0.33161622285842896,
            -0.18795819953083992
         ]
      },
      "10": {
         "type": 1,
         "values": [
            -0.31948421895504,
            -0.2973869740962982
         ]
      },
      "11": {
         "type": 2,
         "values": [
            null,
            null
         ]
      },
      "12": {
         "type": 2,
         "values": [
            null,
            null
         ]
      },
      "13": {
         "type": 2,
         "values": [
            null,
            null
         ]
      }
   },
   "splits": [
      [
         4,
         -0.5317900776863098,
         false
      ],
      [
         5,
         -0.15696130692958832,
         true
      ],
      [
         5,
         -0.16590844094753265,
         true
      ],
      [
         5,
         -0.1882762759923935,
         true
      ],
      [
         5,
         -0.19274983555078506,
         true
      ],
      [
         9,
         -0.4708540141582489,
         false
      ],
      [
         4,
         -0.5276249945163727,
         false
      ],
      [
         9,
         -0.46201352775096893,
         false
      ],
      [
         9,
         -0.4465426653623581,
         false
      ],
      [
         9,
         -0.43107178807258606,
         false
      ],
      [
         9,
         -0.41339080035686493,
         false
      ],
      [
         9,
         -0.37802882492542267,
         false
      ],
      [
         9,
         -0.37581871449947357,
         false
      ],
      [
         9,
         -0.35592760145664215,
         false
      ],
      [
         4,
         -0.4943041503429413,
         false
      ],
      [
         4,
         -0.4484879970550537,
         false
      ],
      [
         4,
         -0.3985067456960678,
         true
      ],
      [
         5,
         -0.3895867168903351,
         true
      ],
      [
         10,
         -0.2531924769282341,
         true
      ],
      [
         9,
         -0.18795819953083992,
         true
      ],
      [
         10,
         -0.27528972923755646,
         true
      ],
      [
         5,
         -0.39406028389930725,
         true
      ],
      [
         9,
         -0.33161622285842896,
         false
      ],
      [
         10,
         -0.2973869740962982,
         true
      ],
      [
         4,
         -0.398506760597229,
         true
      ],
      [
         10,
         -0.3526300936937332,
         false
      ],
      [
         4,
         -0.40058930218219757,
         true
      ],
      [
         10,
         -0.34158146381378174,
         false
      ],
      [
         5,
         -0.3985338509082794,
         true
      ],
      [
         10,
         -0.31948421895504,
         false
      ],
      [
         5,
         -0.40748098492622375,
         false
      ]
   ],
   "remaining_rules": [
      588,
      2161,
      3954,
      5185,
      7103,
      8758,
      10970,
      12892,
      14201,
      15977
   ],
   "set_rules": [
      588,
      2161,
      3954,
      5185,
      7103,
      8758,
      10970,
      12892,
      14201,
      15977
   ],
   "foil_estimated_class": [
      0
   ],
   "distance": 5.008003053885957e-05,
   "extraction_time": 0.22357749938964844,
   "feature_bounds": {
      "0": {
         "type": 2,
         "values": [
            0.5,
            null
         ]
      },
      "1": {
         "type": 2,
         "values": [
            0.5,
            null
         ]
      },
      "2": {
         "type": 2,
         "values": [
            2.5,
            3.5
         ]
      },
      "3": {
         "type": 2,
         "values": [
            2.5,
            3.5
         ]
      },
      "4": {
         "type": 1,
         "values": [
            -0.4943041652441025,
            -0.40058930218219757
         ]
      },
      "5": {
         "type": 1,
         "values": [
            -0.40748098492622375,
            -0.3985338509082794
         ]
      },
      "6": {
         "type": 2,
         "values": [
            null,
            0.5
         ]
      },
      "7": {
         "type": 2,
         "values": [
            null,
            0.5
         ]
      },
      "8": {
         "type": 2,
         "values": [
            null,
            0.5
         ]
      },
      "9": {
         "type": 1,
         "values": [
            -0.35592760145664215,
            -0.11281399428844452
         ]
      },
      "10": {
         "type": 1,
         "values": [
            -0.31948421895504,
            -0.2973869740962982
         ]
      },
      "11": {
         "type": 2,
         "values": [
            null,
            0.5
         ]
      },
      "12": {
         "type": 2,
         "values": [
            null,
            0.5
         ]
      },
      "13": {
         "type": 2,
         "values": [
            null,
            0.5
         ]
      }
   },
   "feature_bounds_compact": {
      "0": {
         "type": 2,
         "values": [
            0.5,
            null
         ]
      },
      "1": {
         "type": 2,
         "values": [
            0.5,
            null
         ]
      },
      "2": {
         "type": 2,
         "values": [
            2.5,
            3.5
         ]
      },
      "3": {
         "type": 2,
         "values": [
            2.5,
            3.5
         ]
      },
      "4": {
         "type": 1,
         "values": [
            -0.4943041652441025,
            -0.398506760597229
         ]
      },
      "5": {
         "type": 1,
         "values": [
            null,
            -0.3985338509082794
         ]
      },
      "6": {
         "type": 2,
         "values": [
            null,
            0.5
         ]
      },
      "7": {
         "type": 2,
         "values": [
            null,
            1.5
         ]
      },
      "8": {
         "type": 2,
         "values": [
            null,
            0.5
         ]
      },
      "9": {
         "type": 1,
         "values": [
            -0.35592760145664215,
            -0.09955324977636337
         ]
      },
      "10": {
         "type": 1,
         "values": [
            -0.31948421895504,
            -0.2973869740962982
         ]
      },
      "11": {
         "type": 2,
         "values": [
            null,
            0.5
         ]
      },
      "12": {
         "type": 2,
         "values": [
            null,
            0.5
         ]
      },