{
   "found": true,
   "num_iterations": 75,
   "num_foil": 16,
   "_observation": [
      0.0,
      1.0,
      2.0,
      3.0,
      -0.7379627455277374,
      -0.3224832384724706,
      3.0,
      6.0,
      0.0,
      -0.6984967528068727,
      -0.24214385307631545,
      2.0,
      3.0,
      1.0
   ],
   "_idx": 939,
   "factual_class": 0,
   "feature_bounds_splits": {
      "0": {
         "type": 2,
         "values": [
            null,
            null
         ]
      },
      "1": {
         "type": 2,
         "values": [
            null,
            null
         ]
      },
      "2": {
         "type": 2,
         "values": [
            null,
            null
         ]
      },
      "3": {
         "type": 2,
         "values": [
            null,
            null
         ]
      },
      "4": {
         "type": 1,
         "values": [
            -0.754623144865036,
            -0.7358801960945129
         ]
      },
      "5": {
         "type": 1,
         "values": [
            -0.30906254053115845,
            -0.2866947054862976
         ]
      },
      "6": {
         "type": 2,
         "values": [
            null,
            null
         ]
      },
      "7": {
         "type": 2,
         "values": [
            null,
            null
         ]
      },
      "8": {
         "type": 2,
         "values": [
            null,
            null
         ]
      },
      "9": {
         "type": 1,
         "values": [
            -0.6918663680553436,
            -0.6896562576293945
         ]
      },
      "10": {
         "type": 1,
         "values": [
            -0.27528972178697586,
            -0.16480348631739616
         ]
      },
      "11": {
         "type": 2,
         "values": [
            null,
            null
         ]
      },
      "12": {
         "type": 2,
         "values": [
            null,
            3.5
         ]
      },
      "13": {
         "type": 2,
         "values": [
            null,
            null
         ]
      }
   },
   "splits": [
      [
         5,
         0.23671245574951172,
         true
      ],
      [
         5,
         0.23223889619112015,
         true
      ],
      [
         5,
         0.22776532918214798,
         true
      ],
      [
         9,
         -0.45759327709674835,
         true
      ],
      [
         9,
         -0.45980340242385864,
         true
      ],
      [
         9,
         -0.4951653778553009,
         true
      ],
      [
         4,
         -0.47347861528396606,
         true
      ],
      [
         4,
         -0.4818088263273239,
         true
      ],
      [
         4,
         -0.4818088412284851,
         true
      ],
      [
         4,
         -0.5463679432868958,
         true
      ],
      [
         4,
         -0.5463679730892181,
         true
      ],
      [
         5,
         -0.08538425900042057,
         true
      ],
      [
         4,
         -0.585936427116394,
         true
      ],
      [
         4,
         -0.5859364569187164,
         true
      ],
      [
         4,
         -0.6817338466644287,
         true
      ],
      [
         5,
         -0.10327852703630924,
         true
      ],
      [
         5,
         -0.19274983182549477,
         true
      ],
      [
         5,
         -0.19274983555078506,
         true
      ],
      [
         5,
         -0.2016969621181488,
         true
      ],
      [
         10,
         -0.3636787086725235,
         false
      ],
      [
         10,
         -0.032219995569903404,
         true
      ],
      [
         5,
         -0.21064409613609314,
         true
      ],
      [
         5,
         -0.26880045235157013,
         true
      ],
      [
         10,
         -0.03221999667584896,
         true
      ],
      [
         9,
         -0.687446117401123,
         true
      ],
      [
         4,
         -0.754623144865036,
         false
      ],
      [
         5,
         -0.40748098492622375,
         false
      ],
      [
         4,
         -0.721302330493927,
         true
      ],
      [
         5,
         -0.3985338509082794,
         false
      ],
      [
         10,
         -0.3526300936937332,
         false
      ],
      [
         10,
         -0.33053283393383026,
         false
      ],
      [
         10,
         -0.31948421895504,
         false
      ],
      [
         5,
         -0.2732740044593811,
         true
      ],
      [
         10,
         -0.27528972178697586,
         false
      ],
      [
         5,
         -0.2866947054862976,
         true
      ],
      [
         9,
         -0.6896562576293945,
         true
      ],
      [
         10,
         -0.16480348631739616,
         true
      ],
      [
         12,
         3.5,
         true
      ],
      [
         9,
         -0.6918663680553436,
         false
      ],
      [
         5,
         -0.30906254053115845,
         false
      ],
      [
         4,
         -0.7358801960945129,
         true
      ]
   ],
   "remaining_rules": [
      1556,
      3184,
      5151,
      6720,
      8279,
      10362,
      10950,
      13282,
      15702,
      17125
   ],
   "set_rules": [
      1556,
      3184,
      5151,
      6720,
      8279,
      10362,
      10950,
      13282,
      15702,
      17125
   ],
   "foil_estimated_class": [
      1
   ],
   "distance": 7.103615170494097e-05,
   "extraction_time": 0.2528340816497803,
   "feature_bounds": {
      "0": {
         "type": 2,
         "values": [
            null,
            0.5
         ]
      },
      "1": {
         "type": 2,
         "values": [
            0.5,
            null
         ]
      },
      "2": {
         "type": 2,
         "values": [
            1.5,
            2.5
         ]
      },
      "3": {
         "type": 2,
         "values": [
            2.5,
            3.5
         ]
      },
      "4": {
         "type": 1,
         "values": [
            -0.7442103922367096,
            -0.7358801960945129
         ]
      },
      "5": {
         "type": 1,
         "values": [
            -0.30906254053115845,
            -0.2911682724952698
         ]
      },
      "6": {
         "type": 2,
         "values": [
            1.5,
            4.5
         ]
      },
      "7": {
         "type": 2,
         "values": [
            5.5,
            null
         ]
      },
      "8": {
         "type": 2,
         "values": [
            null,
            0.5
         ]
      },
      "9": {
         "type": 1,
         "values": [
            -0.6918663680553436,
            -0.6874461472034454
         ]
      },
      "10": {
         "type": 1,
         "values": [
            -0.27528972923755646,
            -0.13165761530399323
         ]
      },
      "11": {
         "type": 2,
         "values": [
            1.5,
            null
         ]
      },
      "12": {
         "type": 2,
         "values": [
            1.5,
            3.5
         ]
      },
      "13": {
         "type": 2,
         "values": [
            0.5,
            null
         ]
      }
   },
   "feature_bounds_compact": {
      "0": {
         "type": 2,
         "values": [
            null,
            0.5
         ]
      },
      "1": {
         "type": 2,
         "values": [
            0.5,
            null
         ]
      },
      "2": {
         "type": 2,
         "values": [
            null,
            2.5
         ]
      },
      "3": {
         "type": 2,
         "values": [
            2.5,
            3.5
         ]
      },
      "4": {
         "type": 1,
         "values": [
            -0.7442103922367096,
            -0.7358801960945129
         ]
      },
      "5": {
         "type": 1,
         "values": [
            -0.30906254053115845,
            -0.2911682724952698
         ]
      },
      "6": {
         "type": 2,