{
   "found": true,
   "num_iterations": 115,
   "num_foil": 38,
   "_observation": [
      1.0,
      1.0,
      2.0,
      4.0,
      -0.7546231622404179,
      -0.4030074190738666,
      2.0,
      6.0,
      0.0,
      -0.68523601105986,
      -0.3084355970126681,
      0.0,
      0.0,
      0.0
   ],
   "_idx": 936,
   "factual_class": 1,
   "feature_bounds_splits": {
      "0": {
         "type": 2,
         "values": [
            null,
            null
         ]
      },
      "1": {
         "type": 2,
         "values": [
            null,
            null
         ]
      },
      "2": {
         "type": 2,
         "values": [
            null,
            null
         ]
      },
      "3": {
         "type": 2,
         "values": [
            null,
            null
         ]
      },
      "4": {
         "type": 1,
         "values": [
            -0.7525406181812286,
            -0.7504580616950989
         ]
      },
      "5": {
         "type": 1,
         "values": [
            null,
            -0.3985338509082794
         ]
      },
      "6": {
         "type": 2,
         "values": [
            null,
            null
         ]
      },
      "7": {
         "type": 2,
         "values": [
            null,
            null
         ]
      },
      "8": {
         "type": 2,
         "values": [
            null,
            null
         ]
      },
      "9": {
         "type": 1,
         "values": [
            null,
            -0.6918663680553436
         ]
      },
      "10": {
         "type": 1,
         "values": [
            null,
            null
         ]
      },
      "11": {
         "type": 2,
         "values": [
            null,
            null
         ]
      },
      "12": {
         "type": 2,
         "values": [
            null,
            null
         ]
      },
      "13": {
         "type": 2,
         "values": [
            null,
            null
         ]
      }
   },
   "splits": [
      [
         4,
         -0.519294798374176,
         true
      ],
      [
         5,
         -0.36274532973766327,
         true
      ],
      [
         4,
         -0.5213773250579834,
         true
      ],
      [
         4,
         -0.57552370429039,
         true
      ],
      [
         4,
         -0.7587882578372955,
         false
      ],
      [
         9,
         -0.5526286065578461,
         true
      ],
      [
         9,
         -0.5592589378356934,
         true
      ],
      [
         9,
         -0.5592589676380157,
         true
      ],
      [
         9,
         -0.5902006924152374,
         true
      ],
      [
         4,
         -0.5776062309741974,
         true
      ],
      [
         4,
         -0.5859364569187164,
         true
      ],
      [
         4,
         -0.5921840965747833,
         true
      ],
      [
         9,
         -0.5924108028411865,
         true
      ],
      [
         4,
         -0.623422384262085,
         true
      ],
      [
         4,
         -0.6275874674320221,
         true
      ],
      [
         4,
         -0.631752610206604,
         true
      ],
      [
         9,
         -0.6123019158840179,
         true
      ],
      [
         9,
         -0.667555034160614,
         true
      ],
      [
         9,
         -0.6786056160926819,
         true
      ],
      [
         9,
         -0.6786056458950043,
         true
      ],
      [
         9,
         -0.6896562576293945,
         true
      ],
      [
         4,
         -0.7567057311534882,
         false
      ],
      [
         4,
         -0.7546231746673584,
         false
      ],
      [
         9,
         -0.6918663680553436,
         true
      ],
      [
         4,
         -0.7525406181812286,
         false
      ],
      [
         5,
         -0.3985338509082794,
         true
      ],
      [
         4,
         -0.7504580616950989,
         true
      ]
   ],
   "remaining_rules": [
      510,
      2083,
      3680,
      5302,
      7109,
      9437,
      10754,
      12943,
      14184,
      16889
   ],
   "set_rules": [
      510,
      2083,
      3680,
      5302,
      7109,
      9437,
      10754,
      12943,
      14184,
      16889
   ],
   "foil_estimated_class": [
      0
   ],
   "distance": 4.88298579327021e-05,
   "extraction_time": 0.23419547080993652,
   "feature_bounds": {
      "0": {
         "type": 2,
         "values": [
            0.5,
            null
         ]
      },
      "1": {
         "type": 2,
         "values": [
            0.5,
            null
         ]
      },
      "2": {
         "type": 2,
         "values": [
            1.5,
            2.5
         ]
      },
      "3": {
         "type": 2,
         "values": [
            3.5,
            null
         ]
      },
      "4": {
         "type": 1,
         "values": [
            -0.7525406181812286,
            -0.7504580616950989
         ]
      },
      "5": {
         "type": 1,
         "values": [
            -0.4164281189441681,
            -0.3985338509082794
         ]
      },
      "6": {
         "type": 2,
         "values": [
            1.5,
            2.5
         ]
      },
      "7": {
         "type": 2,
         "values": [
            5.5,
            null
         ]
      },
      "8": {
         "type": 2,
         "values": [
            null,
            0.5
         ]
      },
      "9": {
         "type": 1,
         "values": [
            -0.6962866187095642,
            -0.6918663680553436
         ]
      },
      "10": {
         "type": 1,
         "values": [
            -0.31948421895504,
            -0.2973869740962982
         ]
      },
      "11": {
         "type": 2,
         "values": [
            null,
            0.5
         ]
      },
      "12": {
         "type": 2,
         "values": [
            null,
            0.5
         ]
      },
      "13": {
         "type": 2,
         "values": [
            null,
            0.5
         ]
      }
   },
   "feature_bounds_compact": {
      "0": {
         "type": 2,
         "values": [
            0.5,
            null
         ]
      },
      "1": {
         "type": 2,
         "values": [
            0.5,
            null
         ]
      },
      "2": {
         "type": 2,
         "values": [
            1.5,
            2.5
         ]
      },
      "3": {
         "type": 2,
         "values": [
            3.5,
            null
         ]
      },
      "4": {
         "type": 1,
         "values": [
            -0.7525406181812286,
            -0.7400452792644501
         ]
      },
      "5": {
         "type": 1,
         "values": [
            -0.4253752529621124,
            -0.3985338509082794
         ]
      },
      "6": {
         "type": 2,
         "values": [
            1.5,
            2.5
         ]
      },
      "7": {
         "type": 2,
         "values": [
            5.5,
            null
         ]
      },
      "8": {
         "type": 2,
         "values": [
            null,
            0.5
         ]
      },
      "9": {
         "type": 1,
         "values": [
            -0.6962866187095642,
            -0.6918663680553436
         ]
      },
      "10": {
         "type": 1,
         "values": [
            -0.31948421895504,
            -0.2973869740962982
         ]
      },
      "11": {
         "type": 2,
         "values": [
            null,
            0.5
         ]
      },
      "12": {
         "type": 2,
         "values": [
            null,
            0.5
         ]
      },
      "13": {
         "type": 2,
         "values": [
            null,
            0.5
         ]
      }
   },
   "feature_bounds_compact_count": {
      "0": {
         "type": 2,
         "values": [
            0.5,
            null
         ]
      },
      "1": {
         "type": 2,
         "values": [
            0.5,
            null
         ]
      },