{
   "found": true,
   "num_iterations": 3223,
   "num_foil": 1589,
   "_observation": [
      1.0,
      1.0,
      2.0,
      3.0,
      0.06173725668092664,
      -0.3493246320062693,
      0.0,
      0.0,
      6.0,
      0.11924898825891145,
      -0.17585210913996274,
      1.0,
      12.0,
      1.0
   ],
   "_idx": 956,
   "factual_class": 0,
   "feature_bounds_splits": {
      "0": {
         "type": 2,
         "values": [
            null,
            null
         ]
      },
      "1": {
         "type": 2,
         "values": [
            null,
            null
         ]
      },
      "2": {
         "type": 2,
         "values": [
            null,
            null
         ]
      },
      "3": {
         "type": 2,
         "values": [
            null,
            null
         ]
      },
      "4": {
         "type": 1,
         "values": [
            0.01175600674469024,
            0.1408742368221283
         ]
      },
      "5": {
         "type": 1,
         "values": [
            null,
            -0.3895867168903351
         ]
      },
      "6": {
         "type": 2,
         "values": [
            null,
            null
         ]
      },
      "7": {
         "type": 2,
         "values": [
            null,
            0.5
         ]
      },
      "8": {
         "type": 2,
         "values": [
            null,
            null
         ]
      },
      "9": {
         "type": 1,
         "values": [
            0.004322558641433716,
            0.09935787692666054
         ]
      },
      "10": {
         "type": 1,
         "values": [
            -0.23109523206949234,
            -0.20899797976016998
         ]
      },
      "11": {
         "type": 2,
         "values": [
            null,
            null
         ]
      },
      "12": {
         "type": 2,
         "values": [
            null,
            null
         ]
      },
      "13": {
         "type": 2,
         "values": [
            null,
            null
         ]
      }
   },
   "splits": [
      [
         10,
         3.3265618085861206,
         true
      ],
      [
         4,
         -0.5213773399591446,
         false
      ],
      [
         4,
         -0.5213773250579834,
         false
      ],
      [
         4,
         -0.4776437282562256,
         false
      ],
      [
         4,
         -0.475561186671257,
         false
      ],
      [
         4,
         -0.4214148223400116,
         false
      ],
      [
         7,
         0.5,
         true
      ],
      [
         4,
         -0.3651859313249588,
         false
      ],
      [
         4,
         -0.3526906222105026,
         false
      ],
      [
         10,
         0.8958644270896912,
         true
      ],
      [
         4,
         -0.3381127417087555,
         false
      ],
      [
         10,
         0.36553046107292175,
         true
      ],
      [
         5,
         -0.3448510617017746,
         true
      ],
      [
         9,
         0.6209470629692078,
         true
      ],
      [
         10,
         -0.1427062340080738,
         true
      ],
      [
         10,
         -0.1427062377333641,
         true
      ],
      [
         10,
         -0.17585211247205734,
         true
      ],
      [
         5,
         -0.3448510766029358,
         true
      ],
      [
         10,
         -0.18690072745084763,
         true
      ],
      [
         10,
         -0.20899797976016998,
         true
      ],
      [
         10,
         -0.2531924694776535,
         false
      ],
      [
         5,
         -0.3761660307645798,
         true
      ],
      [
         5,
         -0.38063958287239075,
         true
      ],
      [
         4,
         0.1408742368221283,
         true
      ],
      [
         5,
         -0.3895867168903351,
         true
      ],
      [
         10,
         -0.23109523206949234,
         false
      ],
      [
         9,
         0.004322558641433716,
         false
      ],
      [
         9,
         0.09935787692666054,
         true
      ],
      [
         4,
         0.01175600674469024,
         false
      ]
   ],
   "remaining_rules": [
      1483,
      3119,
      4696,
      4699,
      6838,
      8412,
      10139,
      12096,
      13779,
      13880,
      15391,
      16544
   ],
   "set_rules": [
      1483,
      3119,
      4699,
      6838,
      8412,
      10139,
      12096,
      13880,
      15391,
      16544
   ],
   "foil_estimated_class": [
      1
   ],
   "distance": 0.00032756149084507707,
   "extraction_time": 0.6220312118530273,
   "feature_bounds": {
      "0": {
         "type": 2,
         "values": [
            0.5,
            null
         ]
      },
      "1": {
         "type": 2,
         "values": [
            0.5,
            null
         ]
      },
      "2": {
         "type": 2,
         "values": [
            null,
            null
         ]
      },
      "3": {
         "type": 2,
         "values": [
            2.5,
            3.5
         ]
      },
      "4": {
         "type": 1,
         "values": [
            0.01175600674469024,
            0.1408742368221283
         ]
      },
      "5": {
         "type": 1,
         "values": [
            -0.40748098492622375,
            -0.3895867168903351
         ]
      },
      "6": {
         "type": 2,
         "values": [
            null,
            0.5
         ]
      },
      "7": {
         "type": 2,
         "values": [
            null,
            0.5
         ]
      },
      "8": {
         "type": 2,
         "values": [
            5.5,
            null
         ]
      },
      "9": {
         "type": 1,
         "values": [
            0.0021124370396137238,
            0.09935787692666054
         ]
      },
      "10": {
         "type": 1,
         "values": [
            -0.23109523206949234,
            -0.20899797976016998
         ]
      },
      "11": {
         "type": 2,
         "values": [
            0.5,
            1.5
         ]
      },
      "12": {
         "type": 2,
         "values": [
            11.5,
            12.5
         ]
      },
      "13": {
         "type": 2,
         "values": [
            0.5,
            null
         ]
      }
   },
   "feature_bounds_compact": {
      "0": {
         "type": 2,
         "values": [
            0.5,
            null
         ]
      },
      "1": {
         "type": 2,
         "values": [
            0.5,
            null
         ]
      },
      "2": {
         "type": 2,
         "values": [
            null,
            null
         ]
      },
      "3": {
         "type": 2,
         "values": [
            2.5,
            3.5
         ]
      },
      "4": {
         "type": 1,
         "values": [
            0.01175600674469024,
            0.1408742368221283
         ]
      },
      "5": {
         "type": 1,
         "values": [
            -0.40748098492622375,
            -0.3895867168903351
         ]
      },
      "6": {
         "type": 2,
         "values": [
            null,
            0.5
         ]
      },
      "7": {
         "type": 2,
         "values": [
            null,
            0.5
         ]
      },
      "8": {
         "type": 2,
         "values": [
            5.5,
            null
         ]
      },
      "9": {
         "type": 1,
         "values": [
            0.0021124370396137238,
            0.09935787692666054
         ]
      },
      "10": {
         "type": 1,
         "values": [
            -0.23109523206949234,
            -0.20899797976016998
         ]
      },
      "11": {
         "type": 2,
         "values": [
            null,
            1.5
         ]
      },
      "12": {
         "type": 2,
         "values": [
            11.5,
            12.5
         ]
      },
      "13": {
         "type": 2,
         "values": [
            0.5,
            null
         ]
      }
   },