{
   "found": true,
   "num_iterations": 1444,
   "num_foil": 687,
   "_observation": [
      0.0,
      0.0,
      3.0,
      2.0,
      0.4449268410725782,
      0.4469700428297576,
      2.0,
      5.0,
      0.0,
      0.5966356911513693,
      1.7908029609718334,
      0.0,
      0.0,
      0.0
   ],
   "_idx": 521,
   "factual_class": 1,
   "feature_bounds_splits": {
      "0": {
         "type": 2,
         "values": [
            null,
            null
         ]
      },
      "1": {
         "type": 2,
         "values": [
            null,
            null
         ]
      },
      "2": {
         "type": 2,
         "values": [
            null,
            null
         ]
      },
      "3": {
         "type": 2,
         "values": [
            null,
            null
         ]
      },
      "4": {
         "type": 1,
         "values": [
            null,
            0.3199737071990967
         ]
      },
      "5": {
         "type": 1,
         "values": [
            null,
            -0.4253752529621124
         ]
      },
      "6": {
         "type": 2,
         "values": [
            null,
            null
         ]
      },
      "7": {
         "type": 2,
         "values": [
            null,
            null
         ]
      },
      "8": {
         "type": 2,
         "values": [
            null,
            null
         ]
      },
      "9": {
         "type": 1,
         "values": [
            -0.4443325400352478,
            null
         ]
      },
      "10": {
         "type": 1,
         "values": [
            null,
            null
         ]
      },
      "11": {
         "type": 2,
         "values": [
            null,
            null
         ]
      },
      "12": {
         "type": 2,
         "values": [
            null,
            null
         ]
      },
      "13": {
         "type": 2,
         "values": [
            null,
            null
         ]
      }
   },
   "splits": [
      [
         9,
         -0.4443325400352478,
         false
      ],
      [
         5,
         -0.35379819571971893,
         true
      ],
      [
         5,
         -0.3851131647825241,
         true
      ],
      [
         5,
         -0.3895867168903351,
         true
      ],
      [
         4,
         1.0488669276237488,
         true
      ],
      [
         5,
         -0.3985338509082794,
         true
      ],
      [
         4,
         0.3199737221002579,
         true
      ],
      [
         5,
         -0.40748098492622375,
         true
      ],
      [
         4,
         0.3199737071990967,
         true
      ],
      [
         5,
         -0.4253752529621124,
         true
      ]
   ],
   "remaining_rules": [
      640,
      2108,
      4160,
      5252,
      7105,
      8819,
      11229,
      12491,
      14656,
      17235
   ],
   "set_rules": [
      640,
      2108,
      4160,
      5252,
      7105,
      8819,
      11229,
      12491,
      14656,
      17235
   ],
   "foil_estimated_class": [
      0
   ],
   "distance": 0.0029401817700733363,
   "extraction_time": 0.27471113204956055,
   "feature_bounds": {
      "0": {
         "type": 2,
         "values": [
            null,
            0.5
         ]
      },
      "1": {
         "type": 2,
         "values": [
            null,
            0.5
         ]
      },
      "2": {
         "type": 2,
         "values": [
            2.5,
            3.5
         ]
      },
      "3": {
         "type": 2,
         "values": [
            null,
            2.5
         ]
      },
      "4": {
         "type": 1,
         "values": [
            -0.10486691072583199,
            0.3199737071990967
         ]
      },
      "5": {
         "type": 1,
         "values": [
            null,
            -0.4253752529621124
         ]
      },
      "6": {
         "type": 2,
         "values": [
            1.5,
            2.5
         ]
      },
      "7": {
         "type": 2,
         "values": [
            4.5,
            5.5
         ]
      },
      "8": {
         "type": 2,
         "values": [
            null,
            0.5
         ]
      },
      "9": {
         "type": 1,
         "values": [
            -0.09071275591850281,
            1.027609795331955
         ]
      },
      "10": {
         "type": 1,
         "values": [
            1.1278855204582214,
            null
         ]
      },
      "11": {
         "type": 2,
         "values": [
            null,
            0.5
         ]
      },
      "12": {
         "type": 2,
         "values": [
            null,
            0.5
         ]
      },
      "13": {
         "type": 2,
         "values": [
            null,
            0.5
         ]
      }
   },
   "feature_bounds_compact": {
      "0": {
         "type": 2,
         "values": [
            null,
            0.5
         ]
      },
      "1": {
         "type": 2,
         "values": [
            null,
            0.5
         ]
      },
      "2": {
         "type": 2,
         "values": [
            2.5,
            3.5
         ]
      },
      "3": {
         "type": 2,
         "values": [
            null,
            2.5
         ]
      },
      "4": {
         "type": 1,
         "values": [
            -0.10486691072583199,
            0.3199737071990967
         ]
      },
      "5": {
         "type": 1,
         "values": [
            null,
            -0.4253752529621124
         ]
      },
      "6": {
         "type": 2,
         "values": [
            1.5,
            2.5
         ]
      },
      "7": {
         "type": 2,
         "values": [
            4.5,
            5.5
         ]
      },
      "8": {
         "type": 2,
         "values": [
            null,
            0.5
         ]
      },
      "9": {
         "type": 1,
         "values": [
            -0.09071275591850281,
            null
         ]
      },
      "10": {
         "type": 1,
         "values": [
            -0.27528972923755646,
            null
         ]
      },
      "11": {
         "type": 2,
         "values": [
            null,
            0.5
         ]
      },
      "12": {
         "type": 2,
         "values": [
            null,
            0.5
         ]
      },
      "13": {
         "type": 2,
         "values": [
            null,
            0.5
         ]
      }
   },
   "feature_bounds_compact_count": {
      "0": {
         "type": 2,
         "values": [
            null,
            0.5
         ]
      },
      "1": {
         "type": 2,
         "values": [
            null,
            0.5
         ]
      },
      "2": {
         "type": 2,
         "values": [
            2.5,
            3.5
         ]
      },
      "3": {
         "type": 2,
         "values": [
            null,
            2.5
         ]
      },
      "4": {
         "type": 1,
         "values": [
            -0.10486691072583199,
            0.3199737071990967
         ]
      },
      "5": {
         "type": 1,
         "values": [
            null,
            -0.4253752529621124
         ]
      },
      "6": {
         "type": 2,
         "values": [
            1.5,
            2.5
         ]
      },
      "7": {
         "type": 2,
         "values": [
            4.5,
            5.5
         ]
      },
      "8": {
         "type": 2,
         "values": [
            null,
            0.5
         ]
      },
      "9": {
         "type": 1,
         "values": [
            -0.09071275591850281,
            null
         ]
      },
      "10": {
         "type": 1,
         "values": [
            -0.27528972923755646,
            null
         ]
      },
      "11": {
         "type": 2,
         "values": [
            null,
            0.5
         ]
      },
      "12": {
         "type": 2,
         "values": [
            null,
            0.5
         ]
      },
      "13": {
         "type": 2,