{
   "found": true,
   "num_iterations": 763,
   "num_foil": 360,
   "_observation": [
      1.0,
      1.0,
      2.0,
      4.0,
      -0.6296700368953141,
      -0.11669922138001425,
      2.0,
      6.0,
      0.0,
      -0.6454537858188218,
      0.3986763383084272,
      0.0,
      0.0,
      0.0
   ],
   "_idx": 863,
   "factual_class": 1,
   "feature_bounds_splits": {
      "0": {
         "type": 2,
         "values": [
            null,
            null
         ]
      },
      "1": {
         "type": 2,
         "values": [
            null,
            null
         ]
      },
      "2": {
         "type": 2,
         "values": [
            null,
            null
         ]
      },
      "3": {
         "type": 2,
         "values": [
            null,
            null
         ]
      },
      "4": {
         "type": 1,
         "values": [
            -0.7483755052089691,
            -0.7421278655529022
         ]
      },
      "5": {
         "type": 1,
         "values": [
            -0.15696130692958832,
            null
         ]
      },
      "6": {
         "type": 2,
         "values": [
            null,
            null
         ]
      },
      "7": {
         "type": 2,
         "values": [
            null,
            null
         ]
      },
      "8": {
         "type": 2,
         "values": [
            null,
            null
         ]
      },
      "9": {
         "type": 1,
         "values": [
            -0.6631347835063934,
            -0.660924643278122
         ]
      },
      "10": {
         "type": 1,
         "values": [
            null,
            1.470392882823944
         ]
      },
      "11": {
         "type": 2,
         "values": [
            null,
            null
         ]
      },
      "12": {
         "type": 2,
         "values": [
            null,
            null
         ]
      },
      "13": {
         "type": 2,
         "values": [
            null,
            null
         ]
      }
   },
   "splits": [
      [
         4,
         0.4511744827032089,
         true
      ],
      [
         4,
         -0.040307795628905296,
         true
      ],
      [
         4,
         -0.054885659366846085,
         true
      ],
      [
         4,
         -0.09237159695476294,
         true
      ],
      [
         4,
         -0.519294798374176,
         true
      ],
      [
         5,
         -0.36274532973766327,
         false
      ],
      [
         4,
         -0.5463679730892181,
         true
      ],
      [
         4,
         -0.5484504997730255,
         true
      ],
      [
         10,
         1.470392882823944,
         true
      ],
      [
         4,
         -0.57552370429039,
         true
      ],
      [
         9,
         -0.6763955056667328,
         false
      ],
      [
         4,
         -0.631752610206604,
         true
      ],
      [
         9,
         -0.6697651445865631,
         false
      ],
      [
         9,
         -0.6631347835063934,
         false
      ],
      [
         9,
         -0.660924643278122,
         true
      ],
      [
         4,
         -0.687981516122818,
         true
      ],
      [
         4,
         -0.6900640428066254,
         true
      ],
      [
         4,
         -0.6942291557788849,
         true
      ],
      [
         4,
         -0.7150546610355377,
         true
      ],
      [
         5,
         -0.23748549073934555,
         false
      ],
      [
         4,
         -0.7275499999523163,
         true
      ],
      [
         5,
         -0.22853835672140121,
         false
      ],
      [
         5,
         -0.21959123015403748,
         false
      ],
      [
         4,
         -0.7337976396083832,
         true
      ],
      [
         5,
         -0.21064409613609314,
         false
      ],
      [
         4,
         -0.7358801960945129,
         true
      ],
      [
         5,
         -0.18380270898342133,
         false
      ],
      [
         4,
         -0.7504580616950989,
         false
      ],
      [
         5,
         -0.15696130692958832,
         false
      ],
      [
         4,
         -0.7483755052089691,
         false
      ],
      [
         4,
         -0.7421278655529022,
         true
      ]
   ],
   "remaining_rules": [
      752,
      2648,
      4260,
      5813,
      7702,
      9689,
      10886,
      12961,
      14825,
      16977
   ],
   "set_rules": [
      752,
      2648,
      4260,
      5813,
      7702,
      9689,
      10886,
      12961,
      14825,
      16977
   ],
   "foil_estimated_class": [
      0
   ],
   "distance": 0.0007274506259803517,
   "extraction_time": 0.45013952255249023,
   "feature_bounds": {
      "0": {
         "type": 2,
         "values": [
            0.5,
            null
         ]
      },
      "1": {
         "type": 2,
         "values": [
            0.5,
            null
         ]
      },
      "2": {
         "type": 2,
         "values": [
            1.5,
            2.5
         ]
      },
      "3": {
         "type": 2,
         "values": [
            3.5,
            null
         ]
      },
      "4": {
         "type": 1,
         "values": [
            -0.7483755052089691,
            -0.7421278655529022
         ]
      },
      "5": {
         "type": 1,
         "values": [
            -0.15696130692958832,
            0.09355835989117622
         ]
      },
      "6": {
         "type": 2,
         "values": [
            1.5,
            2.5
         ]
      },
      "7": {
         "type": 2,
         "values": [
            5.5,
            null
         ]
      },
      "8": {
         "type": 2,
         "values": [
            null,
            0.5
         ]
      },
      "9": {
         "type": 1,
         "values": [
            -0.6786056458950043,
            -0.660924643278122
         ]
      },
      "10": {
         "type": 1,
         "values": [
            0.07826624065637589,
            0.8074754476547241
         ]
      },
      "11": {
         "type": 2,
         "values": [
            null,
            0.5
         ]
      },
      "12": {
         "type": 2,
         "values": [
            null,
            1.5
         ]
      },
      "13": {
         "type": 2,
         "values": [
            null,
            0.5
         ]
      }
   },
   "feature_bounds_compact": {
      "0": {
         "type": 2,
         "values": [
            0.5,
            null
         ]
      },
      "1": {
         "type": 2,
         "values": [
            0.5,
            null
         ]
      },
      "2": {
         "type": 2,
         "values": [
            1.5,
            2.5
         ]
      },
      "3": {
         "type": 2,
         "values": [
            3.5,
            null
         ]
      },
      "4": {
         "type": 1,
         "values": [
            -0.7483755052089691,
            -0.7421278655529022
         ]
      },
      "5": {
         "type": 1,
         "values": [
            -0.15696130692958832,
            0.09355835989117622
         ]
      },
      "6": {
         "type": 2,
         "values": [
            1.5,
            2.5
         ]
      },
      "7": {
         "type": 2,
         "values": [
            5.5,
            null
         ]
      },
      "8": {
         "type": 2,
         "values": [
            null,
            0.5
         ]
      },
      "9": {
         "type": 1,
         "values": [
            -0.6786056458950043,
            -0.660924643278122
         ]
      },
      "10": {
         "type": 1,
         "values": [
            0.07826624065637589,
            0.8074754476547241
         ]
      },
      "11": {
         "type": 2,
         "values": [
            null,
            0.5
         ]
      },
      "12": {
         "type": 2,
         "values": [
            null,
            1.5
         ]
      },
      "13": {
         "type": 2,