{
   "found": true,
   "num_iterations": 2127,
   "num_foil": 1034,
   "_observation": [
      1.0,
      1.0,
      3.0,
      3.0,
      0.1991856945605408,
      -0.2598533202269404,
      0.0,
      6.0,
      0.0,
      0.2651171474760513,
      -0.13165761318239427,
      1.0,
      10.0,
      1.0
   ],
   "_idx": 856,
   "factual_class": 0,
   "feature_bounds_splits": {
      "0": {
         "type": 2,
         "values": [
            null,
            null
         ]
      },
      "1": {
         "type": 2,
         "values": [
            null,
            null
         ]
      },
      "2": {
         "type": 2,
         "values": [
            null,
            null
         ]
      },
      "3": {
         "type": 2,
         "values": [
            null,
            null
         ]
      },
      "4": {
         "type": 1,
         "values": [
            null,
            0.12629637494683266
         ]
      },
      "5": {
         "type": 1,
         "values": [
            -0.2016969621181488,
            null
         ]
      },
      "6": {
         "type": 2,
         "values": [
            null,
            null
         ]
      },
      "7": {
         "type": 2,
         "values": [
            null,
            null
         ]
      },
      "8": {
         "type": 2,
         "values": [
            null,
            null
         ]
      },
      "9": {
         "type": 1,
         "values": [
            0.1347198560833931,
            null
         ]
      },
      "10": {
         "type": 1,
         "values": [
            0.01197449880419299,
            0.011974502354860306
         ]
      },
      "11": {
         "type": 2,
         "values": [
            null,
            null
         ]
      },
      "12": {
         "type": 2,
         "values": [
            null,
            11.5
         ]
      },
      "13": {
         "type": 2,
         "values": [
            null,
            null
         ]
      }
   },
   "splits": [
      [
         12,
         12.5,
         true
      ],
      [
         12,
         11.5,
         true
      ],
      [
         10,
         1.0284479260444641,
         true
      ],
      [
         5,
         -0.22406479716300964,
         false
      ],
      [
         10,
         -0.3526300936937332,
         false
      ],
      [
         10,
         -0.2973869740962982,
         false
      ],
      [
         10,
         -0.17585211247205734,
         false
      ],
      [
         10,
         -0.17585210874676704,
         false
      ],
      [
         4,
         0.21168100833892822,
         true
      ],
      [
         4,
         0.20543335378170013,
         true
      ],
      [
         4,
         0.12837892770767212,
         true
      ],
      [
         10,
         -0.1427062340080738,
         false
      ],
      [
         10,
         -0.07641449198126793,
         false
      ],
      [
         10,
         -0.05431724339723587,
         false
      ],
      [
         5,
         -0.21959122270345688,
         false
      ],
      [
         5,
         -0.2151176705956459,
         false
      ],
      [
         5,
         -0.21064408868551254,
         false
      ],
      [
         5,
         -0.2016969621181488,
         false
      ],
      [
         4,
         0.12629637494683266,
         true
      ],
      [
         9,
         0.1347198560833931,
         false
      ],
      [
         10,
         0.011974502354860306,
         true
      ],
      [
         10,
         0.01197449880419299,
         false
      ]
   ],
   "remaining_rules": [
      1645,
      1660,
      3270,
      5127,
      6901,
      8664,
      10292,
      12154,
      13499,
      15398,
      16761
   ],
   "set_rules": [
      1660,
      3270,
      5127,
      6901,
      8664,
      10292,
      12154,
      13499,
      15398,
      16761
   ],
   "foil_estimated_class": [
      1
   ],
   "distance": 0.0010638231554908665,
   "extraction_time": 0.5414493083953857,
   "feature_bounds": {
      "0": {
         "type": 2,
         "values": [
            0.5,
            null
         ]
      },
      "1": {
         "type": 2,
         "values": [
            0.5,
            null
         ]
      },
      "2": {
         "type": 2,
         "values": [
            2.5,
            null
         ]
      },
      "3": {
         "type": 2,
         "values": [
            2.5,
            3.5
         ]
      },
      "4": {
         "type": 1,
         "values": [
            -0.47347863018512726,
            0.12629637494683266
         ]
      },
      "5": {
         "type": 1,
         "values": [
            -0.2016969621181488,
            0.18750323355197906
         ]
      },
      "6": {
         "type": 2,
         "values": [
            null,
            0.5
         ]
      },
      "7": {
         "type": 2,
         "values": [
            5.5,
            null
         ]
      },
      "8": {
         "type": 2,
         "values": [
            null,
            0.5
         ]
      },
      "9": {
         "type": 1,
         "values": [
            0.24080578982830048,
            0.5877951830625534
         ]
      },
      "10": {
         "type": 1,
         "values": [
            0.01197449880419299,
            0.10036348924040794
         ]
      },
      "11": {
         "type": 2,
         "values": [
            0.5,
            1.5
         ]
      },
      "12": {
         "type": 2,
         "values": [
            9.5,
            11.5
         ]
      },
      "13": {
         "type": 2,
         "values": [
            0.5,
            null
         ]
      }
   },
   "feature_bounds_compact": {
      "0": {
         "type": 2,
         "values": [
            0.5,
            null
         ]
      },
      "1": {
         "type": 2,
         "values": [
            0.5,
            null
         ]
      },
      "2": {
         "type": 2,
         "values": [
            2.5,
            null
         ]
      },
      "3": {
         "type": 2,
         "values": [
            2.5,
            3.5
         ]
      },
      "4": {
         "type": 1,
         "values": [
            -0.656743198633194,
            0.12629637494683266
         ]
      },
      "5": {
         "type": 1,
         "values": [
            -0.2016969621181488,
            0.18750323355197906
         ]
      },
      "6": {
         "type": 2,
         "values": [
            null,
            0.5
         ]
      },
      "7": {
         "type": 2,
         "values": [
            5.5,
            null
         ]
      },
      "8": {
         "type": 2,
         "values": [
            null,
            0.5
         ]
      },
      "9": {
         "type": 1,
         "values": [
            0.24080578982830048,
            0.5877951830625534
         ]
      },
      "10": {
         "type": 1,
         "values": [
            0.01197449880419299,
            0.10036348924040794
         ]
      },
      "11": {
         "type": 2,
         "values": [
            0.5,
            1.5
         ]
      },
      "12": {
         "type": 2,
         "values": [
            9.5,
            11.5
         ]
      },
      "13": {
         "type": 2,
         "values": [
            0.5,
            null
         ]
      }
   },
   "feature_bounds_compact_count": {
      "0": {
         "type": 2,
         "values": [
            0.5,
            null
         ]
      },
      "1": {
         "type": 2,
         "values": [
            0.5,
            null
         ]
      },
      "2": {
         "type": 2,
         "values": [
            2.5,
            null
         ]
      },
      "3": {
         "type": 2,
         "values": [
            2.5,
            3.5
         ]
      },
      "4": {
         "type": 1,
         "values": [
            -0.656743198633194,
            0.12629637494683266
         ]
      },