{
   "factual_sample": {
      "variance_wti": -0.16153886462243194,
      "skewness_wti": -0.3572892745945844,
      "curtosis_wty": -0.3507094032016497,
      "entropy": 1.1481774047600275,
      "y": 1
   },
   "counterfactual_sample": {
      "variance_wti": 0.10796420878672656,
      "skewness_wti": -0.2652339624784432,
      "curtosis_wty": 0.18604630226460148,
      "entropy": 0.7978519968256704,
      "y": 0
   },
   "counterfactual_found": true,
   "counterfactual_plausible": true,
   "counterfactual_distance": 0.06049068759788941,
   "counterfactual_time": 0.15228819847106934,
   "counterfactual_class": 0,
   "factual_class": 1,
   "valid_": true
}