{
   "found": true,
   "num_iterations": 651,
   "num_foil": 297,
   "_observation": [
      -0.0652368421985183,
      0.9752236405100688,
      -0.0949590348716787,
      0.15138527574599334
   ],
   "_idx": 8,
   "factual_class": 0,
   "feature_bounds_splits": {
      "0": {
         "type": 1,
         "values": [
            -0.16395818442106247,
            -0.04797444865107536
         ]
      },
      "1": {
         "type": 1,
         "values": [
            0.43947291374206543,
            0.5551556646823883
         ]
      },
      "2": {
         "type": 1,
         "values": [
            -0.12001439556479454,
            0.15065081790089607
         ]
      },
      "3": {
         "type": 1,
         "values": [
            null,
            0.2779013216495514
         ]
      }
   },
   "splits": [
      [
         0,
         0.9737090468406677,
         true
      ],
      [
         2,
         1.599544644355774,
         true
      ],
      [
         0,
         0.8923764638602734,
         true
      ],
      [
         2,
         1.2663280963897705,
         true
      ],
      [
         0,
         0.6315578818321228,
         true
      ],
      [
         2,
         1.259562373161316,
         true
      ],
      [
         0,
         0.6221446096897125,
         true
      ],
      [
         1,
         1.4624820351600647,
         true
      ],
      [
         0,
         0.6196285486221313,
         true
      ],
      [
         2,
         1.1189668774604797,
         true
      ],
      [
         1,
         1.3628469705581665,
         true
      ],
      [
         0,
         -1.7173839211463928,
         false
      ],
      [
         1,
         1.3545546531677246,
         true
      ],
      [
         1,
         1.2420422434806824,
         true
      ],
      [
         1,
         1.1200103163719177,
         true
      ],
      [
         1,
         0.9999215006828308,
         true
      ],
      [
         1,
         0.997092068195343,
         true
      ],
      [
         0,
         -1.6946160793304443,
         false
      ],
      [
         0,
         -1.6750504970550537,
         false
      ],
      [
         1,
         0.8798241913318634,
         true
      ],
      [
         1,
         0.8408427834510803,
         true
      ],
      [
         1,
         0.8318516910076141,
         true
      ],
      [
         0,
         0.5640285313129425,
         true
      ],
      [
         1,
         0.672074168920517,
         true
      ],
      [
         1,
         0.6068268418312073,
         true
      ],
      [
         1,
         0.5899013876914978,
         true
      ],
      [
         0,
         0.2905504107475281,
         true
      ],
      [
         0,
         0.11491597071290016,
         true
      ],
      [
         2,
         0.34683579578995705,
         true
      ],
      [
         0,
         0.1127781830728054,
         true
      ],
      [
         2,
         0.24362606182694435,
         true
      ],
      [
         0,
         0.07679653540253639,
         true
      ],
      [
         1,
         0.5604480504989624,
         true
      ],
      [
         2,
         0.1535288728773594,
         true
      ],
      [
         0,
         -0.31752361357212067,
         false
      ],
      [
         2,
         0.15065081790089607,
         true
      ],
      [
         2,
         -0.15382462739944458,
         false
      ],
      [
         0,
         0.04506230540573597,
         true
      ],
      [
         0,
         -0.03996523283421993,
         true
      ],
      [
         0,
         -0.04178102873265743,
         true
      ],
      [
         1,
         0.5551556646823883,
         true
      ],
      [
         3,
         0.2779013216495514,
         true
      ],
      [
         2,
         -0.12001439556479454,
         false
      ],
      [
         0,
         -0.16395818442106247,
         false
      ],
      [
         0,
         -0.04797444865107536,
         true
      ],
      [
         1,
         0.43947291374206543,
         false
      ]
   ],
   "remaining_rules": [
      1,
      27,
      53,
      88,
      113,
      139,
      176,
      200,
      218,
      248
   ],
   "set_rules": [
      1,
      27,
      53,
      88,
      113,
      139,
      176,
      200,
      218,
      248
   ],
   "foil_estimated_class": [
      1
   ],
   "distance": 0.023057258812909452,
   "extraction_time": 0.020361900329589844,
   "feature_bounds": {
      "0": {
         "type": 1,
         "values": [
            -0.18155081570148468,
            -0.04797444865107536
         ]
      },
      "1": {
         "type": 1,
         "values": [
            0.43947291374206543,
            0.5551556646823883
         ]
      },
      "2": {
         "type": 1,
         "values": [
            -0.12001439556479454,
            0.15065081790089607
         ]
      },
      "3": {
         "type": 1,
         "values": [
            -0.9891661107540131,
            0.2779013216495514
         ]
      }
   },
   "feature_bounds_compact": {
      "0": {
         "type": 1,
         "values": [
            -0.25084055960178375,
            -0.04797444865107536
         ]
      },
      "1": {
         "type": 1,
         "values": [
            0.43947291374206543,
            0.5551556646823883
         ]
      },
      "2": {
         "type": 1,
         "values": [
            -0.12001439556479454,
            0.15065081790089607
         ]
      },
      "3": {
         "type": 1,
         "values": [
            null,
            0.2779013216495514
         ]
      }
   },
   "feature_bounds_compact_count": {
      "0": {
         "type": 1,
         "values": [
            -0.25084055960178375,
            -0.04797444865107536
         ]
      },
      "1": {
         "type": 1,
         "values": [
            0.43947291374206543,
            0.5551556646823883
         ]
      },
      "2": {
         "type": 1,
         "values": [
            -0.12001439556479454,
            0.15065081790089607
         ]
      },
      "3": {
         "type": 1,
         "values": [
            null,
            0.2779013216495514
         ]
      }
   },
   "counterfactual_sample": [
      -0.0652368421985183,
      0.5501556646823883,
      -0.0949590348716787,
      0.15138527574599334
   ],
   "counterfactual_distance": 0.02305451467196101,
   "counterfactual_class": 1,
   "valid_": true
}