{
   "found": true,
   "num_iterations": 169,
   "num_foil": 65,
   "_observation": [
      0.04816253340845292,
      -0.33188747640789257,
      -0.03609808377086046,
      0.2997535163190325
   ],
   "_idx": 18,
   "factual_class": 0,
   "feature_bounds_splits": {
      "0": {
         "type": 1,
         "values": [
            -0.04797444865107536,
            -0.03996523283421993
         ]
      },
      "1": {
         "type": 1,
         "values": [
            null,
            -0.3320707827806473
         ]
      },
      "2": {
         "type": 1,
         "values": [
            -0.2757348120212555,
            null
         ]
      },
      "3": {
         "type": 1,
         "values": [
            0.3003748655319214,
            null
         ]
      }
   },
   "splits": [
      [
         0,
         -0.3622904270887375,
         false
      ],
      [
         0,
         -0.3267539143562317,
         false
      ],
      [
         0,
         -0.2800358533859253,
         false
      ],
      [
         0,
         0.6315578818321228,
         true
      ],
      [
         0,
         0.5640285313129425,
         true
      ],
      [
         2,
         -0.6963573396205902,
         false
      ],
      [
         0,
         0.47751420736312866,
         true
      ],
      [
         2,
         -0.670698493719101,
         false
      ],
      [
         0,
         -0.16395818442106247,
         false
      ],
      [
         0,
         -0.04797444865107536,
         false
      ],
      [
         0,
         0.4076623022556305,
         true
      ],
      [
         2,
         -0.4048076346516609,
         false
      ],
      [
         2,
         -0.37337644398212433,
         false
      ],
      [
         0,
         0.2905504107475281,
         true
      ],
      [
         0,
         0.2839698940515518,
         true
      ],
      [
         0,
         0.22922676242887974,
         true
      ],
      [
         0,
         0.2022924330085516,
         true
      ],
      [
         2,
         -0.3666199594736099,
         false
      ],
      [
         0,
         0.12889162823557854,
         true
      ],
      [
         0,
         0.1127781830728054,
         true
      ],
      [
         2,
         -0.33082282543182373,
         false
      ],
      [
         2,
         -0.2995002567768097,
         false
      ],
      [
         2,
         -0.279513418674469,
         false
      ],
      [
         0,
         0.07679653540253639,
         true
      ],
      [
         2,
         -0.2757348120212555,
         false
      ],
      [
         3,
         0.3003748655319214,
         false
      ],
      [
         0,
         0.04506230540573597,
         true
      ],
      [
         1,
         -0.25571105629205704,
         true
      ],
      [
         0,
         -0.03996523283421993,
         true
      ],
      [
         1,
         -0.3320707827806473,
         true
      ]
   ],
   "remaining_rules": [
      1,
      34,
      52,
      88,
      113,
      137,
      186,
      200,
      229,
      255
   ],
   "set_rules": [
      1,
      34,
      52,
      88,
      113,
      137,
      186,
      200,
      229,
      255
   ],
   "foil_estimated_class": [
      1
   ],
   "distance": 0.004562396383103272,
   "extraction_time": 0.014461755752563477,
   "feature_bounds": {
      "0": {
         "type": 1,
         "values": [
            -0.04178102873265743,
            -0.03996523283421993
         ]
      },
      "1": {
         "type": 1,
         "values": [
            -0.41319265961647034,
            -0.3320707827806473
         ]
      },
      "2": {
         "type": 1,
         "values": [
            -0.08909499272704124,
            0.1286708004772663
         ]
      },
      "3": {
         "type": 1,
         "values": [
            0.3003748655319214,
            0.4684622138738632
         ]
      }
   },
   "feature_bounds_compact": {
      "0": {
         "type": 1,
         "values": [
            -0.04178102873265743,
            -0.03996523283421993
         ]
      },
      "1": {
         "type": 1,
         "values": [
            -0.41319265961647034,
            -0.3320707827806473
         ]
      },
      "2": {
         "type": 1,
         "values": [
            -0.08909499272704124,
            0.1286708004772663
         ]
      },
      "3": {
         "type": 1,
         "values": [
            0.3003748655319214,
            0.5084813237190247
         ]
      }
   },
   "feature_bounds_compact_count": {
      "0": {
         "type": 1,
         "values": [
            -0.04178102873265743,
            -0.03996523283421993
         ]
      },
      "1": {
         "type": 1,
         "values": [
            -0.41319265961647034,
            -0.3320707827806473
         ]
      },
      "2": {
         "type": 1,
         "values": [
            -0.08909499272704124,
            0.1286708004772663
         ]
      },
      "3": {
         "type": 1,
         "values": [
            0.3003748655319214,
            0.5084813237190247
         ]
      }
   },
   "counterfactual_sample": [
      -0.04496523283421993,
      -0.3370707827806473,
      -0.03609808377086046,
      0.3053748655319214
   ],
   "counterfactual_distance": 0.004554703489035593,
   "counterfactual_class": 1,
   "valid_": true
}