{
   "found": true,
   "num_iterations": 326,
   "num_foil": 158,
   "_observation": [
      0.5884327005748856,
      0.9685250518451222,
      -0.4352315008076196,
      -0.31160305405991
   ],
   "_idx": 22,
   "factual_class": 0,
   "feature_bounds_splits": {
      "0": {
         "type": 1,
         "values": [
            0.5640285313129425,
            0.6196285486221313
         ]
      },
      "1": {
         "type": 1,
         "values": [
            0.8494845032691956,
            0.8701171875
         ]
      },
      "2": {
         "type": 1,
         "values": [
            null,
            -1.3584038019180298
         ]
      },
      "3": {
         "type": 1,
         "values": [
            null,
            null
         ]
      }
   },
   "splits": [
      [
         0,
         1.0568979382514954,
         true
      ],
      [
         1,
         1.2420422434806824,
         true
      ],
      [
         1,
         1.1200103163719177,
         true
      ],
      [
         1,
         0.9999215006828308,
         true
      ],
      [
         0,
         1.00844144821167,
         true
      ],
      [
         1,
         0.8798241913318634,
         true
      ],
      [
         0,
         0.9753277897834778,
         true
      ],
      [
         1,
         0.8701171875,
         true
      ],
      [
         0,
         0.9737090468406677,
         true
      ],
      [
         1,
         0.8494845032691956,
         false
      ],
      [
         2,
         -0.7352366894483566,
         true
      ],
      [
         2,
         -0.7798779457807541,
         true
      ],
      [
         2,
         -0.9689141511917114,
         true
      ],
      [
         2,
         -1.004112422466278,
         true
      ],
      [
         2,
         -1.173256367444992,
         true
      ],
      [
         0,
         -0.16395818442106247,
         false
      ],
      [
         2,
         -1.3422959446907043,
         true
      ],
      [
         0,
         -0.04797444865107536,
         false
      ],
      [
         0,
         0.6315578818321228,
         true
      ],
      [
         0,
         -0.04299508035182953,
         false
      ],
      [
         0,
         0.6221446096897125,
         true
      ],
      [
         2,
         -1.3584038019180298,
         true
      ],
      [
         0,
         0.5640285313129425,
         false
      ],
      [
         0,
         0.6196285486221313,
         true
      ]
   ],
   "remaining_rules": [
      22,
      31,
      61,
      79,
      122,
      123,
      192,
      206,
      239,
      265
   ],
   "set_rules": [
      22,
      31,
      61,
      79,
      122,
      123,
      192,
      206,
      239,
      265
   ],
   "foil_estimated_class": [
      1
   ],
   "distance": 0.04824149292950068,
   "extraction_time": 0.016437292098999023,
   "feature_bounds": {
      "0": {
         "type": 1,
         "values": [
            0.5640285313129425,
            0.6196285486221313
         ]
      },
      "1": {
         "type": 1,
         "values": [
            0.8494845032691956,
            0.8701171875
         ]
      },
      "2": {
         "type": 1,
         "values": [
            null,
            -1.3584038019180298
         ]
      },
      "3": {
         "type": 1,
         "values": [
            null,
            null
         ]
      }
   },
   "feature_bounds_compact": {
      "0": {
         "type": 1,
         "values": [
            0.5640285313129425,
            0.6196285486221313
         ]
      },
      "1": {
         "type": 1,
         "values": [
            0.5604480504989624,
            0.8701171875
         ]
      },
      "2": {
         "type": 1,
         "values": [
            null,
            -1.3584038019180298
         ]
      },
      "3": {
         "type": 1,
         "values": [
            null,
            null
         ]
      }
   },
   "feature_bounds_compact_count": {
      "0": {
         "type": 1,
         "values": [
            0.5640285313129425,
            0.6196285486221313
         ]
      },
      "1": {
         "type": 1,
         "values": [
            0.5604480504989624,
            0.8701171875
         ]
      },
      "2": {
         "type": 1,
         "values": [
            null,
            -1.3584038019180298
         ]
      },
      "3": {
         "type": 1,
         "values": [
            null,
            null
         ]
      }
   },
   "counterfactual_sample": [
      0.5884327005748856,
      0.8651171875,
      -1.3634038019180297,
      -0.31160305405991
   ],
   "counterfactual_distance": 0.04823642877051687,
   "counterfactual_class": 1,
   "valid_": true
}