{
   "factual_sample": {
      "Temperature": 1.5723628366127924,
      "Humidity": 0.2993765382044425,
      "Light": 1.865866086714685,
      "CO2": 0.9440700425033208,
      "HumidityRatio": 0.8508097471046038,
      "y": false
   },
   "counterfactual_sample": {
      "Temperature": 1.7106051747727535,
      "Humidity": 0.21318326890468597,
      "Light": 1.7845860123634338,
      "CO2": 0.9436583825544808,
      "HumidityRatio": 0.8389192223548889,
      "y": true
   },
   "counterfactual_found": true,
   "counterfactual_plausible": true,
   "counterfactual_distance": 0.01435454627534297,
   "counterfactual_time": 3.1395695209503174,
   "counterfactual_class": 1,
   "factual_class": 0,
   "valid_": true
}