{
   "factual_sample": {
      "Temperature": 1.134547790925902,
      "Humidity": 2.1008843077543857,
      "Light": 0.9024978924100217,
      "CO2": 1.8234608992759358,
      "HumidityRatio": 1.87840333357757,
      "y": false
   },
   "counterfactual_sample": {
      "Temperature": 1.1126570105552673,
      "Humidity": 2.1008231356220963,
      "Light": 0.21544848568737507,
      "CO2": 1.8233997271436462,
      "HumidityRatio": 1.87840333357757,
      "y": true
   },
   "counterfactual_found": true,
   "counterfactual_plausible": true,
   "counterfactual_distance": 0.021329512348134867,
   "counterfactual_time": 2.919996976852417,
   "counterfactual_class": 0,
   "factual_class": 0,
   "valid_": false
}