{
   "factual_sample": {
      "sex": 2.0,
      "length": 0.2582301665785457,
      "diameter": 0.3236863587956897,
      "height": 0.13111745452028825,
      "whole_weight": 0.04335412264999612,
      "shucked_weight": 0.2574274300718839,
      "viscera_weight": -0.1103420013971062,
      "shell_weight": -0.0634464609783469,
      "y": true
   },
   "counterfactual_sample": {
      "sex": 2,
      "length": 0.23741046339273453,
      "diameter": 0.32369114299383955,
      "height": 0.13092996960597694,
      "whole_weight": 0.04334342224475049,
      "shucked_weight": 0.2608163524300751,
      "viscera_weight": -0.11035231887789985,
      "shell_weight": -0.06345602937464667,
      "y": true
   },
   "counterfactual_found": true,
   "counterfactual_plausible": true,
   "counterfactual_distance": 0.0004870736393725517,
   "counterfactual_time": 64.6739890575409,
   "counterfactual_class": 0,
   "factual_class": 1,
   "valid_": true
}