{
   "counterfactual_sample": {
      "CO2": -0.7634518413077567, 
      "Temperature": -0.5291493826842849, 
      "Light": -0.38215, 
      "Humidity": -0.9251151676980964, 
      "HumidityRatio": -0.8248363002601989, 
      "y": 1
   }, 
   "factual_class": 1, 
   "factual_sample": {
      "CO2": -0.7634518413077567, 
      "Temperature": -0.5291493826842849, 
      "Light": -0.7724036570242273, 
      "Humidity": -0.9251151676980964, 
      "HumidityRatio": -0.8248363002601989, 
      "y": 1
   }, 
   "counterfactual_distance": 0.011504186096708084, 
   "counterfactual_class": 1, 
   "counterfactual_rule": {
      "Light": ">-0.38315"
   }, 
   "counterfactual_time": 13.900836944580078, 
   "counterfactual_found": false
}