{
   "counterfactual_sample": {
      "CO2": 0.5522171218688902, 
      "Temperature": 0.22000080660217275, 
      "Light": 0.846535, 
      "Humidity": 0.3538287950702893, 
      "HumidityRatio": 0.2779350218888253, 
      "y": 0
   }, 
   "factual_class": 0, 
   "factual_sample": {
      "CO2": 0.5522171218688902, 
      "Temperature": 0.22000080660217275, 
      "Light": 1.4381465979570132, 
      "Humidity": 0.3538287950702893, 
      "HumidityRatio": 0.2779350218888253, 
      "y": 0
   }, 
   "counterfactual_distance": 0.017439964488137515, 
   "counterfactual_class": 0, 
   "counterfactual_rule": {
      "Light": "0.118213< Light <=0.846535", 
      "HumidityRatio": "<=0.627148"
   }, 
   "counterfactual_time": 11.905120134353638, 
   "counterfactual_found": false
}