{
   "factual_sample": {
      "sex": 2.0,
      "length": 1.3408549562157923,
      "diameter": 1.1299105214012934,
      "height": 0.2506716146449868,
      "whole_weight": 1.0487987919109103,
      "shucked_weight": 0.46919983290994605,
      "viscera_weight": 1.0164712158593634,
      "shell_weight": 1.1579406989884322,
      "y": false
   },
   "counterfactual_sample": {
      "sex": 2,
      "length": 1.3400235902462228,
      "diameter": 1.1299105214012934,
      "height": 0.25353878586350415,
      "whole_weight": 1.0273846983909607,
      "shucked_weight": 0.46968020916276776,
      "viscera_weight": 1.0151058240974435,
      "shell_weight": 1.1561445593833923,
      "y": true
   },
   "counterfactual_found": true,
   "counterfactual_plausible": true,
   "counterfactual_distance": 0.0005597074214450463,
   "counterfactual_time": 40.41943383216858,
   "counterfactual_class": 0,
   "factual_class": 0,
   "valid_": false
}