{
   "factual_sample": {
      "sex": 2.0,
      "length": 0.9661002213413604,
      "diameter": 1.0291325010755927,
      "height": 0.8484424152684789,
      "whole_weight": 1.0997848299058857,
      "shucked_weight": 0.701248316870801,
      "viscera_weight": 0.7792473806474752,
      "shell_weight": 2.379327858955211,
      "y": false
   },
   "counterfactual_sample": {
      "sex": 2,
      "length": 1.0083217014293169,
      "diameter": 1.0549090494136308,
      "height": -0.04821378691121936,
      "whole_weight": 1.123310564897487,
      "shucked_weight": 0.7006662785655685,
      "viscera_weight": 0.7912344027976489,
      "shell_weight": 2.3787458206499785,
      "y": true
   },
   "counterfactual_found": true,
   "counterfactual_plausible": true,
   "counterfactual_distance": 0.0062898369473862025,
   "counterfactual_time": 104.60714936256409,
   "counterfactual_class": 1,
   "factual_class": 0,
   "valid_": true
}