{
   "factual_sample": {
      "sex": 2.0,
      "length": 0.8411819763832166,
      "diameter": 0.6260204197727908,
      "height": 0.8484424152684789,
      "whole_weight": 0.7143303826638719,
      "shucked_weight": 1.106769939326664,
      "viscera_weight": 0.7062554313515096,
      "shell_weight": 0.2311233834842293,
      "y": false
   },
   "counterfactual_sample": {
      "sex": 2,
      "length": 0.8412287500959286,
      "diameter": 0.6260903369011842,
      "height": 0.8492834646357784,
      "whole_weight": 0.7143303826638719,
      "shucked_weight": 1.106769939326664,
      "viscera_weight": 0.7157448940846448,
      "shell_weight": 0.2311233834842293,
      "y": true
   },
   "counterfactual_found": true,
   "counterfactual_plausible": true,
   "counterfactual_distance": 0.00017747164588022507,
   "counterfactual_time": 21.942946672439575,
   "counterfactual_class": 1,
   "factual_class": 0,
   "valid_": true
}