{
   "factual_sample": {
      "sex": 0.0,
      "length": 0.5913454864669286,
      "diameter": 0.4748533892842405,
      "height": 0.011563294395590387,
      "whole_weight": 0.17387837991713315,
      "shucked_weight": 0.13577094333512507,
      "viscera_weight": 0.3823536563506619,
      "shell_weight": 0.2311233834842293,
      "y": false
   },
   "counterfactual_sample": {
      "sex": 0,
      "length": 0.5921407980360505,
      "diameter": 0.4748533892842405,
      "height": 0.01068469581935385,
      "whole_weight": 0.17387837991713315,
      "shucked_weight": 0.15129337835853177,
      "viscera_weight": 0.3823536563506619,
      "shell_weight": 0.23137280905870458,
      "y": true
   },
   "counterfactual_found": true,
   "counterfactual_plausible": true,
   "counterfactual_distance": 0.0003141134063287152,
   "counterfactual_time": 35.251729249954224,
   "counterfactual_class": 1,
   "factual_class": 0,
   "valid_": true
}