{
   "factual_sample": {
      "sex": 1.0,
      "length": -0.4496398881842701,
      "diameter": -0.3313707733213632,
      "height": -0.3470991859785052,
      "whole_weight": -0.624562975084181,
      "shucked_weight": -0.5986737728904941,
      "viscera_weight": -0.6988395925958293,
      "shell_weight": -0.5520013249650586,
      "y": true
   },
   "counterfactual_sample": {
      "sex": 1,
      "length": -0.4500251741374983,
      "diameter": -0.3313707733213632,
      "height": -0.40687626600265503,
      "whole_weight": -0.6249482610374092,
      "shucked_weight": -0.5993547310121361,
      "viscera_weight": -0.6733633264506415,
      "shell_weight": -0.5523866109182868,
      "y": true
   },
   "counterfactual_found": true,
   "counterfactual_plausible": true,
   "counterfactual_distance": 0.0007716616733459875,
   "counterfactual_time": 65.37504291534424,
   "counterfactual_class": 0,
   "factual_class": 1,
   "valid_": true
}