{
   "factual_sample": {
      "sex": 1.0,
      "length": 0.9244608063553126,
      "diameter": 0.9787434909127426,
      "height": 1.2071048956425745,
      "whole_weight": 1.0253452144332214,
      "shucked_weight": 0.996377942102568,
      "viscera_weight": 0.6515114693795353,
      "shell_weight": 1.4094027613345337,
      "y": false
   },
   "counterfactual_sample": {
      "sex": 1,
      "length": 0.9245425979562589,
      "diameter": 0.9535489976406097,
      "height": 1.20749457590153,
      "whole_weight": 0.9779281914234161,
      "shucked_weight": 1.0145647210307196,
      "viscera_weight": 0.6510230853035732,
      "shell_weight": 1.2208062410354614,
      "y": true
   },
   "counterfactual_found": true,
   "counterfactual_plausible": true,
   "counterfactual_distance": 0.005175893871282611,
   "counterfactual_time": 158.81140518188477,
   "counterfactual_class": 0,
   "factual_class": 0,
   "valid_": false
}