{
   "factual_sample": {
      "variance_wti": 1.1822970489824096,
      "skewness_wti": 1.0334144336452535,
      "curtosis_wty": -0.915716508383956,
      "entropy": -0.3239349350356222
   },
   "counterfactual_sample": {
      "variance_wti": 0.97033,
      "skewness_wti": 0.86512,
      "curtosis_wty": -1.3634,
      "entropy": -0.3239349350356222
   },
   "factual_class": 0,
   "counterfactual_class": 0,
   "counterfactual_found": false,
   "counterfactual_rule_id": 945,
   "counterfactual_rule": {
      "0": [
         0.63156,
         0.97533
      ],
      "2": [
         null,
         -1.3584
      ],
      "1": [
         null,
         0.87012
      ]
   },
   "counterfactual_distance": 0.040868683727622236,
   "counterfactual_time": 0.47391343116760254
}