{
   "factual_sample": {
      "variance_wti": 0.0026444287233893665,
      "skewness_wti": 0.17493830972998714,
      "curtosis_wty": 0.6788675068086371,
      "entropy": 0.9080628265340924
   },
   "counterfactual_sample": {
      "variance_wti": 0.0026444287233893665,
      "skewness_wti": 0.17493830972998714,
      "curtosis_wty": 0.6788675068086371,
      "entropy": 0.92137
   },
   "factual_class": 0,
   "counterfactual_class": 0,
   "counterfactual_found": false,
   "counterfactual_rule_id": 1007,
   "counterfactual_rule": {
      "0": [
         -0.03997,
         0.0768
      ],
      "2": [
         -0.15382,
         1.26633
      ],
      "1": [
         0.05643,
         0.30544
      ],
      "3": [
         0.91637,
         0.92407
      ]
   },
   "counterfactual_distance": 0.0006353227365980454,
   "counterfactual_time": 0.47008752822875977
}