{
   "factual_sample": {
      "variance_wti": -1.0307238767495397,
      "skewness_wti": 1.5723525379631824,
      "curtosis_wty": 0.12479470527916803,
      "entropy": -1.0818456739212925
   },
   "counterfactual_sample": {
      "variance_wti": -1.2369599999999998,
      "skewness_wti": 1.5723525379631824,
      "curtosis_wty": -0.16897,
      "entropy": -1.0818456739212925
   },
   "factual_class": 0,
   "counterfactual_class": 0,
   "counterfactual_found": false,
   "counterfactual_rule_id": 198,
   "counterfactual_rule": {
      "0": [
         null,
         -1.23196
      ],
      "1": [
         1.3214,
         null
      ],
      "2": [
         null,
         -0.16397
      ],
      "3": [
         null,
         -0.98917
      ]
   },
   "counterfactual_distance": 0.024196715733162375,
   "counterfactual_time": 0.08809328079223633
}