{
   "factual_sample": {
      "sex": 2.0,
      "length": 1.3824943712018396,
      "diameter": 1.1802995315641436,
      "height": 0.8484424152684789,
      "whole_weight": 1.7778991352390576,
      "shucked_weight": 2.100297914343529,
      "viscera_weight": 1.6551507721990637,
      "shell_weight": 1.1938638507521608,
      "y": false
   },
   "counterfactual_sample": {
      "sex": 2,
      "length": 1.3824943712018396,
      "diameter": 1.1802995260283486,
      "height": 0.8484424097326839,
      "whole_weight": 1.7778991297032627,
      "shucked_weight": 2.101242505854291,
      "viscera_weight": 1.566191852092743,
      "shell_weight": 1.1938638507521608,
      "y": true
   },
   "counterfactual_found": true,
   "counterfactual_plausible": true,
   "counterfactual_distance": 0.0016222967270593542,
   "counterfactual_time": 74.26283311843872,
   "counterfactual_class": 0,
   "factual_class": 0,
   "valid_": false
}