{
   "factual_sample": {
      "sex": 2.0,
      "length": 0.8411819763832166,
      "diameter": 0.9283544807498924,
      "height": 0.9679965753931772,
      "whole_weight": 1.1048834337053832,
      "shucked_weight": 1.2870017715292699,
      "viscera_weight": 1.1168351461413162,
      "shell_weight": 0.9459941035824322,
      "y": false
   },
   "counterfactual_sample": {
      "sex": 2,
      "length": 0.8410083702574673,
      "diameter": 0.9281808746241431,
      "height": 1.027947284428514,
      "whole_weight": 1.030443787574768,
      "shucked_weight": 1.285899589073933,
      "viscera_weight": 1.116661540015567,
      "shell_weight": 0.9479638414067398,
      "y": true
   },
   "counterfactual_found": true,
   "counterfactual_plausible": true,
   "counterfactual_distance": 0.0019582400087904683,
   "counterfactual_time": 121.12228107452393,
   "counterfactual_class": 1,
   "factual_class": 0,
   "valid_": true
}