{
   "factual_sample": {
      "sex": 0.0,
      "length": -0.5329187181563656,
      "diameter": -0.784871864787015,
      "height": 0.2506716146449868,
      "whole_weight": -0.6041685598861909,
      "shucked_weight": -0.6797780973816666,
      "viscera_weight": -0.0008540774531578804,
      "shell_weight": -0.8178326480166517,
      "y": false
   },
   "counterfactual_sample": {
      "sex": 0,
      "length": -0.5327911915135528,
      "diameter": -0.7855913106679544,
      "height": 0.25041656135936113,
      "whole_weight": -0.6048506117008653,
      "shucked_weight": -0.6801785192878339,
      "viscera_weight": -0.0012375943398945997,
      "shell_weight": -0.8196288049221039,
      "y": true
   },
   "counterfactual_found": true,
   "counterfactual_plausible": true,
   "counterfactual_distance": 7.909949540790632e-05,
   "counterfactual_time": 18.434718132019043,
   "counterfactual_class": 1,
   "factual_class": 0,
   "valid_": true
}