{
   "factual_sample": {
      "sex": 0.0,
      "length": 0.4247878265227367,
      "diameter": 0.12213031814428865,
      "height": 1.2071048956425745,
      "whole_weight": 1.9074036717462952,
      "shucked_weight": 2.4990608430917947,
      "viscera_weight": 1.7920106771289983,
      "shell_weight": 1.2261946873395166,
      "y": false
   },
   "counterfactual_sample": {
      "sex": 0,
      "length": 0.4243236929013844,
      "diameter": 0.12213031814428865,
      "height": 1.2071048956425745,
      "whole_weight": 1.906939538124943,
      "shucked_weight": 2.4990608430917947,
      "viscera_weight": 1.566191852092743,
      "shell_weight": 1.2257305537181644,
      "y": true
   },
   "counterfactual_found": true,
   "counterfactual_plausible": true,
   "counterfactual_distance": 0.004100939655918569,
   "counterfactual_time": 38.668527126312256,
   "counterfactual_class": 0,
   "factual_class": 0,
   "valid_": false
}