{
   "factual_sample": {
      "sex": 1.0,
      "length": -0.8660340380447495,
      "diameter": -0.8352608749498652,
      "height": -0.9448699866019972,
      "whole_weight": -0.9396566898931288,
      "shucked_weight": -0.8645157253893376,
      "viscera_weight": -1.0774853295686513,
      "shell_weight": -0.9004558970732278,
      "y": true
   },
   "counterfactual_sample": {
      "sex": 1,
      "length": -0.8660340380447495,
      "diameter": -0.8354140309608615,
      "height": -0.9464928030863765,
      "whole_weight": -0.9398160528071778,
      "shucked_weight": -0.8647017594132601,
      "viscera_weight": -1.1025763154029846,
      "shell_weight": -0.9003096254490816,
      "y": true
   },
   "counterfactual_found": true,
   "counterfactual_plausible": true,
   "counterfactual_distance": 0.0004727669631693021,
   "counterfactual_time": 46.26021766662598,
   "counterfactual_class": 1,
   "factual_class": 1,
   "valid_": false
}