{
   "factual_sample": {
      "sex": 2.0,
      "length": 0.4664272415087847,
      "diameter": 0.5252423994470907,
      "height": 0.3702257747696853,
      "whole_weight": 0.41759164153311545,
      "shucked_weight": 0.4939817098378041,
      "viscera_weight": 0.3823536563506619,
      "shell_weight": 0.4035545119501273,
      "y": false
   },
   "counterfactual_sample": {
      "sex": 2,
      "length": 0.4660123027739656,
      "diameter": 0.5252423994470907,
      "height": 0.3702257747696853,
      "whole_weight": 0.41759164153311545,
      "shucked_weight": 0.493566771102985,
      "viscera_weight": 0.38256112571807144,
      "shell_weight": 0.36583518981933594,
      "y": true
   },
   "counterfactual_found": true,
   "counterfactual_plausible": true,
   "counterfactual_distance": 0.0006738614490558563,
   "counterfactual_time": 44.08434224128723,
   "counterfactual_class": 1,
   "factual_class": 0,
   "valid_": true
}