{
   "factual_sample": {
      "sex": 0.0,
      "length": 0.00839367666225776,
      "diameter": -0.1802037428328124,
      "height": -0.10799086572910817,
      "whole_weight": -0.4654865365398578,
      "shucked_weight": -0.5986737728904941,
      "viscera_weight": -0.4524917637219453,
      "shell_weight": -0.2071390680332622,
      "y": false
   },
   "counterfactual_sample": {
      "sex": 0,
      "length": 0.00852114240775024,
      "diameter": -0.1802037428328124,
      "height": -0.0479588554202344,
      "whole_weight": -0.4657414680308427,
      "shucked_weight": -0.5792691981381501,
      "viscera_weight": -0.4524917637219453,
      "shell_weight": -0.2107313871383667,
      "y": true
   },
   "counterfactual_found": true,
   "counterfactual_plausible": true,
   "counterfactual_distance": 0.0007101487949175545,
   "counterfactual_time": 59.60994577407837,
   "counterfactual_class": 1,
   "factual_class": 0,
   "valid_": true
}