{
   "factual_sample": {
      "sex": 1.0,
      "length": -0.6161975481284616,
      "diameter": -0.5833158241356144,
      "height": -0.2275450258538067,
      "whole_weight": -0.5745966578491051,
      "shucked_weight": -0.5153165504967888,
      "viscera_weight": -0.36581382393298606,
      "shell_weight": -0.7064708775490923,
      "y": false
   },
   "counterfactual_sample": {
      "sex": 1,
      "length": -0.6164426598020095,
      "diameter": -0.5839339118376112,
      "height": -0.28786172687766054,
      "whole_weight": -0.5748263396459219,
      "shucked_weight": -0.5155462322936056,
      "viscera_weight": -0.36604350572980293,
      "shell_weight": -0.7076197531842568,
      "y": true
   },
   "counterfactual_found": true,
   "counterfactual_plausible": true,
   "counterfactual_distance": 0.0003302343189087944,
   "counterfactual_time": 47.18885827064514,
   "counterfactual_class": 1,
   "factual_class": 0,
   "valid_": true
}