{
   "factual_sample": {
      "sex": 0.0,
      "length": -0.5745581331424137,
      "diameter": -0.3817597834842135,
      "height": -0.8253158264772991,
      "whole_weight": -0.6857462206781514,
      "shucked_weight": -0.6459846288436779,
      "viscera_weight": -0.5117977225249174,
      "shell_weight": -0.7459863444891941,
      "y": false
   },
   "counterfactual_sample": {
      "sex": 0,
      "length": -0.5745581331424137,
      "diameter": -0.3817597834842135,
      "height": -0.8253158264772991,
      "whole_weight": -0.6850721595712541,
      "shucked_weight": -0.6440738806090273,
      "viscera_weight": -0.5117977225249174,
      "shell_weight": -0.7459863444891941,
      "y": true
   },
   "counterfactual_found": true,
   "counterfactual_plausible": true,
   "counterfactual_distance": 5.027987858857099e-05,
   "counterfactual_time": 16.272157669067383,
   "counterfactual_class": 1,
   "factual_class": 0,
   "valid_": true
}