{
   "factual_sample": {
      "sex": 1.0,
      "length": -0.8243946230587016,
      "diameter": -0.986427905438416,
      "height": -1.1839783068513945,
      "whole_weight": -1.0762992717196629,
      "shucked_weight": -0.9951838037362268,
      "viscera_weight": -1.0546753454136621,
      "shell_weight": -1.141141013890211,
      "y": true
   },
   "counterfactual_sample": {
      "sex": 1,
      "length": -0.8245357624815928,
      "diameter": -0.9864549677989602,
      "height": -1.004620013769369,
      "whole_weight": -1.0763263340802072,
      "shucked_weight": -1.0943112969398499,
      "viscera_weight": -1.0547024077742064,
      "shell_weight": -1.1932295560836792,
      "y": true
   },
   "counterfactual_found": true,
   "counterfactual_plausible": true,
   "counterfactual_distance": 0.0035867233103067573,
   "counterfactual_time": 128.23479008674622,
   "counterfactual_class": 1,
   "factual_class": 1,
   "valid_": false
}