{
   "found": true,
   "num_iterations": 2466,
   "num_foil": 1208,
   "_observation": [
      2.0,
      2.0070855959925598,
      1.9361346840068965,
      1.924429856390765,
      3.0046232093981646,
      2.918099852962853,
      2.996377840512432,
      2.7421516917688726
   ],
   "_idx": 118,
   "factual_class": 0,
   "feature_bounds_splits": {
      "0": {
         "type": 2,
         "values": [
            null,
            null
         ]
      },
      "1": {
         "type": 1,
         "values": [
            1.7988885045051575,
            null
         ]
      },
      "2": {
         "type": 1,
         "values": [
            1.2054940462112427,
            1.6589951515197754
         ]
      },
      "3": {
         "type": 1,
         "values": [
            1.7450986504554749,
            null
         ]
      },
      "4": {
         "type": 1,
         "values": [
            2.8868454694747925,
            2.9123384952545166
         ]
      },
      "5": {
         "type": 1,
         "values": [
            3.5759459733963013,
            3.6232569217681885
         ]
      },
      "6": {
         "type": 1,
         "values": [
            2.4991202354431152,
            3.160609722137451
         ]
      },
      "7": {
         "type": 1,
         "values": [
            1.711157202720642,
            null
         ]
      }
   },
   "splits": [
      [
         7,
         -0.063446463085711,
         false
      ],
      [
         7,
         0.10718850791454315,
         false
      ],
      [
         3,
         0.4300028681755066,
         false
      ],
      [
         2,
         1.9109402298927307,
         true
      ],
      [
         6,
         1.1898270845413208,
         false
      ],
      [
         5,
         1.6429595947265625,
         false
      ],
      [
         6,
         1.3928359150886536,
         false
      ],
      [
         6,
         1.5753158330917358,
         false
      ],
      [
         5,
         1.8558585047721863,
         false
      ],
      [
         5,
         1.927951157093048,
         false
      ],
      [
         5,
         2.087907075881958,
         false
      ],
      [
         5,
         2.141976475715637,
         false
      ],
      [
         5,
         3.152401328086853,
         false
      ],
      [
         5,
         3.231252670288086,
         false
      ],
      [
         5,
         3.4847036600112915,
         false
      ],
      [
         5,
         3.5387731790542603,
         false
      ],
      [
         5,
         3.56918728351593,
         false
      ],
      [
         6,
         1.9539615511894226,
         false
      ],
      [
         6,
         2.2618963718414307,
         false
      ],
      [
         6,
         2.312078356742859,
         false
      ],
      [
         4,
         2.5146474838256836,
         false
      ],
      [
         6,
         2.4991202354431152,
         false
      ],
      [
         4,
         2.533512234687805,
         false
      ],
      [
         7,
         1.6285340189933777,
         false
      ],
      [
         4,
         2.8521748781204224,
         false
      ],
      [
         7,
         1.711157202720642,
         false
      ],
      [
         1,
         1.7988885045051575,
         false
      ],
      [
         3,
         0.5495570302009583,
         false
      ],
      [
         2,
         1.6841896176338196,
         true
      ],
      [
         2,
         1.6589951515197754,
         true
      ],
      [
         4,
         3.28657603263855,
         true
      ],
      [
         3,
         1.5059903264045715,
         false
      ],
      [
         4,
         2.8837863206863403,
         false
      ],
      [
         4,
         3.1586010456085205,
         true
      ],
      [
         5,
         3.5759459733963013,
         false
      ],
      [
         6,
         3.160609722137451,
         true
      ],
      [
         5,
         3.6232569217681885,
         true
      ],
      [
         3,
         1.7450986504554749,
         false
      ],
      [
         2,
         1.1551050543785095,
         false
      ],
      [
         2,
         1.2054940462112427,
         false
      ],
      [
         4,
         2.9123384952545166,
         true
      ],
      [
         4,
         2.8868454694747925,
         false
      ]
   ],
   "remaining_rules": [
      587,
      1141,
      1741,
      1749,
      2326,
      2916,
      3515,
      4121,
      4731,
      5325,
      5326,
      5903,
      5904
   ],
   "set_rules": [
      587,
      1141,
      1749,
      2326,
      2916,
      3515,
      4121,
      4731,
      5326,
      5904
   ],
   "foil_estimated_class": [
      1
   ],
   "distance": 0.02005667840296227,
   "extraction_time": 0.18705320358276367,
   "feature_bounds": {
      "0": {
         "type": 2,
         "values": [
            1.0,
            null
         ]
      },
      "1": {
         "type": 1,
         "values": [
            1.7988885045051575,
            null
         ]
      },
      "2": {
         "type": 1,
         "values": [
            1.4574390649795532,
            1.6589951515197754
         ]
      },
      "3": {
         "type": 1,
         "values": [
            1.7450986504554749,
            null
         ]
      },
      "4": {
         "type": 1,
         "values": [
            2.8868454694747925,
            2.9123384952545166
         ]
      },
      "5": {
         "type": 1,
         "values": [
            3.5759459733963013,
            3.6232569217681885
         ]
      },
      "6": {
         "type": 1,
         "values": [
            2.4991202354431152,
            3.160609722137451
         ]
      },
      "7": {
         "type": 1,
         "values": [
            2.1763620376586914,
            null
         ]
      }
   },
   "feature_bounds_compact": {
      "0": {
         "type": 2,
         "values": [
            null,
            null
         ]
      },
      "1": {
         "type": 1,
         "values": [
            1.7988885045051575,
            null
         ]
      },
      "2": {
         "type": 1,
         "values": [
            1.2054940462112427,
            1.6589951515197754
         ]
      },
      "3": {
         "type": 1,
         "values": [
            1.7450986504554749,
            null
         ]
      },
      "4": {
         "type": 1,
         "values": [
            2.8868454694747925,
            2.9123384952545166
         ]
      },
      "5": {
         "type": 1,
         "values": [
            3.5759459733963013,
            3.6232569217681885
         ]
      },
      "6": {
         "type": 1,
         "values": [
            1.7988536953926086,
            3.160609722137451
         ]
      },
      "7": {
         "type": 1,
         "values": [
            2.1763620376586914,
            null
         ]
      }
   },
   "feature_bounds_compact_count": {
      "0": {
         "type": 2,
         "values": [
            null,
            null
         ]
      },
      "1": {
         "type": 1,
         "values": [
            1.7988885045051575,
            null
         ]
      },
      "2": {
         "type": 1,
         "values": [
            1.2054940462112427,
            1.6589951515197754
         ]
      },
      "3": {
         "type": 1,
         "values": [
            1.7450986504554749,
            null
         ]
      },
      "4": {
         "type": 1,
         "values": [
            2.8868454694747925,
            2.9123384952545166
         ]
      },
      "5": {
         "type": 1,
         "values": [
            3.5759459733963013,
            3.6232569217681885
         ]
      },
      "6": {
         "type": 1,
         "values": [
            1.7988536953926086,
            3.160609722137451
         ]
      },
      "7": {
         "type": 1,