{
   "found": true,
   "num_iterations": 152,
   "num_foil": 48,
   "_observation": [
      2.0,
      -1.0325916979889411,
      -0.986427905438416,
      -0.7057616663526005,
      -1.0497865319622752,
      -0.9974367016387594,
      -1.1276672947096278,
      -0.9974484068352956
   ],
   "_idx": 334,
   "factual_class": 1,
   "feature_bounds_splits": {
      "0": {
         "type": 2,
         "values": [
            null,
            null
         ]
      },
      "1": {
         "type": 1,
         "values": [
            null,
            null
         ]
      },
      "2": {
         "type": 1,
         "values": [
            -0.9864279329776764,
            null
         ]
      },
      "3": {
         "type": 1,
         "values": [
            -1.3633095622062683,
            0.7288882732391357
         ]
      },
      "4": {
         "type": 1,
         "values": [
            null,
            -0.8942791223526001
         ]
      },
      "5": {
         "type": 1,
         "values": [
            -1.0053218305110931,
            -0.9929309189319611
         ]
      },
      "6": {
         "type": 1,
         "values": [
            -1.1618822813034058,
            -1.0980142951011658
         ]
      },
      "7": {
         "type": 1,
         "values": [
            -0.9238059222698212,
            -0.8196288049221039
         ]
      }
   },
   "splits": [
      [
         3,
         0.7288882732391357,
         true
      ],
      [
         3,
         -1.3633095622062683,
         false
      ],
      [
         5,
         -0.669640064239502,
         true
      ],
      [
         5,
         -0.7563766241073608,
         true
      ],
      [
         5,
         -0.7620088458061218,
         true
      ],
      [
         5,
         -0.8543776869773865,
         true
      ],
      [
         7,
         -0.6849169731140137,
         true
      ],
      [
         7,
         -0.6921015977859497,
         true
      ],
      [
         7,
         -0.7190439701080322,
         true
      ],
      [
         7,
         -0.7280247807502747,
         true
      ],
      [
         7,
         -0.7423940300941467,
         true
      ],
      [
         7,
         -0.8196288049221039,
         true
      ],
      [
         5,
         -0.8656421899795532,
         true
      ],
      [
         5,
         -0.9219646155834198,
         true
      ],
      [
         5,
         -0.929849773645401,
         true
      ],
      [
         7,
         -1.3135721683502197,
         false
      ],
      [
         5,
         -0.9309762120246887,
         true
      ],
      [
         6,
         -1.1664442420005798,
         false
      ],
      [
         4,
         -0.8942791223526001,
         true
      ],
      [
         5,
         -0.9332291185855865,
         true
      ],
      [
         5,
         -0.9388613700866699,
         true
      ],
      [
         5,
         -0.9535051882266998,
         true
      ],
      [
         5,
         -0.9737812578678131,
         true
      ],
      [
         5,
         -0.977160632610321,
         true
      ],
      [
         6,
         -1.1618822813034058,
         false
      ],
      [
         5,
         -0.9929309189319611,
         true
      ],
      [
         7,
         -1.0746831893920898,
         false
      ],
      [
         5,
         -1.0053218305110931,
         false
      ],
      [
         6,
         -1.0273033380508423,
         true
      ],
      [
         6,
         -1.0432703495025635,
         true
      ],
      [
         7,
         -0.9489521682262421,
         false
      ],
      [
         6,
         -1.0980142951011658,
         true
      ],
      [
         7,
         -0.9417675137519836,
         false
      ],
      [
         7,
         -0.9256020784378052,
         false
      ],
      [
         7,
         -0.9238059222698212,
         false
      ],
      [
         2,
         -0.9864279329776764,
         false
      ]
   ],
   "remaining_rules": [
      57,
      650,
      1291,
      1831,
      2438,
      2974,
      3574,
      4200,
      4822,
      5404
   ],
   "set_rules": [
      57,
      650,
      1291,
      1831,
      2438,
      2974,
      3574,
      4200,
      4822,
      5404
   ],
   "foil_estimated_class": [
      0
   ],
   "distance": 0.0012786902872825006,
   "extraction_time": 0.14218831062316895,
   "feature_bounds": {
      "0": {
         "type": 2,
         "values": [
            1.5,
            null
         ]
      },
      "1": {
         "type": 1,
         "values": [
            -1.5947237610816956,
            -1.0117719769477844
         ]
      },
      "2": {
         "type": 1,
         "values": [
            -0.9864279329776764,
            -0.9108443856239319
         ]
      },
      "3": {
         "type": 1,
         "values": [
            -0.8850929141044617,
            -0.46665334701538086
         ]
      },
      "4": {
         "type": 1,
         "values": [
            -1.0747697353363037,
            -0.9631102681159973
         ]
      },
      "5": {
         "type": 1,
         "values": [
            -1.0537591576576233,
            -0.9219646155834198
         ]
      },
      "6": {
         "type": 1,
         "values": [
            -1.173287272453308,
            -1.1094192862510681
         ]
      },
      "7": {
         "type": 1,
         "values": [
            -0.9238059222698212,
            -0.8609404563903809
         ]
      }
   },
   "feature_bounds_compact": {
      "0": {
         "type": 2,
         "values": [
            1.5,
            null
         ]
      },
      "1": {
         "type": 1,
         "values": [
            -1.5947237610816956,
            -1.0117719769477844
         ]
      },
      "2": {
         "type": 1,
         "values": [
            -0.9864279329776764,
            -0.9108443856239319
         ]
      },
      "3": {
         "type": 1,
         "values": [
            -0.8850929141044617,
            -0.46665334701538086
         ]
      },
      "4": {
         "type": 1,
         "values": [
            -1.0747697353363037,
            -0.9631102681159973
         ]
      },
      "5": {
         "type": 1,
         "values": [
            -1.0537591576576233,
            -0.9219646155834198
         ]
      },
      "6": {
         "type": 1,
         "values": [
            -1.173287272453308,
            -1.1094192862510681
         ]
      },
      "7": {
         "type": 1,
         "values": [
            -0.9238059222698212,
            -0.8609404563903809
         ]
      }
   },
   "feature_bounds_compact_count": {
      "0": {
         "type": 2,
         "values": [
            1.5,
            null
         ]
      },
      "1": {
         "type": 1,
         "values": [
            -1.5947237610816956,
            -1.0117719769477844
         ]
      },
      "2": {
         "type": 1,
         "values": [
            -0.9864279329776764,
            -0.9108443856239319
         ]
      },
      "3": {
         "type": 1,
         "values": [
            -0.8850929141044617,
            -0.46665334701538086
         ]
      },
      "4": {
         "type": 1,
         "values": [
            -1.0747697353363037,
            -0.9631102681159973
         ]
      },
      "5": {
         "type": 1,
         "values": [
            -1.0537591576576233,
            -0.9219646155834198
         ]
      },
      "6": {
         "type": 1,
         "values": [
            -1.173287272453308,
            -1.1094192862510681
         ]
      },
      "7": {
         "type": 1,
         "values": [
            -0.9238059222698212,
            -0.8609404563903809
         ]
      }
   },