{
   "factual_sample": {
      "variance_wti": 1.2732628786004143,
      "skewness_wti": -0.35587796889113005,
      "curtosis_wty": -0.21905676643742988,
      "entropy": 0.8113980205229298
   },
   "counterfactual_sample": {
      "variance_wti": 1.2732628786004143,
      "skewness_wti": -0.35587796889113005,
      "curtosis_wty": -0.7288,
      "entropy": 0.7251299999999999
   },
   "factual_class": 0,
   "counterfactual_class": 0,
   "counterfactual_found": false,
   "counterfactual_rule_id": 1118,
   "counterfactual_rule": {
      "0": [
         0.46103,
         null
      ],
      "2": [
         -0.89643,
         -0.7238
      ],
      "1": [
         null,
         -0.01093
      ],
      "3": [
         0.51095,
         0.73013
      ]
   },
   "counterfactual_distance": 0.027770953337336916,
   "counterfactual_time": 0.8005571365356445
}