{
   "factual_sample": {
      "variance_wti": 0.4918364907871008,
      "skewness_wti": 0.7576132550511044,
      "curtosis_wty": -0.33281158907985825,
      "entropy": 0.5909830269876943,
      "y": false
   },
   "counterfactual_sample": {
      "variance_wti": 0.04619014076888561,
      "skewness_wti": 0.4121331125497818,
      "curtosis_wty": -0.33290643724111496,
      "entropy": 0.5907011496062163,
      "y": true
   },
   "counterfactual_found": true,
   "counterfactual_plausible": true,
   "counterfactual_distance": 0.041810219479135845,
   "counterfactual_time": 3.998706340789795,
   "counterfactual_class": 0,
   "factual_class": 0,
   "valid_": false
}