{
   "factual_sample": {
      "variance_wti": 1.3903747861318343,
      "skewness_wti": -0.85142864968076,
      "curtosis_wty": 0.3817311124897587,
      "entropy": 1.1740315027129686,
      "y": false
   },
   "counterfactual_sample": {
      "variance_wti": -0.019583256915211678,
      "skewness_wti": -0.8519710413013479,
      "curtosis_wty": 0.3817311124897587,
      "entropy": 1.17384250987491,
      "y": true
   },
   "counterfactual_found": true,
   "counterfactual_plausible": true,
   "counterfactual_distance": 0.0722740238851651,
   "counterfactual_time": 1.5117590427398682,
   "counterfactual_class": 1,
   "factual_class": 0,
   "valid_": true
}