{
   "factual_sample": {
      "variance_wti": 0.9697853874492832,
      "skewness_wti": 0.6528561916038735,
      "curtosis_wty": -0.36741607220889294,
      "entropy": 0.4241341057895085,
      "y": 0
   },
   "counterfactual_sample": {
      "variance_wti": 0.4070288894797927,
      "skewness_wti": 0.049386645338138385,
      "curtosis_wty": -1.0481536483607972,
      "entropy": 0.511561904428902,
      "y": 1
   },
   "counterfactual_found": true,
   "counterfactual_plausible": true,
   "counterfactual_distance": 0.09771187914453304,
   "counterfactual_time": 0.20722579956054688,
   "counterfactual_class": 1,
   "factual_class": 0,
   "valid_": true
}