{
   "factual_sample": {
      "variance_wti": 0.6080334615409314,
      "skewness_wti": -1.5004076914564377,
      "curtosis_wty": 1.5676307321842415,
      "entropy": 0.5287989219996642,
      "y": 0
   },
   "counterfactual_sample": {
      "variance_wti": -0.42460641349753214,
      "skewness_wti": -1.5970344068294202,
      "curtosis_wty": 1.1824118026021122,
      "entropy": 0.7393636470551492,
      "y": 1
   },
   "counterfactual_found": true,
   "counterfactual_plausible": true,
   "counterfactual_distance": 0.08613480767466086,
   "counterfactual_time": 0.20638608932495117,
   "counterfactual_class": 1,
   "factual_class": 0,
   "valid_": true
}