{
   "found": true,
   "num_iterations": 1367,
   "num_foil": 652,
   "_observation": [
      0.0,
      141.0,
      84.0,
      26.0,
      0.0,
      0.051709676917168934,
      -0.1174110460284083,
      22.0
   ],
   "_idx": 72,
   "factual_class": 0,
   "feature_bounds_splits": {
      "0": {
         "type": 2,
         "values": [
            null,
            0.5
         ]
      },
      "1": {
         "type": 2,
         "values": [
            139.5,
            144.5
         ]
      },
      "2": {
         "type": 2,
         "values": [
            81.5,
            82.5
         ]
      },
      "3": {
         "type": 2,
         "values": [
            17.5,
            27.5
         ]
      },
      "4": {
         "type": 2,
         "values": [
            null,
            43.5
         ]
      },
      "5": {
         "type": 1,
         "values": [
            0.032671790570020676,
            0.15959103405475616
         ]
      },
      "6": {
         "type": 1,
         "values": [
            -0.11590098589658737,
            -0.10684062913060188
         ]
      },
      "7": {
         "type": 2,
         "values": [
            null,
            22.5
         ]
      }
   },
   "splits": [
      [
         1,
         93.5,
         false
      ],
      [
         1,
         99.5,
         false
      ],
      [
         1,
         102.5,
         false
      ],
      [
         1,
         104.5,
         false
      ],
      [
         1,
         110.5,
         false
      ],
      [
         1,
         111.5,
         false
      ],
      [
         5,
         -0.9255685210227966,
         false
      ],
      [
         1,
         112.5,
         false
      ],
      [
         5,
         -0.8811467587947845,
         false
      ],
      [
         5,
         -0.7923032939434052,
         false
      ],
      [
         5,
         -0.640000194311142,
         false
      ],
      [
         5,
         -0.6336542367935181,
         false
      ],
      [
         5,
         -0.5892325341701508,
         false
      ],
      [
         5,
         -0.5321188569068909,
         false
      ],
      [
         5,
         -0.525772899389267,
         false
      ],
      [
         1,
         166.5,
         true
      ],
      [
         5,
         -0.4496213495731354,
         false
      ],
      [
         5,
         -0.430583443492651,
         false
      ],
      [
         5,
         -0.4051996022462845,
         false
      ],
      [
         1,
         113.5,
         false
      ],
      [
         7,
         22.5,
         true
      ],
      [
         1,
         114.5,
         false
      ],
      [
         5,
         -0.2719343900680542,
         false
      ],
      [
         1,
         120.5,
         false
      ],
      [
         5,
         -0.2592424750328064,
         false
      ],
      [
         1,
         123.5,
         false
      ],
      [
         1,
         127.5,
         false
      ],
      [
         2,
         81.5,
         false
      ],
      [
         1,
         133.5,
         false
      ],
      [
         1,
         138.5,
         false
      ],
      [
         4,
         305.5,
         true
      ],
      [
         1,
         139.5,
         false
      ],
      [
         5,
         -0.1767449676990509,
         false
      ],
      [
         6,
         -0.6867034435272217,
         false
      ],
      [
         6,
         -0.44056373834609985,
         false
      ],
      [
         6,
         -0.4375436156988144,
         false
      ],
      [
         6,
         -0.39224185049533844,
         false
      ],
      [
         1,
         157.5,
         true
      ],
      [
         6,
         -0.10684062913060188,
         true
      ],
      [
         5,
         -0.1259772665798664,
         false
      ],
      [
         5,
         0.0009419769048690796,
         false
      ],
      [
         5,
         0.032671790570020676,
         false
      ],
      [
         5,
         0.15959103405475616,
         true
      ],
      [
         3,
         17.5,
         false
      ],
      [
         3,
         27.5,
         true
      ],
      [
         0,
         5.5,
         true
      ],
      [
         0,
         3.5,
         true
      ],
      [
         0,
         2.5,
         true
      ],
      [
         4,
         217.5,
         true
      ],
      [
         0,
         0.5,
         true
      ],
      [
         1,
         154.5,
         true
      ],
      [
         6,
         -0.11590098589658737,
         false
      ],
      [
         4,
         43.5,
         true
      ],
      [
         2,
         82.5,
         true
      ],
      [
         1,
         144.5,
         true
      ]
   ],
   "remaining_rules": [
      66,
      198,
      317,
      400,
      454,
      589,
      644,
      775,
      927,
      1029,
      1030,
      1158,
      1161,
      1212
   ],
   "set_rules": [
      66,
      198,
      317,
      400,
      589,
      644,
      775,
      927,
      1029,
      1158
   ],
   "foil_estimated_class": [
      1
   ],
   "distance": 0.0020767505618260055,
   "extraction_time": 0.04795122146606445,
   "feature_bounds": {
      "0": {
         "type": 2,
         "values": [
            null,
            0.5
         ]
      },
      "1": {
         "type": 2,
         "values": [
            139.5,
            143.5
         ]
      },
      "2": {
         "type": 2,
         "values": [
            81.0,
            82.5
         ]
      },
      "3": {
         "type": 2,
         "values": [
            16.0,
            26.0
         ]
      },
      "4": {
         "type": 2,
         "values": [
            null,
            8.0
         ]
      },
      "5": {
         "type": 1,
         "values": [
            -0.2592424750328064,
            0.22305066138505936
         ]
      },
      "6": {
         "type": 1,
         "values": [
            -0.11590098589658737,
            0.4654718488454819
         ]
      },
      "7": {
         "type": 2,
         "values": [
            null,
            22.0
         ]
      }
   },
   "feature_bounds_compact": {
      "0": {
         "type": 2,
         "values": [
            null,
            0.5
         ]
      },
      "1": {
         "type": 2,
         "values": [
            139.5,
            143.5
         ]
      },
      "2": {
         "type": 2,
         "values": [
            71.0,
            82.5
         ]
      },
      "3": {
         "type": 2,
         "values": [
            16.0,
            26.0
         ]
      },
      "4": {
         "type": 2,
         "values": [
            null,
            8.0
         ]
      },
      "5": {
         "type": 1,
         "values": [
            -0.4051996022462845,
            0.22305066138505936
         ]
      },
      "6": {
         "type": 1,
         "values": [
            -0.11590098589658737,
            0.5349345803260803
         ]
      },
      "7": {
         "type": 2,
         "values": [
            null,
            22.0
         ]
      }
   },
   "feature_bounds_compact_count": {
      "0": {
         "type": 2,
         "values": [
            null,
            0.5
         ]
      },
      "1": {
         "type": 2,
         "values": [
            139.5,
            143.5
         ]
      },
      "2": {
         "type": 2,
         "values": [
            71.0,
            82.5
         ]
      },
      "3": {
         "type": 2,
         "values": [
            16.0,
            26.0
         ]
      },
      "4": {
         "type": 2,
         "values": [
            null,
            8.0
         ]
      },
      "5": {
         "type": 1,
         "values": [
            -0.4051996022462845,
            0.22305066138505936
         ]
      },
      "6": {
         "type": 1,