{
   "factual_sample": {
      "Temperature": -0.5291493826842849,
      "Humidity": -0.1452712879612755,
      "Light": -0.7724036570242273,
      "CO2": -0.5464518954331669,
      "HumidityRatio": -0.3471822484332708,
      "y": true
   },
   "counterfactual_sample": {
      "Temperature": -0.5291493826842849,
      "Humidity": -0.1452712879612755,
      "Light": 0.4602207342844999,
      "CO2": -0.2530883006272169,
      "HumidityRatio": -0.19806436244082837,
      "y": 0.0
   },
   "counterfactual_found": true,
   "counterfactual_plausible": true,
   "counterfactual_distance": 0.0627265242522742,
   "counterfactual_time": 0.04047966003417969,
   "counterfactual_class": 0,
   "factual_class": 1,
   "valid_": true
}