{
   "factual_sample": {
      "Temperature": -0.2275434623222056,
      "Humidity": 0.5894237355802561,
      "Light": -0.7724036570242273,
      "CO2": -0.10356696653006696,
      "HumidityRatio": 0.2329366276779621,
      "y": true
   },
   "counterfactual_sample": {
      "Temperature": -0.2275434623222056,
      "Humidity": 0.5894237355802561,
      "Light": 0.4602207342844999,
      "CO2": -0.2530883006272169,
      "HumidityRatio": -0.19806436244082837,
      "y": 0.0
   },
   "counterfactual_found": true,
   "counterfactual_plausible": true,
   "counterfactual_distance": 0.07068029018888561,
   "counterfactual_time": 0.0408627986907959,
   "counterfactual_class": 0,
   "factual_class": 1,
   "valid_": true
}