{
   "factual_sample": {
      "Temperature": 1.6372243248627332,
      "Humidity": 1.473930872860704,
      "Light": 1.0024323524001315,
      "CO2": 1.51077593789759,
      "HumidityRatio": 1.7082239378625783,
      "y": false
   },
   "counterfactual_sample": {
      "Temperature": 1.6372243248627332,
      "Humidity": 1.473930872860704,
      "Light": -0.44188653926668525,
      "CO2": 1.51077593789759,
      "HumidityRatio": 0.806242918406252,
      "y": 1.0
   },
   "counterfactual_found": true,
   "counterfactual_plausible": true,
   "counterfactual_distance": 0.09566288161447184,
   "counterfactual_time": 0.03153109550476074,
   "counterfactual_class": 1,
   "factual_class": 0,
   "valid_": true
}