{
   "factual_sample": {
      "Temperature": 2.2923253561867893,
      "Humidity": 0.3164783776723689,
      "Light": 2.1876550478828403,
      "CO2": 1.3826263635622025,
      "HumidityRatio": 1.206013650473808,
      "y": false
   },
   "counterfactual_sample": {
      "Temperature": 2.2923253561867893,
      "Humidity": 0.3164783776723689,
      "Light": -0.44188653926668525,
      "CO2": 1.3826263635622025,
      "HumidityRatio": 0.806242918406252,
      "y": 1.0
   },
   "counterfactual_found": true,
   "counterfactual_plausible": true,
   "counterfactual_distance": 0.10104411807830156,
   "counterfactual_time": 0.03155994415283203,
   "counterfactual_class": 1,
   "factual_class": 0,
   "valid_": true
}