{
   "found": true,
   "num_iterations": 175,
   "num_foil": 82,
   "_observation": [
      0.0,
      0.0,
      2.0,
      4.0,
      -0.7712835789530984,
      -0.4209016814297324,
      1.0,
      6.0,
      0.0,
      -0.6984967528068727,
      -0.3747273409490208,
      0.0,
      0.0,
      0.0
   ],
   "_idx": 912,
   "factual_class": 1,
   "feature_bounds_splits": {
      "0": {
         "type": 2,
         "values": [
            null,
            null
         ]
      },
      "1": {
         "type": 2,
         "values": [
            null,
            null
         ]
      },
      "2": {
         "type": 2,
         "values": [
            null,
            null
         ]
      },
      "3": {
         "type": 2,
         "values": [
            null,
            null
         ]
      },
      "4": {
         "type": 1,
         "values": [
            -0.7650358974933624,
            null
         ]
      },
      "5": {
         "type": 1,
         "values": [
            -0.4119545519351959,
            -0.40748098492622375
         ]
      },
      "6": {
         "type": 2,
         "values": [
            null,
            null
         ]
      },
      "7": {
         "type": 2,
         "values": [
            null,
            null
         ]
      },
      "8": {
         "type": 2,
         "values": [
            null,
            null
         ]
      },
      "9": {
         "type": 1,
         "values": [
            -0.6918663680553436,
            -0.663134753704071
         ]
      },
      "10": {
         "type": 1,
         "values": [
            null,
            -0.3526300936937332
         ]
      },
      "11": {
         "type": 2,
         "values": [
            null,
            null
         ]
      },
      "12": {
         "type": 2,
         "values": [
            null,
            null
         ]
      },
      "13": {
         "type": 2,
         "values": [
            null,
            null
         ]
      }
   },
   "splits": [
      [
         10,
         -0.3526300936937332,
         true
      ],
      [
         9,
         -0.663134753704071,
         true
      ],
      [
         5,
         -0.42090168595314026,
         false
      ],
      [
         5,
         -0.4164281189441681,
         false
      ],
      [
         4,
         -0.7650359272956848,
         false
      ],
      [
         5,
         -0.39406028389930725,
         true
      ],
      [
         9,
         -0.6962866187095642,
         false
      ],
      [
         5,
         -0.3985338509082794,
         true
      ],
      [
         9,
         -0.6918663680553436,
         false
      ],
      [
         4,
         -0.7650358974933624,
         false
      ],
      [
         5,
         -0.4119545519351959,
         false
      ],
      [
         5,
         -0.40748098492622375,
         true
      ]
   ],
   "remaining_rules": [
      76,
      1826,
      3539,
      6168,
      7295,
      8843,
      11085,
      12355,
      15221,
      15876
   ],
   "set_rules": [
      76,
      1826,
      3539,
      6168,
      7295,
      8843,
      11085,
      12355,
      15221,
      15876
   ],
   "foil_estimated_class": [
      0
   ],
   "distance": 9.557084866225764e-05,
   "extraction_time": 0.45412445068359375,
   "feature_bounds": {
      "0": {
         "type": 2,
         "values": [
            null,
            0.5
         ]
      },
      "1": {
         "type": 2,
         "values": [
            null,
            0.5
         ]
      },
      "2": {
         "type": 2,
         "values": [
            1.5,
            2.5
         ]
      },
      "3": {
         "type": 2,
         "values": [
            3.5,
            null
         ]
      },
      "4": {
         "type": 1,
         "values": [
            -0.7650358974933624,
            -0.7608708143234253
         ]
      },
      "5": {
         "type": 1,
         "values": [
            -0.4119545519351959,
            -0.40748098492622375
         ]
      },
      "6": {
         "type": 2,
         "values": [
            0.5,
            1.5
         ]
      },
      "7": {
         "type": 2,
         "values": [
            5.5,
            null
         ]
      },
      "8": {
         "type": 2,
         "values": [
            null,
            0.5
         ]
      },
      "9": {
         "type": 1,
         "values": [
            -0.6918663680553436,
            -0.6874461472034454
         ]
      },
      "10": {
         "type": 1,
         "values": [
            null,
            -0.3636787086725235
         ]
      },
      "11": {
         "type": 2,
         "values": [
            null,
            0.5
         ]
      },
      "12": {
         "type": 2,
         "values": [
            null,
            0.5
         ]
      },
      "13": {
         "type": 2,
         "values": [
            null,
            0.5
         ]
      }
   },
   "feature_bounds_compact": {
      "0": {
         "type": 2,
         "values": [
            null,
            0.5
         ]
      },
      "1": {
         "type": 2,
         "values": [
            null,
            0.5
         ]
      },
      "2": {
         "type": 2,
         "values": [
            1.5,
            2.5
         ]
      },
      "3": {
         "type": 2,
         "values": [
            3.5,
            null
         ]
      },
      "4": {
         "type": 1,
         "values": [
            -0.7650358974933624,
            -0.7608708143234253
         ]
      },
      "5": {
         "type": 1,
         "values": [
            -0.4119545519351959,
            -0.40748098492622375
         ]
      },
      "6": {
         "type": 2,
         "values": [
            0.5,
            1.5
         ]
      },
      "7": {
         "type": 2,
         "values": [
            5.5,
            null
         ]
      },
      "8": {
         "type": 2,
         "values": [
            null,
            0.5
         ]
      },
      "9": {
         "type": 1,
         "values": [
            -0.6918663680553436,
            -0.6874461472034454
         ]
      },
      "10": {
         "type": 1,
         "values": [
            null,
            -0.3636787086725235
         ]
      },
      "11": {
         "type": 2,
         "values": [
            null,
            0.5
         ]
      },
      "12": {
         "type": 2,
         "values": [
            null,
            0.5
         ]
      },
      "13": {
         "type": 2,
         "values": [
            null,
            0.5
         ]
      }
   },
   "feature_bounds_compact_count": {
      "0": {
         "type": 2,
         "values": [
            null,
            0.5
         ]
      },
      "1": {
         "type": 2,
         "values": [
            null,
            0.5
         ]
      },
      "2": {
         "type": 2,
         "values": [
            1.5,
            2.5
         ]
      },
      "3": {
         "type": 2,
         "values": [
            3.5,
            null
         ]
      },
      "4": {
         "type": 1,
         "values": [
            -0.7650358974933624,
            -0.7608708143234253
         ]
      },
      "5": {
         "type": 1,
         "values": [
            -0.4119545519351959,
            -0.40748098492622375
         ]
      },
      "6": {
         "type": 2,
         "values": [
            0.5,
            1.5
         ]
      },
      "7": {
         "type": 2,
         "values": [
            5.5,
            null
         ]
      },
      "8": {
         "type": 2,
         "values": [
            null,
            0.5
         ]
      },
      "9": {
         "type": 1,
         "values": [
            -0.6918663680553436,
            -0.6874461472034454
         ]
      },
      "10": {
         "type": 1,
         "values": [
            null,
            -0.3636787086725235
         ]
      },