{
   "found": true,
   "num_iterations": 550,
   "num_foil": 229,
   "_observation": [
      0.0,
      1.0,
      2.0,
      4.0,
      0.9322440299184828,
      -0.01828077842275249,
      0.0,
      0.0,
      5.0,
      1.0961236302888482,
      0.15560661054180067,
      0.0,
      0.0,
      0.0
   ],
   "_idx": 87,
   "factual_class": 1,
   "feature_bounds_splits": {
      "0": {
         "type": 2,
         "values": [
            null,
            null
         ]
      },
      "1": {
         "type": 2,
         "values": [
            null,
            null
         ]
      },
      "2": {
         "type": 2,
         "values": [
            1.5,
            2.5
         ]
      },
      "3": {
         "type": 2,
         "values": [
            3.5,
            null
         ]
      },
      "4": {
         "type": 1,
         "values": [
            0.8406117260456085,
            0.971812516450882
         ]
      },
      "5": {
         "type": 1,
         "values": [
            -0.05854286812245846,
            0.24565959349274635
         ]
      },
      "6": {
         "type": 2,
         "values": [
            null,
            0.5
         ]
      },
      "7": {
         "type": 2,
         "values": [
            null,
            0.5
         ]
      },
      "8": {
         "type": 2,
         "values": [
            4.5,
            5.5
         ]
      },
      "9": {
         "type": 1,
         "values": [
            0.9546757340431213,
            1.2221006751060486
         ]
      },
      "10": {
         "type": 1,
         "values": [
            0.18875247985124588,
            0.21084972470998764
         ]
      },
      "11": {
         "type": 2,
         "values": [
            null,
            0.5
         ]
      },
      "12": {
         "type": 2,
         "values": [
            null,
            0.5
         ]
      },
      "13": {
         "type": 2,
         "values": [
            null,
            null
         ]
      }
   },
   "splits": [
      [
         9,
         -0.6830258667469025,
         false
      ],
      [
         9,
         -0.6697651445865631,
         false
      ],
      [
         9,
         -0.6675550043582916,
         false
      ],
      [
         9,
         -0.6587145328521729,
         false
      ],
      [
         9,
         -0.6542942821979523,
         false
      ],
      [
         9,
         -0.6498740315437317,
         false
      ],
      [
         9,
         -0.6454537808895111,
         false
      ],
      [
         9,
         -0.643243670463562,
         false
      ],
      [
         9,
         -0.6255626678466797,
         false
      ],
      [
         9,
         -0.5482083559036255,
         false
      ],
      [
         9,
         -0.5349476039409637,
         false
      ],
      [
         9,
         -0.5327374637126923,
         false
      ],
      [
         9,
         -0.1194443628191948,
         false
      ],
      [
         4,
         -0.09028905257582664,
         false
      ],
      [
         6,
         1.5,
         true
      ],
      [
         9,
         -0.1172342412173748,
         false
      ],
      [
         9,
         -0.1061836201697588,
         false
      ],
      [
         9,
         -0.07966214045882225,
         false
      ],
      [
         9,
         0.41982579231262207,
         false
      ],
      [
         5,
         -0.1166992224752903,
         false
      ],
      [
         7,
         1.5,
         true
      ],
      [
         10,
         0.9400589168071747,
         true
      ],
      [
         10,
         0.9179616570472717,
         true
      ],
      [
         10,
         0.708037793636322,
         true
      ],
      [
         10,
         0.6638433188199997,
         true
      ],
      [
         9,
         0.6253673136234283,
         false
      ],
      [
         10,
         0.6638433039188385,
         true
      ],
      [
         9,
         0.6364178955554962,
         false
      ],
      [
         10,
         0.6086001694202423,
         true
      ],
      [
         10,
         0.3876277208328247,
         true
      ],
      [
         5,
         -0.08538425900042057,
         false
      ],
      [
         5,
         -0.07643713802099228,
         false
      ],
      [
         9,
         0.649678647518158,
         false
      ],
      [
         9,
         0.6894608736038208,
         false
      ],
      [
         10,
         0.3876277059316635,
         true
      ],
      [
         10,
         0.36553046107292175,
         true
      ],
      [
         5,
         -0.07643713057041168,
         false
      ],
      [
         10,
         0.26609285548329353,
         true
      ],
      [
         10,
         0.26609285175800323,
         true
      ],
      [
         5,
         -0.0674899984151125,
         false
      ],
      [
         5,
         0.24565959349274635,
         true
      ],
      [
         12,
         0.5,
         true
      ],
      [
         11,
         0.5,
         true
      ],
      [
         9,
         5.178221940994263,
         true
      ],
      [
         4,
         4.9682300090789795,
         true
      ],
      [
         9,
         5.140649795532227,
         true
      ],
      [
         9,
         0.9546757340431213,
         false
      ],
      [
         8,
         5.5,
         true
      ],
      [
         10,
         -0.09851173759670928,
         false
      ],
      [
         8,
         3.5,
         false
      ],
      [
         9,
         2.419987678527832,
         true
      ],
      [
         10,
         -0.08746311441063881,
         false
      ],
      [
         6,
         0.5,
         true
      ],
      [
         10,
         -0.06536586862057447,
         false
      ],
      [
         4,
         2.437929153442383,
         true
      ],
      [
         4,
         2.3525445461273193,
         true
      ],
      [
         4,
         2.2796552181243896,
         true
      ],
      [
         4,
         1.5132761001586914,
         true
      ],
      [
         10,
         0.25504422187805176,
         true
      ],
      [
         10,
         -0.05431724339723587,
         false
      ],
      [
         10,
         0.07826624531298876,
         false
      ],
      [
         10,
         0.10036348848370835,
         false
      ],
      [
         10,
         0.15560661553172395,
         false
      ],
      [
         9,
         2.4111472368240356,
         true
      ],
      [
         4,
         1.0780226588249207,
         true
      ],
      [
         9,
         1.7392696142196655,
         true
      ],
      [
         4,
         1.0696924328804016,
         true
      ],
      [
         10,
         0.16665523499250412,
         false
      ],
      [
         8,
         4.5,
         false
      ],
      [
         4,
         0.8406117260456085,
         false
      ],
      [
         10,
         0.18875247985124588,
         false
      ],
      [
         10,
         0.23294697701931,
         true
      ],
      [
         2,
         1.5,
         false
      ],
      [
         4,
         0.971812516450882,
         true
      ],
      [
         3,
         3.5,
         false
      ],
      [
         7,
         0.5,
         true
      ],
      [
         9,
         1.2221006751060486,
         true
      ],
      [
         10,
         0.21084972470998764,
         true
      ],
      [
         5,
         -0.05854286812245846,
         false
      ],
      [
         2,
         2.5,
         true
      ]
   ],
   "remaining_rules": [
      1048,
      3481,
      4405,
      5569,
      8279,
      9432,
      11336,
      13134,
      14927,
      16726
   ],