{
   "found": true,
   "num_iterations": 1645,
   "num_foil": 803,
   "_observation": [
      1.0,
      0.0,
      2.0,
      4.0,
      -0.4880564948375299,
      -0.3224832384724706,
      0.0,
      6.0,
      0.0,
      -0.4156009288706015,
      -0.3747273409490208,
      2.0,
      5.0,
      1.0
   ],
   "_idx": 220,
   "factual_class": 1,
   "feature_bounds_splits": {
      "0": {
         "type": 2,
         "values": [
            null,
            null
         ]
      },
      "1": {
         "type": 2,
         "values": [
            null,
            null
         ]
      },
      "2": {
         "type": 2,
         "values": [
            null,
            null
         ]
      },
      "3": {
         "type": 2,
         "values": [
            null,
            null
         ]
      },
      "4": {
         "type": 1,
         "values": [
            -0.49638669192790985,
            -0.46723097562789917
         ]
      },
      "5": {
         "type": 1,
         "values": [
            null,
            -0.4253752529621124
         ]
      },
      "6": {
         "type": 2,
         "values": [
            null,
            0.5
         ]
      },
      "7": {
         "type": 2,
         "values": [
            null,
            null
         ]
      },
      "8": {
         "type": 2,
         "values": [
            null,
            null
         ]
      },
      "9": {
         "type": 1,
         "values": [
            -0.42886166274547577,
            -0.41118066757917404
         ]
      },
      "10": {
         "type": 1,
         "values": [
            null,
            -0.3636787086725235
         ]
      },
      "11": {
         "type": 2,
         "values": [
            null,
            null
         ]
      },
      "12": {
         "type": 2,
         "values": [
            4.5,
            null
         ]
      },
      "13": {
         "type": 2,
         "values": [
            null,
            null
         ]
      }
   },
   "splits": [
      [
         12,
         1.5,
         false
      ],
      [
         9,
         -0.4465426504611969,
         false
      ],
      [
         6,
         0.5,
         true
      ],
      [
         12,
         4.5,
         false
      ],
      [
         9,
         -0.41118066757917404,
         true
      ],
      [
         5,
         -0.34037749469280243,
         true
      ],
      [
         5,
         -0.35379819571971893,
         true
      ],
      [
         5,
         -0.3537982106208801,
         true
      ],
      [
         5,
         -0.4119545519351959,
         true
      ],
      [
         10,
         -0.2973869666457176,
         true
      ],
      [
         10,
         -0.2973869740962982,
         true
      ],
      [
         5,
         -0.4164281189441681,
         true
      ],
      [
         4,
         -0.3276999741792679,
         true
      ],
      [
         4,
         -0.6275874674320221,
         false
      ],
      [
         5,
         -0.4253752529621124,
         true
      ],
      [
         9,
         -0.4443325251340866,
         false
      ],
      [
         9,
         -0.42886166274547577,
         false
      ],
      [
         4,
         -0.4651484340429306,
         true
      ],
      [
         4,
         -0.6130096018314362,
         false
      ],
      [
         4,
         -0.49638669192790985,
         false
      ],
      [
         4,
         -0.46723097562789917,
         true
      ],
      [
         10,
         -0.3636787086725235,
         true
      ]
   ],
   "remaining_rules": [
      354,
      1885,
      3936,
      6790,
      7181,
      10322,
      12032,
      13762,
      14859,
      16951
   ],
   "set_rules": [
      354,
      1885,
      3936,
      6790,
      7181,
      10322,
      12032,
      13762,
      14859,
      16951
   ],
   "foil_estimated_class": [
      0
   ],
   "distance": 0.00026273266915769703,
   "extraction_time": 0.49324607849121094,
   "feature_bounds": {
      "0": {
         "type": 2,
         "values": [
            0.5,
            null
         ]
      },
      "1": {
         "type": 2,
         "values": [
            null,
            0.5
         ]
      },
      "2": {
         "type": 2,
         "values": [
            1.5,
            2.5
         ]
      },
      "3": {
         "type": 2,
         "values": [
            3.5,
            null
         ]
      },
      "4": {
         "type": 1,
         "values": [
            -0.49638669192790985,
            -0.46723097562789917
         ]
      },
      "5": {
         "type": 1,
         "values": [
            null,
            -0.4253752529621124
         ]
      },
      "6": {
         "type": 2,
         "values": [
            null,
            0.5
         ]
      },
      "7": {
         "type": 2,
         "values": [
            5.5,
            null
         ]
      },
      "8": {
         "type": 2,
         "values": [
            null,
            0.5
         ]
      },
      "9": {
         "type": 1,
         "values": [
            -0.4443325251340866,
            -0.40897056460380554
         ]
      },
      "10": {
         "type": 1,
         "values": [
            null,
            -0.3636787086725235
         ]
      },
      "11": {
         "type": 2,
         "values": [
            1.5,
            null
         ]
      },
      "12": {
         "type": 2,
         "values": [
            4.5,
            5.5
         ]
      },
      "13": {
         "type": 2,
         "values": [
            0.5,
            null
         ]
      }
   },
   "feature_bounds_compact": {
      "0": {
         "type": 2,
         "values": [
            0.5,
            null
         ]
      },
      "1": {
         "type": 2,
         "values": [
            null,
            0.5
         ]
      },
      "2": {
         "type": 2,
         "values": [
            1.5,
            2.5
         ]
      },
      "3": {
         "type": 2,
         "values": [
            3.5,
            null
         ]
      },
      "4": {
         "type": 1,
         "values": [
            -0.49638669192790985,
            -0.46723097562789917
         ]
      },
      "5": {
         "type": 1,
         "values": [
            null,
            -0.4253752529621124
         ]
      },
      "6": {
         "type": 2,
         "values": [
            null,
            0.5
         ]
      },
      "7": {
         "type": 2,
         "values": [
            5.5,
            null
         ]
      },
      "8": {
         "type": 2,
         "values": [
            null,
            0.5
         ]
      },
      "9": {
         "type": 1,
         "values": [
            -0.4443325251340866,
            -0.40897056460380554
         ]
      },
      "10": {
         "type": 1,
         "values": [
            null,
            -0.3636787086725235
         ]
      },
      "11": {
         "type": 2,
         "values": [
            1.5,
            null
         ]
      },
      "12": {
         "type": 2,
         "values": [
            4.5,
            5.5
         ]
      },
      "13": {
         "type": 2,
         "values": [
            0.5,
            null
         ]
      }
   },
   "feature_bounds_compact_count": {
      "0": {
         "type": 2,
         "values": [
            0.5,
            null
         ]
      },
      "1": {
         "type": 2,
         "values": [
            null,
            0.5
         ]
      },
      "2": {
         "type": 2,
         "values": [
            1.5,
            2.5
         ]
      },
      "3": {
         "type": 2,
         "values": [
            3.5,
            null
         ]
      },
      "4": {
         "type": 1,
         "values": [
            -0.49638669192790985,
            -0.46723097562789917
         ]
      },
      "5": {
         "type": 1,