{
   "found": true,
   "num_iterations": 420,
   "num_foil": 180,
   "_observation": [
      1.0,
      1.0,
      2.0,
      3.0,
      -0.2631408692163431,
      -0.3672188943621351,
      1.0,
      3.0,
      0.0,
      -0.15480634117935135,
      -0.2642411010550996,
      0.0,
      0.0,
      0.0
   ],
   "_idx": 143,
   "factual_class": 1,
   "feature_bounds_splits": {
      "0": {
         "type": 2,
         "values": [
            null,
            null
         ]
      },
      "1": {
         "type": 2,
         "values": [
            null,
            null
         ]
      },
      "2": {
         "type": 2,
         "values": [
            null,
            null
         ]
      },
      "3": {
         "type": 2,
         "values": [
            null,
            null
         ]
      },
      "4": {
         "type": 1,
         "values": [
            -0.2777187377214432,
            -0.14027029648423195
         ]
      },
      "5": {
         "type": 1,
         "values": [
            -0.3895867168903351,
            -0.38063958287239075
         ]
      },
      "6": {
         "type": 2,
         "values": [
            null,
            null
         ]
      },
      "7": {
         "type": 2,
         "values": [
            2.5,
            null
         ]
      },
      "8": {
         "type": 2,
         "values": [
            null,
            null
         ]
      },
      "9": {
         "type": 1,
         "values": [
            -0.30509473383426666,
            -0.1437557227909565
         ]
      },
      "10": {
         "type": 1,
         "values": [
            null,
            -0.3636787086725235
         ]
      },
      "11": {
         "type": 2,
         "values": [
            null,
            null
         ]
      },
      "12": {
         "type": 2,
         "values": [
            null,
            0.5
         ]
      },
      "13": {
         "type": 2,
         "values": [
            null,
            null
         ]
      }
   },
   "splits": [
      [
         4,
         0.5157335996627808,
         true
      ],
      [
         4,
         0.4740825593471527,
         true
      ],
      [
         4,
         0.09297553822398186,
         true
      ],
      [
         4,
         0.09089298732578754,
         true
      ],
      [
         4,
         0.0742325708270073,
         true
      ],
      [
         4,
         0.06173725426197052,
         true
      ],
      [
         12,
         0.5,
         true
      ],
      [
         5,
         4.531335353851318,
         true
      ],
      [
         5,
         1.7845661044120789,
         true
      ],
      [
         5,
         1.7532511949539185,
         true
      ],
      [
         4,
         0.047159403562545776,
         true
      ],
      [
         4,
         -0.017399723175913095,
         true
      ],
      [
         5,
         1.5653614401817322,
         true
      ],
      [
         5,
         1.3685245513916016,
         true
      ],
      [
         9,
         -0.4509629160165787,
         false
      ],
      [
         10,
         0.24399559944868088,
         true
      ],
      [
         10,
         0.2329469844698906,
         true
      ],
      [
         10,
         0.2329469695687294,
         true
      ],
      [
         10,
         0.21084972470998764,
         true
      ],
      [
         10,
         0.18875247985124588,
         true
      ],
      [
         4,
         -0.14027029648423195,
         true
      ],
      [
         4,
         -0.2985442439094186,
         false
      ],
      [
         9,
         -0.4133908152580261,
         false
      ],
      [
         9,
         -0.3647680729627609,
         false
      ],
      [
         9,
         -0.35150735080242157,
         false
      ],
      [
         9,
         -0.3492972180247307,
         false
      ],
      [
         9,
         -0.32719597965478897,
         false
      ],
      [
         9,
         -0.30509473383426666,
         false
      ],
      [
         5,
         -0.29564185440540314,
         true
      ],
      [
         9,
         2.366944670677185,
         true
      ],
      [
         9,
         0.5126509815454483,
         true
      ],
      [
         5,
         -0.3001154065132141,
         true
      ],
      [
         9,
         0.5082307457923889,
         true
      ],
      [
         5,
         -0.30906254053115845,
         true
      ],
      [
         10,
         -0.12060898914933205,
         true
      ],
      [
         5,
         -0.3135361075401306,
         true
      ],
      [
         9,
         0.19439319521188736,
         true
      ],
      [
         5,
         -0.3180096745491028,
         true
      ],
      [
         5,
         -0.3269568085670471,
         true
      ],
      [
         5,
         -0.3582717627286911,
         true
      ],
      [
         5,
         -0.36274532973766327,
         true
      ],
      [
         7,
         2.5,
         false
      ],
      [
         10,
         -0.3526300936937332,
         true
      ],
      [
         5,
         -0.42090168595314026,
         false
      ],
      [
         5,
         -0.4164281189441681,
         false
      ],
      [
         4,
         -0.2777187377214432,
         false
      ],
      [
         9,
         -0.1437557227909565,
         true
      ],
      [
         5,
         -0.4030074179172516,
         false
      ],
      [
         5,
         -0.3716924488544464,
         true
      ],
      [
         5,
         -0.39406028389930725,
         false
      ],
      [
         5,
         -0.38063958287239075,
         true
      ],
      [
         10,
         -0.3636787086725235,
         true
      ],
      [
         5,
         -0.3895867168903351,
         false
      ]
   ],
   "remaining_rules": [
      109,
      2112,
      3625,
      6506,
      7311,
      8949,
      11069,
      12632,
      15314,
      16298
   ],
   "set_rules": [
      109,
      2112,
      3625,
      6506,
      7311,
      8949,
      11069,
      12632,
      15314,
      16298
   ],
   "foil_estimated_class": [
      0
   ],
   "distance": 0.00037980487775082897,
   "extraction_time": 0.4836690425872803,
   "feature_bounds": {
      "0": {
         "type": 2,
         "values": [
            0.5,
            null
         ]
      },
      "1": {
         "type": 2,
         "values": [
            0.5,
            null
         ]
      },
      "2": {
         "type": 2,
         "values": [
            1.5,
            2.5
         ]
      },
      "3": {
         "type": 2,
         "values": [
            2.5,
            3.5
         ]
      },
      "4": {
         "type": 1,
         "values": [
            -0.2777187377214432,
            0.0742325708270073
         ]
      },
      "5": {
         "type": 1,
         "values": [
            -0.3895867168903351,
            -0.38063958287239075
         ]
      },
      "6": {
         "type": 2,
         "values": [
            0.5,
            1.5
         ]
      },
      "7": {
         "type": 2,
         "values": [
            2.5,
            3.5
         ]
      },
      "8": {
         "type": 2,
         "values": [
            null,
            0.5
         ]
      },
      "9": {
         "type": 1,
         "values": [
            -0.3647680878639221,
            -0.1437557227909565
         ]
      },
      "10": {
         "type": 1,
         "values": [
            null,
            -0.3636787086725235
         ]
      },
      "11": {
         "type": 2,
         "values": [
            null,
            0.5
         ]
      },
      "12": {
         "type": 2,
         "values": [
            null,
            0.5
         ]
      },
      "13": {
         "type": 2,
         "values": [
            null,
            0.5
         ]
      }
   },