{
   "found": true,
   "num_iterations": 882,
   "num_foil": 406,
   "_observation": [
      0.0,
      1.0,
      3.0,
      3.0,
      -0.6421653494298245,
      -0.18827627080347734,
      3.0,
      4.0,
      0.0,
      -0.5570488408387371,
      -0.0653658692460416,
      0.0,
      0.0,
      0.0
   ],
   "_idx": 517,
   "factual_class": 1,
   "feature_bounds_splits": {
      "0": {
         "type": 2,
         "values": [
            null,
            null
         ]
      },
      "1": {
         "type": 2,
         "values": [
            null,
            null
         ]
      },
      "2": {
         "type": 2,
         "values": [
            null,
            null
         ]
      },
      "3": {
         "type": 2,
         "values": [
            null,
            null
         ]
      },
      "4": {
         "type": 1,
         "values": [
            -0.7358801960945129,
            0.513651043176651
         ]
      },
      "5": {
         "type": 1,
         "values": [
            null,
            -0.3269568085670471
         ]
      },
      "6": {
         "type": 2,
         "values": [
            null,
            null
         ]
      },
      "7": {
         "type": 2,
         "values": [
            null,
            null
         ]
      },
      "8": {
         "type": 2,
         "values": [
            null,
            null
         ]
      },
      "9": {
         "type": 1,
         "values": [
            -0.5614691078662872,
            -0.5548387169837952
         ]
      },
      "10": {
         "type": 1,
         "values": [
            -0.07641449104994535,
            -0.05431724339723587
         ]
      },
      "11": {
         "type": 2,
         "values": [
            null,
            null
         ]
      },
      "12": {
         "type": 2,
         "values": [
            null,
            0.5
         ]
      },
      "13": {
         "type": 2,
         "values": [
            null,
            null
         ]
      }
   },
   "splits": [
      [
         9,
         -0.4973755031824112,
         true
      ],
      [
         9,
         -0.5062160044908524,
         true
      ],
      [
         9,
         -0.5327374637126923,
         true
      ],
      [
         9,
         -0.5349475890398026,
         true
      ],
      [
         9,
         -0.5349476039409637,
         true
      ],
      [
         5,
         0.9122208654880524,
         true
      ],
      [
         9,
         -0.5504184663295746,
         true
      ],
      [
         9,
         -0.5548387169837952,
         true
      ],
      [
         9,
         -0.5614691078662872,
         false
      ],
      [
         5,
         0.6930161565542221,
         true
      ],
      [
         5,
         0.3798665553331375,
         true
      ],
      [
         5,
         0.2948688119649887,
         true
      ],
      [
         5,
         0.24565959349274635,
         true
      ],
      [
         5,
         0.23223889991641045,
         true
      ],
      [
         5,
         0.19197680801153183,
         true
      ],
      [
         5,
         0.14724114164710045,
         true
      ],
      [
         5,
         -0.18380270153284073,
         true
      ],
      [
         10,
         -0.23109523206949234,
         false
      ],
      [
         5,
         -0.2016969621181488,
         true
      ],
      [
         5,
         -0.2151176705956459,
         true
      ],
      [
         10,
         -0.20899798721075058,
         false
      ],
      [
         5,
         -0.22406478971242905,
         true
      ],
      [
         10,
         -0.20899797976016998,
         false
      ],
      [
         5,
         -0.23748549818992615,
         true
      ],
      [
         5,
         -0.26432688534259796,
         true
      ],
      [
         5,
         -0.2732740044593811,
         true
      ],
      [
         5,
         -0.27774758636951447,
         true
      ],
      [
         4,
         -0.7400452792644501,
         false
      ],
      [
         10,
         -0.1979493573307991,
         false
      ],
      [
         10,
         -0.18690072745084763,
         false
      ],
      [
         4,
         -0.7358801960945129,
         false
      ],
      [
         12,
         0.5,
         true
      ],
      [
         4,
         0.5261463522911072,
         true
      ],
      [
         4,
         0.5157335996627808,
         true
      ],
      [
         4,
         0.513651043176651,
         true
      ],
      [
         5,
         -0.28222113847732544,
         true
      ],
      [
         10,
         -0.16480348259210587,
         false
      ],
      [
         5,
         -0.29564185440540314,
         true
      ],
      [
         5,
         -0.3135361075401306,
         true
      ],
      [
         5,
         -0.3180096745491028,
         true
      ],
      [
         5,
         -0.3269568085670471,
         true
      ],
      [
         10,
         -0.05431724339723587,
         true
      ],
      [
         10,
         -0.07641449104994535,
         false
      ]
   ],
   "remaining_rules": [
      809,
      2467,
      4925,
      6476,
      8153,
      9627,
      11044,
      12734,
      15573,
      16331
   ],
   "set_rules": [
      809,
      2467,
      4925,
      6476,
      8153,
      9627,
      11044,
      12734,
      15573,
      16331
   ],
   "foil_estimated_class": [
      0
   ],
   "distance": 0.0003540735496678369,
   "extraction_time": 0.501274824142456,
   "feature_bounds": {
      "0": {
         "type": 2,
         "values": [
            null,
            0.5
         ]
      },
      "1": {
         "type": 2,
         "values": [
            0.5,
            null
         ]
      },
      "2": {
         "type": 2,
         "values": [
            2.5,
            3.5
         ]
      },
      "3": {
         "type": 2,
         "values": [
            2.5,
            3.5
         ]
      },
      "4": {
         "type": 1,
         "values": [
            -0.656743198633194,
            -0.5692760050296783
         ]
      },
      "5": {
         "type": 1,
         "values": [
            -0.3537982106208801,
            -0.3269568085670471
         ]
      },
      "6": {
         "type": 2,
         "values": [
            2.5,
            3.5
         ]
      },
      "7": {
         "type": 2,
         "values": [
            3.5,
            4.5
         ]
      },
      "8": {
         "type": 2,
         "values": [
            null,
            0.5
         ]
      },
      "9": {
         "type": 1,
         "values": [
            -0.5636792182922363,
            -0.5504184663295746
         ]
      },
      "10": {
         "type": 1,
         "values": [
            -0.07641449104994535,
            -0.05431724339723587
         ]
      },
      "11": {
         "type": 2,
         "values": [
            null,
            0.5
         ]
      },
      "12": {
         "type": 2,
         "values": [
            null,
            0.5
         ]
      },
      "13": {
         "type": 2,
         "values": [
            null,
            null
         ]
      }
   },
   "feature_bounds_compact": {
      "0": {
         "type": 2,
         "values": [
            null,
            0.5
         ]
      },
      "1": {
         "type": 2,
         "values": [
            0.5,
            null
         ]
      },
      "2": {
         "type": 2,
         "values": [
            2.5,
            3.5
         ]
      },
      "3": {
         "type": 2,
         "values": [
            2.5,
            3.5
         ]
      },
      "4": {
         "type": 1,
         "values": [
            -0.656743198633194,
            -0.5692760050296783
         ]
      },
      "5": {
         "type": 1,