{
   "found": true,
   "num_iterations": 57,
   "num_foil": 6,
   "_observation": [
      1.0,
      1.0,
      3.0,
      2.0,
      -0.5213773282628908,
      -0.17038200844761156,
      0.0,
      0.0,
      4.0,
      -0.4332819178666184,
      -0.3747273409490208,
      2.0,
      5.0,
      1.0
   ],
   "_idx": 369,
   "factual_class": 0,
   "feature_bounds_splits": {
      "0": {
         "type": 2,
         "values": [
            null,
            null
         ]
      },
      "1": {
         "type": 2,
         "values": [
            null,
            null
         ]
      },
      "2": {
         "type": 2,
         "values": [
            2.5,
            null
         ]
      },
      "3": {
         "type": 2,
         "values": [
            1.5,
            2.5
         ]
      },
      "4": {
         "type": 1,
         "values": [
            -0.5192947685718536,
            -0.5005518049001694
         ]
      },
      "5": {
         "type": 1,
         "values": [
            -0.17932914197444916,
            0.11592618748545647
         ]
      },
      "6": {
         "type": 2,
         "values": [
            null,
            null
         ]
      },
      "7": {
         "type": 2,
         "values": [
            null,
            0.5
         ]
      },
      "8": {
         "type": 2,
         "values": [
            3.5,
            null
         ]
      },
      "9": {
         "type": 1,
         "values": [
            -0.4465426653623581,
            -0.4244414269924164
         ]
      },
      "10": {
         "type": 1,
         "values": [
            null,
            -0.3526300936937332
         ]
      },
      "11": {
         "type": 2,
         "values": [
            1.5,
            null
         ]
      },
      "12": {
         "type": 2,
         "values": [
            4.5,
            5.5
         ]
      },
      "13": {
         "type": 2,
         "values": [
            null,
            null
         ]
      }
   },
   "splits": [
      [
         12,
         1.5,
         false
      ],
      [
         12,
         9.5,
         true
      ],
      [
         3,
         1.5,
         false
      ],
      [
         10,
         0.023023121058940887,
         true
      ],
      [
         10,
         0.01197449880419299,
         true
      ],
      [
         12,
         3.5,
         false
      ],
      [
         12,
         4.5,
         false
      ],
      [
         12,
         7.5,
         true
      ],
      [
         4,
         -0.5005518049001694,
         true
      ],
      [
         9,
         -0.5835703313350677,
         false
      ],
      [
         9,
         -0.47969451546669006,
         false
      ],
      [
         9,
         -0.4686438888311386,
         false
      ],
      [
         9,
         -0.4664337933063507,
         false
      ],
      [
         9,
         -0.45759327709674835,
         false
      ],
      [
         9,
         -0.4465426653623581,
         false
      ],
      [
         9,
         -0.4244414269924164,
         true
      ],
      [
         11,
         1.5,
         false
      ],
      [
         5,
         2.7105942964553833,
         true
      ],
      [
         10,
         -0.18690072745084763,
         true
      ],
      [
         5,
         -0.4030074179172516,
         false
      ],
      [
         5,
         -0.3851131498813629,
         false
      ],
      [
         5,
         -0.3716924488544464,
         false
      ],
      [
         5,
         -0.3001154065132141,
         false
      ],
      [
         5,
         -0.2911682724952698,
         false
      ],
      [
         8,
         2.5,
         false
      ],
      [
         10,
         -0.2973869740962982,
         true
      ],
      [
         10,
         -0.33053284883499146,
         true
      ],
      [
         12,
         5.5,
         true
      ],
      [
         3,
         2.5,
         true
      ],
      [
         10,
         -0.3526300936937332,
         true
      ],
      [
         5,
         -0.2016969621181488,
         false
      ],
      [
         8,
         3.5,
         false
      ],
      [
         5,
         0.11592618748545647,
         true
      ],
      [
         2,
         2.5,
         false
      ],
      [
         7,
         0.5,
         true
      ],
      [
         4,
         -0.5192947685718536,
         false
      ],
      [
         5,
         -0.17932914197444916,
         false
      ]
   ],
   "remaining_rules": [
      423,
      2017,
      3836,
      6066,
      7184,
      10015,
      11821,
      13402,
      14848,
      17319
   ],
   "set_rules": [
      423,
      2017,
      3836,
      6066,
      7184,
      10015,
      11821,
      13402,
      14848,
      17319
   ],
   "foil_estimated_class": [
      1
   ],
   "distance": 1.2174394303022635e-05,
   "extraction_time": 0.5206084251403809,
   "feature_bounds": {
      "0": {
         "type": 2,
         "values": [
            0.5,
            null
         ]
      },
      "1": {
         "type": 2,
         "values": [
            0.5,
            null
         ]
      },
      "2": {
         "type": 2,
         "values": [
            2.5,
            null
         ]
      },
      "3": {
         "type": 2,
         "values": [
            1.5,
            2.5
         ]
      },
      "4": {
         "type": 1,
         "values": [
            -0.5192947685718536,
            -0.4484879970550537
         ]
      },
      "5": {
         "type": 1,
         "values": [
            -0.17932914197444916,
            0.1248733177781105
         ]
      },
      "6": {
         "type": 2,
         "values": [
            null,
            0.5
         ]
      },
      "7": {
         "type": 2,
         "values": [
            null,
            0.5
         ]
      },
      "8": {
         "type": 2,
         "values": [
            3.5,
            4.5
         ]
      },
      "9": {
         "type": 1,
         "values": [
            -0.5371577441692352,
            -0.4156009256839752
         ]
      },
      "10": {
         "type": 1,
         "values": [
            null,
            -0.3636787086725235
         ]
      },
      "11": {
         "type": 2,
         "values": [
            1.5,
            null
         ]
      },
      "12": {
         "type": 2,
         "values": [
            4.5,
            5.5
         ]
      },
      "13": {
         "type": 2,
         "values": [
            0.5,
            null
         ]
      }
   },
   "feature_bounds_compact": {
      "0": {
         "type": 2,
         "values": [
            0.5,
            null
         ]
      },
      "1": {
         "type": 2,
         "values": [
            0.5,
            null
         ]
      },
      "2": {
         "type": 2,
         "values": [
            2.5,
            null
         ]
      },
      "3": {
         "type": 2,
         "values": [
            1.5,
            2.5
         ]
      },
      "4": {
         "type": 1,
         "values": [
            -0.5192947685718536,
            -0.4484879970550537
         ]
      },
      "5": {
         "type": 1,
         "values": [
            -0.17932914197444916,
            0.1248733177781105
         ]
      },
      "6": {
         "type": 2,
         "values": [
            null,
            0.5
         ]
      },
      "7": {
         "type": 2,
         "values": [
            null,
            0.5
         ]
      },
      "8": {
         "type": 2,
         "values": [
            3.5,
            4.5
         ]
      },
      "9": {
         "type": 1,
         "values": [
            -0.5371577441692352,
            -0.4156009256839752
         ]
      },
      "10": {
         "type": 1,
         "values": [
            null,
            -0.3636787086725235
         ]
      },
      "11": {
         "type": 2,