{
   "found": true,
   "num_iterations": 105,
   "num_foil": 38,
   "_observation": [
      0.0,
      0.0,
      2.0,
      3.0,
      -0.2714710775726833,
      -0.3672188943621351,
      0.0,
      6.0,
      0.0,
      -0.17690757742437255,
      -0.24214385307631545,
      0.0,
      0.0,
      0.0
   ],
   "_idx": 289,
   "factual_class": 1,
   "feature_bounds_splits": {
      "0": {
         "type": 2,
         "values": [
            null,
            null
         ]
      },
      "1": {
         "type": 2,
         "values": [
            null,
            null
         ]
      },
      "2": {
         "type": 2,
         "values": [
            null,
            null
         ]
      },
      "3": {
         "type": 2,
         "values": [
            null,
            null
         ]
      },
      "4": {
         "type": 1,
         "values": [
            -0.31936977803707123,
            -0.26314086467027664
         ]
      },
      "5": {
         "type": 1,
         "values": [
            -0.36721889674663544,
            -0.3537982106208801
         ]
      },
      "6": {
         "type": 2,
         "values": [
            null,
            null
         ]
      },
      "7": {
         "type": 2,
         "values": [
            null,
            null
         ]
      },
      "8": {
         "type": 2,
         "values": [
            null,
            null
         ]
      },
      "9": {
         "type": 1,
         "values": [
            -0.17911770194768906,
            -0.14817596971988678
         ]
      },
      "10": {
         "type": 1,
         "values": [
            -0.3636787086725235,
            -0.2973869740962982
         ]
      },
      "11": {
         "type": 2,
         "values": [
            null,
            null
         ]
      },
      "12": {
         "type": 2,
         "values": [
            null,
            null
         ]
      },
      "13": {
         "type": 2,
         "values": [
            null,
            null
         ]
      }
   },
   "splits": [
      [
         10,
         0.07826624531298876,
         true
      ],
      [
         10,
         0.07826624065637589,
         true
      ],
      [
         10,
         -0.20899797976016998,
         true
      ],
      [
         10,
         -0.22004660218954086,
         true
      ],
      [
         10,
         -0.27528972178697586,
         true
      ],
      [
         5,
         -0.39406028389930725,
         false
      ],
      [
         5,
         -0.3895867168903351,
         false
      ],
      [
         9,
         -0.1061836201697588,
         true
      ],
      [
         5,
         -0.29564185440540314,
         true
      ],
      [
         5,
         -0.3045889735221863,
         true
      ],
      [
         5,
         -0.30906254053115845,
         true
      ],
      [
         10,
         -0.2973869740962982,
         true
      ],
      [
         10,
         -0.3636787086725235,
         false
      ],
      [
         5,
         -0.3180096745491028,
         true
      ],
      [
         9,
         -0.10618362203240395,
         true
      ],
      [
         9,
         -0.17911770194768906,
         false
      ],
      [
         4,
         -0.22773748636245728,
         true
      ],
      [
         5,
         -0.38063958287239075,
         false
      ],
      [
         9,
         -0.14817596971988678,
         true
      ],
      [
         4,
         -0.34019529819488525,
         false
      ],
      [
         5,
         -0.3448510617017746,
         true
      ],
      [
         4,
         -0.2610583230853081,
         true
      ],
      [
         4,
         -0.26314086467027664,
         true
      ],
      [
         5,
         -0.3448510766029358,
         true
      ],
      [
         4,
         -0.31936977803707123,
         false
      ],
      [
         5,
         -0.36721889674663544,
         false
      ],
      [
         5,
         -0.3537982106208801,
         true
      ]
   ],
   "remaining_rules": [
      816,
      2450,
      4063,
      6281,
      7861,
      9175,
      10970,
      12546,
      14105,
      16407
   ],
   "set_rules": [
      816,
      2450,
      4063,
      6281,
      7861,
      9175,
      10970,
      12546,
      14105,
      16407
   ],
   "foil_estimated_class": [
      0
   ],
   "distance": 0.00019210725708797603,
   "extraction_time": 0.45661449432373047,
   "feature_bounds": {
      "0": {
         "type": 2,
         "values": [
            null,
            0.5
         ]
      },
      "1": {
         "type": 2,
         "values": [
            null,
            0.5
         ]
      },
      "2": {
         "type": 2,
         "values": [
            1.5,
            2.5
         ]
      },
      "3": {
         "type": 2,
         "values": [
            2.5,
            3.5
         ]
      },
      "4": {
         "type": 1,
         "values": [
            -0.31936977803707123,
            -0.26314086467027664
         ]
      },
      "5": {
         "type": 1,
         "values": [
            -0.36721889674663544,
            -0.3537982106208801
         ]
      },
      "6": {
         "type": 2,
         "values": [
            null,
            0.5
         ]
      },
      "7": {
         "type": 2,
         "values": [
            5.5,
            null
         ]
      },
      "8": {
         "type": 2,
         "values": [
            null,
            0.5
         ]
      },
      "9": {
         "type": 1,
         "values": [
            -0.18132782727479935,
            -0.14817596971988678
         ]
      },
      "10": {
         "type": 1,
         "values": [
            -0.3636787086725235,
            -0.2973869740962982
         ]
      },
      "11": {
         "type": 2,
         "values": [
            null,
            0.5
         ]
      },
      "12": {
         "type": 2,
         "values": [
            null,
            0.5
         ]
      },
      "13": {
         "type": 2,
         "values": [
            null,
            0.5
         ]
      }
   },
   "feature_bounds_compact": {
      "0": {
         "type": 2,
         "values": [
            null,
            0.5
         ]
      },
      "1": {
         "type": 2,
         "values": [
            null,
            0.5
         ]
      },
      "2": {
         "type": 2,
         "values": [
            1.5,
            2.5
         ]
      },
      "3": {
         "type": 2,
         "values": [
            2.5,
            3.5
         ]
      },
      "4": {
         "type": 1,
         "values": [
            -0.31936977803707123,
            -0.2381502464413643
         ]
      },
      "5": {
         "type": 1,
         "values": [
            -0.36721889674663544,
            -0.3537982106208801
         ]
      },
      "6": {
         "type": 2,
         "values": [
            null,
            0.5
         ]
      },
      "7": {
         "type": 2,
         "values": [
            5.5,
            null
         ]
      },
      "8": {
         "type": 2,
         "values": [
            null,
            0.5
         ]
      },
      "9": {
         "type": 1,
         "values": [
            -0.18132782727479935,
            0.015373177826404572
         ]
      },
      "10": {
         "type": 1,
         "values": [
            -0.3636787086725235,
            -0.2973869740962982
         ]
      },
      "11": {
         "type": 2,
         "values": [
            null,
            0.5
         ]
      },
      "12": {
         "type": 2,
         "values": [
            null,
            0.5
         ]
      },
      "13": {
         "type": 2,
         "values": [
            null,
            0.5
         ]
      }
   },
   "feature_bounds_compact_count": {
      "0": {
         "type": 2,
         "values": [
            null,
            0.5
         ]
      },