{
   "found": true,
   "num_iterations": 102,
   "num_foil": 15,
   "_observation": [
      1.0,
      0.0,
      2.0,
      3.0,
      0.4241013201817275,
      -0.2777475825828062,
      0.0,
      3.0,
      3.0,
      0.574534454906348,
      0.0009258746903110836,
      1.0,
      4.0,
      1.0
   ],
   "_idx": 235,
   "factual_class": 0,
   "feature_bounds_splits": {
      "0": {
         "type": 2,
         "values": [
            null,
            null
         ]
      },
      "1": {
         "type": 2,
         "values": [
            null,
            null
         ]
      },
      "2": {
         "type": 2,
         "values": [
            null,
            2.5
         ]
      },
      "3": {
         "type": 2,
         "values": [
            null,
            null
         ]
      },
      "4": {
         "type": 1,
         "values": [
            0.08464532718062401,
            null
         ]
      },
      "5": {
         "type": 1,
         "values": [
            -0.3135361075401306,
            -0.3001154065132141
         ]
      },
      "6": {
         "type": 2,
         "values": [
            null,
            0.5
         ]
      },
      "7": {
         "type": 2,
         "values": [
            1.5,
            null
         ]
      },
      "8": {
         "type": 2,
         "values": [
            null,
            4.5
         ]
      },
      "9": {
         "type": 1,
         "values": [
            -0.35592760145664215,
            0.649678647518158
         ]
      },
      "10": {
         "type": 1,
         "values": [
            -0.03221999667584896,
            0.01197449880419299
         ]
      },
      "11": {
         "type": 2,
         "values": [
            0.5,
            null
         ]
      },
      "12": {
         "type": 2,
         "values": [
            3.5,
            4.5
         ]
      },
      "13": {
         "type": 2,
         "values": [
            null,
            null
         ]
      }
   },
   "splits": [
      [
         12,
         1.5,
         false
      ],
      [
         6,
         1.5,
         true
      ],
      [
         12,
         3.5,
         false
      ],
      [
         9,
         -0.5526286065578461,
         false
      ],
      [
         9,
         -0.5393678545951843,
         false
      ],
      [
         9,
         -0.5371577441692352,
         false
      ],
      [
         9,
         -0.5238969773054123,
         false
      ],
      [
         9,
         -0.5194767415523529,
         false
      ],
      [
         9,
         -0.48632487654685974,
         false
      ],
      [
         9,
         -0.47969451546669006,
         false
      ],
      [
         9,
         -0.4774843901395798,
         false
      ],
      [
         9,
         -0.46201352775096893,
         false
      ],
      [
         9,
         -0.4465426504611969,
         false
      ],
      [
         12,
         4.5,
         true
      ],
      [
         6,
         0.5,
         true
      ],
      [
         10,
         0.5975515842437744,
         true
      ],
      [
         10,
         0.5865029394626617,
         true
      ],
      [
         10,
         0.509162575006485,
         true
      ],
      [
         10,
         0.45391945540905,
         true
      ],
      [
         10,
         -0.3636787086725235,
         false
      ],
      [
         9,
         -0.4443325251340866,
         false
      ],
      [
         10,
         0.21084973588585854,
         true
      ],
      [
         10,
         0.21084972470998764,
         true
      ],
      [
         10,
         0.07826624065637589,
         true
      ],
      [
         10,
         0.023023121058940887,
         true
      ],
      [
         10,
         0.01197449880419299,
         true
      ],
      [
         10,
         -0.03221999667584896,
         false
      ],
      [
         9,
         -0.43107180297374725,
         false
      ],
      [
         9,
         -0.42886166274547577,
         false
      ],
      [
         9,
         -0.35592760145664215,
         false
      ],
      [
         11,
         0.5,
         false
      ],
      [
         8,
         4.5,
         true
      ],
      [
         5,
         -0.4119545519351959,
         false
      ],
      [
         4,
         -0.10486691072583199,
         false
      ],
      [
         4,
         -0.05905076547060162,
         false
      ],
      [
         5,
         -0.38063958287239075,
         false
      ],
      [
         4,
         0.018003661185503006,
         false
      ],
      [
         7,
         1.5,
         false
      ],
      [
         2,
         2.5,
         true
      ],
      [
         4,
         0.08464532718062401,
         false
      ],
      [
         5,
         -0.3448510766029358,
         false
      ],
      [
         5,
         -0.3403775095939636,
         false
      ],
      [
         5,
         -0.33590394258499146,
         false
      ],
      [
         5,
         -0.3314303755760193,
         false
      ],
      [
         5,
         -0.3001154065132141,
         true
      ],
      [
         9,
         0.649678647518158,
         true
      ],
      [
         5,
         -0.3135361075401306,
         false
      ]
   ],
   "remaining_rules": [
      1413,
      2739,
      4590,
      6779,
      8559,
      10439,
      12136,
      12147,
      13757,
      14732,
      16938,
      17312
   ],
   "set_rules": [
      1413,
      2739,
      4590,
      6779,
      8559,
      10439,
      12136,
      13757,
      14732,
      17312
   ],
   "foil_estimated_class": [
      1
   ],
   "distance": 5.7215654338453016e-05,
   "extraction_time": 0.5308988094329834,
   "feature_bounds": {
      "0": {
         "type": 2,
         "values": [
            0.5,
            null
         ]
      },
      "1": {
         "type": 2,
         "values": [
            null,
            0.5
         ]
      },
      "2": {
         "type": 2,
         "values": [
            1.5,
            2.5
         ]
      },
      "3": {
         "type": 2,
         "values": [
            2.5,
            3.5
         ]
      },
      "4": {
         "type": 1,
         "values": [
            0.13254403322935104,
            0.5053208470344543
         ]
      },
      "5": {
         "type": 1,
         "values": [
            -0.30906254053115845,
            -0.3001154065132141
         ]
      },
      "6": {
         "type": 2,
         "values": [
            null,
            0.5
         ]
      },
      "7": {
         "type": 2,
         "values": [
            1.5,
            5.5
         ]
      },
      "8": {
         "type": 2,
         "values": [
            2.5,
            3.5
         ]
      },
      "9": {
         "type": 1,
         "values": [
            0.30268923938274384,
            0.649678647518158
         ]
      },
      "10": {
         "type": 1,
         "values": [
            -0.18690072745084763,
            0.01197449880419299
         ]
      },
      "11": {
         "type": 2,
         "values": [
            0.5,
            1.5
         ]
      },
      "12": {
         "type": 2,
         "values": [
            3.5,
            4.0
         ]
      },
      "13": {
         "type": 2,
         "values": [
            0.5,
            null
         ]
      }
   },
   "feature_bounds_compact": {
      "0": {
         "type": 2,
         "values": [
            0.5,
            null
         ]
      },
      "1": {
         "type": 2,
         "values": [
            null,
            0.5
         ]
      },
      "2": {
         "type": 2,
         "values": [
            1.5,
            2.5
         ]
      },
      "3": {
         "type": 2,
         "values": [
            2.5,
            3.5
         ]
      },
      "4": {
         "type": 1,