{
   "found": true,
   "num_iterations": 510,
   "num_foil": 241,
   "_observation": [
      1.0,
      1.0,
      2.0,
      3.0,
      0.07839767339360715,
      -0.15248774609174578,
      0.0,
      0.0,
      0.0,
      0.07062626851986482,
      -0.3747273409490208,
      1.0,
      12.0,
      1.0
   ],
   "_idx": 12,
   "factual_class": 0,
   "feature_bounds_splits": {
      "0": {
         "type": 2,
         "values": [
            null,
            null
         ]
      },
      "1": {
         "type": 2,
         "values": [
            null,
            null
         ]
      },
      "2": {
         "type": 2,
         "values": [
            null,
            null
         ]
      },
      "3": {
         "type": 2,
         "values": [
            null,
            null
         ]
      },
      "4": {
         "type": 1,
         "values": [
            null,
            0.08464532718062401
         ]
      },
      "5": {
         "type": 1,
         "values": [
            -0.3045889735221863,
            -0.3001154065132141
         ]
      },
      "6": {
         "type": 2,
         "values": [
            null,
            null
         ]
      },
      "7": {
         "type": 2,
         "values": [
            null,
            null
         ]
      },
      "8": {
         "type": 2,
         "values": [
            null,
            null
         ]
      },
      "9": {
         "type": 1,
         "values": [
            -0.07745201513171196,
            0.026423797011375427
         ]
      },
      "10": {
         "type": 1,
         "values": [
            -0.3636787086725235,
            -0.34158146381378174
         ]
      },
      "11": {
         "type": 2,
         "values": [
            null,
            null
         ]
      },
      "12": {
         "type": 2,
         "values": [
            null,
            null
         ]
      },
      "13": {
         "type": 2,
         "values": [
            null,
            null
         ]
      }
   },
   "splits": [
      [
         5,
         -0.3448510617017746,
         false
      ],
      [
         10,
         -0.1979493573307991,
         true
      ],
      [
         9,
         -0.18353795260190964,
         false
      ],
      [
         9,
         -0.10618362203240395,
         false
      ],
      [
         5,
         -0.33590394258499146,
         false
      ],
      [
         10,
         -0.20899797976016998,
         true
      ],
      [
         9,
         -0.07966213673353195,
         false
      ],
      [
         9,
         -0.07745201513171196,
         false
      ],
      [
         9,
         0.02863392047584057,
         true
      ],
      [
         10,
         -0.3636787086725235,
         false
      ],
      [
         5,
         -0.22406479716300964,
         true
      ],
      [
         5,
         -0.22853835672140121,
         true
      ],
      [
         5,
         -0.2732740044593811,
         true
      ],
      [
         5,
         -0.32248324155807495,
         false
      ],
      [
         9,
         0.026423797011375427,
         true
      ],
      [
         5,
         -0.3180096745491028,
         false
      ],
      [
         4,
         0.08464532718062401,
         true
      ],
      [
         10,
         -0.34158146381378174,
         true
      ],
      [
         5,
         -0.29116828739643097,
         true
      ],
      [
         5,
         -0.29564183950424194,
         true
      ],
      [
         5,
         -0.3045889735221863,
         false
      ],
      [
         5,
         -0.3001154065132141,
         true
      ]
   ],
   "remaining_rules": [
      1527,
      2740,
      4734,
      5914,
      8446,
      10116,
      11903,
      13579,
      14795,
      17542
   ],
   "set_rules": [
      1527,
      2740,
      4734,
      5914,
      8446,
      10116,
      11903,
      13579,
      14795,
      17542
   ],
   "foil_estimated_class": [
      1
   ],
   "distance": 0.0006582597749657052,
   "extraction_time": 0.2670304775238037,
   "feature_bounds": {
      "0": {
         "type": 2,
         "values": [
            0.5,
            null
         ]
      },
      "1": {
         "type": 2,
         "values": [
            0.5,
            null
         ]
      },
      "2": {
         "type": 2,
         "values": [
            1.5,
            2.5
         ]
      },
      "3": {
         "type": 2,
         "values": [
            2.5,
            3.5
         ]
      },
      "4": {
         "type": 1,
         "values": [
            0.03674663044512272,
            0.13879168778657913
         ]
      },
      "5": {
         "type": 1,
         "values": [
            -0.30906254053115845,
            -0.3001154065132141
         ]
      },
      "6": {
         "type": 2,
         "values": [
            null,
            0.5
         ]
      },
      "7": {
         "type": 2,
         "values": [
            null,
            0.5
         ]
      },
      "8": {
         "type": 2,
         "values": [
            null,
            0.5
         ]
      },
      "9": {
         "type": 1,
         "values": [
            -0.01335843000560999,
            0.026423797011375427
         ]
      },
      "10": {
         "type": 1,
         "values": [
            -0.3636787086725235,
            -0.34158146381378174
         ]
      },
      "11": {
         "type": 2,
         "values": [
            0.5,
            1.5
         ]
      },
      "12": {
         "type": 2,
         "values": [
            11.5,
            12.5
         ]
      },
      "13": {
         "type": 2,
         "values": [
            0.5,
            null
         ]
      }
   },
   "feature_bounds_compact": {
      "0": {
         "type": 2,
         "values": [
            0.5,
            null
         ]
      },
      "1": {
         "type": 2,
         "values": [
            0.5,
            null
         ]
      },
      "2": {
         "type": 2,
         "values": [
            null,
            2.5
         ]
      },
      "3": {
         "type": 2,
         "values": [
            1.5,
            3.5
         ]
      },
      "4": {
         "type": 1,
         "values": [
            -0.15693071484565735,
            null
         ]
      },
      "5": {
         "type": 1,
         "values": [
            -0.30906254053115845,
            -0.3001154065132141
         ]
      },
      "6": {
         "type": 2,
         "values": [
            null,
            0.5
         ]
      },
      "7": {
         "type": 2,
         "values": [
            null,
            0.5
         ]
      },
      "8": {
         "type": 2,
         "values": [
            null,
            0.5
         ]
      },
      "9": {
         "type": 1,
         "values": [
            -0.07303176634013653,
            0.026423797011375427
         ]
      },
      "10": {
         "type": 1,
         "values": [
            -0.3636787086725235,
            -0.31948421895504
         ]
      },
      "11": {
         "type": 2,
         "values": [
            0.5,
            null
         ]
      },
      "12": {
         "type": 2,
         "values": [
            11.5,
            12.5
         ]
      },
      "13": {
         "type": 2,
         "values": [
            null,
            null
         ]
      }
   },
   "feature_bounds_compact_count": {
      "0": {
         "type": 2,
         "values": [
            0.5,
            null
         ]
      },
      "1": {
         "type": 2,
         "values": [
            0.5,
            null
         ]
      },
      "2": {
         "type": 2,
         "values": [
            1.5,
            2.5
         ]
      },
      "3": {
         "type": 2,
         "values": [
            1.5,
            3.5
         ]
      },
      "4": {
         "type": 1,