{
   "counterfactual_sample": {
      "shucked_weight": 2.918099852962853, 
      "diameter": 1.9361346840068965, 
      "whole_weight": 3.0046232093981646, 
      "shell_weight": 0.783216, 
      "viscera_weight": 2.996377840512432, 
      "height": 0.207958, 
      "length": 2.0070855959925598, 
      "y": 0, 
      "sex": 2.0
   }, 
   "factual_class": 0, 
   "factual_sample": {
      "shucked_weight": 2.918099852962853, 
      "diameter": 1.9361346840068965, 
      "whole_weight": 3.0046232093981646, 
      "shell_weight": 2.7421516917688726, 
      "viscera_weight": 2.996377840512432, 
      "height": 1.924429856390765, 
      "length": 2.0070855959925598, 
      "y": 0, 
      "sex": 2.0
   }, 
   "counterfactual_distance": 0.041904153345117046, 
   "counterfactual_class": 0, 
   "counterfactual_rule": {
      "diameter": ">0.221976", 
      "shell_weight": "<=0.783216", 
      "height": "<=0.207958"
   }, 
   "counterfactual_time": 18.612964153289795, 
   "counterfactual_found": false
}