{
   "counterfactual_sample": {
      "shucked_weight": 0.26869191958454675, 
      "diameter": 0.324686, 
      "whole_weight": -0.12489980273342258, 
      "shell_weight": -0.2071390680332622, 
      "viscera_weight": -0.5482936971729003, 
      "height": -0.2275450258538067, 
      "length": 0.05003309164830575, 
      "y": 1, 
      "sex": 1.0
   }, 
   "factual_class": 1, 
   "factual_sample": {
      "shucked_weight": 0.26869191958454675, 
      "diameter": 0.1725193283071389, 
      "whole_weight": -0.12489980273342258, 
      "shell_weight": -0.2071390680332622, 
      "viscera_weight": -0.5482936971729003, 
      "height": -0.2275450258538067, 
      "length": 0.05003309164830575, 
      "y": 1, 
      "sex": 1.0
   }, 
   "counterfactual_distance": 0.003172099240236484, 
   "counterfactual_class": 1, 
   "counterfactual_rule": {
      "shucked_weight": ">0.079448", 
      "diameter": ">0.323686", 
      "length": ">-0.280598", 
      "shell_weight": "-0.354424< shell_weight <=0.071739", 
      "viscera_weight": "<=0.820305"
   }, 
   "counterfactual_time": 14.73436188697815, 
   "counterfactual_found": false
}