{
   "counterfactual_sample": {
      "shucked_weight": -0.07600145950293677, 
      "diameter": 0.42446437912139023, 
      "whole_weight": 0.08210351152617766, 
      "shell_weight": 0.3748159905391446, 
      "viscera_weight": 0.13144383064578, 
      "height": 0.011563294395590387, 
      "length": 0.6329849014529767, 
      "y": 0, 
      "sex": 0.0
   }, 
   "factual_class": 0, 
   "factual_sample": {
      "shucked_weight": -0.07600145950293677, 
      "diameter": 0.42446437912139023, 
      "whole_weight": 0.08210351152617766, 
      "shell_weight": 0.3748159905391446, 
      "viscera_weight": 0.13144383064578, 
      "height": 0.011563294395590387, 
      "length": 0.6329849014529767, 
      "y": 0, 
      "sex": 0.0
   }, 
   "counterfactual_distance": 0.0, 
   "counterfactual_class": 0, 
   "counterfactual_rule": {}, 
   "counterfactual_time": 17.171167135238647, 
   "counterfactual_found": false
}