{
   "counterfactual_sample": {
      "shucked_weight": 0.2844622049022748, 
      "diameter": 0.37407536895854, 
      "whole_weight": 0.06884714164748394, 
      "shell_weight": 0.009399999999999999, 
      "viscera_weight": -0.2335159158340484, 
      "height": -0.2275450258538067, 
      "length": 0.2582301665785457, 
      "y": 1, 
      "sex": 2.0
   }, 
   "factual_class": 1, 
   "factual_sample": {
      "shucked_weight": 0.2844622049022748, 
      "diameter": 0.37407536895854, 
      "whole_weight": 0.06884714164748394, 
      "shell_weight": 0.008399842549110562, 
      "viscera_weight": -0.2335159158340484, 
      "height": -0.2275450258538067, 
      "length": 0.2582301665785457, 
      "y": 1, 
      "sex": 2.0
   }, 
   "counterfactual_distance": 1.7340299014600847e-05, 
   "counterfactual_class": 1, 
   "counterfactual_rule": {
      "shell_weight": ">0.0084"
   }, 
   "counterfactual_time": 16.631164073944092, 
   "counterfactual_found": false
}