{
   "counterfactual_sample": {
      "shucked_weight": -0.4995462651790608, 
      "diameter": -0.2809817631585129, 
      "whole_weight": -0.6317010204034775, 
      "shell_weight": -0.310782, 
      "viscera_weight": -0.6121616528068702, 
      "height": -0.3470991859785052, 
      "length": -0.19980339826798216, 
      "y": 1, 
      "sex": 1.0
   }, 
   "factual_class": 1, 
   "factual_sample": {
      "shucked_weight": -0.4995462651790608, 
      "diameter": -0.2809817631585129, 
      "whole_weight": -0.6317010204034775, 
      "shell_weight": -0.7531709748419398, 
      "viscera_weight": -0.6121616528068702, 
      "height": -0.3470991859785052, 
      "length": -0.19980339826798216, 
      "y": 1, 
      "sex": 1.0
   }, 
   "counterfactual_distance": 0.007669949464156903, 
   "counterfactual_class": 1, 
   "counterfactual_rule": {
      "shucked_weight": "<=-0.404925", 
      "diameter": "<=0.356658", 
      "shell_weight": ">-0.311782"
   }, 
   "counterfactual_time": 15.218822956085205, 
   "counterfactual_found": false
}