{
   "counterfactual_sample": {
      "shucked_weight": -1.5268677087339142, 
      "diameter": -2.346931179835372, 
      "whole_weight": -1.5647455157115264, 
      "shell_weight": -0.421555, 
      "viscera_weight": -1.4652550602034689, 
      "height": -1.7817491074748864, 
      "length": -2.4066923925285235, 
      "y": 1, 
      "sex": 1.0
   }, 
   "factual_class": 1, 
   "factual_sample": {
      "shucked_weight": -1.5268677087339142, 
      "diameter": -2.346931179835372, 
      "whole_weight": -1.5647455157115264, 
      "shell_weight": -1.5794034654077025, 
      "viscera_weight": -1.4652550602034689, 
      "height": -1.7817491074748864, 
      "length": -2.4066923925285235, 
      "y": 1, 
      "sex": 1.0
   }, 
   "counterfactual_distance": 0.020074277890857573, 
   "counterfactual_class": 1, 
   "counterfactual_rule": {
      "shucked_weight": "<=-0.616356", 
      "shell_weight": "-0.422555< shell_weight <=0.231123"
   }, 
   "counterfactual_time": 14.914061069488525, 
   "counterfactual_found": false
}