{
   "found": true,
   "num_iterations": 62,
   "num_foil": 10,
   "_observation": [
      0.0,
      1.0,
      2.0,
      3.0,
      -0.09237159791136801,
      -0.376166025540068,
      0.0,
      0.0,
      0.0,
      0.02642379602982244,
      -0.2642411010550996,
      0.0,
      0.0,
      0.0
   ],
   "_idx": 399,
   "factual_class": 1,
   "feature_bounds_splits": {
      "0": {
         "type": 2,
         "values": [
            null,
            null
         ]
      },
      "1": {
         "type": 2,
         "values": [
            null,
            null
         ]
      },
      "2": {
         "type": 2,
         "values": [
            null,
            null
         ]
      },
      "3": {
         "type": 2,
         "values": [
            null,
            null
         ]
      },
      "4": {
         "type": 1,
         "values": [
            -0.10903201624751091,
            -0.05072055570781231
         ]
      },
      "5": {
         "type": 1,
         "values": [
            -0.38063958287239075,
            -0.3716924488544464
         ]
      },
      "6": {
         "type": 2,
         "values": [
            null,
            null
         ]
      },
      "7": {
         "type": 2,
         "values": [
            null,
            null
         ]
      },
      "8": {
         "type": 2,
         "values": [
            null,
            null
         ]
      },
      "9": {
         "type": 1,
         "values": [
            0.006532683037221432,
            0.03305416740477085
         ]
      },
      "10": {
         "type": 1,
         "values": [
            -0.31948421895504,
            -0.27528972923755646
         ]
      },
      "11": {
         "type": 2,
         "values": [
            null,
            null
         ]
      },
      "12": {
         "type": 2,
         "values": [
            null,
            null
         ]
      },
      "13": {
         "type": 2,
         "values": [
            null,
            null
         ]
      }
   },
   "splits": [
      [
         10,
         0.056168993934988976,
         true
      ],
      [
         10,
         -0.03221999108791351,
         true
      ],
      [
         10,
         -0.07641449104994535,
         true
      ],
      [
         10,
         -0.07641449198126793,
         true
      ],
      [
         5,
         -0.11222565174102783,
         true
      ],
      [
         10,
         -0.08746311441063881,
         true
      ],
      [
         4,
         0.17627762258052826,
         true
      ],
      [
         5,
         -0.1748555675148964,
         true
      ],
      [
         5,
         -0.18380270712077618,
         true
      ],
      [
         5,
         -0.18380270898342133,
         true
      ],
      [
         5,
         -0.2151176705956459,
         true
      ],
      [
         5,
         -0.2598533183336258,
         true
      ],
      [
         5,
         -0.3001154065132141,
         true
      ],
      [
         5,
         -0.30906254053115845,
         true
      ],
      [
         4,
         0.06381980702280998,
         true
      ],
      [
         4,
         0.06173725612461567,
         true
      ],
      [
         4,
         -0.05072055570781231,
         true
      ],
      [
         10,
         -0.24214385077357292,
         true
      ],
      [
         10,
         -0.24214385449886322,
         true
      ],
      [
         10,
         -0.2531924769282341,
         true
      ],
      [
         5,
         -0.3448510617017746,
         true
      ],
      [
         5,
         -0.3448510766029358,
         true
      ],
      [
         5,
         -0.36274532973766327,
         true
      ],
      [
         5,
         -0.39406029880046844,
         false
      ],
      [
         4,
         -0.1985817551612854,
         false
      ],
      [
         4,
         -0.19233409315347672,
         false
      ],
      [
         4,
         -0.11111456528306007,
         false
      ],
      [
         9,
         0.22975517064332962,
         true
      ],
      [
         9,
         0.03526428900659084,
         true
      ],
      [
         10,
         -0.27528972923755646,
         true
      ],
      [
         9,
         0.03305416740477085,
         true
      ],
      [
         9,
         -0.1923784390091896,
         false
      ],
      [
         9,
         -0.06861152104102075,
         false
      ],
      [
         10,
         -0.3636787086725235,
         false
      ],
      [
         9,
         -0.004517934285104275,
         false
      ],
      [
         5,
         -0.3895867168903351,
         false
      ],
      [
         5,
         -0.38063958287239075,
         false
      ],
      [
         10,
         -0.33053284883499146,
         false
      ],
      [
         10,
         -0.31948421895504,
         false
      ],
      [
         4,
         -0.10903201624751091,
         false
      ],
      [
         9,
         0.006532683037221432,
         false
      ],
      [
         5,
         -0.3716924488544464,
         true
      ]
   ],
   "remaining_rules": [
      202,
      217,
      2241,
      3438,
      3467,
      5722,
      6965,
      7123,
      8895,
      10502,
      10623,
      12356,
      14612,
      14613,
      15903
   ],
   "set_rules": [
      217,
      2241,
      3467,
      5722,
      7123,
      8895,
      10623,
      12356,
      14613,
      15903
   ],
   "foil_estimated_class": [
      0
   ],
   "distance": 3.8534825453563826e-05,
   "extraction_time": 0.4515972137451172,
   "feature_bounds": {
      "0": {
         "type": 2,
         "values": [
            null,
            0.5
         ]
      },
      "1": {
         "type": 2,
         "values": [
            0.5,
            null
         ]
      },
      "2": {
         "type": 2,
         "values": [
            1.5,
            2.5
         ]
      },
      "3": {
         "type": 2,
         "values": [
            2.5,
            3.5
         ]
      },
      "4": {
         "type": 1,
         "values": [
            -0.09445415064692497,
            -0.05072055570781231
         ]
      },
      "5": {
         "type": 1,
         "values": [
            -0.38063958287239075,
            -0.3716924488544464
         ]
      },
      "6": {
         "type": 2,
         "values": [
            null,
            0.5
         ]
      },
      "7": {
         "type": 2,
         "values": [
            null,
            0.5
         ]
      },
      "8": {
         "type": 2,
         "values": [
            null,
            0.5
         ]
      },
      "9": {
         "type": 1,
         "values": [
            0.01979342568665743,
            0.03305416740477085
         ]
      },
      "10": {
         "type": 1,
         "values": [
            -0.2973869740962982,
            -0.27528972923755646
         ]
      },
      "11": {
         "type": 2,
         "values": [
            null,
            0.5
         ]
      },
      "12": {
         "type": 2,
         "values": [
            null,
            1.0
         ]
      },
      "13": {
         "type": 2,
         "values": [
            null,
            0.5
         ]
      }
   },
   "feature_bounds_compact": {
      "0": {
         "type": 2,
         "values": [
            null,
            0.5
         ]
      },
      "1": {
         "type": 2,
         "values": [
            0.5,
            null
         ]
      },
      "2": {
         "type": 2,
         "values": [
            1.5,
            2.5
         ]
      },
      "3": {
         "type": 2,
         "values": [
            2.5,
            3.5
         ]
      },
      "4": {
         "type": 1,
         "values": [
            -0.09445415064692497,
            -0.05072055570781231
         ]
      },
      "5": {
         "type": 1,