{
   "found": true,
   "num_iterations": 371,
   "num_foil": 144,
   "_observation": [
      1.0,
      0.0,
      2.0,
      4.0,
      -0.5505330575100817,
      0.053296271000710604,
      2.0,
      5.0,
      0.0,
      -0.6631347748148388,
      -0.24214385307631545,
      1.0,
      2.0,
      1.0
   ],
   "_idx": 269,
   "factual_class": 1,
   "feature_bounds_splits": {
      "0": {
         "type": 2,
         "values": [
            null,
            null
         ]
      },
      "1": {
         "type": 2,
         "values": [
            null,
            null
         ]
      },
      "2": {
         "type": 2,
         "values": [
            null,
            null
         ]
      },
      "3": {
         "type": 2,
         "values": [
            null,
            null
         ]
      },
      "4": {
         "type": 1,
         "values": [
            -0.5401203036308289,
            -0.5297075510025024
         ]
      },
      "5": {
         "type": 1,
         "values": [
            -0.009333647074527107,
            0.08461123332381248
         ]
      },
      "6": {
         "type": 2,
         "values": [
            null,
            2.5
         ]
      },
      "7": {
         "type": 2,
         "values": [
            null,
            null
         ]
      },
      "8": {
         "type": 2,
         "values": [
            null,
            null
         ]
      },
      "9": {
         "type": 1,
         "values": [
            -0.6830258965492249,
            -0.6697651445865631
         ]
      },
      "10": {
         "type": 1,
         "values": [
            -0.2973869740962982,
            -0.27528972923755646
         ]
      },
      "11": {
         "type": 2,
         "values": [
            null,
            null
         ]
      },
      "12": {
         "type": 2,
         "values": [
            null,
            null
         ]
      },
      "13": {
         "type": 2,
         "values": [
            null,
            null
         ]
      }
   },
   "splits": [
      [
         4,
         -0.6525781154632568,
         false
      ],
      [
         5,
         0.15171470865607262,
         true
      ],
      [
         5,
         0.14724114537239075,
         true
      ],
      [
         5,
         0.12039975076913834,
         true
      ],
      [
         5,
         -0.23748549073934555,
         false
      ],
      [
         4,
         -0.6484130024909973,
         false
      ],
      [
         4,
         -0.6442479193210602,
         false
      ],
      [
         4,
         -0.6317525804042816,
         false
      ],
      [
         9,
         0.331420861184597,
         true
      ],
      [
         9,
         0.06620601937174797,
         true
      ],
      [
         9,
         -0.23216066509485245,
         true
      ],
      [
         4,
         -0.6275874972343445,
         false
      ],
      [
         9,
         -0.2454214096069336,
         true
      ],
      [
         9,
         -0.33161623775959015,
         true
      ],
      [
         9,
         -0.37802882492542267,
         true
      ],
      [
         9,
         -0.38244907557964325,
         true
      ],
      [
         9,
         -0.3934997022151947,
         true
      ],
      [
         9,
         -0.45759327709674835,
         true
      ],
      [
         9,
         -0.4664337784051895,
         true
      ],
      [
         9,
         -0.5062160044908524,
         true
      ],
      [
         4,
         -0.5963492095470428,
         false
      ],
      [
         9,
         -0.5106362402439117,
         true
      ],
      [
         9,
         -0.5526285767555237,
         true
      ],
      [
         9,
         -0.5526286065578461,
         true
      ],
      [
         4,
         -0.5567806959152222,
         false
      ],
      [
         9,
         -0.5636792182922363,
         true
      ],
      [
         9,
         -0.5658893287181854,
         true
      ],
      [
         6,
         2.5,
         true
      ],
      [
         4,
         -0.5463679730892181,
         false
      ],
      [
         9,
         -0.6542942821979523,
         true
      ],
      [
         10,
         -0.24214385077357292,
         true
      ],
      [
         10,
         -0.24214385449886322,
         true
      ],
      [
         5,
         0.08461123332381248,
         true
      ],
      [
         5,
         -0.01828078180551529,
         false
      ],
      [
         9,
         -0.667555034160614,
         true
      ],
      [
         9,
         -0.6697651445865631,
         true
      ],
      [
         10,
         -0.2973869740962982,
         false
      ],
      [
         10,
         -0.27528972923755646,
         true
      ],
      [
         5,
         -0.009333647074527107,
         false
      ],
      [
         9,
         -0.6962866187095642,
         false
      ],
      [
         9,
         -0.6874461472034454,
         false
      ],
      [
         9,
         -0.6830258965492249,
         false
      ],
      [
         4,
         -0.5401203036308289,
         false
      ],
      [
         4,
         -0.5297075510025024,
         true
      ]
   ],
   "remaining_rules": [
      1717,
      3308,
      5013,
      6225,
      8551,
      10349,
      11709,
      13620,
      15103,
      16948
   ],
   "set_rules": [
      1717,
      3308,
      5013,
      6225,
      8551,
      10349,
      11709,
      13620,
      15103,
      16948
   ],
   "foil_estimated_class": [
      0
   ],
   "distance": 0.00021164282023599808,
   "extraction_time": 0.47252607345581055,
   "feature_bounds": {
      "0": {
         "type": 2,
         "values": [
            0.5,
            null
         ]
      },
      "1": {
         "type": 2,
         "values": [
            null,
            0.5
         ]
      },
      "2": {
         "type": 2,
         "values": [
            1.5,
            3.5
         ]
      },
      "3": {
         "type": 2,
         "values": [
            3.5,
            null
         ]
      },
      "4": {
         "type": 1,
         "values": [
            -0.5401203036308289,
            -0.5297075510025024
         ]
      },
      "5": {
         "type": 1,
         "values": [
            -0.009333647074527107,
            0.1382940113544464
         ]
      },
      "6": {
         "type": 2,
         "values": [
            1.5,
            2.5
         ]
      },
      "7": {
         "type": 2,
         "values": [
            4.5,
            5.5
         ]
      },
      "8": {
         "type": 2,
         "values": [
            null,
            0.5
         ]
      },
      "9": {
         "type": 1,
         "values": [
            -0.6830258965492249,
            -0.6697651445865631
         ]
      },
      "10": {
         "type": 1,
         "values": [
            -0.2973869740962982,
            -0.27528972923755646
         ]
      },
      "11": {
         "type": 2,
         "values": [
            null,
            1.5
         ]
      },
      "12": {
         "type": 2,
         "values": [
            1.5,
            3.5
         ]
      },
      "13": {
         "type": 2,
         "values": [
            0.5,
            null
         ]
      }
   },
   "feature_bounds_compact": {
      "0": {
         "type": 2,
         "values": [
            0.5,
            null
         ]
      },
      "1": {
         "type": 2,
         "values": [
            null,
            0.5
         ]
      },
      "2": {
         "type": 2,
         "values": [
            1.5,
            3.5
         ]
      },
      "3": {
         "type": 2,
         "values": [
            3.5,
            null
         ]
      },
      "4": {
         "type": 1,
         "values": [
            -0.5401203036308289,
            -0.5297075510025024
         ]
      },