{
   "found": true,
   "num_iterations": 102,
   "num_foil": 33,
   "_observation": [
      0.0,
      0.0,
      2.0,
      4.0,
      0.5657148622395118,
      -0.295641844938672,
      0.0,
      0.0,
      0.0,
      0.7248228613724922,
      -0.10956036520361004,
      0.0,
      0.0,
      0.0
   ],
   "_idx": 768,
   "factual_class": 1,
   "feature_bounds_splits": {
      "0": {
         "type": 2,
         "values": [
            null,
            null
         ]
      },
      "1": {
         "type": 2,
         "values": [
            null,
            null
         ]
      },
      "2": {
         "type": 2,
         "values": [
            null,
            null
         ]
      },
      "3": {
         "type": 2,
         "values": [
            null,
            null
         ]
      },
      "4": {
         "type": 1,
         "values": [
            0.3178911656141281,
            null
         ]
      },
      "5": {
         "type": 1,
         "values": [
            -0.3537982106208801,
            -0.3448510766029358
         ]
      },
      "6": {
         "type": 2,
         "values": [
            null,
            null
         ]
      },
      "7": {
         "type": 2,
         "values": [
            null,
            null
         ]
      },
      "8": {
         "type": 2,
         "values": [
            null,
            null
         ]
      },
      "9": {
         "type": 1,
         "values": [
            0.5016003549098969,
            null
         ]
      },
      "10": {
         "type": 1,
         "values": [
            -0.16480348259210587,
            -0.1427062377333641
         ]
      },
      "11": {
         "type": 2,
         "values": [
            null,
            null
         ]
      },
      "12": {
         "type": 2,
         "values": [
            null,
            null
         ]
      },
      "13": {
         "type": 2,
         "values": [
            null,
            null
         ]
      }
   },
   "splits": [
      [
         10,
         -0.27528972178697586,
         false
      ],
      [
         5,
         -0.04064860660582781,
         true
      ],
      [
         9,
         0.34468159824609756,
         false
      ],
      [
         5,
         -0.11222565174102783,
         true
      ],
      [
         5,
         -0.11222565546631813,
         true
      ],
      [
         10,
         -0.2531924769282341,
         false
      ],
      [
         5,
         -0.210644094273448,
         true
      ],
      [
         9,
         0.39993469417095184,
         false
      ],
      [
         5,
         -0.2151176705956459,
         true
      ],
      [
         5,
         -0.21959123015403748,
         true
      ],
      [
         5,
         -0.2866947203874588,
         true
      ],
      [
         5,
         -0.2911682724952698,
         true
      ],
      [
         5,
         -0.34037749469280243,
         true
      ],
      [
         5,
         -0.3403775095939636,
         true
      ],
      [
         9,
         0.4441371560096741,
         false
      ],
      [
         5,
         -0.4030074179172516,
         false
      ],
      [
         10,
         -0.010122746229171753,
         true
      ],
      [
         10,
         -0.010122748848516494,
         true
      ],
      [
         10,
         -0.09851173870265484,
         true
      ],
      [
         5,
         -0.3895867168903351,
         false
      ],
      [
         5,
         -0.38063958287239075,
         false
      ],
      [
         4,
         0.034664086997509,
         false
      ],
      [
         4,
         0.24291928857564926,
         false
      ],
      [
         5,
         -0.3448510766029358,
         true
      ],
      [
         5,
         -0.36721889674663544,
         false
      ],
      [
         5,
         -0.36274532973766327,
         false
      ],
      [
         5,
         -0.3582717627286911,
         false
      ],
      [
         10,
         -0.23109523206949234,
         false
      ],
      [
         5,
         -0.3537982106208801,
         false
      ],
      [
         9,
         0.4662383943796158,
         false
      ],
      [
         9,
         0.5016003549098969,
         false
      ],
      [
         4,
         0.294983085244894,
         false
      ],
      [
         4,
         0.3178911656141281,
         false
      ],
      [
         10,
         -0.09851174056529999,
         true
      ],
      [
         10,
         -0.1427062377333641,
         true
      ],
      [
         10,
         -0.1979493610560894,
         false
      ],
      [
         10,
         -0.16480348259210587,
         false
      ]
   ],
   "remaining_rules": [
      754,
      2276,
      3531,
      5579,
      7219,
      8921,
      10829,
      12222,
      14661,
      16114
   ],
   "set_rules": [
      754,
      2276,
      3531,
      5579,
      7219,
      8921,
      10829,
      12222,
      14661,
      16114
   ],
   "foil_estimated_class": [
      0
   ],
   "distance": 0.00024097858485075657,
   "extraction_time": 0.23178410530090332,
   "feature_bounds": {
      "0": {
         "type": 2,
         "values": [
            null,
            0.5
         ]
      },
      "1": {
         "type": 2,
         "values": [
            null,
            0.5
         ]
      },
      "2": {
         "type": 2,
         "values": [
            1.5,
            2.5
         ]
      },
      "3": {
         "type": 2,
         "values": [
            3.5,
            null
         ]
      },
      "4": {
         "type": 1,
         "values": [
            0.32205626368522644,
            1.3320940136909485
         ]
      },
      "5": {
         "type": 1,
         "values": [
            -0.3537982106208801,
            -0.3448510766029358
         ]
      },
      "6": {
         "type": 2,
         "values": [
            null,
            0.5
         ]
      },
      "7": {
         "type": 2,
         "values": [
            null,
            0.5
         ]
      },
      "8": {
         "type": 2,
         "values": [
            null,
            0.5
         ]
      },
      "9": {
         "type": 1,
         "values": [
            0.49939024448394775,
            1.4011207222938538
         ]
      },
      "10": {
         "type": 1,
         "values": [
            -0.16480348259210587,
            -0.1427062377333641
         ]
      },
      "11": {
         "type": 2,
         "values": [
            null,
            0.5
         ]
      },
      "12": {
         "type": 2,
         "values": [
            null,
            1.0
         ]
      },
      "13": {
         "type": 2,
         "values": [
            null,
            0.5
         ]
      }
   },
   "feature_bounds_compact": {
      "0": {
         "type": 2,
         "values": [
            null,
            0.5
         ]
      },
      "1": {
         "type": 2,
         "values": [
            null,
            0.5
         ]
      },
      "2": {
         "type": 2,
         "values": [
            1.5,
            2.5
         ]
      },
      "3": {
         "type": 2,
         "values": [
            3.5,
            null
         ]
      },
      "4": {
         "type": 1,
         "values": [
            0.32205626368522644,
            1.3320940136909485
         ]
      },
      "5": {
         "type": 1,
         "values": [
            -0.3537982106208801,
            -0.3448510766029358
         ]
      },
      "6": {
         "type": 2,
         "values": [
            null,
            0.5
         ]
      },
      "7": {
         "type": 2,
         "values": [
            null,
            0.5
         ]
      },
      "8": {
         "type": 2,
         "values": [
            null,
            0.5
         ]
      },
      "9": {
         "type": 1,