{
   "found": true,
   "num_iterations": 165,
   "num_foil": 69,
   "_observation": [
      0.0,
      1.0,
      2.0,
      3.0,
      -0.5546981616882519,
      -0.3940602878959337,
      0.0,
      2.0,
      0.0,
      -0.5040058738506862,
      -0.2863383490338839,
      0.0,
      0.0,
      0.0
   ],
   "_idx": 834,
   "factual_class": 1,
   "feature_bounds_splits": {
      "0": {
         "type": 2,
         "values": [
            null,
            null
         ]
      },
      "1": {
         "type": 2,
         "values": [
            null,
            null
         ]
      },
      "2": {
         "type": 2,
         "values": [
            null,
            null
         ]
      },
      "3": {
         "type": 2,
         "values": [
            null,
            null
         ]
      },
      "4": {
         "type": 1,
         "values": [
            -0.5546981692314148,
            -0.552615612745285
         ]
      },
      "5": {
         "type": 1,
         "values": [
            -0.3985338509082794,
            -0.3895867168903351
         ]
      },
      "6": {
         "type": 2,
         "values": [
            null,
            0.5
         ]
      },
      "7": {
         "type": 2,
         "values": [
            1.5,
            2.5
         ]
      },
      "8": {
         "type": 2,
         "values": [
            null,
            0.5
         ]
      },
      "9": {
         "type": 1,
         "values": [
            -0.5040058791637421,
            -0.501795768737793
         ]
      },
      "10": {
         "type": 1,
         "values": [
            -0.34158146381378174,
            -0.31948421895504
         ]
      },
      "11": {
         "type": 2,
         "values": [
            null,
            null
         ]
      },
      "12": {
         "type": 2,
         "values": [
            null,
            1.5
         ]
      },
      "13": {
         "type": 2,
         "values": [
            null,
            null
         ]
      }
   },
   "splits": [
      [
         9,
         -0.4907451272010803,
         true
      ],
      [
         10,
         -0.24214385449886322,
         true
      ],
      [
         5,
         1.9456144571304321,
         true
      ],
      [
         9,
         -0.501795768737793,
         true
      ],
      [
         9,
         -0.5040058791637421,
         false
      ],
      [
         4,
         -0.3422778397798538,
         true
      ],
      [
         4,
         -0.342277854681015,
         true
      ],
      [
         4,
         -0.4713960886001587,
         true
      ],
      [
         5,
         1.0956370830535889,
         true
      ],
      [
         5,
         -0.11222565919160843,
         true
      ],
      [
         5,
         -0.12117278575897217,
         true
      ],
      [
         5,
         -0.26432687789201736,
         true
      ],
      [
         4,
         -0.5546981692314148,
         false
      ],
      [
         5,
         -0.3314303755760193,
         true
      ],
      [
         10,
         -0.2531924769282341,
         true
      ],
      [
         5,
         -0.33590392768383026,
         true
      ],
      [
         5,
         -0.33590394258499146,
         true
      ],
      [
         5,
         -0.3582717627286911,
         true
      ],
      [
         5,
         -0.36274532973766327,
         true
      ],
      [
         5,
         -0.3761660307645798,
         true
      ],
      [
         10,
         -0.2973869666457176,
         true
      ],
      [
         10,
         -0.2973869740962982,
         true
      ],
      [
         12,
         5.5,
         true
      ],
      [
         12,
         1.5,
         true
      ],
      [
         5,
         -0.38063958287239075,
         true
      ],
      [
         6,
         0.5,
         true
      ],
      [
         5,
         -0.4030074179172516,
         false
      ],
      [
         4,
         -0.5422028601169586,
         true
      ],
      [
         10,
         -0.31948421895504,
         true
      ],
      [
         10,
         -0.3526300936937332,
         false
      ],
      [
         4,
         -0.552615612745285,
         true
      ],
      [
         7,
         2.5,
         true
      ],
      [
         10,
         -0.34158146381378174,
         false
      ],
      [
         5,
         -0.3895867168903351,
         true
      ],
      [
         7,
         1.5,
         false
      ],
      [
         8,
         0.5,
         true
      ],
      [
         5,
         -0.3985338509082794,
         false
      ]
   ],
   "remaining_rules": [
      234,
      1936,
      4374,
      5714,
      6965,
      8807,
      10502,
      12337,
      14516,
      15888
   ],
   "set_rules": [
      234,
      1936,
      4374,
      5714,
      6965,
      8807,
      10502,
      12337,
      14516,
      15888
   ],
   "foil_estimated_class": [
      0
   ],
   "distance": 0.00011525722207839496,
   "extraction_time": 0.22988629341125488,
   "feature_bounds": {
      "0": {
         "type": 2,
         "values": [
            null,
            0.5
         ]
      },
      "1": {
         "type": 2,
         "values": [
            0.5,
            null
         ]
      },
      "2": {
         "type": 2,
         "values": [
            1.5,
            2.5
         ]
      },
      "3": {
         "type": 2,
         "values": [
            2.5,
            3.5
         ]
      },
      "4": {
         "type": 1,
         "values": [
            -0.6359176933765411,
            -0.544285386800766
         ]
      },
      "5": {
         "type": 1,
         "values": [
            -0.3985338509082794,
            -0.3895867168903351
         ]
      },
      "6": {
         "type": 2,
         "values": [
            null,
            0.5
         ]
      },
      "7": {
         "type": 2,
         "values": [
            1.5,
            2.5
         ]
      },
      "8": {
         "type": 2,
         "values": [
            null,
            0.5
         ]
      },
      "9": {
         "type": 1,
         "values": [
            -0.5327374637126923,
            -0.45759327709674835
         ]
      },
      "10": {
         "type": 1,
         "values": [
            -0.34158146381378174,
            -0.31948421895504
         ]
      },
      "11": {
         "type": 2,
         "values": [
            null,
            0.5
         ]
      },
      "12": {
         "type": 2,
         "values": [
            null,
            1.5
         ]
      },
      "13": {
         "type": 2,
         "values": [
            null,
            0.5
         ]
      }
   },
   "feature_bounds_compact": {
      "0": {
         "type": 2,
         "values": [
            null,
            0.5
         ]
      },
      "1": {
         "type": 2,
         "values": [
            0.5,
            null
         ]
      },
      "2": {
         "type": 2,
         "values": [
            1.5,
            2.5
         ]
      },
      "3": {
         "type": 2,
         "values": [
            null,
            3.5
         ]
      },
      "4": {
         "type": 1,
         "values": [
            -0.6359176933765411,
            -0.4922215938568115
         ]
      },
      "5": {
         "type": 1,
         "values": [
            -0.3985338509082794,
            -0.38063958287239075
         ]
      },
      "6": {
         "type": 2,
         "values": [
            null,
            0.5
         ]
      },
      "7": {
         "type": 2,
         "values": [
            0.5,
            2.5
         ]
      },
      "8": {
         "type": 2,
         "values": [
            null,
            1.5
         ]
      },
      "9": {
         "type": 1,
         "values": [
            -0.5327374637126923,
            -0.4509629160165787
         ]
      },
      "10": {
         "type": 1,