{
   "found": true,
   "num_iterations": 186,
   "num_foil": 80,
   "_observation": [
      1.0,
      1.0,
      2.0,
      4.0,
      0.1200487151753084,
      1.529572915359637,
      2.0,
      6.0,
      0.0,
      -0.11060386868930897,
      2.1885534245899496,
      0.0,
      0.0,
      0.0
   ],
   "_idx": 841,
   "factual_class": 1,
   "feature_bounds_splits": {
      "0": {
         "type": 2,
         "values": [
            null,
            null
         ]
      },
      "1": {
         "type": 2,
         "values": [
            null,
            null
         ]
      },
      "2": {
         "type": 2,
         "values": [
            null,
            null
         ]
      },
      "3": {
         "type": 2,
         "values": [
            null,
            null
         ]
      },
      "4": {
         "type": 1,
         "values": [
            -0.7400453090667725,
            -0.7150546610355377
         ]
      },
      "5": {
         "type": 1,
         "values": [
            -0.05406929552555084,
            2.589807868003845
         ]
      },
      "6": {
         "type": 2,
         "values": [
            null,
            null
         ]
      },
      "7": {
         "type": 2,
         "values": [
            null,
            null
         ]
      },
      "8": {
         "type": 2,
         "values": [
            null,
            null
         ]
      },
      "9": {
         "type": 1,
         "values": [
            -0.4752742797136307,
            -0.4664337784051895
         ]
      },
      "10": {
         "type": 1,
         "values": [
            -0.09851174056529999,
            null
         ]
      },
      "11": {
         "type": 2,
         "values": [
            null,
            null
         ]
      },
      "12": {
         "type": 2,
         "values": [
            null,
            null
         ]
      },
      "13": {
         "type": 2,
         "values": [
            null,
            null
         ]
      }
   },
   "splits": [
      [
         9,
         1.191158950328827,
         true
      ],
      [
         9,
         1.1823184490203857,
         true
      ],
      [
         9,
         -0.5283172130584717,
         false
      ],
      [
         5,
         2.7016470432281494,
         true
      ],
      [
         5,
         2.589807868003845,
         true
      ],
      [
         5,
         -0.05406929552555084,
         false
      ],
      [
         10,
         -0.17585211247205734,
         false
      ],
      [
         10,
         -0.1427062377333641,
         false
      ],
      [
         4,
         1.5632573366165161,
         true
      ],
      [
         4,
         1.1238387823104858,
         true
      ],
      [
         4,
         0.9988856613636017,
         true
      ],
      [
         4,
         0.9968031346797943,
         true
      ],
      [
         10,
         -0.1427062340080738,
         false
      ],
      [
         10,
         -0.12060898821800947,
         false
      ],
      [
         4,
         0.38245029747486115,
         true
      ],
      [
         10,
         -0.09851174056529999,
         false
      ],
      [
         9,
         0.9414149820804596,
         true
      ],
      [
         4,
         0.3803677260875702,
         true
      ],
      [
         9,
         -0.38244908303022385,
         true
      ],
      [
         4,
         -0.27980129420757294,
         true
      ],
      [
         4,
         -0.2818838357925415,
         true
      ],
      [
         4,
         -0.6025968790054321,
         true
      ],
      [
         4,
         -0.6046794056892395,
         true
      ],
      [
         4,
         -0.6067619621753693,
         true
      ],
      [
         4,
         -0.608844518661499,
         true
      ],
      [
         9,
         -0.4266515448689461,
         true
      ],
      [
         4,
         -0.7129721343517303,
         true
      ],
      [
         9,
         -0.4377021789550781,
         true
      ],
      [
         9,
         -0.4399122893810272,
         true
      ],
      [
         4,
         -0.769201010465622,
         false
      ],
      [
         4,
         -0.7150546610355377,
         true
      ],
      [
         4,
         -0.7650358974933624,
         false
      ],
      [
         9,
         -0.4664337784051895,
         true
      ],
      [
         4,
         -0.7462929487228394,
         false
      ],
      [
         4,
         -0.7400453090667725,
         false
      ],
      [
         9,
         -0.4752742797136307,
         false
      ]
   ],
   "remaining_rules": [
      779,
      2189,
      4744,
      5969,
      8590,
      9228,
      11268,
      13310,
      14932,
      16235
   ],
   "set_rules": [
      779,
      2189,
      4744,
      5969,
      8590,
      9228,
      11268,
      13310,
      14932,
      16235
   ],
   "foil_estimated_class": [
      0
   ],
   "distance": 0.006720474481844947,
   "extraction_time": 0.45969104766845703,
   "feature_bounds": {
      "0": {
         "type": 2,
         "values": [
            0.5,
            null
         ]
      },
      "1": {
         "type": 2,
         "values": [
            0.5,
            null
         ]
      },
      "2": {
         "type": 2,
         "values": [
            1.5,
            2.5
         ]
      },
      "3": {
         "type": 2,
         "values": [
            3.5,
            null
         ]
      },
      "4": {
         "type": 1,
         "values": [
            -0.7400453090667725,
            -0.7150546610355377
         ]
      },
      "5": {
         "type": 1,
         "values": [
            0.5409148931503296,
            2.589807868003845
         ]
      },
      "6": {
         "type": 2,
         "values": [
            1.5,
            2.5
         ]
      },
      "7": {
         "type": 2,
         "values": [
            5.5,
            null
         ]
      },
      "8": {
         "type": 2,
         "values": [
            null,
            0.5
         ]
      },
      "9": {
         "type": 1,
         "values": [
            -0.4752742797136307,
            -0.4664337784051895
         ]
      },
      "10": {
         "type": 1,
         "values": [
            0.47601671516895294,
            4.619250655174255
         ]
      },
      "11": {
         "type": 2,
         "values": [
            null,
            0.5
         ]
      },
      "12": {
         "type": 2,
         "values": [
            null,
            1.5
         ]
      },
      "13": {
         "type": 2,
         "values": [
            null,
            0.5
         ]
      }
   },
   "feature_bounds_compact": {
      "0": {
         "type": 2,
         "values": [
            0.5,
            null
         ]
      },
      "1": {
         "type": 2,
         "values": [
            0.5,
            null
         ]
      },
      "2": {
         "type": 2,
         "values": [
            null,
            2.5
         ]
      },
      "3": {
         "type": 2,
         "values": [
            3.5,
            null
         ]
      },
      "4": {
         "type": 1,
         "values": [
            -0.7400453090667725,
            -0.7150546610355377
         ]
      },
      "5": {
         "type": 1,
         "values": [
            0.5409148931503296,
            2.589807868003845
         ]
      },
      "6": {
         "type": 2,
         "values": [
            1.5,
            2.5
         ]
      },
      "7": {
         "type": 2,
         "values": [
            5.5,
            null
         ]
      },
      "8": {
         "type": 2,
         "values": [
            null,
            0.5
         ]
      },
      "9": {
         "type": 1,
         "values": [
            -0.4752742797136307,
            -0.4664337784051895
         ]
      },
      "10": {
         "type": 1,