{
   "found": true,
   "num_iterations": 9326,
   "num_foil": 4637,
   "_observation": [
      1.0,
      0.0,
      2.0,
      4.0,
      -0.525542432441061,
      -0.3940602878959337,
      0.0,
      0.0,
      5.0,
      -0.4421224123646269,
      -0.2863383490338839,
      0.0,
      0.0,
      0.0
   ],
   "_idx": 776,
   "factual_class": 1,
   "feature_bounds_splits": {
      "0": {
         "type": 2,
         "values": [
            null,
            null
         ]
      },
      "1": {
         "type": 2,
         "values": [
            null,
            null
         ]
      },
      "2": {
         "type": 2,
         "values": [
            null,
            null
         ]
      },
      "3": {
         "type": 2,
         "values": [
            null,
            null
         ]
      },
      "4": {
         "type": 1,
         "values": [
            null,
            -0.5505330562591553
         ]
      },
      "5": {
         "type": 1,
         "values": [
            null,
            -0.40748098492622375
         ]
      },
      "6": {
         "type": 2,
         "values": [
            null,
            null
         ]
      },
      "7": {
         "type": 2,
         "values": [
            null,
            null
         ]
      },
      "8": {
         "type": 2,
         "values": [
            null,
            null
         ]
      },
      "9": {
         "type": 1,
         "values": [
            -0.46201352775096893,
            -0.45759327709674835
         ]
      },
      "10": {
         "type": 1,
         "values": [
            null,
            -0.2973869740962982
         ]
      },
      "11": {
         "type": 2,
         "values": [
            null,
            null
         ]
      },
      "12": {
         "type": 2,
         "values": [
            null,
            null
         ]
      },
      "13": {
         "type": 2,
         "values": [
            null,
            null
         ]
      }
   },
   "splits": [
      [
         4,
         0.011756006628274918,
         true
      ],
      [
         4,
         0.01175600616261363,
         true
      ],
      [
         4,
         -0.040307795628905296,
         true
      ],
      [
         4,
         -0.04030780494213104,
         true
      ],
      [
         4,
         -0.1423528492450714,
         true
      ],
      [
         4,
         -0.14651795476675034,
         true
      ],
      [
         4,
         -0.1486005038022995,
         true
      ],
      [
         4,
         -0.1486005075275898,
         true
      ],
      [
         4,
         -0.21940727531909943,
         true
      ],
      [
         4,
         -0.26730597764253616,
         true
      ],
      [
         4,
         -0.35060805827379227,
         true
      ],
      [
         4,
         -0.40683695673942566,
         true
      ],
      [
         4,
         -0.5442854166030884,
         true
      ],
      [
         5,
         -0.36274532973766327,
         true
      ],
      [
         5,
         -0.36721889674663544,
         true
      ],
      [
         5,
         -0.3716924488544464,
         true
      ],
      [
         4,
         -0.5463679432868958,
         true
      ],
      [
         4,
         -0.5484505295753479,
         true
      ],
      [
         5,
         -0.38063958287239075,
         true
      ],
      [
         10,
         -0.2531924769282341,
         true
      ],
      [
         10,
         -0.2973869666457176,
         true
      ],
      [
         5,
         -0.3895867168903351,
         true
      ],
      [
         10,
         -0.2973869740962982,
         true
      ],
      [
         9,
         -0.45759327709674835,
         true
      ],
      [
         5,
         -0.4030074179172516,
         true
      ],
      [
         4,
         -0.5505330562591553,
         true
      ],
      [
         5,
         -0.40748098492622375,
         true
      ],
      [
         9,
         -0.46201352775096893,
         false
      ]
   ],
   "remaining_rules": [
      815,
      2423,
      3553,
      5564,
      6999,
      9297,
      10797,
      12282,
      15300,
      15745
   ],
   "set_rules": [
      815,
      2423,
      3553,
      5564,
      6999,
      9297,
      10797,
      12282,
      15300,
      15745
   ],
   "foil_estimated_class": [
      0
   ],
   "distance": 0.00030103160607145436,
   "extraction_time": 0.37598538398742676,
   "feature_bounds": {
      "0": {
         "type": 2,
         "values": [
            0.5,
            null
         ]
      },
      "1": {
         "type": 2,
         "values": [
            null,
            0.5
         ]
      },
      "2": {
         "type": 2,
         "values": [
            1.5,
            2.5
         ]
      },
      "3": {
         "type": 2,
         "values": [
            3.5,
            null
         ]
      },
      "4": {
         "type": 1,
         "values": [
            -0.5984317362308502,
            -0.5505330562591553
         ]
      },
      "5": {
         "type": 1,
         "values": [
            null,
            -0.40748098492622375
         ]
      },
      "6": {
         "type": 2,
         "values": [
            null,
            0.5
         ]
      },
      "7": {
         "type": 2,
         "values": [
            null,
            0.5
         ]
      },
      "8": {
         "type": 2,
         "values": [
            4.5,
            5.5
         ]
      },
      "9": {
         "type": 1,
         "values": [
            -0.46201352775096893,
            -0.45759327709674835
         ]
      },
      "10": {
         "type": 1,
         "values": [
            -0.31948421895504,
            -0.2973869740962982
         ]
      },
      "11": {
         "type": 2,
         "values": [
            null,
            0.5
         ]
      },
      "12": {
         "type": 2,
         "values": [
            null,
            1.0
         ]
      },
      "13": {
         "type": 2,
         "values": [
            null,
            0.5
         ]
      }
   },
   "feature_bounds_compact": {
      "0": {
         "type": 2,
         "values": [
            0.5,
            null
         ]
      },
      "1": {
         "type": 2,
         "values": [
            null,
            0.5
         ]
      },
      "2": {
         "type": 2,
         "values": [
            1.5,
            2.5
         ]
      },
      "3": {
         "type": 2,
         "values": [
            3.5,
            null
         ]
      },
      "4": {
         "type": 1,
         "values": [
            -0.5984317362308502,
            -0.5505330562591553
         ]
      },
      "5": {
         "type": 1,
         "values": [
            null,
            -0.40748098492622375
         ]
      },
      "6": {
         "type": 2,
         "values": [
            null,
            0.5
         ]
      },
      "7": {
         "type": 2,
         "values": [
            null,
            0.5
         ]
      },
      "8": {
         "type": 2,
         "values": [
            4.5,
            5.5
         ]
      },
      "9": {
         "type": 1,
         "values": [
            -0.46201352775096893,
            -0.45759327709674835
         ]
      },
      "10": {
         "type": 1,
         "values": [
            -0.31948421895504,
            -0.2973869740962982
         ]
      },
      "11": {
         "type": 2,
         "values": [
            null,
            0.5
         ]
      },
      "12": {
         "type": 2,
         "values": [
            null,
            1.0
         ]
      },
      "13": {
         "type": 2,
         "values": [
            null,
            0.5
         ]
      }
   },
   "feature_bounds_compact_count": {
      "0": {
         "type": 2,
         "values": [
            0.5,
            null
         ]
      },
      "1": {
         "type": 2,