{
   "found": true,
   "num_iterations": 942,
   "num_foil": 437,
   "_observation": [
      1.0,
      0.0,
      2.0,
      4.0,
      3.0147961190035457,
      2.3079733278397985,
      0.0,
      1.0,
      2.0,
      3.323928243786985,
      6.3870305405589525,
      0.0,
      0.0,
      0.0
   ],
   "_idx": 552,
   "factual_class": 1,
   "feature_bounds_splits": {
      "0": {
         "type": 2,
         "values": [
            null,
            null
         ]
      },
      "1": {
         "type": 2,
         "values": [
            null,
            null
         ]
      },
      "2": {
         "type": 2,
         "values": [
            null,
            null
         ]
      },
      "3": {
         "type": 2,
         "values": [
            null,
            null
         ]
      },
      "4": {
         "type": 1,
         "values": [
            2.9002556800842285,
            4.907835960388184
         ]
      },
      "5": {
         "type": 1,
         "values": [
            4.419496297836304,
            4.857905864715576
         ]
      },
      "6": {
         "type": 2,
         "values": [
            null,
            null
         ]
      },
      "7": {
         "type": 2,
         "values": [
            0.5,
            null
         ]
      },
      "8": {
         "type": 2,
         "values": [
            1.5,
            null
         ]
      },
      "9": {
         "type": 1,
         "values": [
            3.049872875213623,
            3.1117563247680664
         ]
      },
      "10": {
         "type": 1,
         "values": [
            0.5423084497451782,
            null
         ]
      },
      "11": {
         "type": 2,
         "values": [
            null,
            0.5
         ]
      },
      "12": {
         "type": 2,
         "values": [
            null,
            1.5
         ]
      },
      "13": {
         "type": 2,
         "values": [
            null,
            null
         ]
      }
   },
   "splits": [
      [
         4,
         1.2487919330596924,
         false
      ],
      [
         9,
         -0.6233525574207306,
         false
      ],
      [
         9,
         -0.6167221665382385,
         false
      ],
      [
         9,
         -0.338246613740921,
         false
      ],
      [
         9,
         -0.32719598710536957,
         false
      ],
      [
         9,
         -0.322775736451149,
         false
      ],
      [
         9,
         -0.27636314183473587,
         false
      ],
      [
         9,
         -0.2675226405262947,
         false
      ],
      [
         9,
         -0.23658090829849243,
         false
      ],
      [
         9,
         -0.21447968482971191,
         false
      ],
      [
         9,
         -0.1702772080898285,
         false
      ],
      [
         9,
         -0.11723423562943935,
         false
      ],
      [
         9,
         -0.10176337510347366,
         false
      ],
      [
         9,
         -0.08850263245403767,
         false
      ],
      [
         9,
         -0.08408238366246223,
         false
      ],
      [
         9,
         -0.008938183076679707,
         false
      ],
      [
         9,
         0.04852503165602684,
         false
      ],
      [
         9,
         0.06399589776992798,
         false
      ],
      [
         9,
         0.07062626630067825,
         false
      ],
      [
         9,
         0.5855850577354431,
         false
      ],
      [
         9,
         0.5922154486179352,
         false
      ],
      [
         9,
         0.5944255515933037,
         false
      ],
      [
         9,
         0.6010559499263763,
         false
      ],
      [
         9,
         0.607686311006546,
         false
      ],
      [
         9,
         0.6165268123149872,
         false
      ],
      [
         9,
         0.6364178955554962,
         false
      ],
      [
         5,
         -0.19722341001033783,
         false
      ],
      [
         5,
         -0.19274983555078506,
         false
      ],
      [
         5,
         -0.18380270153284073,
         false
      ],
      [
         5,
         -0.1748555675148964,
         false
      ],
      [
         5,
         -0.17038200795650482,
         false
      ],
      [
         9,
         0.680620402097702,
         false
      ],
      [
         5,
         -0.16143488138914108,
         false
      ],
      [
         5,
         -0.15696131438016891,
         false
      ],
      [
         5,
         0.14276758208870888,
         false
      ],
      [
         5,
         0.14724114537239075,
         false
      ],
      [
         5,
         0.16066183894872665,
         false
      ],
      [
         9,
         1.7525303363800049,
         false
      ],
      [
         5,
         0.6527540385723114,
         false
      ],
      [
         5,
         0.684069037437439,
         false
      ],
      [
         5,
         1.064322054386139,
         false
      ],
      [
         5,
         1.1001105904579163,
         false
      ],
      [
         5,
         1.1135313510894775,
         false
      ],
      [
         5,
         1.198529064655304,
         false
      ],
      [
         4,
         1.5715875625610352,
         false
      ],
      [
         5,
         1.2566854357719421,
         false
      ],
      [
         5,
         1.279053270816803,
         false
      ],
      [
         5,
         1.4222073554992676,
         false
      ],
      [
         5,
         1.538520097732544,
         false
      ],
      [
         9,
         1.849775791168213,
         false
      ],
      [
         4,
         2.033914089202881,
         false
      ],
      [
         4,
         2.25258207321167,
         false
      ],
      [
         4,
         2.3837828636169434,
         false
      ],
      [
         4,
         2.4733325242996216,
         false
      ],
      [
         9,
         2.00227427482605,
         false
      ],
      [
         9,
         2.02437561750412,
         false
      ],
      [
         4,
         2.494158148765564,
         false
      ],
      [
         4,
         2.5378917455673218,
         false
      ],
      [
         9,
         2.196765184402466,
         false
      ],
      [
         9,
         2.2475979924201965,
         false
      ],
      [
         5,
         1.6100971102714539,
         false
      ],
      [
         4,
         2.596203088760376,
         false
      ],
      [
         4,
         2.6086984872817993,
         false
      ],
      [
         4,
         2.9002556800842285,
         false
      ],
      [
         9,
         2.3735750913619995,
         false
      ],
      [
         7,
         0.5,
         false
      ],
      [
         9,
         2.424407958984375,
         false
      ],
      [
         9,
         2.9172654151916504,
         false
      ],
      [
         5,
         1.7085155844688416,
         false
      ],
      [
         10,
         0.5423084497451782,
         false
      ],
      [
         5,
         1.7577247619628906,
         false
      ],
      [
         5,
         2.20955491065979,
         false
      ],
      [
         12,
         1.5,
         true
      ],
      [
         11,
         0.5,
         true
      ],
      [
         5,
         2.473495364189148,
         false
      ],
      [
         8,
         1.5,
         false
      ],
      [
         9,
         3.4521154165267944,
         true
      ],
      [
         5,
         5.6049909591674805,
         true
      ],
      [
         4,
         4.907835960388184,
         true
      ],
      [
         5,
         5.5647289752960205,
         true
      ],
      [
         9,
         3.441064715385437,
         true
      ],
      [
         9,
         3.00346040725708,
         false
      ],
      [
         9,
