{
   "factual_sample": {
      "Temperature": 1.2318400233007647,
      "Humidity": 2.3584380101411524,
      "Light": 0.9584611900044832,
      "CO2": 2.180571046423883,
      "HumidityRatio": 2.1075239433937583,
      "y": false
   },
   "counterfactual_sample": {
      "Temperature": 1.2318400233007647,
      "Humidity": 2.358110032443093,
      "Light": 0.24176456034183502,
      "CO2": 2.180571046423883,
      "HumidityRatio": 2.107195965695699,
      "y": true
   },
   "counterfactual_found": true,
   "counterfactual_plausible": true,
   "counterfactual_distance": 0.02116366836378658,
   "counterfactual_time": 2.108968734741211,
   "counterfactual_class": 1,
   "factual_class": 0,
   "valid_": true
}