{
   "found": true,
   "num_iterations": 624,
   "num_foil": 299,
   "_observation": [
      1.2537307755851101,
      0.5114393476065748,
      1.828890336518344,
      1.0366225128566555,
      0.8491095568868308
   ],
   "_idx": 125,
   "factual_class": 0,
   "feature_bounds_splits": {
      "0": {
         "type": 1,
         "values": [
            null,
            0.9480710029602051
         ]
      },
      "1": {
         "type": 1,
         "values": [
            -0.14116684347391129,
            0.7991606891155243
         ]
      },
      "2": {
         "type": 1,
         "values": [
            1.5116983652114868,
            1.5310856699943542
         ]
      },
      "3": {
         "type": 1,
         "values": [
            0.7797538042068481,
            null
         ]
      },
      "4": {
         "type": 1,
         "values": [
            0.322853147983551,
            null
         ]
      }
   },
   "splits": [
      [
         4,
         0.19084899127483368,
         false
      ],
      [
         2,
         1.0088281631469727,
         false
      ],
      [
         4,
         0.29365015029907227,
         false
      ],
      [
         4,
         0.3040892779827118,
         false
      ],
      [
         4,
         0.322853147983551,
         false
      ],
      [
         2,
         1.3016647100448608,
         false
      ],
      [
         2,
         1.5051026940345764,
         false
      ],
      [
         3,
         0.3095872700214386,
         false
      ],
      [
         1,
         -0.14116684347391129,
         false
      ],
      [
         3,
         0.46507541835308075,
         false
      ],
      [
         2,
         1.5077676177024841,
         false
      ],
      [
         1,
         0.9358092844486237,
         true
      ],
      [
         2,
         1.5116983652114868,
         false
      ],
      [
         1,
         0.7991606891155243,
         true
      ],
      [
         2,
         1.803407073020935,
         true
      ],
      [
         2,
         1.6340181827545166,
         true
      ],
      [
         3,
         0.7633791267871857,
         false
      ],
      [
         3,
         0.7769060432910919,
         false
      ],
      [
         3,
         0.7797538042068481,
         false
      ],
      [
         0,
         1.1223862767219543,
         true
      ],
      [
         0,
         1.0494170784950256,
         true
      ],
      [
         0,
         0.9516383707523346,
         true
      ],
      [
         2,
         1.6018392443656921,
         true
      ],
      [
         2,
         1.5344834327697754,
         true
      ],
      [
         0,
         0.9480710029602051,
         true
      ],
      [
         2,
         1.5310856699943542,
         true
      ]
   ],
   "remaining_rules": [
      29,
      57,
      110,
      148,
      192,
      229,
      263,
      300,
      348,
      395
   ],
   "set_rules": [
      29,
      57,
      110,
      148,
      192,
      229,
      263,
      300,
      348,
      395
   ],
   "foil_estimated_class": [
      1
   ],
   "distance": 0.023713516170148604,
   "extraction_time": 0.029985427856445312,
   "feature_bounds": {
      "0": {
         "type": 1,
         "values": [
            0.9107756316661835,
            0.9480710029602051
         ]
      },
      "1": {
         "type": 1,
         "values": [
            0.024960421957075596,
            0.7453925013542175
         ]
      },
      "2": {
         "type": 1,
         "values": [
            1.516095519065857,
            1.5310856699943542
         ]
      },
      "3": {
         "type": 1,
         "values": [
            0.9607579708099365,
            1.135041356086731
         ]
      },
      "4": {
         "type": 1,
         "values": [
            0.8350948095321655,
            0.8647981286048889
         ]
      }
   },
   "feature_bounds_compact": {
      "0": {
         "type": 1,
         "values": [
            0.9107756316661835,
            0.9480710029602051
         ]
      },
      "1": {
         "type": 1,
         "values": [
            0.024960421957075596,
            0.7453925013542175
         ]
      },
      "2": {
         "type": 1,
         "values": [
            1.516095519065857,
            1.5310856699943542
         ]
      },
      "3": {
         "type": 1,
         "values": [
            0.9607579708099365,
            1.1830547451972961
         ]
      },
      "4": {
         "type": 1,
         "values": [
            0.8350948095321655,
            0.8647981286048889
         ]
      }
   },
   "feature_bounds_compact_count": {
      "0": {
         "type": 1,
         "values": [
            0.9107756316661835,
            0.9480710029602051
         ]
      },
      "1": {
         "type": 1,
         "values": [
            0.024960421957075596,
            0.7453925013542175
         ]
      },
      "2": {
         "type": 1,
         "values": [
            1.516095519065857,
            1.5310856699943542
         ]
      },
      "3": {
         "type": 1,
         "values": [
            0.9607579708099365,
            1.1830547451972961
         ]
      },
      "4": {
         "type": 1,
         "values": [
            0.8350948095321655,
            0.8647981286048889
         ]
      }
   },
   "counterfactual_sample": [
      0.9430710029602051,
      0.5114393476065748,
      1.5260856699943544,
      1.0366225128566555,
      0.8491095568868308
   ],
   "counterfactual_distance": 0.023709599861782803,
   "counterfactual_class": 1,
   "valid_": true
}