{
   "factual_sample": {
      "sex": 2.0,
      "length": 0.3831484115366887,
      "diameter": 0.3236863587956897,
      "height": 0.13111745452028825,
      "whole_weight": 0.107596530523665,
      "shucked_weight": 0.005102864988235681,
      "viscera_weight": 0.13600582747677786,
      "shell_weight": 0.2490849593660937,
      "y": false
   },
   "counterfactual_sample": {
      "sex": 2,
      "length": 0.3831484115366887,
      "diameter": 0.3223189766764533,
      "height": 0.13078861451419596,
      "whole_weight": 0.10996481149266073,
      "shucked_weight": 0.004774024982143398,
      "viscera_weight": 0.13600582747677786,
      "shell_weight": 0.23291954398155212,
      "y": true
   },
   "counterfactual_found": true,
   "counterfactual_plausible": true,
   "counterfactual_distance": 0.0003678396357946318,
   "counterfactual_time": 77.78697443008423,
   "counterfactual_class": 1,
   "factual_class": 0,
   "valid_": true
}