{
   "factual_sample": {
      "sex": 2.0,
      "length": 1.9654461810065116,
      "diameter": 1.9865236941697468,
      "height": 1.8048756962660664,
      "whole_weight": 2.7415352533440918,
      "shucked_weight": 1.9899059171194329,
      "viscera_weight": 2.8367079514275066,
      "shell_weight": 2.925359765763889,
      "y": false
   },
   "counterfactual_sample": {
      "sex": 2,
      "length": 1.9650625428482744,
      "diameter": 0.8527709543704987,
      "height": 0.7886653542518616,
      "whole_weight": 2.7411516151858546,
      "shucked_weight": 2.037559006799121,
      "viscera_weight": 2.8363243132692695,
      "shell_weight": 2.924976127605652,
      "y": true
   },
   "counterfactual_found": true,
   "counterfactual_plausible": true,
   "counterfactual_distance": 0.029254496779792312,
   "counterfactual_time": 115.02739977836609,
   "counterfactual_class": 1,
   "factual_class": 0,
   "valid_": true
}