{
   "factual_sample": {
      "sex": 1.0,
      "length": -1.157509942947085,
      "diameter": -1.1879839460898172,
      "height": -1.1839783068513945,
      "whole_weight": -1.2170207365857946,
      "shucked_weight": -1.2339909814046797,
      "viscera_weight": -1.1960972471745952,
      "shell_weight": -1.141141013890211,
      "y": true
   },
   "counterfactual_sample": {
      "sex": 1,
      "length": -1.1577349761619584,
      "diameter": -1.1882089793046906,
      "height": -1.1857719251408925,
      "whole_weight": -1.2002693925889518,
      "shucked_weight": -1.2565199732780457,
      "viscera_weight": -1.1963222803894686,
      "shell_weight": -1.141380062586284,
      "y": true
   },
   "counterfactual_found": true,
   "counterfactual_plausible": true,
   "counterfactual_distance": 0.0008096975450213279,
   "counterfactual_time": 39.412272930145264,
   "counterfactual_class": 0,
   "factual_class": 1,
   "valid_": true
}