{
   "factual_sample": {
      "sex": 1.0,
      "length": -1.6155435077936124,
      "diameter": -1.641485037555469,
      "height": -1.7817491074748864,
      "whole_weight": -1.3954718695682085,
      "shucked_weight": -1.3579003660439712,
      "viscera_weight": -1.3557671362595205,
      "shell_weight": -1.3530876092962107,
      "y": true
   },
   "counterfactual_sample": {
      "sex": 1,
      "length": -1.5525893754268891,
      "diameter": -1.641980035602701,
      "height": -1.7822441055221183,
      "whole_weight": -1.37305291359675,
      "shucked_weight": -1.37704998254776,
      "viscera_weight": -1.3484291023517854,
      "shell_weight": -1.3535826073434427,
      "y": true
   },
   "counterfactual_found": true,
   "counterfactual_plausible": true,
   "counterfactual_distance": 0.0022744129627707567,
   "counterfactual_time": 46.4114887714386,
   "counterfactual_class": 1,
   "factual_class": 1,
   "valid_": false
}