{
   "factual_sample": {
      "sex": 1.0,
      "length": -2.240134732584332,
      "diameter": -2.246153159509672,
      "height": -1.9013032675995851,
      "whole_weight": -1.5015228285977569,
      "shucked_weight": -1.4435104863402088,
      "viscera_weight": -1.4561310665414733,
      "shell_weight": -1.5362956832912278,
      "y": true
   },
   "counterfactual_sample": {
      "sex": 1,
      "length": -2.240225869888917,
      "diameter": -2.246482185333416,
      "height": -1.9020143038912558,
      "whole_weight": -1.3296087366196707,
      "shucked_weight": -1.4436016236447935,
      "viscera_weight": -1.3351470213982657,
      "shell_weight": -1.5365740371842693,
      "y": true
   },
   "counterfactual_found": true,
   "counterfactual_plausible": true,
   "counterfactual_distance": 0.005932713181390205,
   "counterfactual_time": 53.06916928291321,
   "counterfactual_class": 0,
   "factual_class": 1,
   "valid_": true
}