{
   "factual_sample": {
      "sex": 1.0,
      "length": 1.1326578812855526,
      "diameter": 1.1802995315641436,
      "height": 0.9679965753931772,
      "whole_weight": 1.7636230446004646,
      "shucked_weight": 1.0955054498140016,
      "viscera_weight": 2.006424528185898,
      "shell_weight": 1.3016333060433471,
      "y": false
   },
   "counterfactual_sample": {
      "sex": 1,
      "length": 1.1326578812855526,
      "diameter": 1.1047160029411316,
      "height": 1.1482040986782729,
      "whole_weight": 1.7976402745014846,
      "shucked_weight": 1.0959435789890297,
      "viscera_weight": 2.005548269835842,
      "shell_weight": 1.0896866917610168,
      "y": true
   },
   "counterfactual_found": true,
   "counterfactual_plausible": true,
   "counterfactual_distance": 0.006846380777503821,
   "counterfactual_time": 142.57267093658447,
   "counterfactual_class": 0,
   "factual_class": 0,
   "valid_": false
}