{
   "factual_sample": {
      "sex": 2.0,
      "length": 0.5080666564948327,
      "diameter": 0.7267984400984913,
      "height": 1.087550735517876,
      "whole_weight": 0.43084801141180895,
      "shucked_weight": 0.33627885666052404,
      "viscera_weight": 0.7701233869854796,
      "shell_weight": 0.3317082084226696,
      "y": false
   },
   "counterfactual_sample": {
      "sex": 2,
      "length": 0.5080666542053223,
      "diameter": 0.7267984400984913,
      "height": 1.087550735517876,
      "whole_weight": 0.4341910414705841,
      "shucked_weight": 0.3354851380830826,
      "viscera_weight": 0.7701233869854796,
      "shell_weight": 0.3360942535410492,
      "y": true
   },
   "counterfactual_found": true,
   "counterfactual_plausible": true,
   "counterfactual_distance": 0.0001634203459432395,
   "counterfactual_time": 20.17782759666443,
   "counterfactual_class": 1,
   "factual_class": 0,
   "valid_": true
}