{
   "factual_sample": {
      "sex": 1.0,
      "length": 0.00839367666225776,
      "diameter": -0.029036712344261587,
      "height": -0.3470991859785052,
      "whole_weight": -0.3502580906712135,
      "shucked_weight": -0.2742564749258034,
      "viscera_weight": -0.27457388731302906,
      "shell_weight": -0.508893542848584,
      "y": true
   },
   "counterfactual_sample": {
      "sex": 1,
      "length": -0.012426030822098255,
      "diameter": -0.029207438736346833,
      "height": -0.34726991237059046,
      "whole_weight": -0.35108847913676444,
      "shucked_weight": -0.27442720131788867,
      "viscera_weight": -0.1808822266127518,
      "shell_weight": -0.5124858617782593,
      "y": true
   },
   "counterfactual_found": true,
   "counterfactual_plausible": true,
   "counterfactual_distance": 0.0022001837757159495,
   "counterfactual_time": 297.32160234451294,
   "counterfactual_class": 0,
   "factual_class": 1,
   "valid_": true
}