{
   "factual_sample": {
      "sex": 0.0,
      "length": 0.2998695815645937,
      "diameter": 0.5252423994470907,
      "height": 0.9679965753931772,
      "whole_weight": 0.2880871050258778,
      "shucked_weight": -0.07825435740546936,
      "viscera_weight": 0.1405678243077757,
      "shell_weight": 0.8346323331148728,
      "y": false
   },
   "counterfactual_sample": {
      "sex": 0,
      "length": 0.2998695815645937,
      "diameter": 0.6513022548569972,
      "height": 0.5495570302009583,
      "whole_weight": 0.11932331696152687,
      "shucked_weight": -0.07834168482754529,
      "viscera_weight": 0.1314438283443451,
      "shell_weight": 0.8345450056927969,
      "y": true
   },
   "counterfactual_found": true,
   "counterfactual_plausible": true,
   "counterfactual_distance": 0.008394886489608651,
   "counterfactual_time": 302.5501823425293,
   "counterfactual_class": 1,
   "factual_class": 0,
   "valid_": true
}