{
   "factual_sample": {
      "variance_wti": -0.7982947453658172,
      "skewness_wti": 1.552955606918121,
      "curtosis_wty": 0.4151537345659332,
      "entropy": -1.7603371947857729
   },
   "counterfactual_sample": {
      "variance_wti": -0.77519,
      "skewness_wti": 1.552955606918121,
      "curtosis_wty": 0.01509,
      "entropy": -1.7603371947857729
   },
   "factual_class": 0,
   "counterfactual_class": 0,
   "counterfactual_found": false,
   "counterfactual_rule_id": 636,
   "counterfactual_rule": {
      "0": [
         -0.78019,
         -0.38878
      ],
      "1": [
         0.51089,
         null
      ],
      "2": [
         -0.0178,
         0.02009
      ],
      "3": [
         null,
         -1.21021
      ]
   },
   "counterfactual_distance": 0.019746808203961103,
   "counterfactual_time": 1.090203046798706
}