{
   "found": true,
   "num_iterations": 1923,
   "num_foil": 932,
   "_observation": [
      0.0,
      1.0077396363274085,
      0.8275764604241918,
      1.2071048956425745,
      0.974359176438246,
      0.5390396678884556,
      1.6049688070580863,
      0.7627860295874151
   ],
   "_idx": 399,
   "factual_class": 0,
   "feature_bounds_splits": {
      "0": {
         "type": 2,
         "values": [
            null,
            null
         ]
      },
      "1": {
         "type": 1,
         "values": [
            0.8620016872882843,
            0.945280522108078
         ]
      },
      "2": {
         "type": 1,
         "values": [
            0.8023819625377655,
            0.8527709543704987
         ]
      },
      "3": {
         "type": 1,
         "values": [
            0.6691111922264099,
            1.027773678302765
         ]
      },
      "4": {
         "type": 1,
         "values": [
            0.9554943442344666,
            0.9646718502044678
         ]
      },
      "5": {
         "type": 1,
         "values": [
            0.5784653723239899,
            null
         ]
      },
      "6": {
         "type": 1,
         "values": [
            1.53653883934021,
            1.657431721687317
         ]
      },
      "7": {
         "type": 1,
         "values": [
            0.74123215675354,
            0.7825437784194946
         ]
      }
   },
   "splits": [
      [
         3,
         1.8646528124809265,
         true
      ],
      [
         3,
         1.8646527528762817,
         true
      ],
      [
         3,
         1.6255444884300232,
         true
      ],
      [
         5,
         0.21011657640337944,
         false
      ],
      [
         7,
         1.3555180430412292,
         true
      ],
      [
         5,
         0.2146223708987236,
         false
      ],
      [
         7,
         1.2208061814308167,
         true
      ],
      [
         5,
         0.21574882417917252,
         false
      ],
      [
         7,
         1.1687176823616028,
         true
      ],
      [
         5,
         0.23827780038118362,
         false
      ],
      [
         5,
         0.2427835911512375,
         false
      ],
      [
         5,
         0.2506687417626381,
         false
      ],
      [
         5,
         0.35655493289232254,
         false
      ],
      [
         7,
         1.1220175623893738,
         true
      ],
      [
         7,
         1.100463628768921,
         true
      ],
      [
         7,
         1.0986675024032593,
         true
      ],
      [
         7,
         1.0896866917610168,
         true
      ],
      [
         5,
         0.3779574781656265,
         false
      ],
      [
         5,
         0.37908391654491425,
         false
      ],
      [
         7,
         1.0735212564468384,
         true
      ],
      [
         7,
         1.0681328177452087,
         true
      ],
      [
         7,
         1.0232289135456085,
         true
      ],
      [
         5,
         0.3847161680459976,
         false
      ],
      [
         2,
         1.5582171082496643,
         true
      ],
      [
         2,
         1.4574390649795532,
         true
      ],
      [
         5,
         0.3914748579263687,
         false
      ],
      [
         7,
         1.01604425907135,
         true
      ],
      [
         7,
         0.9639556705951691,
         true
      ],
      [
         7,
         0.9226440489292145,
         true
      ],
      [
         7,
         0.8382246494293213,
         true
      ],
      [
         7,
         0.8346323072910309,
         true
      ],
      [
         2,
         1.40705007314682,
         true
      ],
      [
         1,
         0.3831483945250511,
         false
      ],
      [
         7,
         0.8310400247573853,
         true
      ],
      [
         1,
         0.40396811068058014,
         false
      ],
      [
         1,
         0.8620016872882843,
         false
      ],
      [
         7,
         0.7843399345874786,
         true
      ],
      [
         7,
         0.7825437784194946,
         true
      ],
      [
         7,
         0.74123215675354,
         false
      ],
      [
         5,
         0.5469247996807098,
         false
      ],
      [
         4,
         1.0681734681129456,
         true
      ],
      [
         4,
         1.0646044611930847,
         true
      ],
      [
         1,
         1.0701987743377686,
         true
      ],
      [
         1,
         0.9869199693202972,
         true
      ],
      [
         3,
         0.6691111922264099,
         false
      ],
      [
         6,
         1.659712791442871,
         true
      ],
      [
         3,
         1.0875507593154907,
         true
      ],
      [
         1,
         0.9869199395179749,
         true
      ],
      [
         6,
         1.657431721687317,
         true
      ],
      [
         4,
         1.0294240713119507,
         true
      ],
      [
         4,
         1.0268747806549072,
         true
      ],
      [
         1,
         0.9661002457141876,
         true
      ],
      [
         3,
         1.027773678302765,
         true
      ],
      [
         4,
         1.0258550643920898,
         true
      ],
      [
         2,
         0.8527709543704987,
         true
      ],
      [
         2,
         0.8023819625377655,
         false
      ],
      [
         6,
         1.53653883934021,
         false
      ],
      [
         4,
         1.0248353481292725,
         true
      ],
      [
         4,
         0.9238829910755157,
         false
      ],
      [
         5,
         0.5683273375034332,
         false
      ],
      [
         1,
         0.945280522108078,
         true
      ],
      [
         4,
         0.9554943442344666,
         false
      ],
      [
         4,
         0.9646718502044678,
         true
      ],
      [
         5,
         0.5784653723239899,
         false
      ]
   ],
   "remaining_rules": [
      541,
      1102,
      1706,
      2332,
      2953,
      3514,
      4092,
      4748,
      5377,
      5965
   ],
   "set_rules": [
      541,
      1102,
      1706,
      2332,
      2953,
      3514,
      4092,
      4748,
      5377,
      5965
   ],
   "foil_estimated_class": [
      1
   ],
   "distance": 0.0030456307135221417,
   "extraction_time": 0.19254207611083984,
   "feature_bounds": {
      "0": {
         "type": 2,
         "values": [
            null,
            0.5
         ]
      },
      "1": {
         "type": 1,
         "values": [
            0.9036411046981812,
            0.945280522108078
         ]
      },
      "2": {
         "type": 1,
         "values": [
            0.6512149274349213,
            0.8527709543704987
         ]
      },
      "3": {
         "type": 1,
         "values": [
            0.7886653542518616,
            1.027773678302765
         ]
      },
      "4": {
         "type": 1,
         "values": [
            0.9554943442344666,
            0.9646718502044678
         ]
      },
      "5": {
         "type": 1,
         "values": [
            0.5784653723239899,
            0.5886034071445465
         ]
      },
      "6": {
         "type": 1,
         "values": [
            1.53653883934021,
            1.657431721687317
         ]
      },
      "7": {
         "type": 1,
         "values": [
            0.735843688249588,
            1.01604425907135
         ]
      }
   },
   "feature_bounds_compact": {
      "0": {
         "type": 2,
         "values": [
            null,
            0.5
         ]
      },
      "1": {
         "type": 1,
         "values": [
            0.9036411046981812,
            0.945280522108078
         ]
      },
      "2": {
         "type": 1,
         "values": [
            0.6512149274349213,
            0.8527709543704987
         ]
      },
      "3": {
         "type": 1,