{
   "found": true,
   "num_iterations": 412,
   "num_foil": 187,
   "_observation": [
      1.134547790925902,
      -0.17913293010774256,
      0.9584611900044832,
      0.3420518199588544,
      0.3229373920176517
   ],
   "_idx": 14,
   "factual_class": 0,
   "feature_bounds_splits": {
      "0": {
         "type": 1,
         "values": [
            null,
            null
         ]
      },
      "1": {
         "type": 1,
         "values": [
            -0.1945245862007141,
            -0.18665774166584015
         ]
      },
      "2": {
         "type": 1,
         "values": [
            0.9395402669906616,
            0.9411392211914062
         ]
      },
      "3": {
         "type": 1,
         "values": [
            null,
            null
         ]
      },
      "4": {
         "type": 1,
         "values": [
            0.2650058716535568,
            null
         ]
      }
   },
   "splits": [
      [
         2,
         0.9524651169776917,
         true
      ],
      [
         2,
         0.9411392211914062,
         true
      ],
      [
         2,
         0.9150896370410919,
         false
      ],
      [
         1,
         -0.20512772351503372,
         false
      ],
      [
         1,
         -0.2020493969321251,
         false
      ],
      [
         1,
         -0.1945245862007141,
         false
      ],
      [
         2,
         0.9360758662223816,
         false
      ],
      [
         1,
         -0.11619815975427628,
         true
      ],
      [
         1,
         -0.1262882463634014,
         true
      ],
      [
         4,
         0.2650058716535568,
         false
      ],
      [
         1,
         -0.1326647847890854,
         true
      ],
      [
         1,
         -0.17913293093442917,
         true
      ],
      [
         2,
         0.9395402669906616,
         false
      ],
      [
         1,
         -0.18665774166584015,
         true
      ]
   ],
   "remaining_rules": [
      15,
      57,
      86,
      128,
      158,
      199,
      222,
      266,
      313,
      351
   ],
   "set_rules": [
      15,
      57,
      86,
      128,
      158,
      199,
      222,
      266,
      313,
      351
   ],
   "foil_estimated_class": [
      1
   ],
   "distance": 0.0009059188054140112,
   "extraction_time": 0.02520895004272461,
   "feature_bounds": {
      "0": {
         "type": 1,
         "values": [
            1.08590167760849,
            1.708571970462799
         ]
      },
      "1": {
         "type": 1,
         "values": [
            -0.1945245862007141,
            -0.18665774166584015
         ]
      },
      "2": {
         "type": 1,
         "values": [
            0.9395402669906616,
            0.9411392211914062
         ]
      },
      "3": {
         "type": 1,
         "values": [
            0.3291514366865158,
            0.4205363094806671
         ]
      },
      "4": {
         "type": 1,
         "values": [
            0.3040892779827118,
            0.36371225118637085
         ]
      }
   },
   "feature_bounds_compact": {
      "0": {
         "type": 1,
         "values": [
            1.08590167760849,
            1.708571970462799
         ]
      },
      "1": {
         "type": 1,
         "values": [
            -0.19555070251226425,
            -0.18665774166584015
         ]
      },
      "2": {
         "type": 1,
         "values": [
            0.9395402669906616,
            0.9411392211914062
         ]
      },
      "3": {
         "type": 1,
         "values": [
            0.3291514366865158,
            0.4205363094806671
         ]
      },
      "4": {
         "type": 1,
         "values": [
            0.3040892779827118,
            0.3665083646774292
         ]
      }
   },
   "feature_bounds_compact_count": {
      "0": {
         "type": 1,
         "values": [
            1.08590167760849,
            1.708571970462799
         ]
      },
      "1": {
         "type": 1,
         "values": [
            -0.19555070251226425,
            -0.18665774166584015
         ]
      },
      "2": {
         "type": 1,
         "values": [
            0.9395402669906616,
            0.9411392211914062
         ]
      },
      "3": {
         "type": 1,
         "values": [
            0.3291514366865158,
            0.4205363094806671
         ]
      },
      "4": {
         "type": 1,
         "values": [
            0.3040892779827118,
            0.3665083646774292
         ]
      }
   },
   "counterfactual_sample": [
      1.134547790925902,
      -0.19165774166584015,
      0.9361392211914062,
      0.3420518199588544,
      0.3229373920176517
   ],
   "counterfactual_distance": 0.0009018453644508906,
   "counterfactual_class": 0,
   "valid_": false
}