{
   "found": true,
   "num_iterations": 168,
   "num_foil": 77,
   "_observation": [
      0.9302341029386854,
      -0.29918784317249025,
      0.9024978924100217,
      0.19083532224309693,
      0.15388715575548575
   ],
   "_idx": 22,
   "factual_class": 0,
   "feature_bounds_splits": {
      "0": {
         "type": 1,
         "values": [
            null,
            0.9623405337333679
         ]
      },
      "1": {
         "type": 1,
         "values": [
            null,
            null
         ]
      },
      "2": {
         "type": 1,
         "values": [
            0.9016984105110168,
            0.9150896370410919
         ]
      },
      "3": {
         "type": 1,
         "values": [
            0.23508964478969574,
            null
         ]
      },
      "4": {
         "type": 1,
         "values": [
            null,
            0.1761937513947487
         ]
      }
   },
   "splits": [
      [
         2,
         0.9415389597415924,
         true
      ],
      [
         2,
         0.9411392211914062,
         true
      ],
      [
         3,
         0.20493177324533463,
         false
      ],
      [
         3,
         0.20501720905303955,
         false
      ],
      [
         3,
         0.22355618327856064,
         false
      ],
      [
         0,
         0.9623405337333679,
         true
      ],
      [
         4,
         0.1943044438958168,
         true
      ],
      [
         3,
         0.23508964478969574,
         false
      ],
      [
         4,
         0.1761937513947487,
         true
      ],
      [
         2,
         0.9016984105110168,
         false
      ],
      [
         2,
         0.9150896370410919,
         true
      ]
   ],
   "remaining_rules": [
      11,
      44,
      78,
      116,
      155,
      197,
      220,
      262,
      304,
      331,
      333
   ],
   "set_rules": [
      11,
      44,
      78,
      116,
      155,
      197,
      220,
      262,
      304,
      331
   ],
   "foil_estimated_class": [
      1
   ],
   "distance": 0.0026600938049104487,
   "extraction_time": 0.022557973861694336,
   "feature_bounds": {
      "0": {
         "type": 1,
         "values": [
            0.3951268121600151,
            0.9623405337333679
         ]
      },
      "1": {
         "type": 1,
         "values": [
            -0.8553396761417389,
            -0.21915123611688614
         ]
      },
      "2": {
         "type": 1,
         "values": [
            0.9016984105110168,
            0.9150896370410919
         ]
      },
      "3": {
         "type": 1,
         "values": [
            0.23508964478969574,
            0.24818937480449677
         ]
      },
      "4": {
         "type": 1,
         "values": [
            -0.013215288519859314,
            0.1761937513947487
         ]
      }
   },
   "feature_bounds_compact": {
      "0": {
         "type": 1,
         "values": [
            0.3951268121600151,
            1.08590167760849
         ]
      },
      "1": {
         "type": 1,
         "values": [
            null,
            -0.21915123611688614
         ]
      },
      "2": {
         "type": 1,
         "values": [
            0.9016984105110168,
            0.9150896370410919
         ]
      },
      "3": {
         "type": 1,
         "values": [
            0.23508964478969574,
            0.3291514366865158
         ]
      },
      "4": {
         "type": 1,
         "values": [
            null,
            0.1761937513947487
         ]
      }
   },
   "feature_bounds_compact_count": {
      "0": {
         "type": 1,
         "values": [
            0.3951268121600151,
            1.08590167760849
         ]
      },
      "1": {
         "type": 1,
         "values": [
            null,
            -0.21915123611688614
         ]
      },
      "2": {
         "type": 1,
         "values": [
            0.9016984105110168,
            0.9150896370410919
         ]
      },
      "3": {
         "type": 1,
         "values": [
            0.23508964478969574,
            0.3291514366865158
         ]
      },
      "4": {
         "type": 1,
         "values": [
            null,
            0.1761937513947487
         ]
      }
   },
   "counterfactual_sample": [
      0.9302341029386854,
      -0.29918784317249025,
      0.9066984105110169,
      0.24008964478969574,
      0.15388715575548575
   ],
   "counterfactual_distance": 0.002657091734624742,
   "counterfactual_class": 1,
   "valid_": true
}