{
   "found": true,
   "num_iterations": 196,
   "num_foil": 78,
   "_observation": [
      -0.2275434623222056,
      0.8151680165567047,
      -0.7724036570242273,
      0.06268574790770925,
      0.3741086991574359
   ],
   "_idx": 166,
   "factual_class": 1,
   "feature_bounds_splits": {
      "0": {
         "type": 1,
         "values": [
            null,
            null
         ]
      },
      "1": {
         "type": 1,
         "values": [
            null,
            null
         ]
      },
      "2": {
         "type": 1,
         "values": [
            0.06504711508750916,
            0.24176456034183502
         ]
      },
      "3": {
         "type": 1,
         "values": [
            -0.6218038499355316,
            null
         ]
      },
      "4": {
         "type": 1,
         "values": [
            null,
            0.3040892779827118
         ]
      }
   },
   "splits": [
      [
         2,
         -0.1523103266954422,
         false
      ],
      [
         2,
         -0.14931230247020721,
         false
      ],
      [
         2,
         0.037065476179122925,
         false
      ],
      [
         2,
         0.04745865269796923,
         false
      ],
      [
         2,
         0.7687522768974304,
         true
      ],
      [
         2,
         0.7612572014331818,
         true
      ],
      [
         2,
         0.05578652396798134,
         false
      ],
      [
         2,
         0.7356739640235901,
         true
      ],
      [
         2,
         0.7342748939990997,
         true
      ],
      [
         2,
         0.6021234542131424,
         true
      ],
      [
         3,
         -0.6218038499355316,
         false
      ],
      [
         2,
         0.5951280444860458,
         true
      ],
      [
         2,
         0.06504711508750916,
         false
      ],
      [
         2,
         0.24176456034183502,
         true
      ],
      [
         4,
         0.3040892779827118,
         true
      ]
   ],
   "remaining_rules": [
      0,
      50,
      71,
      131,
      145,
      188,
      218,
      261,
      301,
      331
   ],
   "set_rules": [
      0,
      50,
      71,
      131,
      145,
      188,
      218,
      261,
      301,
      331
   ],
   "foil_estimated_class": [
      0
   ],
   "distance": 0.02881241011500761,
   "extraction_time": 0.020550012588500977,
   "feature_bounds": {
      "0": {
         "type": 1,
         "values": [
            -0.4488832950592041,
            0.10000705346465111
         ]
      },
      "1": {
         "type": 1,
         "values": [
            0.01531498460099101,
            null
         ]
      },
      "2": {
         "type": 1,
         "values": [
            0.06504711508750916,
            0.24176456034183502
         ]
      },
      "3": {
         "type": 1,
         "values": [
            -0.006230245577171445,
            0.20501720905303955
         ]
      },
      "4": {
         "type": 1,
         "values": [
            0.26238252222537994,
            0.3040892779827118
         ]
      }
   },
   "feature_bounds_compact": {
      "0": {
         "type": 1,
         "values": [
            -0.4488832950592041,
            0.10000705346465111
         ]
      },
      "1": {
         "type": 1,
         "values": [
            0.01531498460099101,
            null
         ]
      },
      "2": {
         "type": 1,
         "values": [
            0.06504711508750916,
            0.24176456034183502
         ]
      },
      "3": {
         "type": 1,
         "values": [
            -0.006230245577171445,
            0.20501720905303955
         ]
      },
      "4": {
         "type": 1,
         "values": [
            0.26238252222537994,
            0.3040892779827118
         ]
      }
   },
   "feature_bounds_compact_count": {
      "0": {
         "type": 1,
         "values": [
            -0.4488832950592041,
            0.10000705346465111
         ]
      },
      "1": {
         "type": 1,
         "values": [
            0.01531498460099101,
            null
         ]
      },
      "2": {
         "type": 1,
         "values": [
            0.06504711508750916,
            0.24176456034183502
         ]
      },
      "3": {
         "type": 1,
         "values": [
            -0.006230245577171445,
            0.20501720905303955
         ]
      },
      "4": {
         "type": 1,
         "values": [
            0.26238252222537994,
            0.3040892779827118
         ]
      }
   },
   "counterfactual_sample": [
      -0.2275434623222056,
      0.8151680165567047,
      0.07004711508750916,
      0.06268574790770925,
      0.2990892779827118
   ],
   "counterfactual_distance": 0.028807993423150532,
   "counterfactual_class": 0,
   "valid_": true
}