{
   "counterfactual_sample": {
      "shucked_weight": -0.724836055432318, 
      "diameter": -0.7344828546241647, 
      "whole_weight": -0.851960704541771, 
      "shell_weight": -0.454009, 
      "viscera_weight": -0.7946415260467844, 
      "height": -0.7057616663526005, 
      "length": -0.6578369631145096, 
      "y": 0, 
      "sex": 1.0
   }, 
   "factual_class": 1, 
   "factual_sample": {
      "shucked_weight": -0.724836055432318, 
      "diameter": -0.7344828546241647, 
      "whole_weight": -0.851960704541771, 
      "shell_weight": -0.9327867336605836, 
      "viscera_weight": -0.7946415260467844, 
      "height": -0.7057616663526005, 
      "length": -0.6578369631145096, 
      "y": 1, 
      "sex": 1.0
   }, 
   "counterfactual_distance": 0.008300842088237578, 
   "counterfactual_class": 0, 
   "counterfactual_rule": {
      "shucked_weight": "<=-0.724836", 
      "shell_weight": ">-0.455009"
   }, 
   "counterfactual_time": 18.20449709892273, 
   "counterfactual_found": true
}