{
   "factual_sample": {
      "sex": 1.0,
      "length": -0.033245738323790235,
      "diameter": -0.07942572250711186,
      "height": -0.7057616663526005,
      "whole_weight": -0.4726245818591545,
      "shucked_weight": -0.2967854539511292,
      "viscera_weight": -0.5939136654828787,
      "shell_weight": -0.5663705856705501,
      "y": true
   },
   "counterfactual_sample": {
      "sex": 1.0,
      "length": -0.033245738323790235,
      "diameter": -0.07942572250711186,
      "height": -0.7896026703496504,
      "whole_weight": -0.4726245818591545,
      "shucked_weight": -1.1616519330396633,
      "viscera_weight": -0.5939136654828787,
      "shell_weight": -0.8143579002870535,
      "y": 0.0
   },
   "counterfactual_found": true,
   "counterfactual_plausible": true,
   "counterfactual_distance": 0.020822657217303808,
   "counterfactual_time": 1.0544681549072266,
   "counterfactual_class": 0,
   "factual_class": 1,
   "valid_": true
}