{
   "found": true,
   "num_iterations": 94,
   "num_foil": 15,
   "_observation": [
      5.0,
      122.0,
      86.0,
      0.0,
      0.0,
      0.3436239412395953,
      -0.5492880168903147,
      33.0
   ],
   "_idx": 31,
   "factual_class": 0,
   "feature_bounds_splits": {
      "0": {
         "type": 2,
         "values": [
            3.5,
            null
         ]
      },
      "1": {
         "type": 2,
         "values": [
            117.5,
            127.5
         ]
      },
      "2": {
         "type": 2,
         "values": [
            77.5,
            93.5
         ]
      },
      "3": {
         "type": 2,
         "values": [
            null,
            15.5
         ]
      },
      "4": {
         "type": 2,
         "values": [
            null,
            22.5
         ]
      },
      "5": {
         "type": 1,
         "values": [
            0.32458606362342834,
            0.34362394362688065
         ]
      },
      "6": {
         "type": 1,
         "values": [
            -0.6580123007297516,
            -0.5674087107181549
         ]
      },
      "7": {
         "type": 2,
         "values": [
            30.5,
            36.5
         ]
      }
   },
   "splits": [
      [
         1,
         93.5,
         false
      ],
      [
         1,
         96.5,
         false
      ],
      [
         1,
         98.5,
         false
      ],
      [
         1,
         99.5,
         false
      ],
      [
         1,
         101.5,
         false
      ],
      [
         1,
         107.5,
         false
      ],
      [
         7,
         22.5,
         false
      ],
      [
         1,
         154.5,
         true
      ],
      [
         5,
         -1.115947425365448,
         false
      ],
      [
         1,
         109.5,
         false
      ],
      [
         1,
         110.5,
         false
      ],
      [
         7,
         24.5,
         false
      ],
      [
         7,
         29.5,
         false
      ],
      [
         5,
         -0.4623132646083832,
         false
      ],
      [
         5,
         -0.3988536447286606,
         false
      ],
      [
         5,
         -0.31001016497612,
         false
      ],
      [
         1,
         131.5,
         true
      ],
      [
         1,
         130.5,
         true
      ],
      [
         1,
         129.5,
         true
      ],
      [
         5,
         -0.2719344049692154,
         false
      ],
      [
         2,
         104.5,
         true
      ],
      [
         5,
         -0.2592424750328064,
         false
      ],
      [
         2,
         65.5,
         false
      ],
      [
         2,
         77.5,
         false
      ],
      [
         7,
         30.5,
         false
      ],
      [
         6,
         -0.8724407255649567,
         false
      ],
      [
         6,
         -0.8603602647781372,
         false
      ],
      [
         6,
         -0.763716459274292,
         false
      ],
      [
         2,
         93.5,
         true
      ],
      [
         5,
         1.5810865759849548,
         true
      ],
      [
         5,
         1.0099499821662903,
         true
      ],
      [
         5,
         0.9972580373287201,
         true
      ],
      [
         1,
         127.5,
         true
      ],
      [
         5,
         0.21035873144865036,
         false
      ],
      [
         6,
         -0.25935661792755127,
         true
      ],
      [
         5,
         0.34362394362688065,
         true
      ],
      [
         6,
         -0.26237674802541733,
         true
      ],
      [
         6,
         -0.2699270397424698,
         true
      ],
      [
         5,
         0.32458606362342834,
         false
      ],
      [
         6,
         -0.683683305978775,
         false
      ],
      [
         3,
         15.5,
         true
      ],
      [
         4,
         39.5,
         true
      ],
      [
         6,
         -0.662542462348938,
         false
      ],
      [
         7,
         40.5,
         true
      ],
      [
         7,
         39.5,
         true
      ],
      [
         4,
         22.5,
         true
      ],
      [
         0,
         3.5,
         false
      ],
      [
         6,
         -0.6580123007297516,
         false
      ],
      [
         1,
         117.5,
         false
      ],
      [
         7,
         36.5,
         true
      ],
      [
         6,
         -0.5674087107181549,
         true
      ]
   ],
   "remaining_rules": [
      41,
      211,
      247,
      448,
      521,
      662,
      758,
      889,
      966,
      1104
   ],
   "set_rules": [
      41,
      211,
      247,
      448,
      521,
      662,
      758,
      889,
      966,
      1104
   ],
   "foil_estimated_class": [
      1
   ],
   "distance": 0.00032112241687287565,
   "extraction_time": 0.018698692321777344,
   "feature_bounds": {
      "0": {
         "type": 2,
         "values": [
            4.5,
            5.5
         ]
      },
      "1": {
         "type": 2,
         "values": [
            119.5,
            124.5
         ]
      },
      "2": {
         "type": 2,
         "values": [
            85.0,
            93.0
         ]
      },
      "3": {
         "type": 2,
         "values": [
            null,
            8.0
         ]
      },
      "4": {
         "type": 2,
         "values": [
            null,
            8.0
         ]
      },
      "5": {
         "type": 1,
         "values": [
            0.32458606362342834,
            0.49592703580856323
         ]
      },
      "6": {
         "type": 1,
         "values": [
            -0.662542462348938,
            -0.5674087107181549
         ]
      },
      "7": {
         "type": 2,
         "values": [
            30.5,
            35.5
         ]
      }
   },
   "feature_bounds_compact": {
      "0": {
         "type": 2,
         "values": [
            4.5,
            5.5
         ]
      },
      "1": {
         "type": 2,
         "values": [
            119.5,
            124.5
         ]
      },
      "2": {
         "type": 2,
         "values": [
            84.0,
            null
         ]
      },
      "3": {
         "type": 2,
         "values": [
            null,
            8.0
         ]
      },
      "4": {
         "type": 2,
         "values": [
            null,
            36.5
         ]
      },
      "5": {
         "type": 1,
         "values": [
            0.32458606362342834,
            0.49592703580856323
         ]
      },
      "6": {
         "type": 1,
         "values": [
            -0.662542462348938,
            -0.5674087107181549
         ]
      },
      "7": {
         "type": 2,
         "values": [
            30.5,
            35.5
         ]
      }
   },
   "feature_bounds_compact_count": {
      "0": {
         "type": 2,
         "values": [
            4.5,
            5.5
         ]
      },
      "1": {
         "type": 2,
         "values": [
            119.5,
            124.5
         ]
      },
      "2": {
         "type": 2,
         "values": [
            84.0,
            null
         ]
      },
      "3": {
         "type": 2,
         "values": [
            null,
            8.0
         ]
      },
      "4": {
         "type": 2,
         "values": [
            null,
            36.5
         ]
      },
      "5": {
         "type": 1,
         "values": [
            0.32458606362342834,
            0.49592703580856323
         ]
      },
      "6": {
         "type": 1,
         "values": [
            -0.662542462348938,
            -0.5674087107181549
         ]
      },
      "7": {
         "type": 2,
         "values": [
            30.5,
            35.5
         ]
      }
   },