{
   "factual_sample": {
      "sex": 0.0,
      "length": 1.7988885210623191,
      "diameter": 1.9361346840068965,
      "height": 1.326659055767273,
      "whole_weight": 2.335686390904088,
      "shucked_weight": 1.075229368691208,
      "viscera_weight": 2.079416477481863,
      "shell_weight": 3.3851761083396177
   },
   "counterfactual_sample": {
      "sex": 0.0,
      "length": 1.7988885210623191,
      "diameter": -0.46234000000000003,
      "height": 1.326659055767273,
      "whole_weight": 2.335686390904088,
      "shucked_weight": 1.075229368691208,
      "viscera_weight": 2.079416477481863,
      "shell_weight": 3.3851761083396177
   },
   "factual_class": 0,
   "counterfactual_class": 0,
   "counterfactual_found": false,
   "counterfactual_rule_id": 1597,
   "counterfactual_rule": {
      "2": [
         null,
         -0.45734
      ],
      "7": [
         -0.06524,
         null
      ],
      "5": [
         -0.14246,
         null
      ],
      "4": [
         -0.1351,
         null
      ]
   },
   "counterfactual_distance": 0.04999912029502356,
   "counterfactual_time": 0.8859264850616455
}