{
   "factual_sample": {
      "sex": 1.0,
      "length": -2.07357707264014,
      "diameter": -2.094986129021121,
      "height": -1.6621949473501878,
      "whole_weight": -1.4943847832784605,
      "shucked_weight": -1.4525220779503394,
      "viscera_weight": -1.4424450760484795,
      "shell_weight": -1.500372531527499
   },
   "counterfactual_sample": {
      "sex": 1.0,
      "length": -2.07357707264014,
      "diameter": -2.094986129021121,
      "height": -1.6621949473501878,
      "whole_weight": -1.4943847832784605,
      "shucked_weight": -1.4525220779503394,
      "viscera_weight": -1.4424450760484795,
      "shell_weight": -0.60448
   },
   "factual_class": 1,
   "counterfactual_class": 1,
   "counterfactual_found": false,
   "counterfactual_rule_id": 8,
   "counterfactual_rule": {
      "2": [
         null,
         -0.45734
      ],
      "7": [
         -0.60948,
         -0.38855
      ],
      "3": [
         null,
         -1.00465
      ],
      "4": [
         null,
         -0.36351
      ],
      "1": [
         null,
         -0.17898
      ],
      "0": [
         0.5,
         null
      ]
   },
   "counterfactual_distance": 0.015532598760144501,
   "counterfactual_time": 1.041369915008545
}