{
   "factual_sample": {
      "sex": 0.0,
      "length": 1.2159367112576485,
      "diameter": 1.1299105214012934,
      "height": 0.2506716146449868,
      "whole_weight": 1.1772836076582478,
      "shucked_weight": 0.7192715000910617,
      "viscera_weight": 1.5274148609311229,
      "shell_weight": 0.9424017884060594
   },
   "counterfactual_sample": {
      "sex": 0.0,
      "length": 1.2159367112576485,
      "diameter": -0.46234000000000003,
      "height": 0.2506716146449868,
      "whole_weight": 1.1772836076582478,
      "shucked_weight": 0.7192715000910617,
      "viscera_weight": 1.5274148609311229,
      "shell_weight": 0.9424017884060594
   },
   "factual_class": 0,
   "counterfactual_class": 0,
   "counterfactual_found": false,
   "counterfactual_rule_id": 1597,
   "counterfactual_rule": {
      "2": [
         null,
         -0.45734
      ],
      "7": [
         -0.06524,
         null
      ],
      "5": [
         -0.14246,
         null
      ],
      "4": [
         -0.1351,
         null
      ]
   },
   "counterfactual_distance": 0.03319239760594794,
   "counterfactual_time": 0.8808109760284424
}