{
   "factual_sample": {
      "sex": 0.0,
      "length": 1.1742972962716005,
      "diameter": 0.9283544807498924,
      "height": 0.8484424152684789,
      "whole_weight": 1.8625359583107168,
      "shucked_weight": 1.0617119812760123,
      "viscera_weight": 1.1122731493103184,
      "shell_weight": 3.492945563630804,
      "y": 0
   },
   "counterfactual_sample": {
      "sex": 0.0,
      "length": 1.0493790513134569,
      "diameter": 0.9283544807498924,
      "height": 1.2071048956425745,
      "whole_weight": 1.2955712158065908,
      "shucked_weight": 1.2712314862115421,
      "viscera_weight": 1.4452989179731617,
      "shell_weight": 1.3339641426307032,
      "y": 1
   },
   "counterfactual_found": true,
   "counterfactual_plausible": true,
   "counterfactual_distance": 0.0638481040136318,
   "counterfactual_time": 0.43816089630126953,
   "counterfactual_class": 1,
   "factual_class": 0,
   "valid_": true
}