{
   "factual_sample": {
      "sex": 2.0,
      "length": 0.7162637314250726,
      "diameter": 0.6260204197727908,
      "height": 0.8484424152684789,
      "whole_weight": 0.7857108358568373,
      "shucked_weight": 0.7755939476543757,
      "viscera_weight": 0.9389172697323998,
      "shell_weight": 0.6190934225325002,
      "y": 0
   },
   "counterfactual_sample": {
      "sex": 2.0,
      "length": 0.6329849014529767,
      "diameter": 0.676409429935641,
      "height": 1.5657673760166693,
      "whole_weight": 0.7082120581044746,
      "shucked_weight": 0.7485591728239849,
      "viscera_weight": 0.9754132443803828,
      "shell_weight": 0.4969547065358222,
      "y": 1
   },
   "counterfactual_found": true,
   "counterfactual_plausible": true,
   "counterfactual_distance": 0.011020790123715827,
   "counterfactual_time": 0.7662427425384521,
   "counterfactual_class": 1,
   "factual_class": 0,
   "valid_": true
}