{
   "factual_sample": {
      "sex": 1.0,
      "length": 0.3415089965506408,
      "diameter": 0.2229083384699892,
      "height": 0.2506716146449868,
      "whole_weight": -0.014769960664275718,
      "shucked_weight": -0.12331231545612087,
      "viscera_weight": -0.1103420013971062,
      "shell_weight": 0.3676313601863985,
      "y": 0
   },
   "counterfactual_sample": {
      "sex": 1.0,
      "length": 0.2582301665785457,
      "diameter": 0.2229083384699892,
      "height": 0.2506716146449868,
      "whole_weight": -0.09328845917653794,
      "shucked_weight": -0.06473696999027416,
      "viscera_weight": -0.046474045763136455,
      "shell_weight": 0.058692255018330926,
      "y": 1
   },
   "counterfactual_found": true,
   "counterfactual_plausible": true,
   "counterfactual_distance": 0.010994765177943493,
   "counterfactual_time": 0.7619328498840332,
   "counterfactual_class": 1,
   "factual_class": 0,
   "valid_": true
}