{
   "factual_sample": {
      "sex": 1.0,
      "length": 0.4664272415087847,
      "diameter": 0.12213031814428865,
      "height": 0.011563294395590387,
      "whole_weight": -0.260522663800057,
      "shucked_weight": -0.1390826007738489,
      "viscera_weight": -0.7170875799198209,
      "shell_weight": -0.09577729756570284,
      "y": 0
   },
   "counterfactual_sample": {
      "sex": 1.0,
      "length": 0.5080666564948327,
      "diameter": 0.12213031814428865,
      "height": 0.13111745452028825,
      "whole_weight": -0.3166073055945299,
      "shucked_weight": -0.3148086371713898,
      "viscera_weight": -0.4205577859049603,
      "shell_weight": -0.13529276450580455,
      "y": 1
   },
   "counterfactual_found": true,
   "counterfactual_plausible": true,
   "counterfactual_distance": 0.011927581351731659,
   "counterfactual_time": 0.7607488632202148,
   "counterfactual_class": 1,
   "factual_class": 0,
   "valid_": true
}