{
   "factual_sample": {
      "sex": 0.0,
      "length": 1.0077396363274085,
      "diameter": 0.9283544807498924,
      "height": 2.043984016515464,
      "whole_weight": 1.6259607420140312,
      "shucked_weight": 1.0256656148354921,
      "viscera_weight": 2.0520444964958764,
      "shell_weight": 1.2297870025158897,
      "y": 0
   },
   "counterfactual_sample": {
      "sex": 0.0,
      "length": 1.0493790513134569,
      "diameter": 0.9283544807498924,
      "height": 1.2071048956425745,
      "whole_weight": 1.2955712158065908,
      "shucked_weight": 1.2712314862115421,
      "viscera_weight": 1.4452989179731617,
      "shell_weight": 1.3339641426307032,
      "y": 1
   },
   "counterfactual_found": true,
   "counterfactual_plausible": true,
   "counterfactual_distance": 0.029220476444558687,
   "counterfactual_time": 0.757767915725708,
   "counterfactual_class": 1,
   "factual_class": 0,
   "valid_": true
}