{
   "factual_sample": {
      "sex": 1.0,
      "length": 0.05003309164830575,
      "diameter": 0.12213031814428865,
      "height": 1.087550735517876,
      "whole_weight": -0.1565111462903072,
      "shucked_weight": -0.2720035770232709,
      "viscera_weight": -0.22439192217205264,
      "shell_weight": -0.24306221979699105,
      "y": 0
   },
   "counterfactual_sample": {
      "sex": 1.0,
      "length": 0.00839367666225776,
      "diameter": -0.029036712344261587,
      "height": 0.13111745452028825,
      "whole_weight": -0.2697001506391525,
      "shucked_weight": -0.2472217000954125,
      "viscera_weight": -0.24720190632704195,
      "shell_weight": -0.2071390680332622,
      "y": 1
   },
   "counterfactual_found": true,
   "counterfactual_plausible": true,
   "counterfactual_distance": 0.012374306020737278,
   "counterfactual_time": 0.4908638000488281,
   "counterfactual_class": 1,
   "factual_class": 0,
   "valid_": true
}