{
   "factual_sample": {
      "sex": 2.0,
      "length": 0.8411819763832166,
      "diameter": 0.7771874502613415,
      "height": 0.7288882551437809,
      "whole_weight": 1.2405062947720171,
      "shucked_weight": 1.0189069211278938,
      "viscera_weight": 1.025595209521359,
      "shell_weight": 1.696787975444364,
      "y": false
   },
   "counterfactual_sample": {
      "sex": -1,
      "length": -1,
      "diameter": -1,
      "height": -1,
      "whole_weight": -1,
      "shucked_weight": -1,
      "viscera_weight": -1,
      "shell_weight": -1,
      "y": 1.0
   },
   "counterfactual_found": false,
   "counterfactual_plausible": false,
   "counterfactual_distance": 1000,
   "counterfactual_time": 0.007426738739013672,
   "counterfactual_class": 0,
   "factual_class": -1,
   "valid_": false
}