{
   "factual_sample": {
      "sex": 0.0,
      "length": 1.2575761262436964,
      "diameter": 1.432244582378395,
      "height": 0.9679965753931772,
      "whole_weight": 1.7534258370014693,
      "shucked_weight": 0.9130207197088632,
      "viscera_weight": 1.7327047183260265,
      "shell_weight": 2.594866769537584,
      "y": false
   },
   "counterfactual_sample": {
      "sex": 0.0,
      "length": 1.2575761262436964,
      "diameter": 1.432244582378395,
      "height": 0.5360208159357824,
      "whole_weight": 0.2644944505125767,
      "shucked_weight": 0.9130207197088632,
      "viscera_weight": 1.7327047183260265,
      "shell_weight": 0.23444642318492653,
      "y": 1.0
   },
   "counterfactual_found": true,
   "counterfactual_plausible": true,
   "counterfactual_distance": 0.0752434787667447,
   "counterfactual_time": 0.4132101535797119,
   "counterfactual_class": 1,
   "factual_class": 0,
   "valid_": true
}