{
   "factual_sample": {
      "sex": 2.0,
      "length": 0.05003309164830575,
      "diameter": 0.07174130798143838,
      "height": 0.8484424152684789,
      "whole_weight": -0.1820041652877948,
      "shucked_weight": -0.4432238176157464,
      "viscera_weight": -0.3749378175949817,
      "shell_weight": 0.18442328619138185,
      "y": false
   },
   "counterfactual_sample": {
      "sex": 2,
      "length": 0.049829495092257446,
      "diameter": 0.07122826177878268,
      "height": 0.8479952641247983,
      "whole_weight": -0.18353374302387238,
      "shucked_weight": -0.4434274141717947,
      "viscera_weight": -0.3746308863599454,
      "shell_weight": 0.15029629319906235,
      "y": true
   },
   "counterfactual_found": true,
   "counterfactual_plausible": true,
   "counterfactual_distance": 0.0006511108143990878,
   "counterfactual_time": 44.19467854499817,
   "counterfactual_class": 0,
   "factual_class": 0,
   "valid_": false
}