{
   "factual_sample": {
      "sex": 2.0,
      "length": -0.4080004731982221,
      "diameter": -0.482537803809914,
      "height": -0.9448699866019972,
      "whole_weight": -0.8162704779452883,
      "shucked_weight": -0.7338476470424483,
      "viscera_weight": -0.7444595609058079,
      "shell_weight": -0.9112328426023468,
      "y": true
   },
   "counterfactual_sample": {
      "sex": 2,
      "length": -0.4288201779127121,
      "diameter": -0.48243725685492506,
      "height": -1.0046470761299133,
      "whole_weight": -0.8285071551799774,
      "shucked_weight": -0.7340095051292964,
      "viscera_weight": -0.7420167012164356,
      "shell_weight": -0.911972848275394,
      "y": true
   },
   "counterfactual_found": true,
   "counterfactual_plausible": true,
   "counterfactual_distance": 0.0010264851485150752,
   "counterfactual_time": 74.45507788658142,
   "counterfactual_class": 1,
   "factual_class": 1,
   "valid_": false
}