{
   "counterfactual_sample": {
      "shucked_weight": -0.06698986789280674, 
      "diameter": -0.3817597834842135, 
      "whole_weight": -0.4022638494260885, 
      "shell_weight": -0.602294, 
      "viscera_weight": -0.7216495767508186, 
      "height": -0.10799086572910817, 
      "length": -0.3663610582121741, 
      "y": 1, 
      "sex": 2.0
   }, 
   "factual_class": 1, 
   "factual_sample": {
      "shucked_weight": -0.06698986789280674, 
      "diameter": -0.3817597834842135, 
      "whole_weight": -0.4022638494260885, 
      "shell_weight": -0.5591859553178044, 
      "viscera_weight": -0.7216495767508186, 
      "height": -0.10799086572910817, 
      "length": -0.3663610582121741, 
      "y": 1, 
      "sex": 2.0
   }, 
   "counterfactual_distance": 0.000747388707707263, 
   "counterfactual_class": 1, 
   "counterfactual_rule": {
      "shell_weight": "-0.638217< shell_weight <=-0.602294"
   }, 
   "counterfactual_time": 15.65619707107544, 
   "counterfactual_found": false
}