{
   "counterfactual_sample": {
      "shucked_weight": -0.20216374204476104, 
      "diameter": 0.575631409609941, 
      "whole_weight": 0.1320698287612532, 
      "shell_weight": 0.17364634066226314, 
      "viscera_weight": 0.7016934345205117, 
      "height": -0.705762, 
      "length": 0.3831484115366887, 
      "y": 0, 
      "sex": 0.0
   }, 
   "factual_class": 0, 
   "factual_sample": {
      "shucked_weight": -0.20216374204476104, 
      "diameter": 0.575631409609941, 
      "whole_weight": 0.1320698287612532, 
      "shell_weight": 0.17364634066226314, 
      "viscera_weight": 0.7016934345205117, 
      "height": 0.4897799348943839, 
      "length": 0.3831484115366887, 
      "y": 0, 
      "sex": 0.0
   }, 
   "counterfactual_distance": 0.005530974994891378, 
   "counterfactual_class": 0, 
   "counterfactual_rule": {
      "whole_weight": ">-0.664164", 
      "shell_weight": "0.037138< shell_weight <=0.367631", 
      "height": "-0.94487< height <=-0.705762"
   }, 
   "counterfactual_time": 18.438935041427612, 
   "counterfactual_found": false
}