{
   "counterfactual_sample": {
      "shucked_weight": -1.1326105757907137, 
      "diameter": -0.783872, 
      "whole_weight": -1.1711333023903172, 
      "shell_weight": -1.2129873174176684, 
      "viscera_weight": -1.1322292915406256, 
      "height": -0.94387, 
      "length": -1.282428187905229, 
      "y": 1, 
      "sex": 1.0
   }, 
   "factual_class": 1, 
   "factual_sample": {
      "shucked_weight": -1.1326105757907137, 
      "diameter": -1.1879839460898172, 
      "whole_weight": -1.1711333023903172, 
      "shell_weight": -1.2129873174176684, 
      "viscera_weight": -1.1322292915406256, 
      "height": -1.4230866271007911, 
      "length": -1.282428187905229, 
      "y": 1, 
      "sex": 1.0
   }, 
   "counterfactual_distance": 0.010641220392880062, 
   "counterfactual_class": 1, 
   "counterfactual_rule": {
      "diameter": ">-0.784872", 
      "height": ">-0.94487"
   }, 
   "counterfactual_time": 18.11854887008667, 
   "counterfactual_found": false
}