{
   "counterfactual_sample": {
      "shucked_weight": 3.163665724338904, 
      "diameter": 1.4826335925412453, 
      "whole_weight": 1.465865, 
      "shell_weight": 2.081165699316262, 
      "viscera_weight": 3.1286757486113683, 
      "height": 1.8048756962660664, 
      "length": 1.8821673510344157, 
      "y": 1, 
      "sex": 2.0
   }, 
   "factual_class": 0, 
   "factual_sample": {
      "shucked_weight": 3.163665724338904, 
      "diameter": 1.4826335925412453, 
      "whole_weight": 2.7986396158984643, 
      "shell_weight": 2.081165699316262, 
      "viscera_weight": 3.1286757486113683, 
      "height": 1.8048756962660664, 
      "length": 1.8821673510344157, 
      "y": 0, 
      "sex": 2.0
   }, 
   "counterfactual_distance": 0.028931281892596496, 
   "counterfactual_class": 1, 
   "counterfactual_rule": {
      "shucked_weight": ">2.314323", 
      "diameter": ">1.129911", 
      "whole_weight": "<=1.465865", 
      "viscera_weight": ">1.499367", 
      "height": ">0.623234", 
      "sex": ">1.060552"
   }, 
   "counterfactual_time": 13.948585987091064, 
   "counterfactual_found": true
}