{
   "found": true,
   "num_iterations": 362,
   "num_foil": 172,
   "_observation": [
      1.6181236639994268,
      1.0704526859834953,
      -0.9337972185209976,
      0.07501807923269227
   ],
   "_idx": 7,
   "factual_class": 0,
   "feature_bounds_splits": {
      "0": {
         "type": 1,
         "values": [
            1.0719063878059387,
            null
         ]
      },
      "1": {
         "type": 1,
         "values": [
            0.13738019205629826,
            0.2892148643732071
         ]
      },
      "2": {
         "type": 1,
         "values": [
            -1.2446508407592773,
            -1.0211138129234314
         ]
      },
      "3": {
         "type": 1,
         "values": [
            0.31977497786283493,
            0.4798513650894165
         ]
      }
   },
   "splits": [
      [
         2,
         1.5467416048049927,
         true
      ],
      [
         1,
         1.3873572945594788,
         true
      ],
      [
         1,
         1.249098777770996,
         true
      ],
      [
         2,
         0.19658488035202026,
         true
      ],
      [
         1,
         0.997092068195343,
         true
      ],
      [
         2,
         -0.39048464596271515,
         true
      ],
      [
         2,
         -0.7237975299358368,
         true
      ],
      [
         1,
         0.9302510619163513,
         true
      ],
      [
         2,
         -0.7608815431594849,
         true
      ],
      [
         1,
         0.8669383376836777,
         true
      ],
      [
         1,
         0.813332587480545,
         true
      ],
      [
         2,
         -0.8112940192222595,
         true
      ],
      [
         1,
         0.5593912899494171,
         true
      ],
      [
         2,
         -0.9120260775089264,
         true
      ],
      [
         1,
         0.5184753458015621,
         true
      ],
      [
         1,
         0.5071831941604614,
         true
      ],
      [
         1,
         -0.010934742167592049,
         false
      ],
      [
         2,
         -1.0045069456100464,
         true
      ],
      [
         2,
         -1.3633707165718079,
         false
      ],
      [
         1,
         0.5043622851371765,
         true
      ],
      [
         1,
         0.4362940639257431,
         true
      ],
      [
         0,
         1.0719063878059387,
         false
      ],
      [
         2,
         -1.3586010336875916,
         false
      ],
      [
         3,
         -0.21959007531404495,
         false
      ],
      [
         2,
         -1.3424003720283508,
         false
      ],
      [
         1,
         0.415132999420166,
         true
      ],
      [
         1,
         0.2892148643732071,
         true
      ],
      [
         2,
         -1.2446508407592773,
         false
      ],
      [
         1,
         0.13738019205629826,
         false
      ],
      [
         3,
         0.4798513650894165,
         true
      ],
      [
         2,
         -1.0211138129234314,
         true
      ],
      [
         3,
         0.31977497786283493,
         false
      ]
   ],
   "remaining_rules": [
      18,
      34,
      77,
      99,
      127,
      156,
      184,
      215,
      249,
      264
   ],
   "set_rules": [
      18,
      34,
      77,
      99,
      127,
      156,
      184,
      215,
      249,
      264
   ],
   "foil_estimated_class": [
      1
   ],
   "distance": 0.05862090504712554,
   "extraction_time": 0.01630687713623047,
   "feature_bounds": {
      "0": {
         "type": 1,
         "values": [
            1.0719063878059387,
            null
         ]
      },
      "1": {
         "type": 1,
         "values": [
            -0.010934742167592049,
            0.2892148643732071
         ]
      },
      "2": {
         "type": 1,
         "values": [
            -1.2446508407592773,
            -1.0211138129234314
         ]
      },
      "3": {
         "type": 1,
         "values": [
            0.31977497786283493,
            0.4798513650894165
         ]
      }
   },
   "feature_bounds_compact": {
      "0": {
         "type": 1,
         "values": [
            0.6891461312770844,
            null
         ]
      },
      "1": {
         "type": 1,
         "values": [
            null,
            0.2892148643732071
         ]
      },
      "2": {
         "type": 1,
         "values": [
            -1.2446508407592773,
            -1.0211138129234314
         ]
      },
      "3": {
         "type": 1,
         "values": [
            0.31977497786283493,
            0.4798513650894165
         ]
      }
   },
   "feature_bounds_compact_count": {
      "0": {
         "type": 1,
         "values": [
            0.6891461312770844,
            null
         ]
      },
      "1": {
         "type": 1,
         "values": [
            null,
            0.2892148643732071
         ]
      },
      "2": {
         "type": 1,
         "values": [
            -1.2446508407592773,
            -1.0211138129234314
         ]
      },
      "3": {
         "type": 1,
         "values": [
            0.31977497786283493,
            0.4798513650894165
         ]
      }
   },
   "counterfactual_sample": [
      1.6181236639994268,
      0.2842148643732071,
      -1.0261138129234313,
      0.32477497786283493
   ],
   "counterfactual_distance": 0.058613453744327054,
   "counterfactual_class": 1,
   "valid_": true
}