{
   "factual_sample": {
      "Temperature": -0.5291493826842849,
      "Humidity": -0.1452712879612755,
      "Light": -0.7724036570242273,
      "CO2": -0.5746448017869521,
      "HumidityRatio": -0.3471822484332708,
      "y": true
   },
   "counterfactual_sample": {
      "Temperature": -0.5291493826842849,
      "Humidity": -0.1452712879612755,
      "Light": 0.024796933249848285,
      "CO2": -0.5746448017869521,
      "HumidityRatio": -0.3471822484332708,
      "y": true
   },
   "counterfactual_found": true,
   "counterfactual_plausible": true,
   "counterfactual_distance": 0.023500468943329196,
   "counterfactual_time": 0.8095808029174805,
   "counterfactual_class": 0,
   "factual_class": 1,
   "valid_": true
}