{
   "factual_sample": {
      "Temperature": 1.762082689743779,
      "Humidity": 0.19334513350339674,
      "Light": -0.060870301894641925,
      "CO2": 0.9093272690168372,
      "HumidityRatio": 0.864602114521009,
      "y": true
   },
   "counterfactual_sample": {
      "Temperature": 1.7618499935604832,
      "Humidity": 0.19311243732010114,
      "Light": 0.3849987086134866,
      "CO2": 0.9762831624823526,
      "HumidityRatio": 0.9008725282031015,
      "y": true
   },
   "counterfactual_found": true,
   "counterfactual_plausible": true,
   "counterfactual_distance": 0.01932194583046922,
   "counterfactual_time": 3.0711848735809326,
   "counterfactual_class": 0,
   "factual_class": 1,
   "valid_": true
}