{
   "factual_sample": {
      "Temperature": 1.2318400233007647,
      "Humidity": 2.299334052940045,
      "Light": 0.9584611900044832,
      "CO2": 2.151865541772756,
      "HumidityRatio": 2.0668787333499434
   },
   "counterfactual_sample": {
      "Temperature": 1.2318400233007647,
      "Humidity": 2.299334052940045,
      "Light": 0.38276,
      "CO2": 2.151865541772756,
      "HumidityRatio": 2.0668787333499434
   },
   "factual_class": 0,
   "counterfactual_class": 0,
   "counterfactual_found": false,
   "counterfactual_rule_id": 596,
   "counterfactual_rule": {
      "1": [
         0.25313,
         null
      ],
      "2": [
         0.24176,
         0.38776
      ],
      "3": [
         0.20502,
         null
      ],
      "0": [
         null,
         1.50426
      ],
      "4": [
         0.36398,
         null
      ]
   },
   "counterfactual_distance": 0.016970945708515713,
   "counterfactual_time": 0.6585755348205566
}