{
   "found": true,
   "num_iterations": 1832,
   "num_foil": 898,
   "_observation": [
      36.0,
      0.0,
      2.0,
      12.0,
      9.0,
      0.0,
      7.0,
      4.0,
      -0.1473664551602441,
      -0.21637494832950374,
      37.0
   ],
   "_idx": 598,
   "factual_class": 0,
   "feature_bounds_splits": {
      "0": {
         "type": 2,
         "values": [
            null,
            null
         ]
      },
      "1": {
         "type": 2,
         "values": [
            null,
            null
         ]
      },
      "2": {
         "type": 2,
         "values": [
            null,
            null
         ]
      },
      "3": {
         "type": 2,
         "values": [
            null,
            null
         ]
      },
      "4": {
         "type": 2,
         "values": [
            null,
            null
         ]
      },
      "5": {
         "type": 2,
         "values": [
            null,
            null
         ]
      },
      "6": {
         "type": 2,
         "values": [
            null,
            null
         ]
      },
      "7": {
         "type": 2,
         "values": [
            null,
            null
         ]
      },
      "8": {
         "type": 1,
         "values": [
            0.8260164558887482,
            null
         ]
      },
      "9": {
         "type": 1,
         "values": [
            null,
            null
         ]
      },
      "10": {
         "type": 2,
         "values": [
            null,
            null
         ]
      }
   },
   "splits": [
      [
         8,
         0.8260164558887482,
         false
      ]
   ],
   "remaining_rules": [
      1415,
      1418,
      2934,
      3980,
      4217,
      4385,
      5813,
      7275,
      7276,
      7277,
      7278,
      7728,
      7740,
      7880,
      10131,
      11059,
      11151,
      11590,
      12531,
      12547,
      12549,
      13025,
      13026,
      13029,
      14223,
      14228
   ],
   "set_rules": [
      1418,
      2934,
      4217,
      5813,
      7278,
      7728,
      10131,
      11059,
      13029,
      14223
   ],
   "foil_estimated_class": [
      1
   ],
   "distance": 0.006430849260680742,
   "extraction_time": 0.3975257873535156,
   "feature_bounds": {
      "0": {
         "type": 2,
         "values": [
            35.0,
            36.5
         ]
      },
      "1": {
         "type": 2,
         "values": [
            null,
            null
         ]
      },
      "2": {
         "type": 2,
         "values": [
            0.5,
            3.5
         ]
      },
      "3": {
         "type": 2,
         "values": [
            9.5,
            12.5
         ]
      },
      "4": {
         "type": 2,
         "values": [
            8.5,
            null
         ]
      },
      "5": {
         "type": 2,
         "values": [
            null,
            1.5
         ]
      },
      "6": {
         "type": 2,
         "values": [
            1.0,
            8.5
         ]
      },
      "7": {
         "type": 2,
         "values": [
            3.5,
            4.5
         ]
      },
      "8": {
         "type": 1,
         "values": [
            0.8260164558887482,
            1.0747461766004562
         ]
      },
      "9": {
         "type": 1,
         "values": [
            null,
            4.200169563293457
         ]
      },
      "10": {
         "type": 2,
         "values": [
            35.5,
            39.0
         ]
      }
   },
   "feature_bounds_compact": {
      "0": {
         "type": 2,
         "values": [
            34.5,
            62.5
         ]
      },
      "1": {
         "type": 2,
         "values": [
            null,
            null
         ]
      },
      "2": {
         "type": 2,
         "values": [
            null,
            3.5
         ]
      },
      "3": {
         "type": 2,
         "values": [
            null,
            null
         ]
      },
      "4": {
         "type": 2,
         "values": [
            4.5,
            null
         ]
      },
      "5": {
         "type": 2,
         "values": [
            null,
            null
         ]
      },
      "6": {
         "type": 2,
         "values": [
            1.0,
            null
         ]
      },
      "7": {
         "type": 2,
         "values": [
            0.5,
            null
         ]
      },
      "8": {
         "type": 1,
         "values": [
            0.8260164558887482,
            null
         ]
      },
      "9": {
         "type": 1,
         "values": [
            null,
            4.387352705001831
         ]
      },
      "10": {
         "type": 2,
         "values": [
            35.5,
            null
         ]
      }
   },
   "feature_bounds_compact_count": {
      "0": {
         "type": 2,
         "values": [
            34.5,
            62.5
         ]
      },
      "1": {
         "type": 2,
         "values": [
            null,
            null
         ]
      },
      "2": {
         "type": 2,
         "values": [
            null,
            3.5
         ]
      },
      "3": {
         "type": 2,
         "values": [
            null,
            null
         ]
      },
      "4": {
         "type": 2,
         "values": [
            4.5,
            null
         ]
      },
      "5": {
         "type": 2,
         "values": [
            null,
            null
         ]
      },
      "6": {
         "type": 2,
         "values": [
            1.0,
            null
         ]
      },
      "7": {
         "type": 2,
         "values": [
            0.5,
            null
         ]
      },
      "8": {
         "type": 1,
         "values": [
            0.8260164558887482,
            null
         ]
      },
      "9": {
         "type": 1,
         "values": [
            null,
            4.387352705001831
         ]
      },
      "10": {
         "type": 2,
         "values": [
            35.5,
            null
         ]
      }
   },
   "counterfactual_sample": [
      36.0,
      0.0,
      2.0,
      12.0,
      9.0,
      0.0,
      7.0,
      4.0,
      0.8310164558887482,
      -0.21637494832950374,
      37.0
   ],
   "counterfactual_distance": 0.0064305189426286345,
   "counterfactual_class": 1,
   "valid_": true
}