{
   "found": true,
   "num_iterations": 664,
   "num_foil": 324,
   "_observation": [
      23.0,
      0.0,
      2.0,
      9.0,
      3.0,
      4.0,
      0.0,
      1.0,
      -0.1473664551602441,
      -0.21637494832950374,
      40.0
   ],
   "_idx": 374,
   "factual_class": 0,
   "feature_bounds_splits": {
      "0": {
         "type": 2,
         "values": [
            null,
            25.5
         ]
      },
      "1": {
         "type": 2,
         "values": [
            null,
            null
         ]
      },
      "2": {
         "type": 2,
         "values": [
            null,
            null
         ]
      },
      "3": {
         "type": 2,
         "values": [
            null,
            null
         ]
      },
      "4": {
         "type": 2,
         "values": [
            null,
            null
         ]
      },
      "5": {
         "type": 2,
         "values": [
            null,
            null
         ]
      },
      "6": {
         "type": 2,
         "values": [
            null,
            null
         ]
      },
      "7": {
         "type": 2,
         "values": [
            null,
            null
         ]
      },
      "8": {
         "type": 1,
         "values": [
            0.9165636599063873,
            null
         ]
      },
      "9": {
         "type": 1,
         "values": [
            null,
            null
         ]
      },
      "10": {
         "type": 2,
         "values": [
            36.5,
            45.5
         ]
      }
   },
   "splits": [
      [
         8,
         0.3288322389125824,
         false
      ],
      [
         8,
         0.41077886521816254,
         false
      ],
      [
         8,
         0.43403492867946625,
         false
      ],
      [
         8,
         0.4959593564271927,
         false
      ],
      [
         8,
         0.5106835961341858,
         false
      ],
      [
         8,
         0.5268527567386627,
         false
      ],
      [
         8,
         0.5538242757320404,
         false
      ],
      [
         8,
         0.5570580959320068,
         false
      ],
      [
         8,
         0.6343948096036911,
         false
      ],
      [
         8,
         0.7029244899749756,
         false
      ],
      [
         8,
         0.7163414359092712,
         false
      ],
      [
         8,
         0.7800547480583191,
         false
      ],
      [
         8,
         0.8260164558887482,
         false
      ],
      [
         8,
         0.9165636599063873,
         false
      ],
      [
         0,
         25.5,
         true
      ],
      [
         10,
         45.5,
         true
      ],
      [
         10,
         36.5,
         false
      ]
   ],
   "remaining_rules": [
      1409,
      2185,
      2246,
      2247,
      3980,
      5807,
      7275,
      7872,
      9514,
      9515,
      10982,
      12574,
      12577,
      13838
   ],
   "set_rules": [
      1409,
      2185,
      3980,
      5807,
      7275,
      7872,
      9515,
      10982,
      12577,
      13838
   ],
   "foil_estimated_class": [
      1
   ],
   "distance": 0.007029036781776622,
   "extraction_time": 0.19975709915161133,
   "feature_bounds": {
      "0": {
         "type": 2,
         "values": [
            20.0,
            25.5
         ]
      },
      "1": {
         "type": 2,
         "values": [
            null,
            null
         ]
      },
      "2": {
         "type": 2,
         "values": [
            0.5,
            2.5
         ]
      },
      "3": {
         "type": 2,
         "values": [
            8.5,
            12.5
         ]
      },
      "4": {
         "type": 2,
         "values": [
            null,
            4.5
         ]
      },
      "5": {
         "type": 2,
         "values": [
            2.5,
            4.5
         ]
      },
      "6": {
         "type": 2,
         "values": [
            null,
            1.0
         ]
      },
      "7": {
         "type": 2,
         "values": [
            0.5,
            1.5
         ]
      },
      "8": {
         "type": 1,
         "values": [
            0.9165636599063873,
            null
         ]
      },
      "9": {
         "type": 1,
         "values": [
            null,
            4.200169563293457
         ]
      },
      "10": {
         "type": 2,
         "values": [
            35.5,
            44.5
         ]
      }
   },
   "feature_bounds_compact": {
      "0": {
         "type": 2,
         "values": [
            20.0,
            33.5
         ]
      },
      "1": {
         "type": 2,
         "values": [
            null,
            null
         ]
      },
      "2": {
         "type": 2,
         "values": [
            null,
            2.5
         ]
      },
      "3": {
         "type": 2,
         "values": [
            null,
            12.5
         ]
      },
      "4": {
         "type": 2,
         "values": [
            null,
            4.5
         ]
      },
      "5": {
         "type": 2,
         "values": [
            2.5,
            null
         ]
      },
      "6": {
         "type": 2,
         "values": [
            null,
            8.5
         ]
      },
      "7": {
         "type": 2,
         "values": [
            0.5,
            3.5
         ]
      },
      "8": {
         "type": 1,
         "values": [
            0.9165636599063873,
            null
         ]
      },
      "9": {
         "type": 1,
         "values": [
            null,
            4.200169563293457
         ]
      },
      "10": {
         "type": 2,
         "values": [
            35.5,
            null
         ]
      }
   },
   "feature_bounds_compact_count": {
      "0": {
         "type": 2,
         "values": [
            20.0,
            33.5
         ]
      },
      "1": {
         "type": 2,
         "values": [
            null,
            null
         ]
      },
      "2": {
         "type": 2,
         "values": [
            null,
            2.5
         ]
      },
      "3": {
         "type": 2,
         "values": [
            null,
            12.5
         ]
      },
      "4": {
         "type": 2,
         "values": [
            null,
            4.5
         ]
      },
      "5": {
         "type": 2,
         "values": [
            2.5,
            null
         ]
      },
      "6": {
         "type": 2,
         "values": [
            null,
            8.5
         ]
      },
      "7": {
         "type": 2,
         "values": [
            0.5,
            3.5
         ]
      },
      "8": {
         "type": 1,
         "values": [
            0.9165636599063873,
            null
         ]
      },
      "9": {
         "type": 1,
         "values": [
            null,
            4.200169563293457
         ]
      },
      "10": {
         "type": 2,
         "values": [
            35.5,
            null
         ]
      }
   },
   "counterfactual_sample": [
      23.0,
      0.0,
      2.0,
      9.0,
      3.0,
      4.0,
      0.0,
      1.0,
      0.9215636599063873,
      -0.21637494832950374,
      40.0
   ],
   "counterfactual_distance": 0.007028706463724514,
   "counterfactual_class": 1,
   "valid_": true
}