{
   "found": true,
   "num_iterations": 1957,
   "num_foil": 964,
   "_observation": [
      21.0,
      0.0,
      2.0,
      9.0,
      3.0,
      4.0,
      11.0,
      1.0,
      -0.1473664551602441,
      -0.21637494832950374,
      50.0
   ],
   "_idx": 637,
   "factual_class": 0,
   "feature_bounds_splits": {
      "0": {
         "type": 2,
         "values": [
            20.5,
            24.5
         ]
      },
      "1": {
         "type": 2,
         "values": [
            null,
            null
         ]
      },
      "2": {
         "type": 2,
         "values": [
            null,
            2.5
         ]
      },
      "3": {
         "type": 2,
         "values": [
            8.5,
            null
         ]
      },
      "4": {
         "type": 2,
         "values": [
            null,
            null
         ]
      },
      "5": {
         "type": 2,
         "values": [
            null,
            4.5
         ]
      },
      "6": {
         "type": 2,
         "values": [
            10.5,
            12.5
         ]
      },
      "7": {
         "type": 2,
         "values": [
            null,
            null
         ]
      },
      "8": {
         "type": 1,
         "values": [
            0.8260164558887482,
            0.9165636599063873
         ]
      },
      "9": {
         "type": 1,
         "values": [
            null,
            null
         ]
      },
      "10": {
         "type": 2,
         "values": [
            49.5,
            57.5
         ]
      }
   },
   "splits": [
      [
         8,
         0.17257633060216904,
         false
      ],
      [
         8,
         0.17512210458517075,
         false
      ],
      [
         8,
         0.2317485362291336,
         false
      ],
      [
         8,
         0.2646372765302658,
         false
      ],
      [
         8,
         0.3288322389125824,
         false
      ],
      [
         8,
         0.3816056028008461,
         false
      ],
      [
         8,
         0.41077886521816254,
         false
      ],
      [
         8,
         0.43403492867946625,
         false
      ],
      [
         8,
         0.4950648844242096,
         false
      ],
      [
         8,
         0.4959593564271927,
         false
      ],
      [
         8,
         0.501945361495018,
         false
      ],
      [
         8,
         0.5268527567386627,
         false
      ],
      [
         0,
         20.5,
         false
      ],
      [
         8,
         0.5538242757320404,
         false
      ],
      [
         8,
         0.9165636599063873,
         true
      ],
      [
         0,
         24.5,
         true
      ],
      [
         6,
         9.5,
         false
      ],
      [
         8,
         0.7800547480583191,
         false
      ],
      [
         8,
         0.8260164558887482,
         false
      ],
      [
         10,
         49.5,
         false
      ],
      [
         2,
         2.5,
         true
      ],
      [
         10,
         58.5,
         true
      ],
      [
         6,
         10.5,
         false
      ],
      [
         5,
         4.5,
         true
      ],
      [
         6,
         12.5,
         true
      ],
      [
         3,
         8.5,
         false
      ],
      [
         10,
         57.5,
         true
      ]
   ],
   "remaining_rules": [
      1409,
      2247,
      3980,
      5813,
      7275,
      8606,
      9442,
      10946,
      12588,
      13838
   ],
   "set_rules": [
      1409,
      2247,
      3980,
      5813,
      7275,
      8606,
      9442,
      10946,
      12588,
      13838
   ],
   "foil_estimated_class": [
      1
   ],
   "distance": 0.006430849260680742,
   "extraction_time": 0.22960567474365234,
   "feature_bounds": {
      "0": {
         "type": 2,
         "values": [
            null,
            25.5
         ]
      },
      "1": {
         "type": 2,
         "values": [
            null,
            0.5
         ]
      },
      "2": {
         "type": 2,
         "values": [
            null,
            2.5
         ]
      },
      "3": {
         "type": 2,
         "values": [
            8.5,
            null
         ]
      },
      "4": {
         "type": 2,
         "values": [
            null,
            4.5
         ]
      },
      "5": {
         "type": 2,
         "values": [
            2.5,
            4.5
         ]
      },
      "6": {
         "type": 2,
         "values": [
            10.5,
            12.5
         ]
      },
      "7": {
         "type": 2,
         "values": [
            0.5,
            1.5
         ]
      },
      "8": {
         "type": 1,
         "values": [
            0.8260164558887482,
            0.9165636599063873
         ]
      },
      "9": {
         "type": 1,
         "values": [
            null,
            1.825512133538723
         ]
      },
      "10": {
         "type": 2,
         "values": [
            49.5,
            57.5
         ]
      }
   },
   "feature_bounds_compact": {
      "0": {
         "type": 2,
         "values": [
            null,
            25.5
         ]
      },
      "1": {
         "type": 2,
         "values": [
            null,
            null
         ]
      },
      "2": {
         "type": 2,
         "values": [
            null,
            2.5
         ]
      },
      "3": {
         "type": 2,
         "values": [
            4.5,
            null
         ]
      },
      "4": {
         "type": 2,
         "values": [
            null,
            4.5
         ]
      },
      "5": {
         "type": 2,
         "values": [
            2.5,
            null
         ]
      },
      "6": {
         "type": 2,
         "values": [
            10.5,
            null
         ]
      },
      "7": {
         "type": 2,
         "values": [
            0.5,
            1.5
         ]
      },
      "8": {
         "type": 1,
         "values": [
            0.8260164558887482,
            0.9165636599063873
         ]
      },
      "9": {
         "type": 1,
         "values": [
            null,
            4.387352705001831
         ]
      },
      "10": {
         "type": 2,
         "values": [
            49.5,
            59.0
         ]
      }
   },
   "feature_bounds_compact_count": {
      "0": {
         "type": 2,
         "values": [
            null,
            25.5
         ]
      },
      "1": {
         "type": 2,
         "values": [
            null,
            null
         ]
      },
      "2": {
         "type": 2,
         "values": [
            null,
            2.5
         ]
      },
      "3": {
         "type": 2,
         "values": [
            4.5,
            null
         ]
      },
      "4": {
         "type": 2,
         "values": [
            null,
            4.5
         ]
      },
      "5": {
         "type": 2,
         "values": [
            2.5,
            null
         ]
      },
      "6": {
         "type": 2,
         "values": [
            10.5,
            null
         ]
      },
      "7": {
         "type": 2,
         "values": [
            0.5,
            1.5
         ]
      },
      "8": {
         "type": 1,
         "values": [
            0.8260164558887482,
            0.9165636599063873
         ]
      },
      "9": {
         "type": 1,
         "values": [
            null,
            4.387352705001831
         ]
      },
      "10": {
         "type": 2,
         "values": [
            49.5,
            59.0
         ]
      }
   },
   "counterfactual_sample": [
      21.0,
      0.0,
      2.0,
      9.0,
      3.0,
      4.0,
      11.0,
      1.0,
      0.8310164558887482,
      -0.21637494832950374,
      50.0
   ],
   "counterfactual_distance": 0.0064305189426286345,
   "counterfactual_class": 1,
   "valid_": true
}