{
   "found": true,
   "num_iterations": 285,
   "num_foil": 125,
   "_observation": [
      42.0,
      0.0,
      2.0,
      6.0,
      2.0,
      2.0,
      2.0,
      0.0,
      -0.1473664551602441,
      -0.21637494832950374,
      45.0
   ],
   "_idx": 645,
   "factual_class": 0,
   "feature_bounds_splits": {
      "0": {
         "type": 2,
         "values": [
            39.5,
            40.5
         ]
      },
      "1": {
         "type": 2,
         "values": [
            null,
            null
         ]
      },
      "2": {
         "type": 2,
         "values": [
            null,
            null
         ]
      },
      "3": {
         "type": 2,
         "values": [
            5.5,
            6.5
         ]
      },
      "4": {
         "type": 2,
         "values": [
            1.5,
            null
         ]
      },
      "5": {
         "type": 2,
         "values": [
            null,
            2.5
         ]
      },
      "6": {
         "type": 2,
         "values": [
            1.5,
            2.5
         ]
      },
      "7": {
         "type": 2,
         "values": [
            null,
            null
         ]
      },
      "8": {
         "type": 1,
         "values": [
            null,
            -0.13952269405126572
         ]
      },
      "9": {
         "type": 1,
         "values": [
            null,
            null
         ]
      },
      "10": {
         "type": 2,
         "values": [
            44.5,
            45.5
         ]
      }
   },
   "splits": [
      [
         8,
         0.5538242757320404,
         true
      ],
      [
         10,
         38.5,
         false
      ],
      [
         10,
         40.5,
         false
      ],
      [
         10,
         41.5,
         false
      ],
      [
         0,
         36.5,
         false
      ],
      [
         0,
         38.5,
         false
      ],
      [
         5,
         2.5,
         true
      ],
      [
         0,
         43.5,
         true
      ],
      [
         10,
         42.5,
         false
      ],
      [
         8,
         0.3927519917488098,
         true
      ],
      [
         6,
         3.5,
         true
      ],
      [
         4,
         1.5,
         false
      ],
      [
         6,
         2.5,
         true
      ],
      [
         0,
         39.5,
         false
      ],
      [
         0,
         41.5,
         true
      ],
      [
         3,
         6.5,
         true
      ],
      [
         8,
         0.04728260636329651,
         true
      ],
      [
         8,
         0.03015018254518509,
         true
      ],
      [
         3,
         5.5,
         false
      ],
      [
         0,
         40.5,
         true
      ],
      [
         8,
         0.01824694126844406,
         true
      ],
      [
         8,
         -0.08447877503931522,
         true
      ],
      [
         8,
         -0.13952269405126572,
         true
      ],
      [
         6,
         1.5,
         false
      ],
      [
         10,
         50.5,
         true
      ],
      [
         10,
         43.5,
         false
      ],
      [
         10,
         48.5,
         true
      ],
      [
         10,
         47.5,
         true
      ],
      [
         10,
         45.5,
         true
      ],
      [
         10,
         44.5,
         false
      ]
   ],
   "remaining_rules": [
      197,
      1440,
      3502,
      4466,
      6575,
      7291,
      8725,
      10639,
      11594,
      13031
   ],
   "set_rules": [
      197,
      1440,
      3502,
      4466,
      6575,
      7291,
      8725,
      10639,
      11594,
      13031
   ],
   "foil_estimated_class": [
      1
   ],
   "distance": 0.0024906600249066002,
   "extraction_time": 0.37310004234313965,
   "feature_bounds": {
      "0": {
         "type": 2,
         "values": [
            39.5,
            40.5
         ]
      },
      "1": {
         "type": 2,
         "values": [
            null,
            0.5
         ]
      },
      "2": {
         "type": 2,
         "values": [
            1.5,
            2.5
         ]
      },
      "3": {
         "type": 2,
         "values": [
            5.5,
            6.5
         ]
      },
      "4": {
         "type": 2,
         "values": [
            1.5,
            2.5
         ]
      },
      "5": {
         "type": 2,
         "values": [
            1.0,
            2.5
         ]
      },
      "6": {
         "type": 2,
         "values": [
            1.0,
            3.5
         ]
      },
      "7": {
         "type": 2,
         "values": [
            null,
            0.5
         ]
      },
      "8": {
         "type": 1,
         "values": [
            null,
            -0.02372404932975769
         ]
      },
      "9": {
         "type": 1,
         "values": [
            null,
            1.6004030331969261
         ]
      },
      "10": {
         "type": 2,
         "values": [
            44.5,
            46.5
         ]
      }
   },
   "feature_bounds_compact": {
      "0": {
         "type": 2,
         "values": [
            39.5,
            40.5
         ]
      },
      "1": {
         "type": 2,
         "values": [
            null,
            0.5
         ]
      },
      "2": {
         "type": 2,
         "values": [
            1.5,
            2.5
         ]
      },
      "3": {
         "type": 2,
         "values": [
            5.5,
            6.5
         ]
      },
      "4": {
         "type": 2,
         "values": [
            1.5,
            2.5
         ]
      },
      "5": {
         "type": 2,
         "values": [
            1.0,
            2.5
         ]
      },
      "6": {
         "type": 2,
         "values": [
            1.0,
            3.5
         ]
      },
      "7": {
         "type": 2,
         "values": [
            null,
            0.5
         ]
      },
      "8": {
         "type": 1,
         "values": [
            null,
            -0.02372404932975769
         ]
      },
      "9": {
         "type": 1,
         "values": [
            null,
            1.6004030331969261
         ]
      },
      "10": {
         "type": 2,
         "values": [
            44.5,
            46.5
         ]
      }
   },
   "feature_bounds_compact_count": {
      "0": {
         "type": 2,
         "values": [
            39.5,
            40.5
         ]
      },
      "1": {
         "type": 2,
         "values": [
            null,
            0.5
         ]
      },
      "2": {
         "type": 2,
         "values": [
            1.5,
            2.5
         ]
      },
      "3": {
         "type": 2,
         "values": [
            5.5,
            6.5
         ]
      },
      "4": {
         "type": 2,
         "values": [
            1.5,
            2.5
         ]
      },
      "5": {
         "type": 2,
         "values": [
            1.0,
            2.5
         ]
      },
      "6": {
         "type": 2,
         "values": [
            1.0,
            3.5
         ]
      },
      "7": {
         "type": 2,
         "values": [
            null,
            0.5
         ]
      },
      "8": {
         "type": 1,
         "values": [
            null,
            -0.02372404932975769
         ]
      },
      "9": {
         "type": 1,
         "values": [
            null,
            1.6004030331969261
         ]
      },
      "10": {
         "type": 2,
         "values": [
            44.5,
            46.5
         ]
      }
   },
   "counterfactual_sample": [
      40.0,
      0.0,
      2.0,
      6.0,
      2.0,
      2.0,
      2.0,
      0.0,
      -0.1473664551602441,
      -0.21637494832950374,
      45.0
   ],
   "counterfactual_distance": 0.0024906600249066002,
   "counterfactual_class": 1,
   "valid_": true
}