{
   "factual_sample": {
      "sex": 1.0,
      "length": -0.4080004731982221,
      "diameter": -0.2809817631585129,
      "height": -0.4666533461032038,
      "whole_weight": -0.7907774589478006,
      "shucked_weight": -0.8149519715336211,
      "viscera_weight": -0.8402614943567629,
      "shell_weight": -0.6346245740216349,
      "y": true
   },
   "counterfactual_sample": {
      "sex": 1,
      "length": -0.407497470863316,
      "diameter": -0.2813064103940326,
      "height": -0.46652316206513306,
      "whole_weight": -0.7904251363259688,
      "shucked_weight": -0.8152766187691407,
      "viscera_weight": -0.8402614943567629,
      "shell_weight": -0.6055613948825529,
      "y": true
   },
   "counterfactual_found": true,
   "counterfactual_plausible": true,
   "counterfactual_distance": 0.0005351622947061365,
   "counterfactual_time": 26.99569320678711,
   "counterfactual_class": 0,
   "factual_class": 1,
   "valid_": true
}