{
   "factual_sample": {
      "sex": 2.0,
      "length": 0.9244608063553126,
      "diameter": 0.7267984400984913,
      "height": 1.2071048956425745,
      "whole_weight": 1.3016895403659876,
      "shucked_weight": 1.0053895337126986,
      "viscera_weight": 1.1168351461413162,
      "shell_weight": 1.3016333060433471,
      "y": false
   },
   "counterfactual_sample": {
      "sex": 2,
      "length": 0.9244607965796083,
      "diameter": 0.7267984449863434,
      "height": 1.2668820121293725,
      "whole_weight": 1.263450026512146,
      "shucked_weight": 1.0053719716728864,
      "viscera_weight": 1.116835136365612,
      "shell_weight": 1.3008087481730968,
      "y": true
   },
   "counterfactual_found": true,
   "counterfactual_plausible": true,
   "counterfactual_distance": 0.0011212592448238182,
   "counterfactual_time": 33.1762900352478,
   "counterfactual_class": 1,
   "factual_class": 0,
   "valid_": true
}