{
   "factual_sample": {
      "sex": 0.0,
      "length": 1.0077396363274085,
      "diameter": 0.9283544807498924,
      "height": 2.043984016515464,
      "whole_weight": 1.6259607420140312,
      "shucked_weight": 1.0256656148354921,
      "viscera_weight": 2.0520444964958764,
      "shell_weight": 1.2297870025158897,
      "y": false
   },
   "counterfactual_sample": {
      "sex": 0,
      "length": 1.3200629686534031,
      "diameter": 0.9283575783418774,
      "height": 0.7886653542518616,
      "whole_weight": 1.618822693824768,
      "shucked_weight": 1.0256726532016915,
      "viscera_weight": 2.1228576791275815,
      "shell_weight": 1.2711263035952671,
      "y": true
   },
   "counterfactual_found": true,
   "counterfactual_plausible": true,
   "counterfactual_distance": 0.014291766521246774,
   "counterfactual_time": 361.1975872516632,
   "counterfactual_class": 1,
   "factual_class": 0,
   "valid_": true
}