{
   "factual_sample": {
      "sex": 0.0,
      "length": 1.2159367112576485,
      "diameter": 1.0291325010755927,
      "height": 0.3702257747696853,
      "whole_weight": 0.9162350931239744,
      "shucked_weight": 0.9062620260012652,
      "viscera_weight": 1.1305211366343098,
      "shell_weight": 0.8561862241731102,
      "y": false
   },
   "counterfactual_sample": {
      "sex": 0,
      "length": 1.215787589499403,
      "diameter": 1.003937989473343,
      "height": 0.3700766530114398,
      "whole_weight": 0.9163096540030972,
      "shucked_weight": 0.9061129042430197,
      "viscera_weight": 1.1717281846969356,
      "shell_weight": 0.8560371024148647,
      "y": true
   },
   "counterfactual_found": true,
   "counterfactual_plausible": true,
   "counterfactual_distance": 0.0012792187666502818,
   "counterfactual_time": 62.36111116409302,
   "counterfactual_class": 1,
   "factual_class": 0,
   "valid_": true
}