{
   "factual_sample": {
      "sex": 1.0,
      "length": -0.4080004731982221,
      "diameter": -0.5329268139727642,
      "height": -0.586207506227902,
      "whole_weight": -0.6306812996435781,
      "shucked_weight": -0.36211949312457387,
      "viscera_weight": -0.8448234911877607,
      "shell_weight": -0.7639479203710585,
      "y": true
   },
   "counterfactual_sample": {
      "sex": 1,
      "length": -0.4080004731982221,
      "diameter": -0.5341798111089009,
      "height": -0.52517743089197,
      "whole_weight": -0.6373094916343689,
      "shucked_weight": -0.36211949312457387,
      "viscera_weight": -0.8448234911877607,
      "shell_weight": -0.6136138258218559,
      "y": true
   },
   "counterfactual_found": true,
   "counterfactual_plausible": true,
   "counterfactual_distance": 0.003058775321610494,
   "counterfactual_time": 97.8847885131836,
   "counterfactual_class": 0,
   "factual_class": 1,
   "valid_": true
}