{
   "factual_sample": {
      "sex": 1.0,
      "length": -0.4912793031703177,
      "diameter": -0.6337048342984648,
      "height": -0.7057616663526005,
      "whole_weight": -0.8886706518981534,
      "shucked_weight": -0.7969287883133604,
      "viscera_weight": -0.9771213992866984,
      "shell_weight": -0.8537557997803805,
      "y": true
   },
   "counterfactual_sample": {
      "sex": 1,
      "length": -0.49151058698587474,
      "diameter": -0.6348714387528764,
      "height": -0.7059929501681576,
      "whole_weight": -0.8889019357137105,
      "shucked_weight": -0.7971600721289175,
      "viscera_weight": -0.9794023931026459,
      "shell_weight": -0.9058686012065102,
      "y": true
   },
   "counterfactual_found": true,
   "counterfactual_plausible": true,
   "counterfactual_distance": 0.0009840707730507411,
   "counterfactual_time": 61.1625292301178,
   "counterfactual_class": 0,
   "factual_class": 1,
   "valid_": true
}