{
   "factual_sample": {
      "sex": 2.0,
      "length": -0.28308222824007817,
      "diameter": -0.12981473266996213,
      "height": 0.011563294395590387,
      "whole_weight": -0.5705177748095073,
      "shucked_weight": -0.6212027519158196,
      "viscera_weight": -0.4844257415389303,
      "shell_weight": -0.6382168891980078,
      "y": true
   },
   "counterfactual_sample": {
      "sex": 2,
      "length": -0.2616369077311767,
      "diameter": -0.15500923991203308,
      "height": 0.07196597938147056,
      "whole_weight": -0.5705177748095073,
      "shucked_weight": -0.6205771291004433,
      "viscera_weight": -0.4844257415389303,
      "shell_weight": -0.6366448465541018,
      "y": true
   },
   "counterfactual_found": true,
   "counterfactual_plausible": true,
   "counterfactual_distance": 0.0012785672594171457,
   "counterfactual_time": 49.326388120651245,
   "counterfactual_class": 0,
   "factual_class": 1,
   "valid_": true
}