{
   "factual_sample": {
      "Temperature": 0.06433323480238913,
      "Humidity": 0.2980083910470224,
      "Light": 1.4021701923605732,
      "CO2": 0.4876297364038549,
      "HumidityRatio": 0.1749573048529042,
      "y": false
   },
   "counterfactual_sample": {
      "Temperature": -1,
      "Humidity": -1,
      "Light": -1,
      "CO2": -1,
      "HumidityRatio": -1,
      "y": 1.0
   },
   "counterfactual_found": false,
   "counterfactual_plausible": true,
   "counterfactual_distance": 1000,
   "counterfactual_time": 0.012319564819335938,
   "counterfactual_class": 1,
   "factual_class": -1,
   "valid_": false
}