{
   "found": true,
   "num_iterations": 98,
   "num_foil": 30,
   "_observation": [
      -0.2275434623222056,
      0.7946458091952091,
      -0.7724036570242273,
      0.02560780440000367,
      0.3612732687533287
   ],
   "_idx": 189,
   "factual_class": 1,
   "feature_bounds_splits": {
      "0": {
         "type": 1,
         "values": [
            -0.4099663943052292,
            null
         ]
      },
      "1": {
         "type": 1,
         "values": [
            null,
            null
         ]
      },
      "2": {
         "type": 1,
         "values": [
            0.0570523738861084,
            0.06504711508750916
         ]
      },
      "3": {
         "type": 1,
         "values": [
            0.02264612540602684,
            0.046026304829865694
         ]
      },
      "4": {
         "type": 1,
         "values": [
            0.2650058716535568,
            null
         ]
      }
   },
   "splits": [
      [
         2,
         -0.3382883630692959,
         false
      ],
      [
         2,
         -0.14931230247020721,
         false
      ],
      [
         2,
         -0.036719486117362976,
         false
      ],
      [
         2,
         1.6080352067947388,
         true
      ],
      [
         2,
         1.3826115727424622,
         true
      ],
      [
         2,
         0.05578652396798134,
         false
      ],
      [
         3,
         0.2336372807621956,
         true
      ],
      [
         3,
         0.22073689103126526,
         true
      ],
      [
         3,
         0.04782039858400822,
         true
      ],
      [
         3,
         0.046026304829865694,
         true
      ],
      [
         2,
         0.0570523738861084,
         false
      ],
      [
         3,
         0.02264612540602684,
         false
      ],
      [
         4,
         0.2650058716535568,
         false
      ],
      [
         2,
         0.13633370399475098,
         true
      ],
      [
         2,
         0.06504711508750916,
         true
      ],
      [
         0,
         -0.4099663943052292,
         false
      ]
   ],
   "remaining_rules": [
      10,
      49,
      83,
      125,
      155,
      192,
      254,
      286,
      312,
      345
   ],
   "set_rules": [
      10,
      49,
      83,
      125,
      155,
      192,
      254,
      286,
      312,
      345
   ],
   "foil_estimated_class": [
      0
   ],
   "distance": 0.024452792629030412,
   "extraction_time": 0.01107931137084961,
   "feature_bounds": {
      "0": {
         "type": 1,
         "values": [
            -0.4099663943052292,
            0.18108391016721725
         ]
      },
      "1": {
         "type": 1,
         "values": [
            0.25723759829998016,
            null
         ]
      },
      "2": {
         "type": 1,
         "values": [
            0.0570523738861084,
            0.06504711508750916
         ]
      },
      "3": {
         "type": 1,
         "values": [
            0.02264612540602684,
            0.046026304829865694
         ]
      },
      "4": {
         "type": 1,
         "values": [
            0.2650058716535568,
            0.8252570331096649
         ]
      }
   },
   "feature_bounds_compact": {
      "0": {
         "type": 1,
         "values": [
            -0.4099663943052292,
            0.21027158200740814
         ]
      },
      "1": {
         "type": 1,
         "values": [
            0.25723759829998016,
            null
         ]
      },
      "2": {
         "type": 1,
         "values": [
            0.0570523738861084,
            0.38476601243019104
         ]
      },
      "3": {
         "type": 1,
         "values": [
            0.02264612540602684,
            0.08888521790504456
         ]
      },
      "4": {
         "type": 1,
         "values": [
            0.2650058716535568,
            0.8252570331096649
         ]
      }
   },
   "feature_bounds_compact_count": {
      "0": {
         "type": 1,
         "values": [
            -0.4099663943052292,
            0.21027158200740814
         ]
      },
      "1": {
         "type": 1,
         "values": [
            0.25723759829998016,
            null
         ]
      },
      "2": {
         "type": 1,
         "values": [
            0.0570523738861084,
            0.38476601243019104
         ]
      },
      "3": {
         "type": 1,
         "values": [
            0.02264612540602684,
            0.08888521790504456
         ]
      },
      "4": {
         "type": 1,
         "values": [
            0.2650058716535568,
            0.8252570331096649
         ]
      }
   },
   "counterfactual_sample": [
      -0.2275434623222056,
      0.7946458091952091,
      0.062052373886108396,
      0.02764612540602684,
      0.3612732687533287
   ],
   "counterfactual_distance": 0.024451318692029485,
   "counterfactual_class": 0,
   "valid_": true
}