{
   "found": true,
   "num_iterations": 325,
   "num_foil": 156,
   "_observation": [
      0.6480866290515785,
      1.1681499831744238,
      1.4281531519580017,
      1.6790790455247324,
      1.004930154124858
   ],
   "_idx": 138,
   "factual_class": 0,
   "feature_bounds_splits": {
      "0": {
         "type": 1,
         "values": [
            null,
            null
         ]
      },
      "1": {
         "type": 1,
         "values": [
            null,
            null
         ]
      },
      "2": {
         "type": 1,
         "values": [
            0.38476601243019104,
            0.4521265923976898
         ]
      },
      "3": {
         "type": 1,
         "values": [
            null,
            null
         ]
      },
      "4": {
         "type": 1,
         "values": [
            null,
            null
         ]
      }
   },
   "splits": [
      [
         2,
         1.6080352067947388,
         true
      ],
      [
         2,
         1.5074344873428345,
         true
      ],
      [
         2,
         1.3826115727424622,
         true
      ],
      [
         2,
         1.0268163681030273,
         true
      ],
      [
         2,
         0.9344769418239594,
         true
      ],
      [
         2,
         0.9264821410179138,
         true
      ],
      [
         2,
         0.7612572014331818,
         true
      ],
      [
         2,
         0.24176456034183502,
         false
      ],
      [
         2,
         0.38476601243019104,
         false
      ],
      [
         2,
         0.7412703037261963,
         true
      ],
      [
         2,
         0.7342748939990997,
         true
      ],
      [
         2,
         0.7332755625247955,
         true
      ],
      [
         2,
         0.4521265923976898,
         true
      ]
   ],
   "remaining_rules": [
      11,
      60,
      92,
      136,
      172,
      227,
      254,
      298,
      325,
      347
   ],
   "set_rules": [
      11,
      60,
      92,
      136,
      172,
      227,
      254,
      298,
      325,
      347
   ],
   "foil_estimated_class": [
      1
   ],
   "distance": 0.02877350713748544,
   "extraction_time": 0.02517533302307129,
   "feature_bounds": {
      "0": {
         "type": 1,
         "values": [
            0.21027158200740814,
            0.7372711598873138
         ]
      },
      "1": {
         "type": 1,
         "values": [
            0.25723759829998016,
            null
         ]
      },
      "2": {
         "type": 1,
         "values": [
            0.38476601243019104,
            0.4521265923976898
         ]
      },
      "3": {
         "type": 1,
         "values": [
            1.06811885535717,
            null
         ]
      },
      "4": {
         "type": 1,
         "values": [
            0.9006398320198059,
            null
         ]
      }
   },
   "feature_bounds_compact": {
      "0": {
         "type": 1,
         "values": [
            0.21027158200740814,
            0.7372711598873138
         ]
      },
      "1": {
         "type": 1,
         "values": [
            0.25723759829998016,
            null
         ]
      },
      "2": {
         "type": 1,
         "values": [
            0.38476601243019104,
            0.4521265923976898
         ]
      },
      "3": {
         "type": 1,
         "values": [
            1.06811885535717,
            null
         ]
      },
      "4": {
         "type": 1,
         "values": [
            0.9006398320198059,
            null
         ]
      }
   },
   "feature_bounds_compact_count": {
      "0": {
         "type": 1,
         "values": [
            0.21027158200740814,
            0.7372711598873138
         ]
      },
      "1": {
         "type": 1,
         "values": [
            0.25723759829998016,
            null
         ]
      },
      "2": {
         "type": 1,
         "values": [
            0.38476601243019104,
            0.4521265923976898
         ]
      },
      "3": {
         "type": 1,
         "values": [
            1.06811885535717,
            null
         ]
      },
      "4": {
         "type": 1,
         "values": [
            0.9006398320198059,
            null
         ]
      }
   },
   "counterfactual_sample": [
      0.6480866290515785,
      1.1681499831744238,
      0.4471265923976898,
      1.6790790455247324,
      1.004930154124858
   ],
   "counterfactual_distance": 0.02877203320048451,
   "counterfactual_class": 1,
   "valid_": true
}