{
   "factual_sample": {
      "variance_wti": 0.25514938439998275,
      "skewness_wti": 1.194964620328113,
      "curtosis_wty": -0.8073250881785848,
      "entropy": 0.030689966536212913
   },
   "counterfactual_sample": {
      "variance_wti": 0.25514938439998275,
      "skewness_wti": 1.194964620328113,
      "curtosis_wty": -1.4877099999999999,
      "entropy": 0.030689966536212913
   },
   "factual_class": 0,
   "counterfactual_class": 0,
   "counterfactual_found": false,
   "counterfactual_rule_id": 1443,
   "counterfactual_rule": {
      "1": [
         0.56468,
         null
      ],
      "0": [
         -0.03875,
         0.39816
      ],
      "2": [
         null,
         -1.48271
      ],
      "3": [
         -0.79862,
         null
      ]
   },
   "counterfactual_distance": 0.03157010532834865,
   "counterfactual_time": 1.0241367816925049
}