{
   "factual_sample": {
      "variance_wti": -1.6929973442198882,
      "skewness_wti": -1.2679683692582782,
      "curtosis_wty": 2.214567360746192,
      "entropy": 0.3730306005723964
   },
   "counterfactual_sample": {
      "variance_wti": -1.6929973442198882,
      "skewness_wti": -1.2679683692582782,
      "curtosis_wty": 1.25059,
      "entropy": 0.27229
   },
   "factual_class": 1,
   "counterfactual_class": 1,
   "counterfactual_found": false,
   "counterfactual_rule_id": 14,
   "counterfactual_rule": {
      "1": [
         -1.43603,
         -0.60206
      ],
      "0": [
         null,
         -0.78353
      ],
      "2": [
         1.24127,
         1.25559
      ],
      "3": [
         -1.36812,
         0.27729
      ]
   },
   "counterfactual_distance": 0.04953854328319138,
   "counterfactual_time": 1.097327470779419
}