{
   "factual_sample": {
      "variance_wti": -1.4924150506714828,
      "skewness_wti": -1.7077912239918194,
      "curtosis_wty": 2.037752405901541,
      "entropy": 0.8772759761908663,
      "y": true
   },
   "counterfactual_sample": {
      "variance_wti": -0.2756247441950451,
      "skewness_wti": -1.7079760136908364,
      "curtosis_wty": 2.0369602228955324,
      "entropy": 0.8772759761908663,
      "y": true
   },
   "counterfactual_found": true,
   "counterfactual_plausible": true,
   "counterfactual_distance": 0.06238572677235136,
   "counterfactual_time": 1.5514717102050781,
   "counterfactual_class": 0,
   "factual_class": 1,
   "valid_": true
}