{
   "counterfactual_sample": {
      "y": 0, 
      "skewness_wti": 0.699745, 
      "variance_wti": -0.736787, 
      "entropy": -1.287488121543306, 
      "curtosis_wty": -0.40758820713211696
   }, 
   "factual_class": 1, 
   "factual_sample": {
      "y": 1, 
      "entropy": -1.287488121543306, 
      "variance_wti": -1.545938852160452, 
      "skewness_wti": 0.3590557518642188, 
      "curtosis_wty": -0.40758820713211696
   }, 
   "counterfactual_distance": 0.060152604596098, 
   "counterfactual_class": 0, 
   "counterfactual_rule": {
      "variance_wti": "-0.737787< variance_wti <=0.207783", 
      "skewness_wti": ">0.698745"
   }, 
   "counterfactual_time": 15.37507700920105, 
   "counterfactual_found": true
}