{
   "counterfactual_sample": {
      "y": 1, 
      "skewness_wti": 0.537445, 
      "variance_wti": -1.3093590000000002, 
      "entropy": -1.2837742732185742, 
      "curtosis_wty": -0.43543110813390784
   }, 
   "factual_class": 1, 
   "factual_sample": {
      "y": 1, 
      "entropy": -1.2837742732185742, 
      "variance_wti": -1.6098084772113916, 
      "skewness_wti": 0.2624119917363634, 
      "curtosis_wty": -0.43543110813390784
   }, 
   "counterfactual_distance": 0.0304872703305278, 
   "counterfactual_class": 1, 
   "counterfactual_rule": {
      "variance_wti": "-1.310359< variance_wti <=0.158089", 
      "skewness_wti": ">0.536445", 
      "curtosis_wty": "<=0.222248"
   }, 
   "counterfactual_time": 16.43784499168396, 
   "counterfactual_found": false
}