{
   "counterfactual_sample": {
      "y": 0, 
      "skewness_wti": 0.507192, 
      "variance_wti": 0.399533, 
      "entropy": -1.4746565544217811, 
      "curtosis_wty": -1.0903264985777477
   }, 
   "factual_class": 0, 
   "factual_sample": {
      "y": 0, 
      "entropy": -1.4746565544217811, 
      "variance_wti": 0.7945749945409484, 
      "skewness_wti": 1.5159173545798794, 
      "curtosis_wty": -1.0903264985777477
   }, 
   "counterfactual_distance": 0.07560055600290674, 
   "counterfactual_class": 0, 
   "counterfactual_rule": {
      "variance_wti": "-0.751387< variance_wti <=0.399533", 
      "skewness_wti": "0.208483< skewness_wti <=0.507192"
   }, 
   "counterfactual_time": 16.119664907455444, 
   "counterfactual_found": false
}