{
   "counterfactual_sample": {
      "y": 1, 
      "skewness_wti": 0.479267, 
      "variance_wti": -1.0644709678921571, 
      "entropy": 1.0632350276918008, 
      "curtosis_wty": -0.027347855630084232
   }, 
   "factual_class": 1, 
   "factual_sample": {
      "y": 1, 
      "entropy": 1.0632350276918008, 
      "variance_wti": -1.0644709678921571, 
      "skewness_wti": -0.34564941149206024, 
      "curtosis_wty": -0.027347855630084232
   }, 
   "counterfactual_distance": 0.04527373807635047, 
   "counterfactual_class": 1, 
   "counterfactual_rule": {
      "skewness_wti": ">0.478267"
   }, 
   "counterfactual_time": 17.544190168380737, 
   "counterfactual_found": false
}