{
   "found": true,
   "num_iterations": 9595,
   "num_foil": 4754,
   "_observation": [
      0.0,
      1.2992155412297446,
      1.432244582378395,
      0.8484424152684789,
      1.3139261894847822,
      1.5933958862737,
      0.9252312792394062,
      1.369887294394432
   ],
   "_idx": 397,
   "factual_class": 0,
   "feature_bounds_splits": {
      "0": {
         "type": 2,
         "values": [
            null,
            null
         ]
      },
      "1": {
         "type": 1,
         "values": [
            1.111838161945343,
            null
         ]
      },
      "2": {
         "type": 1,
         "values": [
            null,
            null
         ]
      },
      "3": {
         "type": 1,
         "values": [
            1.1473278403282166,
            1.2668820023536682
         ]
      },
      "4": {
         "type": 1,
         "values": [
            null,
            1.3001599311828613
         ]
      },
      "5": {
         "type": 1,
         "values": [
            1.5810049176216125,
            1.5877636075019836
         ]
      },
      "6": {
         "type": 1,
         "values": [
            null,
            0.9206692576408386
         ]
      },
      "7": {
         "type": 1,
         "values": [
            null,
            1.1776984333992004
         ]
      }
   },
   "splits": [
      [
         6,
         1.7988536953926086,
         true
      ],
      [
         6,
         1.5890017747879028,
         true
      ],
      [
         6,
         1.5844398140907288,
         true
      ],
      [
         6,
         1.5821588039398193,
         true
      ],
      [
         1,
         0.5913454592227936,
         false
      ],
      [
         1,
         0.6538046002388,
         false
      ],
      [
         6,
         1.57987779378891,
         true
      ],
      [
         7,
         2.311073899269104,
         true
      ],
      [
         5,
         0.6043737232685089,
         false
      ],
      [
         5,
         0.6201439797878265,
         false
      ],
      [
         5,
         0.9366761445999146,
         false
      ],
      [
         5,
         0.952446460723877,
         false
      ],
      [
         3,
         1.5059903264045715,
         true
      ],
      [
         6,
         1.0461241602897644,
         true
      ],
      [
         5,
         0.9592051208019257,
         false
      ],
      [
         5,
         0.9783547222614288,
         false
      ],
      [
         1,
         0.6954440176486969,
         false
      ],
      [
         7,
         1.6662533283233643,
         true
      ],
      [
         3,
         1.1473278403282166,
         false
      ],
      [
         7,
         1.6213493943214417,
         true
      ],
      [
         7,
         1.6015916466712952,
         true
      ],
      [
         7,
         1.4129950404167175,
         true
      ],
      [
         1,
         1.111838161945343,
         false
      ],
      [
         7,
         1.3734796047210693,
         true
      ],
      [
         7,
         1.319594919681549,
         true
      ],
      [
         5,
         1.7195581793785095,
         true
      ],
      [
         7,
         1.2962448596954346,
         true
      ],
      [
         7,
         1.1956599950790405,
         true
      ],
      [
         6,
         0.9708512425422668,
         true
      ],
      [
         6,
         0.9206692576408386,
         true
      ],
      [
         7,
         1.1776984333992004,
         true
      ],
      [
         5,
         1.6215570569038391,
         true
      ],
      [
         3,
         1.2668820023536682,
         true
      ],
      [
         5,
         1.5810049176216125,
         false
      ],
      [
         5,
         1.5877636075019836,
         true
      ],
      [
         4,
         1.3001599311828613,
         true
      ]
   ],
   "remaining_rules": [
      565,
      1133,
      1706,
      2299,
      2906,
      3525,
      4140,
      4735,
      5309,
      5918
   ],
   "set_rules": [
      565,
      1133,
      1706,
      2299,
      2906,
      3525,
      4140,
      4735,
      5309,
      5918
   ],
   "foil_estimated_class": [
      1
   ],
   "distance": 0.005205050710632786,
   "extraction_time": 0.17914295196533203,
   "feature_bounds": {
      "0": {
         "type": 2,
         "values": [
            null,
            null
         ]
      },
      "1": {
         "type": 1,
         "values": [
            1.1534775495529175,
            1.4033140540122986
         ]
      },
      "2": {
         "type": 1,
         "values": [
            1.306272029876709,
            1.6086061000823975
         ]
      },
      "3": {
         "type": 1,
         "values": [
            1.1473278403282166,
            1.3864361643791199
         ]
      },
      "4": {
         "type": 1,
         "values": [
            1.2450950145721436,
            1.3001599311828613
         ]
      },
      "5": {
         "type": 1,
         "values": [
            1.5810049176216125,
            1.5877636075019836
         ]
      },
      "6": {
         "type": 1,
         "values": [
            0.776966392993927,
            0.9206692576408386
         ]
      },
      "7": {
         "type": 1,
         "values": [
            1.0896866917610168,
            1.1776984333992004
         ]
      }
   },
   "feature_bounds_compact": {
      "0": {
         "type": 2,
         "values": [
            null,
            null
         ]
      },
      "1": {
         "type": 1,
         "values": [
            1.1534775495529175,
            1.6115111112594604
         ]
      },
      "2": {
         "type": 1,
         "values": [
            1.306272029876709,
            1.6086061000823975
         ]
      },
      "3": {
         "type": 1,
         "values": [
            1.1473278403282166,
            1.3864361643791199
         ]
      },
      "4": {
         "type": 1,
         "values": [
            1.2450950145721436,
            1.3001599311828613
         ]
      },
      "5": {
         "type": 1,
         "values": [
            1.5810049176216125,
            1.5877636075019836
         ]
      },
      "6": {
         "type": 1,
         "values": [
            0.7541564106941223,
            0.9206692576408386
         ]
      },
      "7": {
         "type": 1,
         "values": [
            1.0896866917610168,
            1.1776984333992004
         ]
      }
   },
   "feature_bounds_compact_count": {
      "0": {
         "type": 2,
         "values": [
            null,
            null
         ]
      },
      "1": {
         "type": 1,
         "values": [
            1.1534775495529175,
            1.6115111112594604
         ]
      },
      "2": {
         "type": 1,
         "values": [
            1.306272029876709,
            1.6086061000823975
         ]
      },
      "3": {
         "type": 1,
         "values": [
            1.1473278403282166,
            1.3864361643791199
         ]
      },
      "4": {
         "type": 1,
         "values": [
            1.2450950145721436,
            1.3001599311828613
         ]
      },
      "5": {
         "type": 1,
         "values": [
            1.5810049176216125,
            1.5877636075019836
         ]
      },
      "6": {
         "type": 1,
         "values": [
            0.7541564106941223,
            0.9206692576408386
         ]
      },
      "7": {
         "type": 1,
         "values": [
            1.0896866917610168,
            1.1776984333992004
         ]
      }
   },
   "counterfactual_sample": [
      0.0,
      1.2992155412297446,
      1.432244582378395,
      1.1523278403282164,
      1.2951599311828614,
      1.5827636075019837,
      0.9156692576408386,
      1.1726984333992005
   ],
   "counterfactual_distance": 0.005201032399864454,
   "counterfactual_class": 1,