{
   "found": true,
   "num_iterations": 123,
   "num_foil": 33,
   "_observation": [
      1.0,
      -0.7411157930866056,
      -0.8352608749498652,
      -0.4666533461032038,
      -0.8754142820194597,
      -0.8014345841184256,
      -1.0911713200616449,
      -0.9076405274259736
   ],
   "_idx": 96,
   "factual_class": 1,
   "feature_bounds_splits": {
      "0": {
         "type": 2,
         "values": [
            null,
            null
         ]
      },
      "1": {
         "type": 1,
         "values": [
            null,
            -0.678656667470932
         ]
      },
      "2": {
         "type": 1,
         "values": [
            -0.8604553639888763,
            -0.8100663721561432
         ]
      },
      "3": {
         "type": 1,
         "values": [
            -0.40687626600265503,
            -0.28732210397720337
         ]
      },
      "4": {
         "type": 1,
         "values": [
            -0.8606283366680145,
            -0.8448226451873779
         ]
      },
      "5": {
         "type": 1,
         "values": [
            -0.8431131839752197,
            -0.7620088458061218
         ]
      },
      "6": {
         "type": 1,
         "values": [
            -1.1117002964019775,
            -1.0888903141021729
         ]
      },
      "7": {
         "type": 1,
         "values": [
            -0.9130289852619171,
            -0.9058443605899811
         ]
      }
   },
   "splits": [
      [
         5,
         -0.46349988877773285,
         true
      ],
      [
         5,
         -0.49278756976127625,
         true
      ],
      [
         5,
         -0.5524893701076508,
         true
      ],
      [
         3,
         -1.6621949672698975,
         false
      ],
      [
         3,
         -1.1839783191680908,
         false
      ],
      [
         3,
         -1.0046470761299133,
         false
      ],
      [
         5,
         -0.6099382638931274,
         true
      ],
      [
         5,
         -0.669640064239502,
         true
      ],
      [
         5,
         -0.6718929708003998,
         true
      ],
      [
         5,
         -0.6786516606807709,
         true
      ],
      [
         5,
         -0.6820310056209564,
         true
      ],
      [
         5,
         -0.685410350561142,
         true
      ],
      [
         5,
         -0.738353431224823,
         true
      ],
      [
         7,
         -1.0764793157577515,
         false
      ],
      [
         5,
         -0.7428592145442963,
         true
      ],
      [
         5,
         -0.7439856827259064,
         true
      ],
      [
         4,
         -0.5475740432739258,
         true
      ],
      [
         7,
         -1.0351676940917969,
         false
      ],
      [
         5,
         -0.7451121211051941,
         true
      ],
      [
         5,
         -0.7597559690475464,
         true
      ],
      [
         5,
         -0.7620088458061218,
         true
      ],
      [
         5,
         -0.8532512485980988,
         false
      ],
      [
         7,
         -0.9615252315998077,
         false
      ],
      [
         7,
         -0.9291944205760956,
         false
      ],
      [
         7,
         -0.9238059222698212,
         false
      ],
      [
         7,
         -0.882494330406189,
         true
      ],
      [
         3,
         -0.9448699951171875,
         false
      ],
      [
         6,
         -1.0729233026504517,
         true
      ],
      [
         4,
         -1.0610035061836243,
         false
      ],
      [
         4,
         -1.0564147233963013,
         false
      ],
      [
         3,
         -0.8850929141044617,
         false
      ],
      [
         4,
         -1.0508062243461609,
         false
      ],
      [
         4,
         -1.0079779624938965,
         false
      ],
      [
         4,
         -0.9870737195014954,
         false
      ],
      [
         4,
         -0.9763666391372681,
         false
      ],
      [
         4,
         -0.9631102681159973,
         false
      ],
      [
         4,
         -0.9518933296203613,
         false
      ],
      [
         4,
         -0.8448226451873779,
         true
      ],
      [
         3,
         0.9082195162773132,
         true
      ],
      [
         3,
         0.37022578716278076,
         true
      ],
      [
         3,
         0.31044870615005493,
         true
      ],
      [
         1,
         -0.47045959532260895,
         true
      ],
      [
         7,
         -0.9148251414299011,
         false
      ],
      [
         3,
         -0.04821378691121936,
         true
      ],
      [
         4,
         -0.8952988386154175,
         false
      ],
      [
         6,
         -1.075204312801361,
         true
      ],
      [
         7,
         -0.9130289852619171,
         false
      ],
      [
         7,
         -0.889678955078125,
         true
      ],
      [
         7,
         -0.893271267414093,
         true
      ],
      [
         3,
         -0.28732210397720337,
         true
      ],
      [
         6,
         -1.0820472836494446,
         true
      ],
      [
         6,
         -1.0888903141021729,
         true
      ],
      [
         7,
         -0.895067423582077,
         true
      ],
      [
         2,
         -0.9108443856239319,
         false
      ],
      [
         7,
         -0.898659735918045,
         true
      ],
      [
         7,
         -0.9058443605899811,
         true
      ],
      [
         2,
         -0.8604553639888763,
         false
      ],
      [
         2,
         -0.7848718762397766,
         true
      ],
      [
         1,
         -0.678656667470932,
         true
      ],
      [
         6,
         -1.1231052875518799,
         false
      ],
      [
         5,
         -0.8431131839752197,
         false
      ],
      [
         4,
         -0.8912199437618256,
         false
      ],
      [
         4,
         -0.8606283366680145,
         false
      ],
      [
         3,
         -0.40687626600265503,
         false
      ],
      [
         6,
         -1.1117002964019775,
         false
      ],
      [
         2,
         -0.8100663721561432,
         true
      ]
   ],
   "remaining_rules": [
      97,
      697,
      1280,
      1805,
      2463,
      3029,
      3699,
      4242,
      4865,
      5386
   ],
   "set_rules": [
      97,
      697,
      1280,
      1805,
      2463,
      3029,
      3699,
      4242,
      4865,
      5386
   ],
   "foil_estimated_class": [
      0
   ],
   "distance": 0.0005988321293269397,
   "extraction_time": 0.13646221160888672,
   "feature_bounds": {
      "0": {
         "type": 2,
         "values": [
            0.5,
            1.5
         ]
      },
      "1": {
         "type": 1,
         "values": [
            -0.8035749197006226,
            -0.678656667470932
         ]
      },
      "2": {
         "type": 1,
         "values": [
            -1.0620114207267761,
            -0.8100663721561432
         ]
      },
      "3": {
         "type": 1,
         "values": [
            -0.40687626600265503,
            -0.28732210397720337
         ]
      },
      "4": {
         "type": 1,
         "values": [
            -0.8606283366680145,
            -0.8392142057418823
         ]
      },
      "5": {
         "type": 1,
         "values": [
            -0.8431131839752197,
            -0.7507443726062775
         ]
      },
      "6": {
         "type": 1,
         "values": [
            -1.1117002964019775,
            -1.0888903141021729
         ]
      },
      "7": {
         "type": 1,
         "values": [
            -0.9238059222698212,
            -0.895067423582077
         ]
      }
   },
   "feature_bounds_compact": {
      "0": {
         "type": 2,
         "values": [
            0.5,
            1.5
         ]
      },
      "1": {
         "type": 1,