{
   "found": true,
   "num_iterations": 175,
   "num_foil": 48,
   "_observation": [
      2.0,
      -0.1581639832819342,
      -0.12981473266996213,
      -0.3470991859785052,
      -0.3951258041067919,
      -0.3125557392688572,
      -0.2289539190030505,
      -0.4586011303793638
   ],
   "_idx": 302,
   "factual_class": 1,
   "feature_bounds_splits": {
      "0": {
         "type": 2,
         "values": [
            null,
            null
         ]
      },
      "1": {
         "type": 1,
         "values": [
            null,
            -0.1789836883544922
         ]
      },
      "2": {
         "type": 1,
         "values": [
            null,
            -0.05423121713101864
         ]
      },
      "3": {
         "type": 1,
         "values": [
            null,
            -0.40687626600265503
         ]
      },
      "4": {
         "type": 1,
         "values": [
            -0.3961455225944519,
            -0.38849762082099915
         ]
      },
      "5": {
         "type": 1,
         "values": [
            -0.669640064239502,
            -0.2551068440079689
         ]
      },
      "6": {
         "type": 1,
         "values": [
            -0.25176391130662523,
            -0.21982992440462112
         ]
      },
      "7": {
         "type": 1,
         "values": [
            -0.4532126486301422,
            -0.3867548257112503
         ]
      }
   },
   "splits": [
      [
         7,
         -0.9705060422420502,
         false
      ],
      [
         7,
         -0.9669137299060822,
         false
      ],
      [
         7,
         -0.6921016275882721,
         false
      ],
      [
         7,
         -0.6615669429302216,
         false
      ],
      [
         7,
         -0.6597707867622375,
         false
      ],
      [
         7,
         -0.6418092250823975,
         false
      ],
      [
         7,
         -0.6364207565784454,
         false
      ],
      [
         7,
         -0.618459165096283,
         false
      ],
      [
         7,
         -0.6166629791259766,
         false
      ],
      [
         7,
         0.07665383070707321,
         true
      ],
      [
         7,
         -0.6148668229579926,
         false
      ],
      [
         5,
         -0.7890436351299286,
         false
      ],
      [
         7,
         0.0748576745390892,
         true
      ],
      [
         7,
         -0.5466128289699554,
         false
      ],
      [
         5,
         -0.7608824074268341,
         false
      ],
      [
         7,
         -0.5376320779323578,
         false
      ],
      [
         6,
         -0.6030376553535461,
         false
      ],
      [
         5,
         -0.738353431224823,
         false
      ],
      [
         6,
         -0.6007566452026367,
         false
      ],
      [
         7,
         -0.5286512672901154,
         false
      ],
      [
         6,
         -0.5619796812534332,
         false
      ],
      [
         7,
         -0.5178743302822113,
         false
      ],
      [
         5,
         -0.6831574440002441,
         false
      ],
      [
         6,
         -0.559698686003685,
         false
      ],
      [
         7,
         -0.3867548257112503,
         true
      ],
      [
         6,
         -0.5186407119035721,
         false
      ],
      [
         6,
         -0.5163597166538239,
         false
      ],
      [
         6,
         -0.500392735004425,
         false
      ],
      [
         6,
         -0.42055778205394745,
         false
      ],
      [
         6,
         -0.4182767868041992,
         false
      ],
      [
         6,
         -0.41371478140354156,
         false
      ],
      [
         6,
         -0.3909047991037369,
         false
      ],
      [
         6,
         -0.3863428086042404,
         false
      ],
      [
         6,
         -0.3840618133544922,
         false
      ],
      [
         6,
         -0.3772188127040863,
         false
      ],
      [
         6,
         -0.3749378174543381,
         false
      ],
      [
         5,
         -0.22919851541519165,
         true
      ],
      [
         5,
         -0.23483075946569443,
         true
      ],
      [
         6,
         -0.3452848345041275,
         false
      ],
      [
         6,
         -0.3224748522043228,
         false
      ],
      [
         5,
         -0.2404630035161972,
         true
      ],
      [
         6,
         -0.31791286170482635,
         false
      ],
      [
         5,
         -0.2551068440079689,
         true
      ],
      [
         6,
         -0.30194586515426636,
         false
      ],
      [
         6,
         -0.28597886860370636,
         false
      ],
      [
         5,
         -0.669640064239502,
         false
      ],
      [
         6,
         -0.2814168781042099,
         false
      ],
      [
         6,
         -0.2791358754038811,
         false
      ],
      [
         6,
         -0.2654498964548111,
         false
      ],
      [
         6,
         -0.25176391130662523,
         false
      ],
      [
         3,
         -0.04821378691121936,
         true
      ],
      [
         6,
         -0.21298693493008614,
         true
      ],
      [
         4,
         -0.37779055535793304,
         true
      ],
      [
         2,
         0.02135229855775833,
         true
      ],
      [
         2,
         0.021352296695113182,
         true
      ],
      [
         2,
         -0.003842206671833992,
         true
      ],
      [
         2,
         -0.05423121713101864,
         true
      ],
      [
         1,
         -0.07488515414297581,
         true
      ],
      [
         1,
         -0.1789836846292019,
         true
      ],
      [
         3,
         -0.28732210397720337,
         true
      ],
      [
         4,
         -0.3961455225944519,
         false
      ],
      [
         1,
         -0.1789836883544922,
         true
      ],
      [
         3,
         -0.40687626600265503,
         true
      ],
      [
         6,
         -0.21982992440462112,
         true
      ],
      [
         4,
         -0.38849762082099915,
         true
      ],
      [
         7,
         -0.4532126486301422,
         false
      ]
   ],
   "remaining_rules": [
      185,
      760,
      1349,
      1940,
      2539,
      3101,
      3744,
      4338,
      4930,
      5485
   ],
   "set_rules": [
      185,
      760,
      1349,
      1940,
      2539,
      3101,
      3744,
      4338,
      4930,
      5485
   ],
   "foil_estimated_class": [
      0
   ],
   "distance": 0.0007943814677268781,
   "extraction_time": 0.15335440635681152,
   "feature_bounds": {
      "0": {
         "type": 2,
         "values": [
            0.5,
            null
         ]
      },
      "1": {
         "type": 1,
         "values": [
            -0.2622625157237053,
            -0.1789836883544922
         ]
      },
      "2": {
         "type": 1,
         "values": [
            -0.15500923246145248,
            -0.10462022572755814
         ]
      },
      "3": {
         "type": 1,
         "values": [
            -0.5264304280281067,
            -0.40687626600265503
         ]
      },
      "4": {
         "type": 1,
         "values": [
            -0.42469771206378937,
            -0.38849762082099915
         ]
      },
      "5": {
         "type": 1,
         "values": [
            -0.3722575306892395,
            -0.296785444021225
         ]
      },
      "6": {
         "type": 1,
         "values": [
            -0.2494829073548317,
            -0.21982992440462112
         ]
      },
      "7": {
         "type": 1,
         "values": [
            -0.4532126486301422,
            -0.4316587746143341
         ]
      }
   },
   "feature_bounds_compact": {
      "0": {
         "type": 2,
         "values": [
            0.5,
            null
         ]
      },