{
   "found": true,
   "num_iterations": 6309,
   "num_foil": 3127,
   "_observation": [
      1.0,
      0.6329849014529767,
      0.37407536895854,
      0.8484424152684789,
      0.46551851724839205,
      0.10648327060220134,
      0.32304769754769,
      0.8346323331148728
   ],
   "_idx": 320,
   "factual_class": 0,
   "feature_bounds_splits": {
      "0": {
         "type": 2,
         "values": [
            null,
            null
         ]
      },
      "1": {
         "type": 1,
         "values": [
            0.6538046002388,
            0.6954440176486969
         ]
      },
      "2": {
         "type": 1,
         "values": [
            0.4496588855981827,
            null
         ]
      },
      "3": {
         "type": 1,
         "values": [
            null,
            0.4300028681755066
         ]
      },
      "4": {
         "type": 1,
         "values": [
            0.48999182879924774,
            0.4976397156715393
         ]
      },
      "5": {
         "type": 1,
         "values": [
            0.11774775758385658,
            null
         ]
      },
      "6": {
         "type": 1,
         "values": [
            0.3390146791934967,
            0.3527006655931473
         ]
      },
      "7": {
         "type": 1,
         "values": [
            0.8418169617652893,
            0.8992940187454224
         ]
      }
   },
   "splits": [
      [
         5,
         -0.4984198063611984,
         false
      ],
      [
         7,
         2.311073899269104,
         true
      ],
      [
         5,
         -0.4691321402788162,
         false
      ],
      [
         7,
         1.69678795337677,
         true
      ],
      [
         5,
         -0.4612470120191574,
         false
      ],
      [
         7,
         1.2351754903793335,
         true
      ],
      [
         7,
         1.2279908657073975,
         true
      ],
      [
         7,
         1.1776984333992004,
         true
      ],
      [
         5,
         -0.39703939855098724,
         false
      ],
      [
         5,
         -0.38464847207069397,
         false
      ],
      [
         5,
         -0.296785444021225,
         false
      ],
      [
         5,
         -0.2911532074213028,
         false
      ],
      [
         5,
         -0.2843945175409317,
         false
      ],
      [
         5,
         -0.27200357615947723,
         false
      ],
      [
         5,
         -0.26637133955955505,
         false
      ],
      [
         5,
         -0.2551068514585495,
         false
      ],
      [
         7,
         1.0896867215633392,
         true
      ],
      [
         7,
         1.0896866917610168,
         true
      ],
      [
         5,
         -0.2551068365573883,
         false
      ],
      [
         7,
         1.0753174424171448,
         true
      ],
      [
         7,
         1.0501712560653687,
         true
      ],
      [
         7,
         1.044782817363739,
         true
      ],
      [
         7,
         1.0286173522472382,
         true
      ],
      [
         7,
         0.996286541223526,
         true
      ],
      [
         7,
         0.9064786434173584,
         true
      ],
      [
         7,
         0.9028863310813904,
         true
      ],
      [
         7,
         0.8992940187454224,
         true
      ],
      [
         5,
         -0.24158945679664612,
         false
      ],
      [
         7,
         0.7160859405994415,
         false
      ],
      [
         4,
         1.2547823786735535,
         true
      ],
      [
         4,
         1.2450950145721436,
         true
      ],
      [
         4,
         1.2272499203681946,
         true
      ],
      [
         4,
         1.1069228649139404,
         true
      ],
      [
         4,
         1.0294240713119507,
         true
      ],
      [
         4,
         1.0248353481292725,
         true
      ],
      [
         4,
         0.821910947561264,
         true
      ],
      [
         2,
         0.39926987886428833,
         false
      ],
      [
         1,
         0.48724694550037384,
         false
      ],
      [
         4,
         0.5843159854412079,
         true
      ],
      [
         5,
         -0.12894456088542938,
         false
      ],
      [
         5,
         -0.11768007278442383,
         false
      ],
      [
         5,
         -0.06361052021384239,
         false
      ],
      [
         1,
         0.5288863480091095,
         false
      ],
      [
         1,
         0.5705257803201675,
         false
      ],
      [
         1,
         0.7162637114524841,
         true
      ],
      [
         4,
         0.5216031670570374,
         true
      ],
      [
         3,
         1.0875507593154907,
         true
      ],
      [
         4,
         0.52058345079422,
         true
      ],
      [
         4,
         0.48489321768283844,
         false
      ],
      [
         3,
         1.027773678302765,
         true
      ],
      [
         5,
         -0.0005293798167258501,
         false
      ],
      [
         4,
         0.48999182879924774,
         false
      ],
      [
         4,
         0.4981495887041092,
         true
      ],
      [
         6,
         0.09722885489463806,
         false
      ],
      [
         6,
         0.1953117921948433,
         false
      ],
      [
         6,
         0.3070807158946991,
         false
      ],
      [
         6,
         0.40516364574432373,
         true
      ],
      [
         6,
         0.32760968804359436,
         false
      ],
      [
         6,
         0.33445268869400024,
         false
      ],
      [
         6,
         0.40516363084316254,
         true
      ],
      [
         3,
         0.5495570302009583,
         true
      ],
      [
         5,
         0.04790792427957058,
         false
      ],
      [
         5,
         0.08057494461536407,
         false
      ],
      [
         1,
         0.6538046002388,
         false
      ],
      [
         1,
         0.6954440176486969,
         true
      ],
      [
         4,
         0.4976397156715393,
         true
      ],
      [
         7,
         0.8418169617652893,
         false
      ],
      [
         6,
         0.3390146791934967,
         false
      ],
      [
         6,
         0.3527006655931473,
         true
      ],
      [
         2,
         0.4496588855981827,
         false
      ],
      [
         3,
         0.4300028681755066,
         true
      ],
      [
         5,
         0.11774775758385658,
         false
      ]
   ],
   "remaining_rules": [
      386,
      953,
      1619,
      2133,
      2850,
      3349,
      4071,
      4582,
      5126,
      5673
   ],
   "set_rules": [
      386,
      953,
      1619,
      2133,
      2850,
      3349,
      4071,
      4582,
      5126,
      5673
   ],
   "foil_estimated_class": [
      1
   ],
   "distance": 0.005093835594578054,
   "extraction_time": 0.18003153800964355,
   "feature_bounds": {
      "0": {
         "type": 2,
         "values": [
            0.5,
            null
         ]
      },
      "1": {
         "type": 1,
         "values": [
            0.6538046002388,
            0.6954440176486969
         ]
      },
      "2": {
         "type": 1,
         "values": [
            0.4496588855981827,
            0.6512149274349213
         ]
      },
      "3": {
         "type": 1,
         "values": [
            0.31044870615005493,
            0.4300028681755066
         ]
      },
      "4": {
         "type": 1,
         "values": [
            0.48999182879924774,
            0.4976397156715393
         ]
      },
      "5": {
         "type": 1,
         "values": [
            0.11774775758385658,
            0.14365608245134354
         ]
      },
      "6": {
         "type": 1,