{
   "factual_sample": {
      "sex": 0.0,
      "length": 0.5497060714808807,
      "diameter": 0.4748533892842405,
      "height": 0.6093340950190824,
      "whole_weight": 0.6776204353074896,
      "shucked_weight": 0.09296588318700612,
      "viscera_weight": 0.5922055105765631,
      "shell_weight": 0.2957850566589412
   },
   "counterfactual_sample": {
      "sex": 0.0,
      "length": 0.5497060714808807,
      "diameter": 0.4748533892842405,
      "height": 0.6093340950190824,
      "whole_weight": 0.6776204353074896,
      "shucked_weight": 0.09296588318700612,
      "viscera_weight": 0.5922055105765631,
      "shell_weight": 0.2957850566589412
   },
   "factual_class": 0,
   "counterfactual_class": 0,
   "counterfactual_found": false,
   "counterfactual_rule_id": 1771,
   "counterfactual_rule": {
      "7": [
         -0.35622,
         1.69679
      ],
      "2": [
         -0.10462,
         null
      ],
      "3": [
         0.54956,
         null
      ],
      "4": [
         null,
         0.77092
      ],
      "5": [
         -0.12782,
         null
      ],
      "1": [
         0.11249,
         null
      ],
      "6": [
         -0.13543,
         null
      ]
   },
   "counterfactual_distance": 0.0,
   "counterfactual_time": 1.025468111038208
}