{
   "factual_sample": {
      "sex": 1.0,
      "length": -0.19980339826798216,
      "diameter": -0.23059275299566265,
      "height": -0.4666533461032038,
      "whole_weight": -0.6378193449628745,
      "shucked_weight": -0.7315947491399158,
      "viscera_weight": -0.4570537605529431,
      "shell_weight": -0.5304474339068213
   },
   "counterfactual_sample": {
      "sex": 1.0,
      "length": -0.19980339826798216,
      "diameter": -0.23059275299566265,
      "height": -0.4666533461032038,
      "whole_weight": -0.6378193449628745,
      "shucked_weight": -0.7315947491399158,
      "viscera_weight": -0.4570537605529431,
      "shell_weight": -0.5304474339068213
   },
   "factual_class": 0,
   "counterfactual_class": 0,
   "counterfactual_found": false,
   "counterfactual_rule_id": 873,
   "counterfactual_rule": {
      "7": [
         null,
         -0.38855
      ],
      "3": [
         -0.76554,
         0.13112
      ],
      "2": [
         -0.60851,
         null
      ],
      "4": [
         -0.8025,
         null
      ],
      "1": [
         -0.22062,
         null
      ],
      "5": [
         null,
         -0.4252
      ]
   },
   "counterfactual_distance": 0.0,
   "counterfactual_time": 1.7036688327789307
}