{
   "found": true,
   "num_iterations": 100,
   "num_foil": 32,
   "_observation": [
      0.0,
      124.0,
      70.0,
      20.0,
      0.0,
      -0.5828865498707133,
      -0.6580122892751302,
      36.0
   ],
   "_idx": 27,
   "factual_class": 1,
   "feature_bounds_splits": {
      "0": {
         "type": 2,
         "values": [
            null,
            1.5
         ]
      },
      "1": {
         "type": 2,
         "values": [
            126.5,
            127.5
         ]
      },
      "2": {
         "type": 2,
         "values": [
            69.5,
            72.5
         ]
      },
      "3": {
         "type": 2,
         "values": [
            18.5,
            23.5
         ]
      },
      "4": {
         "type": 2,
         "values": [
            null,
            11.5
         ]
      },
      "5": {
         "type": 1,
         "values": [
            -0.5765405893325806,
            -0.5511567294597626
         ]
      },
      "6": {
         "type": 1,
         "values": [
            -0.6610324084758759,
            -0.6353614032268524
         ]
      },
      "7": {
         "type": 2,
         "values": [
            30.5,
            41.5
         ]
      }
   },
   "splits": [
      [
         5,
         -0.7605735063552856,
         false
      ],
      [
         5,
         -0.6844219267368317,
         false
      ],
      [
         5,
         -0.6780759990215302,
         false
      ],
      [
         5,
         -0.6653840839862823,
         false
      ],
      [
         5,
         -0.66538405418396,
         false
      ],
      [
         5,
         -0.6590380966663361,
         false
      ],
      [
         1,
         86.5,
         false
      ],
      [
         1,
         98.5,
         false
      ],
      [
         5,
         -0.6273082792758942,
         false
      ],
      [
         1,
         99.5,
         false
      ],
      [
         1,
         107.5,
         false
      ],
      [
         7,
         21.5,
         false
      ],
      [
         7,
         24.5,
         false
      ],
      [
         5,
         -0.6082704067230225,
         false
      ],
      [
         1,
         108.5,
         false
      ],
      [
         5,
         -0.5892325341701508,
         false
      ],
      [
         5,
         -0.538464829325676,
         true
      ],
      [
         7,
         26.5,
         false
      ],
      [
         7,
         27.5,
         false
      ],
      [
         7,
         28.5,
         false
      ],
      [
         1,
         128.5,
         true
      ],
      [
         2,
         88.5,
         true
      ],
      [
         0,
         1.5,
         true
      ],
      [
         4,
         18.5,
         true
      ],
      [
         3,
         15.5,
         false
      ],
      [
         2,
         76.5,
         true
      ],
      [
         2,
         75.5,
         true
      ],
      [
         2,
         73.5,
         true
      ],
      [
         2,
         72.5,
         true
      ],
      [
         2,
         69.5,
         false
      ],
      [
         3,
         17.5,
         false
      ],
      [
         3,
         18.5,
         false
      ],
      [
         1,
         111.5,
         false
      ],
      [
         1,
         112.5,
         false
      ],
      [
         1,
         121.5,
         false
      ],
      [
         3,
         23.5,
         true
      ],
      [
         6,
         -0.6610324084758759,
         false
      ],
      [
         6,
         -0.63536137342453,
         true
      ],
      [
         1,
         124.5,
         false
      ],
      [
         1,
         126.5,
         false
      ],
      [
         5,
         -0.5511567294597626,
         true
      ],
      [
         6,
         -0.6353614032268524,
         true
      ],
      [
         1,
         127.5,
         true
      ],
      [
         5,
         -0.5765405893325806,
         false
      ],
      [
         7,
         55.5,
         true
      ],
      [
         7,
         54.5,
         true
      ],
      [
         7,
         41.5,
         true
      ],
      [
         4,
         11.5,
         true
      ],
      [
         7,
         30.5,
         false
      ]
   ],
   "remaining_rules": [
      9,
      118,
      328,
      421,
      493,
      678,
      805,
      895,
      1001,
      1091
   ],
   "set_rules": [
      9,
      118,
      328,
      421,
      493,
      678,
      805,
      895,
      1001,
      1091
   ],
   "foil_estimated_class": [
      0
   ],
   "distance": 0.001978300533909439,
   "extraction_time": 0.03642010688781738,
   "feature_bounds": {
      "0": {
         "type": 2,
         "values": [
            null,
            1.5
         ]
      },
      "1": {
         "type": 2,
         "values": [
            126.5,
            127.5
         ]
      },
      "2": {
         "type": 2,
         "values": [
            64.5,
            73.0
         ]
      },
      "3": {
         "type": 2,
         "values": [
            15.5,
            23.0
         ]
      },
      "4": {
         "type": 2,
         "values": [
            null,
            11.0
         ]
      },
      "5": {
         "type": 1,
         "values": [
            -0.5765405893325806,
            -0.5511567294597626
         ]
      },
      "6": {
         "type": 1,
         "values": [
            -0.6610324084758759,
            -0.6353614032268524
         ]
      },
      "7": {
         "type": 2,
         "values": [
            30.5,
            54.5
         ]
      }
   },
   "feature_bounds_compact": {
      "0": {
         "type": 2,
         "values": [
            null,
            1.5
         ]
      },
      "1": {
         "type": 2,
         "values": [
            126.5,
            127.5
         ]
      },
      "2": {
         "type": 2,
         "values": [
            64.5,
            73.0
         ]
      },
      "3": {
         "type": 2,
         "values": [
            15.5,
            23.0
         ]
      },
      "4": {
         "type": 2,
         "values": [
            null,
            11.0
         ]
      },
      "5": {
         "type": 1,
         "values": [
            -0.5765405893325806,
            -0.5511567294597626
         ]
      },
      "6": {
         "type": 1,
         "values": [
            -0.6610324084758759,
            -0.6353614032268524
         ]
      },
      "7": {
         "type": 2,
         "values": [
            30.5,
            54.5
         ]
      }
   },
   "feature_bounds_compact_count": {
      "0": {
         "type": 2,
         "values": [
            null,
            1.5
         ]
      },
      "1": {
         "type": 2,
         "values": [
            126.5,
            127.5
         ]
      },
      "2": {
         "type": 2,
         "values": [
            64.5,
            73.0
         ]
      },
      "3": {
         "type": 2,
         "values": [
            15.5,
            23.0
         ]
      },
      "4": {
         "type": 2,
         "values": [
            null,
            11.0
         ]
      },
      "5": {
         "type": 1,
         "values": [
            -0.5765405893325806,
            -0.5511567294597626
         ]
      },
      "6": {
         "type": 1,
         "values": [
            -0.6610324084758759,
            -0.6353614032268524
         ]
      },
      "7": {
         "type": 2,
         "values": [
            30.5,
            54.5
         ]
      }
   },
   "counterfactual_sample": [
      0.0,
      127.0,
      70.0,
      20.0,
      0.0,
      -0.5715405893325806,
      -0.6560324084758759,
      36.0
   ],
   "counterfactual_distance": 0.0019775666455216275,
   "counterfactual_class": 0,
   "valid_": true
}