{
   "counterfactual_sample": {
      "CO2": 1.6389255122329778, 
      "Temperature": 0.6480866290515785, 
      "Light": 0.535049, 
      "Humidity": 1.2358732674673578, 
      "HumidityRatio": 1.0497415735880935, 
      "y": 1
   }, 
   "factual_class": 0, 
   "factual_sample": {
      "CO2": 1.6389255122329778, 
      "Temperature": 0.6480866290515785, 
      "Light": 1.3661937867641334, 
      "Humidity": 1.2358732674673578, 
      "HumidityRatio": 1.0497415735880935, 
      "y": 0
   }, 
   "counterfactual_distance": 0.024501101086798403, 
   "counterfactual_class": 1, 
   "counterfactual_rule": {
      "Light": "<=0.535049"
   }, 
   "counterfactual_time": 11.115368843078613, 
   "counterfactual_found": true
}