{
   "found": true,
   "num_iterations": 215,
   "num_foil": 96,
   "_observation": [
      27.0,
      0.0,
      2.0,
      13.0,
      5.0,
      4.0,
      12.0,
      1.0,
      -0.1473664551602441,
      -0.21637494832950374,
      37.0
   ],
   "_idx": 303,
   "factual_class": 0,
   "feature_bounds_splits": {
      "0": {
         "type": 2,
         "values": [
            null,
            null
         ]
      },
      "1": {
         "type": 2,
         "values": [
            null,
            null
         ]
      },
      "2": {
         "type": 2,
         "values": [
            null,
            null
         ]
      },
      "3": {
         "type": 2,
         "values": [
            null,
            null
         ]
      },
      "4": {
         "type": 2,
         "values": [
            null,
            null
         ]
      },
      "5": {
         "type": 2,
         "values": [
            null,
            null
         ]
      },
      "6": {
         "type": 2,
         "values": [
            null,
            null
         ]
      },
      "7": {
         "type": 2,
         "values": [
            null,
            null
         ]
      },
      "8": {
         "type": 1,
         "values": [
            0.9165636599063873,
            0.9574337601661682
         ]
      },
      "9": {
         "type": 1,
         "values": [
            null,
            null
         ]
      },
      "10": {
         "type": 2,
         "values": [
            null,
            null
         ]
      }
   },
   "splits": [
      [
         8,
         0.02210000902414322,
         false
      ],
      [
         8,
         0.18200258165597916,
         false
      ],
      [
         8,
         0.43479177355766296,
         false
      ],
      [
         8,
         0.4950648844242096,
         false
      ],
      [
         8,
         0.501945361495018,
         false
      ],
      [
         8,
         0.5570580959320068,
         false
      ],
      [
         8,
         1.1196757555007935,
         true
      ],
      [
         8,
         1.0477057993412018,
         true
      ],
      [
         8,
         0.9574337601661682,
         true
      ],
      [
         8,
         0.9165636599063873,
         false
      ]
   ],
   "remaining_rules": [
      1408,
      2353,
      4284,
      5302,
      7125,
      7970,
      9929,
      11385,
      12747,
      14229
   ],
   "set_rules": [
      1408,
      2353,
      4284,
      5302,
      7125,
      7970,
      9929,
      11385,
      12747,
      14229
   ],
   "foil_estimated_class": [
      1
   ],
   "distance": 0.007029036781776622,
   "extraction_time": 0.34339070320129395,
   "feature_bounds": {
      "0": {
         "type": 2,
         "values": [
            null,
            27.5
         ]
      },
      "1": {
         "type": 2,
         "values": [
            null,
            null
         ]
      },
      "2": {
         "type": 2,
         "values": [
            1.5,
            4.5
         ]
      },
      "3": {
         "type": 2,
         "values": [
            12.5,
            13.5
         ]
      },
      "4": {
         "type": 2,
         "values": [
            4.5,
            9.5
         ]
      },
      "5": {
         "type": 2,
         "values": [
            3.0,
            4.5
         ]
      },
      "6": {
         "type": 2,
         "values": [
            1.5,
            null
         ]
      },
      "7": {
         "type": 2,
         "values": [
            0.5,
            1.5
         ]
      },
      "8": {
         "type": 1,
         "values": [
            0.9165636599063873,
            0.9574337601661682
         ]
      },
      "9": {
         "type": 1,
         "values": [
            null,
            5.229065179824829
         ]
      },
      "10": {
         "type": 2,
         "values": [
            35.5,
            39.0
         ]
      }
   },
   "feature_bounds_compact": {
      "0": {
         "type": 2,
         "values": [
            null,
            29.5
         ]
      },
      "1": {
         "type": 2,
         "values": [
            null,
            null
         ]
      },
      "2": {
         "type": 2,
         "values": [
            null,
            4.5
         ]
      },
      "3": {
         "type": 2,
         "values": [
            10.5,
            15.5
         ]
      },
      "4": {
         "type": 2,
         "values": [
            4.5,
            9.5
         ]
      },
      "5": {
         "type": 2,
         "values": [
            3.0,
            4.5
         ]
      },
      "6": {
         "type": 2,
         "values": [
            null,
            null
         ]
      },
      "7": {
         "type": 2,
         "values": [
            0.5,
            1.5
         ]
      },
      "8": {
         "type": 1,
         "values": [
            0.9165636599063873,
            null
         ]
      },
      "9": {
         "type": 1,
         "values": [
            null,
            null
         ]
      },
      "10": {
         "type": 2,
         "values": [
            35.5,
            39.0
         ]
      }
   },
   "feature_bounds_compact_count": {
      "0": {
         "type": 2,
         "values": [
            null,
            29.5
         ]
      },
      "1": {
         "type": 2,
         "values": [
            null,
            null
         ]
      },
      "2": {
         "type": 2,
         "values": [
            null,
            4.5
         ]
      },
      "3": {
         "type": 2,
         "values": [
            10.5,
            15.5
         ]
      },
      "4": {
         "type": 2,
         "values": [
            4.5,
            9.5
         ]
      },
      "5": {
         "type": 2,
         "values": [
            3.0,
            4.5
         ]
      },
      "6": {
         "type": 2,
         "values": [
            null,
            null
         ]
      },
      "7": {
         "type": 2,
         "values": [
            0.5,
            1.5
         ]
      },
      "8": {
         "type": 1,
         "values": [
            0.9165636599063873,
            null
         ]
      },
      "9": {
         "type": 1,
         "values": [
            null,
            null
         ]
      },
      "10": {
         "type": 2,
         "values": [
            35.5,
            39.0
         ]
      }
   },
   "counterfactual_sample": [
      27.0,
      0.0,
      2.0,
      13.0,
      5.0,
      4.0,
      12.0,
      1.0,
      0.9215636599063873,
      -0.21637494832950374,
      37.0
   ],
   "counterfactual_distance": 0.007028706463724514,
   "counterfactual_class": 1,
   "valid_": true
}