{
   "found": true,
   "num_iterations": 81487,
   "num_foil": 40706,
   "_observation": [
      57.0,
      0.0,
      1.0,
      9.0,
      3.0,
      0.0,
      0.0,
      1.0,
      -0.1473664551602441,
      -0.21637494832950374,
      16.0
   ],
   "_idx": 210,
   "factual_class": 0,
   "feature_bounds_splits": {
      "0": {
         "type": 2,
         "values": [
            55.5,
            59.5
         ]
      },
      "1": {
         "type": 2,
         "values": [
            null,
            null
         ]
      },
      "2": {
         "type": 2,
         "values": [
            null,
            1.5
         ]
      },
      "3": {
         "type": 2,
         "values": [
            8.5,
            9.5
         ]
      },
      "4": {
         "type": 2,
         "values": [
            2.5,
            3.5
         ]
      },
      "5": {
         "type": 2,
         "values": [
            null,
            0.5
         ]
      },
      "6": {
         "type": 2,
         "values": [
            null,
            1.5
         ]
      },
      "7": {
         "type": 2,
         "values": [
            0.5,
            1.5
         ]
      },
      "8": {
         "type": 1,
         "values": [
            0.8260164558887482,
            0.8829180598258972
         ]
      },
      "9": {
         "type": 1,
         "values": [
            null,
            null
         ]
      },
      "10": {
         "type": 2,
         "values": [
            null,
            null
         ]
      }
   },
   "splits": [
      [
         8,
         0.20890531688928604,
         false
      ],
      [
         8,
         0.21571699529886246,
         false
      ],
      [
         8,
         0.22369836270809174,
         false
      ],
      [
         8,
         0.2646372765302658,
         false
      ],
      [
         8,
         0.2949114292860031,
         false
      ],
      [
         8,
         0.30399367958307266,
         false
      ],
      [
         8,
         0.34575824439525604,
         false
      ],
      [
         8,
         0.38401375710964203,
         false
      ],
      [
         8,
         0.39323362708091736,
         false
      ],
      [
         8,
         0.4038983881473541,
         false
      ],
      [
         8,
         0.4145631492137909,
         false
      ],
      [
         8,
         0.4171089231967926,
         false
      ],
      [
         8,
         0.42089320719242096,
         false
      ],
      [
         8,
         0.43403492867946625,
         false
      ],
      [
         8,
         0.4449061155319214,
         false
      ],
      [
         8,
         0.4950648844242096,
         false
      ],
      [
         8,
         0.501945361495018,
         false
      ],
      [
         8,
         0.5268527567386627,
         false
      ],
      [
         8,
         0.5538242757320404,
         false
      ],
      [
         8,
         1.1330927014350891,
         true
      ],
      [
         8,
         1.0747461766004562,
         true
      ],
      [
         7,
         0.5,
         false
      ],
      [
         8,
         0.7391846477985382,
         false
      ],
      [
         8,
         0.8260164558887482,
         false
      ],
      [
         8,
         0.9892904907464981,
         true
      ],
      [
         8,
         0.9574337601661682,
         true
      ],
      [
         8,
         0.9165636599063873,
         true
      ],
      [
         3,
         10.5,
         true
      ],
      [
         4,
         2.5,
         false
      ],
      [
         0,
         54.5,
         false
      ],
      [
         0,
         55.5,
         false
      ],
      [
         8,
         0.8829180598258972,
         true
      ],
      [
         0,
         59.5,
         true
      ],
      [
         3,
         9.5,
         true
      ],
      [
         7,
         1.5,
         true
      ],
      [
         3,
         8.5,
         false
      ],
      [
         2,
         1.5,
         true
      ],
      [
         6,
         1.5,
         true
      ],
      [
         5,
         0.5,
         true
      ],
      [
         4,
         3.5,
         true
      ]
   ],
   "remaining_rules": [
      1403,
      2660,
      3818,
      5274,
      7123,
      7172,
      9917,
      11384,
      12209,
      13656
   ],
   "set_rules": [
      1403,
      2660,
      3818,
      5274,
      7123,
      7172,
      9917,
      11384,
      12209,
      13656
   ],
   "foil_estimated_class": [
      1
   ],
   "distance": 0.006430849260680742,
   "extraction_time": 1.6299026012420654,
   "feature_bounds": {
      "0": {
         "type": 2,
         "values": [
            54.5,
            59.0
         ]
      },
      "1": {
         "type": 2,
         "values": [
            null,
            0.5
         ]
      },
      "2": {
         "type": 2,
         "values": [
            null,
            1.5
         ]
      },
      "3": {
         "type": 2,
         "values": [
            8.5,
            9.5
         ]
      },
      "4": {
         "type": 2,
         "values": [
            2.5,
            3.5
         ]
      },
      "5": {
         "type": 2,
         "values": [
            null,
            0.5
         ]
      },
      "6": {
         "type": 2,
         "values": [
            null,
            1.5
         ]
      },
      "7": {
         "type": 2,
         "values": [
            0.5,
            1.5
         ]
      },
      "8": {
         "type": 1,
         "values": [
            0.8260164558887482,
            0.8829180598258972
         ]
      },
      "9": {
         "type": 1,
         "values": [
            null,
            3.8759632110595703
         ]
      },
      "10": {
         "type": 2,
         "values": [
            null,
            35.5
         ]
      }
   },
   "feature_bounds_compact": {
      "0": {
         "type": 2,
         "values": [
            36.5,
            59.0
         ]
      },
      "1": {
         "type": 2,
         "values": [
            null,
            null
         ]
      },
      "2": {
         "type": 2,
         "values": [
            null,
            4.5
         ]
      },
      "3": {
         "type": 2,
         "values": [
            8.5,
            9.5
         ]
      },
      "4": {
         "type": 2,
         "values": [
            2.5,
            3.5
         ]
      },
      "5": {
         "type": 2,
         "values": [
            null,
            0.5
         ]
      },
      "6": {
         "type": 2,
         "values": [
            null,
            7.5
         ]
      },
      "7": {
         "type": 2,
         "values": [
            0.5,
            1.5
         ]
      },
      "8": {
         "type": 1,
         "values": [
            0.8260164558887482,
            0.9165636599063873
         ]
      },
      "9": {
         "type": 1,
         "values": [
            null,
            4.172030687332153
         ]
      },
      "10": {
         "type": 2,
         "values": [
            null,
            35.5
         ]
      }
   },
   "feature_bounds_compact_count": {
      "0": {
         "type": 2,
         "values": [
            36.5,
            59.0
         ]
      },
      "1": {
         "type": 2,
         "values": [
            null,
            null
         ]
      },
      "2": {
         "type": 2,
         "values": [
            null,
            4.5
         ]
      },
      "3": {
         "type": 2,
         "values": [
            8.5,
            9.5
         ]
      },
      "4": {
         "type": 2,
         "values": [
            2.5,
            3.5
         ]
      },
      "5": {
         "type": 2,
         "values": [
            null,
            0.5
         ]
      },
      "6": {
         "type": 2,