{
   "found": true,
   "num_iterations": 1786,
   "num_foil": 869,
   "_observation": [
      56.0,
      1.0,
      2.0,
      6.0,
      2.0,
      2.0,
      11.0,
      5.0,
      -0.1473664551602441,
      -0.21637494832950374,
      30.0
   ],
   "_idx": 376,
   "factual_class": 0,
   "feature_bounds_splits": {
      "0": {
         "type": 2,
         "values": [
            null,
            null
         ]
      },
      "1": {
         "type": 2,
         "values": [
            null,
            null
         ]
      },
      "2": {
         "type": 2,
         "values": [
            null,
            null
         ]
      },
      "3": {
         "type": 2,
         "values": [
            null,
            null
         ]
      },
      "4": {
         "type": 2,
         "values": [
            null,
            null
         ]
      },
      "5": {
         "type": 2,
         "values": [
            1.5,
            null
         ]
      },
      "6": {
         "type": 2,
         "values": [
            null,
            null
         ]
      },
      "7": {
         "type": 2,
         "values": [
            4.5,
            null
         ]
      },
      "8": {
         "type": 1,
         "values": [
            0.8260164558887482,
            0.9574337601661682
         ]
      },
      "9": {
         "type": 1,
         "values": [
            null,
            null
         ]
      },
      "10": {
         "type": 2,
         "values": [
            39.5,
            null
         ]
      }
   },
   "splits": [
      [
         8,
         0.3373640477657318,
         false
      ],
      [
         8,
         0.4145631492137909,
         false
      ],
      [
         8,
         0.4449061155319214,
         false
      ],
      [
         8,
         0.501945361495018,
         false
      ],
      [
         8,
         0.51907779276371,
         false
      ],
      [
         8,
         0.5268527567386627,
         false
      ],
      [
         8,
         0.9574337601661682,
         true
      ],
      [
         8,
         0.7800547480583191,
         false
      ],
      [
         8,
         0.8017971217632294,
         false
      ],
      [
         8,
         0.8260164558887482,
         false
      ],
      [
         7,
         4.5,
         false
      ],
      [
         5,
         1.5,
         false
      ],
      [
         10,
         37.5,
         false
      ],
      [
         10,
         39.5,
         false
      ]
   ],
   "remaining_rules": [
      1408,
      2660,
      3959,
      5737,
      7133,
      7810,
      9924,
      11395,
      11461,
      12989
   ],
   "set_rules": [
      1408,
      2660,
      3959,
      5737,
      7133,
      7810,
      9924,
      11395,
      11461,
      12989
   ],
   "foil_estimated_class": [
      1
   ],
   "distance": 0.01570728710854716,
   "extraction_time": 0.2120044231414795,
   "feature_bounds": {
      "0": {
         "type": 2,
         "values": [
            53.5,
            66.0
         ]
      },
      "1": {
         "type": 2,
         "values": [
            null,
            null
         ]
      },
      "2": {
         "type": 2,
         "values": [
            1.5,
            null
         ]
      },
      "3": {
         "type": 2,
         "values": [
            null,
            6.5
         ]
      },
      "4": {
         "type": 2,
         "values": [
            1.5,
            2.5
         ]
      },
      "5": {
         "type": 2,
         "values": [
            0.5,
            2.5
         ]
      },
      "6": {
         "type": 2,
         "values": [
            7.5,
            12.5
         ]
      },
      "7": {
         "type": 2,
         "values": [
            4.5,
            null
         ]
      },
      "8": {
         "type": 1,
         "values": [
            0.8260164558887482,
            null
         ]
      },
      "9": {
         "type": 1,
         "values": [
            null,
            4.300489902496338
         ]
      },
      "10": {
         "type": 2,
         "values": [
            39.5,
            null
         ]
      }
   },
   "feature_bounds_compact": {
      "0": {
         "type": 2,
         "values": [
            36.5,
            null
         ]
      },
      "1": {
         "type": 2,
         "values": [
            null,
            null
         ]
      },
      "2": {
         "type": 2,
         "values": [
            null,
            null
         ]
      },
      "3": {
         "type": 2,
         "values": [
            null,
            null
         ]
      },
      "4": {
         "type": 2,
         "values": [
            null,
            4.5
         ]
      },
      "5": {
         "type": 2,
         "values": [
            0.5,
            2.5
         ]
      },
      "6": {
         "type": 2,
         "values": [
            1.0,
            null
         ]
      },
      "7": {
         "type": 2,
         "values": [
            4.5,
            null
         ]
      },
      "8": {
         "type": 1,
         "values": [
            0.8260164558887482,
            null
         ]
      },
      "9": {
         "type": 1,
         "values": [
            null,
            4.300489902496338
         ]
      },
      "10": {
         "type": 2,
         "values": [
            39.5,
            null
         ]
      }
   },
   "feature_bounds_compact_count": {
      "0": {
         "type": 2,
         "values": [
            36.5,
            null
         ]
      },
      "1": {
         "type": 2,
         "values": [
            null,
            null
         ]
      },
      "2": {
         "type": 2,
         "values": [
            null,
            null
         ]
      },
      "3": {
         "type": 2,
         "values": [
            null,
            null
         ]
      },
      "4": {
         "type": 2,
         "values": [
            null,
            4.5
         ]
      },
      "5": {
         "type": 2,
         "values": [
            0.5,
            2.5
         ]
      },
      "6": {
         "type": 2,
         "values": [
            1.0,
            null
         ]
      },
      "7": {
         "type": 2,
         "values": [
            4.5,
            null
         ]
      },
      "8": {
         "type": 1,
         "values": [
            0.8260164558887482,
            null
         ]
      },
      "9": {
         "type": 1,
         "values": [
            null,
            4.300489902496338
         ]
      },
      "10": {
         "type": 2,
         "values": [
            39.5,
            null
         ]
      }
   },
   "counterfactual_sample": [
      56.0,
      1.0,
      2.0,
      6.0,
      2.0,
      2.0,
      11.0,
      5.0,
      0.8310164558887482,
      -0.21637494832950374,
      40.0
   ],
   "counterfactual_distance": 0.015706956790495052,
   "counterfactual_class": 1,
   "valid_": true
}