{
   "found": true,
   "num_iterations": 151,
   "num_foil": 49,
   "_observation": [
      46.0,
      0.0,
      0.0,
      11.0,
      8.0,
      5.0,
      12.0,
      1.0,
      -0.1473664551602441,
      -0.21637494832950374,
      30.0
   ],
   "_idx": 77,
   "factual_class": 0,
   "feature_bounds_splits": {
      "0": {
         "type": 2,
         "values": [
            null,
            null
         ]
      },
      "1": {
         "type": 2,
         "values": [
            null,
            null
         ]
      },
      "2": {
         "type": 2,
         "values": [
            null,
            null
         ]
      },
      "3": {
         "type": 2,
         "values": [
            null,
            null
         ]
      },
      "4": {
         "type": 2,
         "values": [
            3.5,
            null
         ]
      },
      "5": {
         "type": 2,
         "values": [
            null,
            null
         ]
      },
      "6": {
         "type": 2,
         "values": [
            null,
            null
         ]
      },
      "7": {
         "type": 2,
         "values": [
            null,
            null
         ]
      },
      "8": {
         "type": 1,
         "values": [
            0.8260164558887482,
            0.8350986838340759
         ]
      },
      "9": {
         "type": 1,
         "values": [
            null,
            null
         ]
      },
      "10": {
         "type": 2,
         "values": [
            null,
            null
         ]
      }
   },
   "splits": [
      [
         8,
         1.1330927014350891,
         true
      ],
      [
         8,
         1.1196757555007935,
         true
      ],
      [
         8,
         1.0477057993412018,
         true
      ],
      [
         8,
         0.9574337601661682,
         true
      ],
      [
         4,
         3.5,
         false
      ],
      [
         8,
         0.38910533487796783,
         false
      ],
      [
         8,
         0.9165636599063873,
         true
      ],
      [
         8,
         0.4038983881473541,
         false
      ],
      [
         8,
         0.8350986838340759,
         true
      ],
      [
         8,
         0.8260164558887482,
         false
      ]
   ],
   "remaining_rules": [
      1406,
      2836,
      4263,
      5290,
      7125,
      8544,
      9929,
      11385,
      12211,
      14238
   ],
   "set_rules": [
      1406,
      2836,
      4263,
      5290,
      7125,
      8544,
      9929,
      11385,
      12211,
      14238
   ],
   "foil_estimated_class": [
      1
   ],
   "distance": 0.006430849260680742,
   "extraction_time": 0.19231843948364258,
   "feature_bounds": {
      "0": {
         "type": 2,
         "values": [
            44.5,
            48.0
         ]
      },
      "1": {
         "type": 2,
         "values": [
            null,
            null
         ]
      },
      "2": {
         "type": 2,
         "values": [
            null,
            1.5
         ]
      },
      "3": {
         "type": 2,
         "values": [
            10.5,
            11.0
         ]
      },
      "4": {
         "type": 2,
         "values": [
            7.5,
            8.5
         ]
      },
      "5": {
         "type": 2,
         "values": [
            4.5,
            null
         ]
      },
      "6": {
         "type": 2,
         "values": [
            10.0,
            null
         ]
      },
      "7": {
         "type": 2,
         "values": [
            0.5,
            1.5
         ]
      },
      "8": {
         "type": 1,
         "values": [
            0.8260164558887482,
            0.8350986838340759
         ]
      },
      "9": {
         "type": 1,
         "values": [
            null,
            2.77366229146719
         ]
      },
      "10": {
         "type": 2,
         "values": [
            null,
            35.5
         ]
      }
   },
   "feature_bounds_compact": {
      "0": {
         "type": 2,
         "values": [
            44.5,
            75.0
         ]
      },
      "1": {
         "type": 2,
         "values": [
            null,
            null
         ]
      },
      "2": {
         "type": 2,
         "values": [
            null,
            1.5
         ]
      },
      "3": {
         "type": 2,
         "values": [
            10.5,
            11.0
         ]
      },
      "4": {
         "type": 2,
         "values": [
            4.5,
            9.5
         ]
      },
      "5": {
         "type": 2,
         "values": [
            4.5,
            null
         ]
      },
      "6": {
         "type": 2,
         "values": [
            4.5,
            null
         ]
      },
      "7": {
         "type": 2,
         "values": [
            0.5,
            2.5
         ]
      },
      "8": {
         "type": 1,
         "values": [
            0.8260164558887482,
            0.9574337601661682
         ]
      },
      "9": {
         "type": 1,
         "values": [
            null,
            5.229065179824829
         ]
      },
      "10": {
         "type": 2,
         "values": [
            null,
            35.5
         ]
      }
   },
   "feature_bounds_compact_count": {
      "0": {
         "type": 2,
         "values": [
            44.5,
            75.0
         ]
      },
      "1": {
         "type": 2,
         "values": [
            null,
            null
         ]
      },
      "2": {
         "type": 2,
         "values": [
            null,
            1.5
         ]
      },
      "3": {
         "type": 2,
         "values": [
            10.5,
            11.0
         ]
      },
      "4": {
         "type": 2,
         "values": [
            4.5,
            9.5
         ]
      },
      "5": {
         "type": 2,
         "values": [
            4.5,
            null
         ]
      },
      "6": {
         "type": 2,
         "values": [
            4.5,
            null
         ]
      },
      "7": {
         "type": 2,
         "values": [
            0.5,
            2.5
         ]
      },
      "8": {
         "type": 1,
         "values": [
            0.8260164558887482,
            0.9574337601661682
         ]
      },
      "9": {
         "type": 1,
         "values": [
            null,
            5.229065179824829
         ]
      },
      "10": {
         "type": 2,
         "values": [
            null,
            35.5
         ]
      }
   },
   "counterfactual_sample": [
      46.0,
      0.0,
      0.0,
      11.0,
      8.0,
      5.0,
      12.0,
      1.0,
      0.8310164558887482,
      -0.21637494832950374,
      30.0
   ],
   "counterfactual_distance": 0.0064305189426286345,
   "counterfactual_class": 1,
   "valid_": true
}