{
   "found": true,
   "num_iterations": 638,
   "num_foil": 293,
   "_observation": [
      45.0,
      0.0,
      2.0,
      13.0,
      5.0,
      2.0,
      11.0,
      0.0,
      -0.1473664551602441,
      4.4375127613576195,
      40.0
   ],
   "_idx": 218,
   "factual_class": 1,
   "feature_bounds_splits": {
      "0": {
         "type": 2,
         "values": [
            44.5,
            45.5
         ]
      },
      "1": {
         "type": 2,
         "values": [
            null,
            null
         ]
      },
      "2": {
         "type": 2,
         "values": [
            null,
            2.5
         ]
      },
      "3": {
         "type": 2,
         "values": [
            12.5,
            13.5
         ]
      },
      "4": {
         "type": 2,
         "values": [
            4.5,
            5.5
         ]
      },
      "5": {
         "type": 2,
         "values": [
            null,
            2.5
         ]
      },
      "6": {
         "type": 2,
         "values": [
            10.5,
            11.5
         ]
      },
      "7": {
         "type": 2,
         "values": [
            null,
            0.5
         ]
      },
      "8": {
         "type": 1,
         "values": [
            0.2819761037826538,
            0.43403492867946625
         ]
      },
      "9": {
         "type": 1,
         "values": [
            4.651611089706421,
            4.71155858039856
         ]
      },
      "10": {
         "type": 2,
         "values": [
            39.5,
            41.5
         ]
      }
   },
   "splits": [
      [
         8,
         0.957571417093277,
         true
      ],
      [
         8,
         0.9574337601661682,
         true
      ],
      [
         8,
         0.8260164558887482,
         true
      ],
      [
         10,
         56.5,
         true
      ],
      [
         10,
         54.5,
         true
      ],
      [
         10,
         53.5,
         true
      ],
      [
         10,
         52.5,
         true
      ],
      [
         8,
         0.5764610543847084,
         true
      ],
      [
         8,
         0.5570580959320068,
         true
      ],
      [
         10,
         46.5,
         true
      ],
      [
         10,
         45.5,
         true
      ],
      [
         10,
         44.5,
         true
      ],
      [
         0,
         53.5,
         true
      ],
      [
         0,
         51.5,
         true
      ],
      [
         0,
         47.5,
         true
      ],
      [
         0,
         45.5,
         true
      ],
      [
         5,
         2.5,
         true
      ],
      [
         8,
         0.5538242757320404,
         true
      ],
      [
         0,
         25.5,
         false
      ],
      [
         4,
         6.5,
         true
      ],
      [
         0,
         32.5,
         false
      ],
      [
         4,
         4.5,
         false
      ],
      [
         9,
         5.511675119400024,
         true
      ],
      [
         9,
         5.465185165405273,
         true
      ],
      [
         9,
         5.244969606399536,
         true
      ],
      [
         10,
         39.5,
         false
      ],
      [
         0,
         44.5,
         false
      ],
      [
         9,
         4.405704021453857,
         false
      ],
      [
         9,
         4.419161558151245,
         false
      ],
      [
         9,
         4.590440273284912,
         false
      ],
      [
         9,
         4.624695777893066,
         false
      ],
      [
         3,
         13.5,
         true
      ],
      [
         8,
         0.5268527567386627,
         true
      ],
      [
         7,
         0.5,
         true
      ],
      [
         2,
         2.5,
         true
      ],
      [
         6,
         10.5,
         false
      ],
      [
         6,
         11.5,
         true
      ],
      [
         8,
         0.04728260636329651,
         false
      ],
      [
         10,
         43.5,
         true
      ],
      [
         8,
         0.2819761037826538,
         false
      ],
      [
         8,
         0.43403492867946625,
         true
      ],
      [
         3,
         12.5,
         false
      ],
      [
         4,
         5.5,
         true
      ],
      [
         10,
         42.5,
         true
      ],
      [
         10,
         41.5,
         true
      ],
      [
         9,
         4.651611089706421,
         false
      ],
      [
         9,
         5.236405849456787,
         true
      ],
      [
         9,
         4.71155858039856,
         true
      ]
   ],
   "remaining_rules": [
      921,
      2316,
      3765,
      5133,
      7113,
      8331,
      9688,
      11062,
      12675,
      14064
   ],
   "set_rules": [
      921,
      2316,
      3765,
      5133,
      7113,
      8331,
      9688,
      11062,
      12675,
      14064
   ],
   "foil_estimated_class": [
      0
   ],
   "distance": 0.004663260411190058,
   "extraction_time": 0.40686988830566406,
   "feature_bounds": {
      "0": {
         "type": 2,
         "values": [
            36.0,
            46.5
         ]
      },
      "1": {
         "type": 2,
         "values": [
            null,
            null
         ]
      },
      "2": {
         "type": 2,
         "values": [
            1.5,
            2.5
         ]
      },
      "3": {
         "type": 2,
         "values": [
            12.5,
            13.5
         ]
      },
      "4": {
         "type": 2,
         "values": [
            4.5,
            9.5
         ]
      },
      "5": {
         "type": 2,
         "values": [
            1.5,
            2.5
         ]
      },
      "6": {
         "type": 2,
         "values": [
            2.5,
            null
         ]
      },
      "7": {
         "type": 2,
         "values": [
            null,
            0.5
         ]
      },
      "8": {
         "type": 1,
         "values": [
            0.2819761037826538,
            0.43403492867946625
         ]
      },
      "9": {
         "type": 1,
         "values": [
            4.651611089706421,
            4.71155858039856
         ]
      },
      "10": {
         "type": 2,
         "values": [
            34.5,
            42.5
         ]
      }
   },
   "feature_bounds_compact": {
      "0": {
         "type": 2,
         "values": [
            36.0,
            46.5
         ]
      },
      "1": {
         "type": 2,
         "values": [
            null,
            null
         ]
      },
      "2": {
         "type": 2,
         "values": [
            1.5,
            2.5
         ]
      },
      "3": {
         "type": 2,
         "values": [
            12.5,
            13.5
         ]
      },
      "4": {
         "type": 2,
         "values": [
            4.5,
            9.5
         ]
      },
      "5": {
         "type": 2,
         "values": [
            1.5,
            2.5
         ]
      },
      "6": {
         "type": 2,
         "values": [
            2.5,
            null
         ]
      },
      "7": {
         "type": 2,
         "values": [
            null,
            0.5
         ]
      },
      "8": {
         "type": 1,
         "values": [
            0.2819761037826538,
            0.43403492867946625
         ]
      },
      "9": {
         "type": 1,
         "values": [
            4.651611089706421,
            4.71155858039856
         ]
      },
      "10": {
         "type": 2,
         "values": [
            34.5,
            43.5
         ]
      }
   },
   "feature_bounds_compact_count": {
      "0": {
         "type": 2,
         "values": [
            36.0,
            46.5
         ]
      },
      "1": {
         "type": 2,
         "values": [
            null,
            null
         ]
      },
      "2": {
         "type": 2,
         "values": [
            1.5,
            2.5
         ]
      },