{
   "found": true,
   "num_iterations": 120,
   "num_foil": 48,
   "_observation": [
      26.0,
      0.0,
      2.0,
      13.0,
      5.0,
      2.0,
      9.0,
      0.0,
      -0.1473664551602441,
      -0.21637494832950374,
      50.0
   ],
   "_idx": 977,
   "factual_class": 0,
   "feature_bounds_splits": {
      "0": {
         "type": 2,
         "values": [
            25.5,
            26.5
         ]
      },
      "1": {
         "type": 2,
         "values": [
            null,
            null
         ]
      },
      "2": {
         "type": 2,
         "values": [
            null,
            null
         ]
      },
      "3": {
         "type": 2,
         "values": [
            null,
            null
         ]
      },
      "4": {
         "type": 2,
         "values": [
            null,
            null
         ]
      },
      "5": {
         "type": 2,
         "values": [
            null,
            null
         ]
      },
      "6": {
         "type": 2,
         "values": [
            null,
            null
         ]
      },
      "7": {
         "type": 2,
         "values": [
            null,
            null
         ]
      },
      "8": {
         "type": 1,
         "values": [
            0.43403492867946625,
            0.5538242757320404
         ]
      },
      "9": {
         "type": 1,
         "values": [
            null,
            null
         ]
      },
      "10": {
         "type": 2,
         "values": [
            null,
            50.5
         ]
      }
   },
   "splits": [
      [
         8,
         0.8017971217632294,
         true
      ],
      [
         8,
         0.5570580959320068,
         true
      ],
      [
         8,
         0.43403492867946625,
         false
      ],
      [
         0,
         26.5,
         true
      ],
      [
         0,
         25.5,
         false
      ],
      [
         8,
         0.5538242757320404,
         true
      ],
      [
         10,
         50.5,
         true
      ]
   ],
   "remaining_rules": [
      574,
      2193,
      3769,
      5047,
      6878,
      7998,
      9461,
      11061,
      12422,
      14062
   ],
   "set_rules": [
      574,
      2193,
      3769,
      5047,
      6878,
      7998,
      9461,
      11061,
      12422,
      14062
   ],
   "foil_estimated_class": [
      1
   ],
   "distance": 0.00384127777009093,
   "extraction_time": 0.15361762046813965,
   "feature_bounds": {
      "0": {
         "type": 2,
         "values": [
            25.5,
            26.5
         ]
      },
      "1": {
         "type": 2,
         "values": [
            null,
            0.5
         ]
      },
      "2": {
         "type": 2,
         "values": [
            1.5,
            2.5
         ]
      },
      "3": {
         "type": 2,
         "values": [
            12.5,
            13.5
         ]
      },
      "4": {
         "type": 2,
         "values": [
            4.5,
            5.5
         ]
      },
      "5": {
         "type": 2,
         "values": [
            1.5,
            2.5
         ]
      },
      "6": {
         "type": 2,
         "values": [
            7.0,
            10.0
         ]
      },
      "7": {
         "type": 2,
         "values": [
            null,
            0.5
         ]
      },
      "8": {
         "type": 1,
         "values": [
            0.43403492867946625,
            0.5538242757320404
         ]
      },
      "9": {
         "type": 1,
         "values": [
            null,
            4.145115375518799
         ]
      },
      "10": {
         "type": 2,
         "values": [
            47.5,
            50.0
         ]
      }
   },
   "feature_bounds_compact": {
      "0": {
         "type": 2,
         "values": [
            25.5,
            26.5
         ]
      },
      "1": {
         "type": 2,
         "values": [
            null,
            null
         ]
      },
      "2": {
         "type": 2,
         "values": [
            1.5,
            2.5
         ]
      },
      "3": {
         "type": 2,
         "values": [
            12.5,
            13.5
         ]
      },
      "4": {
         "type": 2,
         "values": [
            4.5,
            8.5
         ]
      },
      "5": {
         "type": 2,
         "values": [
            1.5,
            2.5
         ]
      },
      "6": {
         "type": 2,
         "values": [
            7.0,
            10.0
         ]
      },
      "7": {
         "type": 2,
         "values": [
            null,
            0.5
         ]
      },
      "8": {
         "type": 1,
         "values": [
            0.43403492867946625,
            0.5538242757320404
         ]
      },
      "9": {
         "type": 1,
         "values": [
            null,
            4.145115375518799
         ]
      },
      "10": {
         "type": 2,
         "values": [
            47.5,
            50.0
         ]
      }
   },
   "feature_bounds_compact_count": {
      "0": {
         "type": 2,
         "values": [
            25.5,
            26.5
         ]
      },
      "1": {
         "type": 2,
         "values": [
            null,
            null
         ]
      },
      "2": {
         "type": 2,
         "values": [
            1.5,
            2.5
         ]
      },
      "3": {
         "type": 2,
         "values": [
            12.5,
            13.5
         ]
      },
      "4": {
         "type": 2,
         "values": [
            4.5,
            8.5
         ]
      },
      "5": {
         "type": 2,
         "values": [
            1.5,
            2.5
         ]
      },
      "6": {
         "type": 2,
         "values": [
            7.0,
            10.0
         ]
      },
      "7": {
         "type": 2,
         "values": [
            null,
            0.5
         ]
      },
      "8": {
         "type": 1,
         "values": [
            0.43403492867946625,
            0.5538242757320404
         ]
      },
      "9": {
         "type": 1,
         "values": [
            null,
            4.145115375518799
         ]
      },
      "10": {
         "type": 2,
         "values": [
            47.5,
            50.0
         ]
      }
   },
   "counterfactual_sample": [
      26.0,
      0.0,
      2.0,
      13.0,
      5.0,
      2.0,
      9.0,
      0.0,
      0.43903492867946625,
      -0.21637494832950374,
      50.0
   ],
   "counterfactual_distance": 0.003840947452038823,
   "counterfactual_class": 1,
   "valid_": true
}