{
   "found": true,
   "num_iterations": 52,
   "num_foil": 17,
   "_observation": [
      48.0,
      1.0,
      2.0,
      13.0,
      5.0,
      2.0,
      0.0,
      0.0,
      -0.1473664551602441,
      -0.21637494832950374,
      45.0
   ],
   "_idx": 645,
   "factual_class": 1,
   "feature_bounds_splits": {
      "0": {
         "type": 2,
         "values": [
            42.5,
            null
         ]
      },
      "1": {
         "type": 2,
         "values": [
            null,
            null
         ]
      },
      "2": {
         "type": 2,
         "values": [
            null,
            null
         ]
      },
      "3": {
         "type": 2,
         "values": [
            null,
            null
         ]
      },
      "4": {
         "type": 2,
         "values": [
            null,
            null
         ]
      },
      "5": {
         "type": 2,
         "values": [
            null,
            null
         ]
      },
      "6": {
         "type": 2,
         "values": [
            null,
            null
         ]
      },
      "7": {
         "type": 2,
         "values": [
            null,
            null
         ]
      },
      "8": {
         "type": 1,
         "values": [
            0.30082865059375763,
            0.3288322389125824
         ]
      },
      "9": {
         "type": 1,
         "values": [
            null,
            null
         ]
      },
      "10": {
         "type": 2,
         "values": [
            41.5,
            null
         ]
      }
   },
   "splits": [
      [
         8,
         0.8260164558887482,
         true
      ],
      [
         8,
         0.6196017265319824,
         true
      ],
      [
         8,
         0.6174688041210175,
         true
      ],
      [
         8,
         0.5570580959320068,
         true
      ],
      [
         0,
         42.5,
         false
      ],
      [
         10,
         37.5,
         false
      ],
      [
         10,
         41.5,
         false
      ],
      [
         8,
         0.3288322389125824,
         true
      ],
      [
         8,
         0.30082865059375763,
         false
      ]
   ],
   "remaining_rules": [
      611,
      2041,
      3765,
      4956,
      6890,
      8136,
      9487,
      11062,
      12675,
      13813
   ],
   "set_rules": [
      611,
      2041,
      3765,
      4956,
      6890,
      8136,
      9487,
      11062,
      12675,
      13813
   ],
   "foil_estimated_class": [
      0
   ],
   "distance": 0.0029612690039784403,
   "extraction_time": 0.1781766414642334,
   "feature_bounds": {
      "0": {
         "type": 2,
         "values": [
            43.5,
            49.5
         ]
      },
      "1": {
         "type": 2,
         "values": [
            0.5,
            null
         ]
      },
      "2": {
         "type": 2,
         "values": [
            1.0,
            2.5
         ]
      },
      "3": {
         "type": 2,
         "values": [
            12.5,
            13.5
         ]
      },
      "4": {
         "type": 2,
         "values": [
            4.5,
            5.5
         ]
      },
      "5": {
         "type": 2,
         "values": [
            1.5,
            2.5
         ]
      },
      "6": {
         "type": 2,
         "values": [
            null,
            1.0
         ]
      },
      "7": {
         "type": 2,
         "values": [
            null,
            0.5
         ]
      },
      "8": {
         "type": 1,
         "values": [
            0.30082865059375763,
            0.3288322389125824
         ]
      },
      "9": {
         "type": 1,
         "values": [
            null,
            1.9123749360442162
         ]
      },
      "10": {
         "type": 2,
         "values": [
            43.5,
            47.5
         ]
      }
   },
   "feature_bounds_compact": {
      "0": {
         "type": 2,
         "values": [
            43.5,
            50.5
         ]
      },
      "1": {
         "type": 2,
         "values": [
            0.5,
            null
         ]
      },
      "2": {
         "type": 2,
         "values": [
            1.0,
            2.5
         ]
      },
      "3": {
         "type": 2,
         "values": [
            12.5,
            13.5
         ]
      },
      "4": {
         "type": 2,
         "values": [
            4.5,
            5.5
         ]
      },
      "5": {
         "type": 2,
         "values": [
            1.5,
            2.5
         ]
      },
      "6": {
         "type": 2,
         "values": [
            null,
            1.0
         ]
      },
      "7": {
         "type": 2,
         "values": [
            null,
            0.5
         ]
      },
      "8": {
         "type": 1,
         "values": [
            0.30082865059375763,
            0.43403492867946625
         ]
      },
      "9": {
         "type": 1,
         "values": [
            null,
            1.9123749360442162
         ]
      },
      "10": {
         "type": 2,
         "values": [
            42.0,
            47.5
         ]
      }
   },
   "feature_bounds_compact_count": {
      "0": {
         "type": 2,
         "values": [
            43.5,
            50.5
         ]
      },
      "1": {
         "type": 2,
         "values": [
            0.5,
            null
         ]
      },
      "2": {
         "type": 2,
         "values": [
            1.0,
            2.5
         ]
      },
      "3": {
         "type": 2,
         "values": [
            12.5,
            13.5
         ]
      },
      "4": {
         "type": 2,
         "values": [
            4.5,
            5.5
         ]
      },
      "5": {
         "type": 2,
         "values": [
            1.5,
            2.5
         ]
      },
      "6": {
         "type": 2,
         "values": [
            null,
            1.0
         ]
      },
      "7": {
         "type": 2,
         "values": [
            null,
            0.5
         ]
      },
      "8": {
         "type": 1,
         "values": [
            0.30082865059375763,
            0.43403492867946625
         ]
      },
      "9": {
         "type": 1,
         "values": [
            null,
            1.9123749360442162
         ]
      },
      "10": {
         "type": 2,
         "values": [
            42.0,
            47.5
         ]
      }
   },
   "counterfactual_sample": [
      48.0,
      1.0,
      2.0,
      13.0,
      5.0,
      2.0,
      0.0,
      0.0,
      0.30582865059375763,
      -0.21637494832950374,
      45.0
   ],
   "counterfactual_distance": 0.0029609386859263333,
   "counterfactual_class": 0,
   "valid_": true
}