{
   "found": true,
   "num_iterations": 4588,
   "num_foil": 2259,
   "_observation": [
      58.0,
      0.0,
      4.0,
      9.0,
      3.0,
      6.0,
      4.0,
      1.0,
      -0.1473664551602441,
      -0.21637494832950374,
      80.0
   ],
   "_idx": 967,
   "factual_class": 0,
   "feature_bounds_splits": {
      "0": {
         "type": 2,
         "values": [
            52.5,
            null
         ]
      },
      "1": {
         "type": 2,
         "values": [
            null,
            null
         ]
      },
      "2": {
         "type": 2,
         "values": [
            3.5,
            4.5
         ]
      },
      "3": {
         "type": 2,
         "values": [
            8.5,
            9.5
         ]
      },
      "4": {
         "type": 2,
         "values": [
            2.5,
            3.5
         ]
      },
      "5": {
         "type": 2,
         "values": [
            5.5,
            null
         ]
      },
      "6": {
         "type": 2,
         "values": [
            2.5,
            5.5
         ]
      },
      "7": {
         "type": 2,
         "values": [
            null,
            null
         ]
      },
      "8": {
         "type": 1,
         "values": [
            0.5268527567386627,
            0.5538242757320404
         ]
      },
      "9": {
         "type": 1,
         "values": [
            null,
            0.772147960960865
         ]
      },
      "10": {
         "type": 2,
         "values": [
            71.5,
            null
         ]
      }
   },
   "splits": [
      [
         8,
         0.352913960814476,
         false
      ],
      [
         8,
         0.4038983881473541,
         false
      ],
      [
         8,
         0.43479177355766296,
         false
      ],
      [
         8,
         0.4959593564271927,
         false
      ],
      [
         8,
         0.501945361495018,
         false
      ],
      [
         8,
         0.8260164558887482,
         true
      ],
      [
         8,
         0.6801500618457794,
         true
      ],
      [
         6,
         2.5,
         false
      ],
      [
         3,
         8.5,
         false
      ],
      [
         9,
         0.772147960960865,
         true
      ],
      [
         4,
         2.5,
         false
      ],
      [
         3,
         9.5,
         true
      ],
      [
         5,
         5.5,
         false
      ],
      [
         10,
         71.5,
         false
      ],
      [
         6,
         5.5,
         true
      ],
      [
         0,
         52.5,
         false
      ],
      [
         2,
         4.5,
         true
      ],
      [
         2,
         3.5,
         false
      ],
      [
         4,
         3.5,
         true
      ],
      [
         8,
         0.6532473266124725,
         true
      ],
      [
         8,
         0.5120597034692764,
         false
      ],
      [
         8,
         0.5570580959320068,
         true
      ],
      [
         8,
         0.5538242757320404,
         true
      ],
      [
         8,
         0.5268527567386627,
         false
      ]
   ],
   "remaining_rules": [
      1144,
      2531,
      4177,
      5618,
      6491,
      7872,
      9439,
      11304,
      12210,
      13314,
      13315
   ],
   "set_rules": [
      1144,
      2531,
      4177,
      5618,
      6491,
      7872,
      9439,
      11304,
      12210,
      13315
   ],
   "foil_estimated_class": [
      1
   ],
   "distance": 0.004454465853396277,
   "extraction_time": 0.21416783332824707,
   "feature_bounds": {
      "0": {
         "type": 2,
         "values": [
            39.5,
            null
         ]
      },
      "1": {
         "type": 2,
         "values": [
            null,
            0.5
         ]
      },
      "2": {
         "type": 2,
         "values": [
            3.0,
            4.5
         ]
      },
      "3": {
         "type": 2,
         "values": [
            8.5,
            9.5
         ]
      },
      "4": {
         "type": 2,
         "values": [
            2.5,
            3.5
         ]
      },
      "5": {
         "type": 2,
         "values": [
            5.5,
            null
         ]
      },
      "6": {
         "type": 2,
         "values": [
            3.5,
            6.5
         ]
      },
      "7": {
         "type": 2,
         "values": [
            0.5,
            1.5
         ]
      },
      "8": {
         "type": 1,
         "values": [
            0.5268527567386627,
            0.5538242757320404
         ]
      },
      "9": {
         "type": 1,
         "values": [
            null,
            0.772147960960865
         ]
      },
      "10": {
         "type": 2,
         "values": [
            71.0,
            null
         ]
      }
   },
   "feature_bounds_compact": {
      "0": {
         "type": 2,
         "values": [
            38.5,
            null
         ]
      },
      "1": {
         "type": 2,
         "values": [
            null,
            0.5
         ]
      },
      "2": {
         "type": 2,
         "values": [
            0.5,
            4.5
         ]
      },
      "3": {
         "type": 2,
         "values": [
            null,
            9.5
         ]
      },
      "4": {
         "type": 2,
         "values": [
            2.5,
            4.5
         ]
      },
      "5": {
         "type": 2,
         "values": [
            5.5,
            null
         ]
      },
      "6": {
         "type": 2,
         "values": [
            2.5,
            10.0
         ]
      },
      "7": {
         "type": 2,
         "values": [
            0.5,
            1.5
         ]
      },
      "8": {
         "type": 1,
         "values": [
            0.5268527567386627,
            0.5570580959320068
         ]
      },
      "9": {
         "type": 1,
         "values": [
            null,
            0.772147960960865
         ]
      },
      "10": {
         "type": 2,
         "values": [
            71.0,
            null
         ]
      }
   },
   "feature_bounds_compact_count": {
      "0": {
         "type": 2,
         "values": [
            38.5,
            null
         ]
      },
      "1": {
         "type": 2,
         "values": [
            null,
            0.5
         ]
      },
      "2": {
         "type": 2,
         "values": [
            0.5,
            4.5
         ]
      },
      "3": {
         "type": 2,
         "values": [
            null,
            9.5
         ]
      },
      "4": {
         "type": 2,
         "values": [
            2.5,
            4.5
         ]
      },
      "5": {
         "type": 2,
         "values": [
            5.5,
            null
         ]
      },
      "6": {
         "type": 2,
         "values": [
            2.5,
            10.0
         ]
      },
      "7": {
         "type": 2,
         "values": [
            0.5,
            1.5
         ]
      },
      "8": {
         "type": 1,
         "values": [
            0.5268527567386627,
            0.5570580959320068
         ]
      },
      "9": {
         "type": 1,
         "values": [
            null,
            0.772147960960865
         ]
      },
      "10": {
         "type": 2,
         "values": [
            71.0,
            null
         ]
      }
   },
   "counterfactual_sample": [
      58.0,
      0.0,
      4.0,
      9.0,
      3.0,
      6.0,
      4.0,
      1.0,
      0.5318527567386627,
      -0.21637494832950374,
      80.0
   ],
   "counterfactual_distance": 0.00445413553534417,
   "counterfactual_class": 1,
   "valid_": true
}