{
   "found": true,
   "num_iterations": 25489,
   "num_foil": 12717,
   "_observation": [
      27.0,
      0.0,
      2.0,
      9.0,
      3.0,
      4.0,
      11.0,
      1.0,
      -0.1473664551602441,
      -0.21637494832950374,
      50.0
   ],
   "_idx": 816,
   "factual_class": 0,
   "feature_bounds_splits": {
      "0": {
         "type": 2,
         "values": [
            26.5,
            27.5
         ]
      },
      "1": {
         "type": 2,
         "values": [
            null,
            null
         ]
      },
      "2": {
         "type": 2,
         "values": [
            null,
            null
         ]
      },
      "3": {
         "type": 2,
         "values": [
            8.5,
            9.5
         ]
      },
      "4": {
         "type": 2,
         "values": [
            2.5,
            3.5
         ]
      },
      "5": {
         "type": 2,
         "values": [
            null,
            null
         ]
      },
      "6": {
         "type": 2,
         "values": [
            null,
            11.5
         ]
      },
      "7": {
         "type": 2,
         "values": [
            null,
            null
         ]
      },
      "8": {
         "type": 1,
         "values": [
            0.8260164558887482,
            0.8350986838340759
         ]
      },
      "9": {
         "type": 1,
         "values": [
            null,
            0.772147960960865
         ]
      },
      "10": {
         "type": 2,
         "values": [
            49.5,
            50.5
         ]
      }
   },
   "splits": [
      [
         8,
         0.06613514572381973,
         false
      ],
      [
         8,
         0.3373640477657318,
         false
      ],
      [
         8,
         0.3927519917488098,
         false
      ],
      [
         8,
         0.4038983881473541,
         false
      ],
      [
         8,
         0.41077886521816254,
         false
      ],
      [
         8,
         0.4145631492137909,
         false
      ],
      [
         8,
         0.43479177355766296,
         false
      ],
      [
         8,
         0.501945361495018,
         false
      ],
      [
         8,
         0.5120597034692764,
         false
      ],
      [
         8,
         0.5268527567386627,
         false
      ],
      [
         8,
         0.9574337601661682,
         true
      ],
      [
         8,
         0.5538242757320404,
         false
      ],
      [
         0,
         23.5,
         false
      ],
      [
         8,
         0.7800547480583191,
         false
      ],
      [
         8,
         0.8017971217632294,
         false
      ],
      [
         8,
         0.8260164558887482,
         false
      ],
      [
         10,
         39.5,
         false
      ],
      [
         8,
         0.8350986838340759,
         true
      ],
      [
         3,
         8.5,
         false
      ],
      [
         6,
         11.5,
         true
      ],
      [
         4,
         3.5,
         true
      ],
      [
         10,
         50.5,
         true
      ],
      [
         4,
         2.5,
         false
      ],
      [
         3,
         9.5,
         true
      ],
      [
         10,
         49.5,
         false
      ],
      [
         0,
         26.5,
         false
      ],
      [
         0,
         27.5,
         true
      ],
      [
         9,
         0.772147960960865,
         true
      ]
   ],
   "remaining_rules": [
      1408,
      2398,
      4098,
      5500,
      7128,
      7813,
      9922,
      11384,
      12116,
      12921
   ],
   "set_rules": [
      1408,
      2398,
      4098,
      5500,
      7128,
      7813,
      9922,
      11384,
      12116,
      12921
   ],
   "foil_estimated_class": [
      1
   ],
   "distance": 0.006430849260680742,
   "extraction_time": 0.4627723693847656,
   "feature_bounds": {
      "0": {
         "type": 2,
         "values": [
            26.5,
            27.5
         ]
      },
      "1": {
         "type": 2,
         "values": [
            null,
            0.5
         ]
      },
      "2": {
         "type": 2,
         "values": [
            0.5,
            2.5
         ]
      },
      "3": {
         "type": 2,
         "values": [
            8.5,
            9.5
         ]
      },
      "4": {
         "type": 2,
         "values": [
            2.5,
            3.5
         ]
      },
      "5": {
         "type": 2,
         "values": [
            3.0,
            4.5
         ]
      },
      "6": {
         "type": 2,
         "values": [
            9.0,
            11.5
         ]
      },
      "7": {
         "type": 2,
         "values": [
            0.5,
            2.0
         ]
      },
      "8": {
         "type": 1,
         "values": [
            0.8260164558887482,
            0.8350986838340759
         ]
      },
      "9": {
         "type": 1,
         "values": [
            null,
            0.772147960960865
         ]
      },
      "10": {
         "type": 2,
         "values": [
            49.5,
            51.0
         ]
      }
   },
   "feature_bounds_compact": {
      "0": {
         "type": 2,
         "values": [
            26.5,
            27.5
         ]
      },
      "1": {
         "type": 2,
         "values": [
            null,
            0.5
         ]
      },
      "2": {
         "type": 2,
         "values": [
            0.5,
            2.5
         ]
      },
      "3": {
         "type": 2,
         "values": [
            null,
            9.5
         ]
      },
      "4": {
         "type": 2,
         "values": [
            2.5,
            3.5
         ]
      },
      "5": {
         "type": 2,
         "values": [
            3.0,
            4.5
         ]
      },
      "6": {
         "type": 2,
         "values": [
            7.5,
            12.5
         ]
      },
      "7": {
         "type": 2,
         "values": [
            0.5,
            2.0
         ]
      },
      "8": {
         "type": 1,
         "values": [
            0.8260164558887482,
            1.0477057993412018
         ]
      },
      "9": {
         "type": 1,
         "values": [
            null,
            5.63524055480957
         ]
      },
      "10": {
         "type": 2,
         "values": [
            49.5,
            51.0
         ]
      }
   },
   "feature_bounds_compact_count": {
      "0": {
         "type": 2,
         "values": [
            26.5,
            27.5
         ]
      },
      "1": {
         "type": 2,
         "values": [
            null,
            0.5
         ]
      },
      "2": {
         "type": 2,
         "values": [
            0.5,
            2.5
         ]
      },
      "3": {
         "type": 2,
         "values": [
            null,
            9.5
         ]
      },
      "4": {
         "type": 2,
         "values": [
            2.5,
            3.5
         ]
      },
      "5": {
         "type": 2,
         "values": [
            3.0,
            4.5
         ]
      },
      "6": {
         "type": 2,
         "values": [
            7.5,
            12.5
         ]
      },
      "7": {
         "type": 2,
         "values": [
            0.5,
            2.0
         ]
      },
      "8": {
         "type": 1,
         "values": [
            0.8260164558887482,
            1.0477057993412018
         ]
      },
      "9": {
         "type": 1,
         "values": [
            null,
            5.63524055480957
         ]
      },
      "10": {
         "type": 2,
         "values": [
            49.5,
            51.0
         ]
      }
   },
   "counterfactual_sample": [
      27.0,
      0.0,
      2.0,
      9.0,
      3.0,
      4.0,
      11.0,
      1.0,
      0.8310164558887482,
      -0.21637494832950374,
      50.0
   ],
   "counterfactual_distance": 0.0064305189426286345,
   "counterfactual_class": 1,
   "valid_": true
}