{
   "found": true,
   "num_iterations": 621,
   "num_foil": 253,
   "_observation": [
      2.0,
      0.9661002213413604,
      0.7771874502613415,
      0.4897799348943839,
      0.3615069997386424,
      0.4354063643719573,
      0.4006016436746533,
      0.3209312628935509
   ],
   "_idx": 284,
   "factual_class": 0,
   "feature_bounds_splits": {
      "0": {
         "type": 2,
         "values": [
            null,
            null
         ]
      },
      "1": {
         "type": 1,
         "values": [
            0.9869199395179749,
            1.0077396631240845
         ]
      },
      "2": {
         "type": 1,
         "values": [
            0.6764094233512878,
            0.9535489976406097
         ]
      },
      "3": {
         "type": 1,
         "values": [
            0.5495570302009583,
            null
         ]
      },
      "4": {
         "type": 1,
         "values": [
            0.3472309112548828,
            0.3640563040971756
         ]
      },
      "5": {
         "type": 1,
         "values": [
            0.4106244891881943,
            0.6820986866950989
         ]
      },
      "6": {
         "type": 1,
         "values": [
            0.3002377152442932,
            0.5146515667438507
         ]
      },
      "7": {
         "type": 1,
         "values": [
            0.3101543188095093,
            0.32452358305454254
         ]
      }
   },
   "splits": [
      [
         7,
         0.8831285834312439,
         true
      ],
      [
         7,
         0.8705554902553558,
         true
      ],
      [
         7,
         0.8687593042850494,
         true
      ],
      [
         7,
         0.7520090639591217,
         true
      ],
      [
         7,
         0.7448244690895081,
         true
      ],
      [
         7,
         0.7178820967674255,
         true
      ],
      [
         7,
         0.7178820669651031,
         true
      ],
      [
         7,
         0.7089013159275055,
         true
      ],
      [
         5,
         -0.02531125769019127,
         false
      ],
      [
         5,
         -0.02305835857987404,
         false
      ],
      [
         7,
         0.7017166614532471,
         true
      ],
      [
         7,
         0.6729781627655029,
         true
      ],
      [
         7,
         0.6711820065975189,
         true
      ],
      [
         7,
         0.6442396342754364,
         true
      ],
      [
         7,
         0.6370550096035004,
         true
      ],
      [
         7,
         0.5652087032794952,
         true
      ],
      [
         7,
         0.5508394539356232,
         true
      ],
      [
         7,
         0.5454509556293488,
         true
      ],
      [
         7,
         0.5364701747894287,
         true
      ],
      [
         7,
         0.5346740186214447,
         true
      ],
      [
         5,
         -0.017426114063709974,
         false
      ],
      [
         5,
         -0.009540971368551254,
         false
      ],
      [
         5,
         0.11774776130914688,
         false
      ],
      [
         5,
         0.12112710997462273,
         false
      ],
      [
         7,
         0.47719696164131165,
         true
      ],
      [
         7,
         0.47540082037448883,
         true
      ],
      [
         5,
         0.1256329007446766,
         false
      ],
      [
         7,
         0.4682161957025528,
         true
      ],
      [
         7,
         0.425108402967453,
         true
      ],
      [
         7,
         0.4035545289516449,
         true
      ],
      [
         7,
         0.4035545140504837,
         true
      ],
      [
         7,
         0.4035544991493225,
         true
      ],
      [
         7,
         0.39457371830940247,
         true
      ],
      [
         4,
         0.08822183683514595,
         false
      ],
      [
         4,
         0.11626415327191353,
         false
      ],
      [
         4,
         0.11626415699720383,
         false
      ],
      [
         4,
         0.13461913168430328,
         false
      ],
      [
         6,
         0.8339913487434387,
         true
      ],
      [
         5,
         0.12901224941015244,
         false
      ],
      [
         5,
         0.12901225313544273,
         false
      ],
      [
         4,
         0.15144452080130577,
         false
      ],
      [
         4,
         0.15399382263422012,
         false
      ],
      [
         7,
         0.39098140597343445,
         true
      ],
      [
         5,
         0.15041477978229523,
         false
      ],
      [
         7,
         -0.3185008466243744,
         false
      ],
      [
         6,
         0.6264204680919647,
         true
      ],
      [
         6,
         0.6058914959430695,
         true
      ],
      [
         6,
         0.5990484952926636,
         true
      ],
      [
         6,
         0.5534285306930542,
         true
      ],
      [
         6,
         0.551147535443306,
         true
      ],
      [
         5,
         0.15942636877298355,
         false
      ],
      [
         6,
         0.5465855449438095,
         true
      ],
      [
         5,
         0.16055281832814217,
         false
      ],
      [
         5,
         0.16843796521425247,
         false
      ],
      [
         7,
         0.34428130090236664,
         true
      ],
      [
         7,
         0.3353005349636078,
         true
      ],
      [
         6,
         0.5397425591945648,
         true
      ],
      [
         6,
         0.5397425293922424,
         true
      ],
      [
         6,
         0.526056557893753,
         true
      ],
      [
         4,
         0.5883948504924774,
         true
      ],
      [
         3,
         -0.5862075090408325,
         false
      ],
      [
         3,
         -0.3470991849899292,
         false
      ],
      [
         3,
         -0.22754502668976784,
         false
      ],
      [
         3,
         -0.22754502622410655,
         false
      ],
      [
         3,
         -0.167767945677042,
         false
      ],
      [
         3,
         -0.04821378691121936,
         false
      ],
      [
         6,
         0.5146515667438507,
         true
      ],
      [
         7,
         0.32452358305454254,
         true
      ],
      [
         4,
         0.5838061273097992,
         true
      ],
      [
         4,
         0.5267017483711243,
         true
      ],
      [
         4,
         0.5190538465976715,
         true
      ],
      [
         4,
         0.5180341303348541,
         true
      ],
      [
         7,
         0.10359619557857513,
         false
      ],
      [
         4,
         0.49916931986808777,
         true
      ],
      [
         4,
         0.4976397156715393,
         true
      ],
      [
         4,
         0.4670480936765671,
         true
      ],
      [
         4,
         0.4660283774137497,
         true
      ],
      [
         4,
         0.4650086462497711,
         true
      ],
      [
         4,
         0.26412367820739746,
         false
      ],
      [
         5,
         0.30699118971824646,
         false
      ],
      [
         5,
         0.31487633287906647,
         false
      ],
      [
         4,
         0.267182819545269,
         false
      ],
      [
         2,
         0.9787434935569763,
         true
      ],
      [
         2,
         0.9535489976406097,
         true
      ],
      [
         2,
         0.6764094233512878,
         false
      ],
      [
         1,
         0.7995425760746002,
         false
      ],
      [
         5,
         0.3407846540212631,
         false
      ],
      [
         5,
         0.34191110730171204,
         false
      ],
      [
         5,
         0.34416399896144867,
         false
      ],
      [
         5,
         0.3610607236623764,
         false
      ],
      [
