{
   "found": true,
   "num_iterations": 104,
   "num_foil": 4,
   "_observation": [
      0.0,
      0.4664272415087847,
      0.4748533892842405,
      -0.4666533461032038,
      0.2269038594319073,
      0.17857600348324373,
      0.6971314376895138,
      0.18801560136775472
   ],
   "_idx": 208,
   "factual_class": 1,
   "feature_bounds_splits": {
      "0": {
         "type": 2,
         "values": [
            null,
            null
         ]
      },
      "1": {
         "type": 1,
         "values": [
            0.4664272367954254,
            0.5288863480091095
         ]
      },
      "2": {
         "type": 1,
         "values": [
            0.4496588855981827,
            0.500047892332077
         ]
      },
      "3": {
         "type": 1,
         "values": [
            -0.6459845900535583,
            -0.3470991849899292
         ]
      },
      "4": {
         "type": 1,
         "values": [
            0.21517706662416458,
            0.25953492522239685
         ]
      },
      "5": {
         "type": 1,
         "values": [
            0.1267593540251255,
            0.16505861654877663
         ]
      },
      "6": {
         "type": 1,
         "values": [
            0.6948504447937012,
            0.6971314400434494
         ]
      },
      "7": {
         "type": 1,
         "values": [
            0.1844232827425003,
            0.2077733352780342
         ]
      }
   },
   "splits": [
      [
         3,
         1.0875507593154907,
         true
      ],
      [
         3,
         1.027773678302765,
         true
      ],
      [
         7,
         0.5472471117973328,
         true
      ],
      [
         5,
         -0.2337043136358261,
         false
      ],
      [
         7,
         0.5346740186214447,
         true
      ],
      [
         5,
         -0.15372643619775772,
         false
      ],
      [
         7,
         0.43408918380737305,
         true
      ],
      [
         7,
         0.4215160757303238,
         true
      ],
      [
         5,
         -0.14246194809675217,
         false
      ],
      [
         7,
         0.39457371830940247,
         true
      ],
      [
         5,
         -0.12556521221995354,
         false
      ],
      [
         7,
         0.38738909363746643,
         true
      ],
      [
         1,
         0.15413162857294083,
         false
      ],
      [
         6,
         0.9503222405910492,
         true
      ],
      [
         7,
         0.30656200647354126,
         true
      ],
      [
         7,
         0.30117352306842804,
         true
      ],
      [
         7,
         0.290396586060524,
         true
      ],
      [
         7,
         0.28500810265541077,
         true
      ],
      [
         7,
         0.28321196138858795,
         true
      ],
      [
         7,
         0.2778234928846359,
         true
      ],
      [
         7,
         0.15209244936704636,
         false
      ],
      [
         5,
         -0.06361052207648754,
         false
      ],
      [
         5,
         -0.06361052021384239,
         false
      ],
      [
         5,
         -0.038828641176223755,
         false
      ],
      [
         5,
         -0.02305835857987404,
         false
      ],
      [
         1,
         0.19577103853225708,
         false
      ],
      [
         2,
         0.8023819625377655,
         true
      ],
      [
         4,
         0.5297609269618988,
         true
      ],
      [
         4,
         0.5282313376665115,
         true
      ],
      [
         4,
         0.5180341303348541,
         true
      ],
      [
         2,
         0.7771874368190765,
         true
      ],
      [
         5,
         -0.017426114063709974,
         false
      ],
      [
         4,
         0.48336362838745117,
         true
      ],
      [
         5,
         -0.009540971368551254,
         false
      ],
      [
         1,
         0.23741046339273453,
         false
      ],
      [
         1,
         0.25823015719652176,
         false
      ],
      [
         1,
         0.3623286932706833,
         false
      ],
      [
         4,
         0.29777444899082184,
         true
      ],
      [
         1,
         0.5288863480091095,
         true
      ],
      [
         6,
         0.8453963398933411,
         true
      ],
      [
         5,
         -0.0005293798167258501,
         false
      ],
      [
         6,
         0.8339913487434387,
         true
      ],
      [
         2,
         0.75199294090271,
         true
      ],
      [
         2,
         0.7267984449863434,
         true
      ],
      [
         6,
         0.8294293582439423,
         true
      ],
      [
         6,
         0.8180243372917175,
         true
      ],
      [
         6,
         0.8089003562927246,
         true
      ],
      [
         2,
         0.7016039192676544,
         true
      ],
      [
         6,
         0.7792474031448364,
         true
      ],
      [
         6,
         0.779247373342514,
         true
      ],
      [
         2,
         0.6764094233512878,
         true
      ],
      [
         6,
         0.6446684896945953,
         false
      ],
      [
         4,
         -0.08767999336123466,
         false
      ],
      [
         4,
         0.1611318662762642,
         false
      ],
      [
         3,
         0.6093341112136841,
         true
      ],
      [
         4,
         0.16928964108228683,
         false
      ],
      [
         4,
         0.18917419016361237,
         false
      ],
      [
         3,
         0.5495570302009583,
         true
      ],
      [
         5,
         0.05917241610586643,
         false
      ],
      [
         4,
         0.20803902298212051,
         false
      ],
      [
         4,
         0.29114626348018646,
         true
      ],
      [
         2,
         0.37407536804676056,
         false
      ],
      [
         5,
         0.1042303740978241,
         false
      ],
      [
         7,
         0.2742311656475067,
         true
      ],
      [
         3,
         0.4897799491882324,
         true
      ],
      [
         3,
         0.37022578716278076,
         true
      ],
      [
         3,
         0.31044870615005493,
         true
      ],
      [
         5,
         0.10535682365298271,
         false
      ],
      [
         5,
         0.5255222916603088,
         true
      ],
      [
         5,
         0.523269385099411,
         true
      ],
      [
         2,
         0.39926987886428833,
         false
      ],
      [
         3,
         0.2506716176867485,
         true
      ],
      [
         4,
         0.2901265472173691,
         true
      ],
      [
         3,
         -0.6459845900535583,
         false
      ],
      [
         2,
         0.4496588855981827,
         false
      ],
      [
         6,
         0.6971314400434494,
         true
      ],
      [
         5,
         0.4140038341283798,
         true
      ],
      [
         4,
         0.2636138051748276,
         true
      ],
      [
         1,
         0.4456075131893158,
         false
      ],
      [
         4,
         0.25953492522239685,
         true
      ],
      [
         1,
         0.445607528090477,
         false
      ],
      [
         7,
         0.17185018956661224,
         false
      ],
      [
         3,
         0.07134037837386131,
         true
      ],
      [
         7,
         0.1844232827425003,
         false
      ],
      [
         7,
         0.23112338781356812,
         true
      ],
      [
         4,
         0.21517706662416458,
         false
      ],
      [
         5,
         0.22701331228017807,
         true
      ],
      [
         2,
         0.500047892332077,
         true
      ],
      [
         3,
         -0.04821377992630005,
         true
      ],
      [
         3,
         -0.04821378691121936,
