{
   "found": true,
   "num_iterations": 136,
   "num_foil": 25,
   "_observation": [
      2.0,
      0.4247878265227367,
      0.42446437912139023,
      0.3702257747696853,
      0.24321939159029946,
      0.3137498776351983,
      0.2318077609277329,
      0.1449078192512801
   ],
   "_idx": 248,
   "factual_class": 0,
   "feature_bounds_splits": {
      "0": {
         "type": 2,
         "values": [
            null,
            null
         ]
      },
      "1": {
         "type": 1,
         "values": [
            0.40396811068058014,
            0.4664272367954254
         ]
      },
      "2": {
         "type": 1,
         "values": [
            0.29849185049533844,
            0.500047892332077
         ]
      },
      "3": {
         "type": 1,
         "values": [
            0.19089453667402267,
            0.31044870615005493
         ]
      },
      "4": {
         "type": 1,
         "values": [
            0.21058832481503487,
            0.2569856271147728
         ]
      },
      "5": {
         "type": 1,
         "values": [
            0.30586473643779755,
            0.41513028740882874
         ]
      },
      "6": {
         "type": 1,
         "values": [
            0.23180776089429855,
            0.26146073639392853
         ]
      },
      "7": {
         "type": 1,
         "values": [
            0.13053856045007706,
            0.14670397341251373
         ]
      }
   },
   "splits": [
      [
         7,
         0.5346740186214447,
         true
      ],
      [
         5,
         -0.03094350080937147,
         false
      ],
      [
         5,
         -0.02305835857987404,
         false
      ],
      [
         7,
         0.4035544991493225,
         true
      ],
      [
         7,
         0.3999621868133545,
         true
      ],
      [
         7,
         0.39457371830940247,
         true
      ],
      [
         7,
         0.30117352306842804,
         true
      ],
      [
         5,
         0.06367820873856544,
         false
      ],
      [
         5,
         0.07156335562467575,
         false
      ],
      [
         5,
         0.0749427005648613,
         false
      ],
      [
         5,
         0.07606915012001991,
         false
      ],
      [
         7,
         0.28680427372455597,
         true
      ],
      [
         5,
         0.10760971903800964,
         false
      ],
      [
         5,
         0.11774776130914688,
         false
      ],
      [
         5,
         0.12112710997462273,
         false
      ],
      [
         7,
         -0.08679650723934174,
         false
      ],
      [
         7,
         -0.07242724765092134,
         false
      ],
      [
         7,
         -0.023930993862450123,
         false
      ],
      [
         4,
         0.3640563040971756,
         true
      ],
      [
         4,
         0.35691824555397034,
         true
      ],
      [
         4,
         0.35538867115974426,
         true
      ],
      [
         7,
         0.161073237657547,
         true
      ],
      [
         4,
         0.33448439836502075,
         true
      ],
      [
         7,
         0.14850013330578804,
         true
      ],
      [
         7,
         0.14670397341251373,
         true
      ],
      [
         4,
         0.33397454023361206,
         true
      ],
      [
         4,
         0.33040551841259,
         true
      ],
      [
         7,
         0.07665383070707321,
         false
      ],
      [
         6,
         -0.1536809727549553,
         false
      ],
      [
         3,
         1.027773678302765,
         true
      ],
      [
         6,
         -0.1377139762043953,
         false
      ],
      [
         6,
         -0.07612702623009682,
         false
      ],
      [
         6,
         -0.03963105008006096,
         false
      ],
      [
         4,
         0.26412367820739746,
         true
      ],
      [
         6,
         -0.005416074302047491,
         false
      ],
      [
         6,
         0.0037079194153193384,
         false
      ],
      [
         3,
         0.9082195162773132,
         true
      ],
      [
         4,
         0.013272360432893038,
         false
      ],
      [
         4,
         0.2636138051748276,
         true
      ],
      [
         6,
         0.008269916288554668,
         false
      ],
      [
         4,
         0.25953492522239685,
         true
      ],
      [
         4,
         0.2569856271147728,
         true
      ],
      [
         5,
         0.1256329007446766,
         false
      ],
      [
         5,
         0.12901224941015244,
         false
      ],
      [
         7,
         0.08743077889084816,
         false
      ],
      [
         5,
         0.15379412844777107,
         false
      ],
      [
         7,
         0.10359619557857513,
         false
      ],
      [
         6,
         0.015112911351025105,
         false
      ],
      [
         6,
         0.18162579089403152,
         false
      ],
      [
         3,
         -0.5862075090408325,
         false
      ],
      [
         3,
         -0.3470991849899292,
         false
      ],
      [
         3,
         -0.28732210397720337,
         false
      ],
      [
         3,
         -0.22754502622410655,
         false
      ],
      [
         3,
         -0.167767945677042,
         false
      ],
      [
         4,
         0.21058832481503487,
         false
      ],
      [
         1,
         0.19577103853225708,
         false
      ],
      [
         1,
         0.299869567155838,
         false
      ],
      [
         6,
         0.20215478539466858,
         false
      ],
      [
         2,
         0.6764094233512878,
         true
      ],
      [
         5,
         0.2664390131831169,
         false
      ],
      [
         6,
         0.22952675819396973,
         false
      ],
      [
         1,
         0.32068927586078644,
         false
      ],
      [
         6,
         0.23180776089429855,
         false
      ],
      [
         5,
         0.2743241637945175,
         false
      ],
      [
         2,
         0.5252423882484436,
         true
      ],
      [
         2,
         0.500047892332077,
         true
      ],
      [
         5,
         0.5964885652065277,
         true
      ],
      [
         5,
         0.5919827520847321,
         true
      ],
      [
         3,
         0.4300028681755066,
         true
      ],
      [
         1,
         0.40396811068058014,
         false
      ],
      [
         5,
         0.5300280749797821,
         true
      ],
      [
         5,
         0.5255222916603088,
         true
      ],
      [
         3,
         0.19089453667402267,
         false
      ],
      [
         6,
         0.526056557893753,
         true
      ],
      [
         6,
         0.5123705565929413,
         true
      ],
      [
         2,
         0.12213031575083733,
         false
      ],
      [
         6,
         0.26374173164367676,
         true
      ],
      [
         2,
         0.2481028400361538,
         false
      ],
      [
         2,
         0.29849185049533844,
         false
      ],
      [
         5,
         0.30586473643779755,
         false
      ],
      [
         5,
         0.41738317906856537,
         true
      ],
      [
         1,
         0.6954440176486969,
         true
      ],
      [
         6,
         0.26146073639392853,
         true
      ],
      [
         7,
         0.13053856045007706,
         false
      ],
      [
         1,
         0.5913454592227936,
         true
      ],
      [
         1,
         0.5705257654190063,
         true
      ],
      [
         1,
         0.5497060716152191,
         true
      ],
      [
         3,
         0.31044870615005493,
         true
      ],
      [
         5,
         0.41513028740882874,
         true
      ],
      [
         1,
