{
   "found": true,
   "num_iterations": 862,
   "num_foil": 396,
   "_observation": [
      2.0,
      -0.3247216432261261,
      -0.3817597834842135,
      0.011563294395590387,
      -0.5225908990942303,
      -0.7000541785044598,
      -0.3566898302709905,
      -0.4586011303793638
   ],
   "_idx": 61,
   "factual_class": 0,
   "feature_bounds_splits": {
      "0": {
         "type": 2,
         "values": [
            null,
            null
         ]
      },
      "1": {
         "type": 1,
         "values": [
            -0.6370172500610352,
            null
         ]
      },
      "2": {
         "type": 1,
         "values": [
            -0.658899337053299,
            null
         ]
      },
      "3": {
         "type": 1,
         "values": [
            -0.40687626600265503,
            -0.167767945677042
         ]
      },
      "4": {
         "type": 1,
         "values": [
            null,
            -0.49454858899116516
         ]
      },
      "5": {
         "type": 1,
         "values": [
            null,
            -0.5446042418479919
         ]
      },
      "6": {
         "type": 1,
         "values": [
            -0.7056825757026672,
            -0.021383062936365604
         ]
      },
      "7": {
         "type": 1,
         "values": [
            -0.4765627086162567,
            -0.4693780690431595
         ]
      }
   },
   "splits": [
      [
         5,
         -0.3046706020832062,
         true
      ],
      [
         5,
         -0.3069234937429428,
         true
      ],
      [
         5,
         -0.31030283868312836,
         true
      ],
      [
         3,
         -0.40687626600265503,
         false
      ],
      [
         1,
         -0.678656667470932,
         false
      ],
      [
         1,
         -0.6370172500610352,
         false
      ],
      [
         7,
         -0.16043897345662117,
         true
      ],
      [
         7,
         -0.16403128951787949,
         true
      ],
      [
         7,
         -0.31490853428840637,
         true
      ],
      [
         5,
         -0.33959051966667175,
         true
      ],
      [
         5,
         -0.36775173246860504,
         true
      ],
      [
         6,
         -0.021383062936365604,
         true
      ],
      [
         5,
         -0.3880278170108795,
         true
      ],
      [
         6,
         -0.7627075612545013,
         false
      ],
      [
         6,
         -0.7490215599536896,
         false
      ],
      [
         5,
         -0.41844193637371063,
         true
      ],
      [
         5,
         -0.424074187874794,
         true
      ],
      [
         4,
         -0.14784352481365204,
         true
      ],
      [
         5,
         -0.4308328777551651,
         true
      ],
      [
         7,
         -0.37238556146621704,
         true
      ],
      [
         5,
         -0.46349988877773285,
         true
      ],
      [
         5,
         -0.4657527953386307,
         true
      ],
      [
         5,
         -0.4815230965614319,
         true
      ],
      [
         5,
         -0.4837759733200073,
         true
      ],
      [
         5,
         -0.5153165459632874,
         true
      ],
      [
         5,
         -0.5175694525241852,
         true
      ],
      [
         6,
         -0.7376165688037872,
         false
      ],
      [
         5,
         -0.541224867105484,
         true
      ],
      [
         6,
         -0.7056825757026672,
         false
      ],
      [
         5,
         -0.5446042418479919,
         true
      ],
      [
         7,
         -0.37597788870334625,
         true
      ],
      [
         7,
         -0.37957020103931427,
         true
      ],
      [
         2,
         -0.75967738032341,
         false
      ],
      [
         2,
         -0.658899337053299,
         false
      ],
      [
         7,
         -0.41549333930015564,
         true
      ],
      [
         7,
         -0.4280664473772049,
         true
      ],
      [
         7,
         -0.4334549158811569,
         true
      ],
      [
         7,
         -0.44423186779022217,
         true
      ],
      [
         7,
         -0.4514164924621582,
         true
      ],
      [
         7,
         -0.4765627086162567,
         false
      ],
      [
         3,
         -0.048213787376880646,
         true
      ],
      [
         3,
         -0.167767945677042,
         true
      ],
      [
         7,
         -0.4532126486301422,
         true
      ],
      [
         4,
         -0.49454858899116516,
         true
      ],
      [
         7,
         -0.4693780690431595,
         true
      ]
   ],
   "remaining_rules": [
      222,
      743,
      1319,
      1332,
      1911,
      2517,
      3091,
      3663,
      4277,
      4833,
      5506
   ],
   "set_rules": [
      222,
      743,
      1319,
      1911,
      2517,
      3091,
      3663,
      4277,
      4833,
      5506
   ],
   "foil_estimated_class": [
      1
   ],
   "distance": 0.0010175901321110433,
   "extraction_time": 0.15408897399902344,
   "feature_bounds": {
      "0": {
         "type": 2,
         "values": [
            1.5,
            null
         ]
      },
      "1": {
         "type": 1,
         "values": [
            -0.3455413430929184,
            -0.2622625157237053
         ]
      },
      "2": {
         "type": 1,
         "values": [
            -0.406954288482666,
            -0.3061762601137161
         ]
      },
      "3": {
         "type": 1,
         "values": [
            -0.28732210397720337,
            -0.167767945677042
         ]
      },
      "4": {
         "type": 1,
         "values": [
            -0.6051882803440094,
            -0.5103542506694794
         ]
      },
      "5": {
         "type": 1,
         "values": [
            -0.7473650276660919,
            -0.6809045672416687
         ]
      },
      "6": {
         "type": 1,
         "values": [
            -0.450210765004158,
            -0.3544088304042816
         ]
      },
      "7": {
         "type": 1,
         "values": [
            -0.4765627086162567,
            -0.4693780690431595
         ]
      }
   },
   "feature_bounds_compact": {
      "0": {
         "type": 2,
         "values": [
            1.5,
            null
         ]
      },
      "1": {
         "type": 1,
         "values": [
            -0.3455413430929184,
            -0.2622625157237053
         ]
      },
      "2": {
         "type": 1,
         "values": [
            -0.406954288482666,
            -0.3061762601137161
         ]
      },
      "3": {
         "type": 1,
         "values": [
            -0.28732210397720337,
            -0.167767945677042
         ]
      },
      "4": {
         "type": 1,
         "values": [
            -0.6051882803440094,
            -0.5078049451112747
         ]
      },
      "5": {
         "type": 1,
         "values": [
            -0.7473650276660919,
            -0.6809045672416687
         ]
      },
      "6": {
         "type": 1,
         "values": [
            -0.450210765004158,
            -0.3361608535051346
         ]
      },
      "7": {
         "type": 1,
         "values": [
            -0.4765627086162567,
            -0.4693780690431595
         ]
      }
   },
   "feature_bounds_compact_count": {
      "0": {
         "type": 2,
         "values": [
            1.5,
            null
         ]
      },
      "1": {
         "type": 1,
         "values": [
            -0.3455413430929184,
            -0.2622625157237053
         ]
      },
      "2": {
         "type": 1,
         "values": [
            -0.406954288482666,
            -0.3061762601137161
         ]
      },
      "3": {
         "type": 1,
         "values": [
            -0.28732210397720337,
            -0.167767945677042
         ]
      },
      "4": {
         "type": 1,