{
   "factual_sample": {
      "Temperature": 1.3194030324381427,
      "Humidity": 2.2722447392228715,
      "Light": 1.0024323524001315,
      "CO2": 2.17288207196376,
      "HumidityRatio": 2.095971770044998,
      "y": 0
   },
   "counterfactual_sample": {
      "Temperature": 1.134547790925902,
      "Humidity": 1.9572288562239182,
      "Light": -0.7724036570242273,
      "CO2": 1.6654097575956244,
      "HumidityRatio": 1.7802599509541197,
      "y": 1
   },
   "counterfactual_found": true,
   "counterfactual_plausible": true,
   "counterfactual_distance": 0.12677793387900124,
   "counterfactual_time": 0.5762150287628174,
   "counterfactual_class": 1,
   "factual_class": 0,
   "valid_": true
}