{
   "factual_sample": {
      "Temperature": 0.1616254671772552,
      "Humidity": -0.4643916124325274,
      "Light": -0.7724036570242273,
      "CO2": -0.21924331563014365,
      "HumidityRatio": -0.27148161846015983,
      "y": 1
   },
   "counterfactual_sample": {
      "Temperature": -0.2924049505721463,
      "Humidity": -0.21778308730523835,
      "Light": 1.0024323524001315,
      "CO2": 0.10056106654461168,
      "HumidityRatio": -0.2975361071693853,
      "y": 0
   },
   "counterfactual_found": true,
   "counterfactual_plausible": true,
   "counterfactual_distance": 0.1080542880055414,
   "counterfactual_time": 0.3387923240661621,
   "counterfactual_class": 0,
   "factual_class": 1,
   "valid_": true
}