{
   "factual_sample": {
      "Temperature": 0.06433323480238913,
      "Humidity": 1.1271055684514342,
      "Light": -0.7724036570242273,
      "CO2": 0.4343195134803336,
      "HumidityRatio": 0.7032070142716228,
      "y": 1
   },
   "counterfactual_sample": {
      "Temperature": 0.10325012775233418,
      "Humidity": 0.9703159042096108,
      "Light": 1.070387785193407,
      "CO2": 1.0289335383965323,
      "HumidityRatio": 0.6210473145299502,
      "y": 0
   },
   "counterfactual_found": true,
   "counterfactual_plausible": true,
   "counterfactual_distance": 0.10491264602231323,
   "counterfactual_time": 0.33953046798706055,
   "counterfactual_class": 0,
   "factual_class": 1,
   "valid_": true
}