{
   "factual_sample": {
      "Temperature": -0.3248356946970682,
      "Humidity": -0.6993708867216493,
      "Light": -0.7724036570242273,
      "CO2": -0.5413259124597514,
      "HumidityRatio": -0.6093757080899311,
      "y": true
   },
   "counterfactual_sample": {
      "Temperature": -0.3249346372452253,
      "Humidity": -0.6994698292698064,
      "Light": 0.05588546651613845,
      "CO2": -0.5418355340079298,
      "HumidityRatio": -0.6094746506380883,
      "y": true
   },
   "counterfactual_found": true,
   "counterfactual_plausible": true,
   "counterfactual_distance": 0.024463318520307628,
   "counterfactual_time": 1.6336500644683838,
   "counterfactual_class": 0,
   "factual_class": 1,
   "valid_": true
}