{
   "factual_sample": {
      "Temperature": -0.9888551806555206,
      "Humidity": -1.2360266092247505,
      "Light": -0.7724036570242273,
      "CO2": -0.9556762028108382,
      "HumidityRatio": -1.1761962295855084,
      "y": true
   },
   "counterfactual_sample": {
      "Temperature": -1.1007412672042847,
      "Humidity": -1.2361037042615937,
      "Light": -0.22561845167960856,
      "CO2": -0.9557532978476813,
      "HumidityRatio": -1.1765357856944498,
      "y": true
   },
   "counterfactual_found": true,
   "counterfactual_plausible": true,
   "counterfactual_distance": 0.02161250807184983,
   "counterfactual_time": 2.0372328758239746,
   "counterfactual_class": 0,
   "factual_class": 1,
   "valid_": true
}