{
   "factual_sample": {
      "Temperature": -0.5291493826842849,
      "Humidity": -0.8594441041413114,
      "Light": -0.7724036570242273,
      "CO2": -0.7469347850600857,
      "HumidityRatio": -0.7846299650544988,
      "y": true
   },
   "counterfactual_sample": {
      "Temperature": -0.5291796543320563,
      "Humidity": -0.8594743757890828,
      "Light": 0.05581679561575274,
      "CO2": -0.7470907046749584,
      "HumidityRatio": -0.7846602367022701,
      "y": true
   },
   "counterfactual_found": true,
   "counterfactual_plausible": true,
   "counterfactual_distance": 0.02442909119253027,
   "counterfactual_time": 1.8848650455474854,
   "counterfactual_class": 0,
   "factual_class": 1,
   "valid_": true
}