{
   "found": true,
   "num_iterations": 116,
   "num_foil": 13,
   "_observation": [
      0.0,
      1.0,
      2.0,
      4.0,
      0.14920444442249928,
      1.5832557024272342,
      1.0,
      1.0,
      0.0,
      -0.6808157638108557,
      4.5971534542774295,
      0.0,
      0.0,
      0.0
   ],
   "_idx": 19,
   "factual_class": 0,
   "feature_bounds_splits": {
      "0": {
         "type": 2,
         "values": [
            null,
            null
         ]
      },
      "1": {
         "type": 2,
         "values": [
            null,
            null
         ]
      },
      "2": {
         "type": 2,
         "values": [
            1.5,
            2.5
         ]
      },
      "3": {
         "type": 2,
         "values": [
            3.5,
            null
         ]
      },
      "4": {
         "type": 1,
         "values": [
            0.13670913130044937,
            0.3678724020719528
         ]
      },
      "5": {
         "type": 1,
         "values": [
            1.5072051286697388,
            2.102189362049103
         ]
      },
      "6": {
         "type": 2,
         "values": [
            0.5,
            1.5
         ]
      },
      "7": {
         "type": 2,
         "values": [
            null,
            2.5
         ]
      },
      "8": {
         "type": 2,
         "values": [
            null,
            null
         ]
      },
      "9": {
         "type": 1,
         "values": [
            -0.6697651445865631,
            -0.667555034160614
         ]
      },
      "10": {
         "type": 1,
         "values": [
            3.72431218624115,
            null
         ]
      },
      "11": {
         "type": 2,
         "values": [
            null,
            0.5
         ]
      },
      "12": {
         "type": 2,
         "values": [
            null,
            1.5
         ]
      },
      "13": {
         "type": 2,
         "values": [
            null,
            null
         ]
      }
   },
   "splits": [
      [
         9,
         -0.015568550676107407,
         true
      ],
      [
         9,
         -0.015568552538752556,
         true
      ],
      [
         9,
         -0.03766978997737169,
         true
      ],
      [
         9,
         -0.0553507786244154,
         true
      ],
      [
         9,
         -0.057560901157557964,
         true
      ],
      [
         9,
         -0.059771026484668255,
         true
      ],
      [
         9,
         -0.11060386709868908,
         true
      ],
      [
         9,
         -0.12165448442101479,
         true
      ],
      [
         9,
         -0.12165448814630508,
         true
      ],
      [
         9,
         -0.13712535053491592,
         true
      ],
      [
         9,
         -0.1437557227909565,
         true
      ],
      [
         9,
         -0.4509629160165787,
         true
      ],
      [
         9,
         -0.4664337635040283,
         true
      ],
      [
         9,
         -0.48190462589263916,
         true
      ],
      [
         10,
         -0.3636787086725235,
         false
      ],
      [
         5,
         7.6225690841674805,
         true
      ],
      [
         5,
         -0.2866947203874588,
         false
      ],
      [
         4,
         0.5469719022512436,
         true
      ],
      [
         4,
         0.5469718910753727,
         true
      ],
      [
         4,
         0.4678349196910858,
         true
      ],
      [
         4,
         0.13670913130044937,
         false
      ],
      [
         9,
         -0.48190464079380035,
         true
      ],
      [
         9,
         -0.4885350167751312,
         true
      ],
      [
         9,
         -0.4907451272010803,
         true
      ],
      [
         9,
         -0.5482083559036255,
         true
      ],
      [
         9,
         -0.5526285767555237,
         true
      ],
      [
         9,
         -0.5526285916566849,
         true
      ],
      [
         9,
         -0.5548387169837952,
         true
      ],
      [
         9,
         -0.5835703313350677,
         true
      ],
      [
         9,
         -0.5857804417610168,
         true
      ],
      [
         9,
         -0.5902006924152374,
         true
      ],
      [
         9,
         -0.5990411937236786,
         true
      ],
      [
         9,
         -0.6100918054580688,
         true
      ],
      [
         9,
         -0.6123019456863403,
         true
      ],
      [
         9,
         -0.6167221665382385,
         true
      ],
      [
         6,
         2.5,
         true
      ],
      [
         5,
         -0.2464326247572899,
         false
      ],
      [
         5,
         -0.23301192931830883,
         false
      ],
      [
         5,
         -0.2285383641719818,
         false
      ],
      [
         5,
         -0.21064410358667374,
         false
      ],
      [
         5,
         -0.21064409613609314,
         false
      ],
      [
         5,
         4.835537910461426,
         true
      ],
      [
         5,
         3.837932825088501,
         true
      ],
      [
         5,
         2.9119046926498413,
         true
      ],
      [
         9,
         -0.6211424171924591,
         true
      ],
      [
         5,
         2.898483991622925,
         true
      ],
      [
         9,
         -0.6476638913154602,
         true
      ],
      [
         10,
         -0.09851174056529999,
         false
      ],
      [
         6,
         1.5,
         true
      ],
      [
         9,
         -0.6476639211177826,
         true
      ],
      [
         10,
         -0.010122746229171753,
         false
      ],
      [
         10,
         0.034071747213602066,
         false
      ],
      [
         10,
         0.07826624065637589,
         false
      ],
      [
         5,
         0.021981311962008476,
         false
      ],
      [
         11,
         0.5,
         true
      ],
      [
         7,
         2.5,
         true
      ],
      [
         10,
         0.3544818311929703,
         false
      ],
      [
         10,
         0.36553046107292175,
         false
      ],
      [
         10,
         0.4428708404302597,
         false
      ],
      [
         10,
         0.7190864086151123,
         false
      ],
      [
         2,
         1.5,
         false
      ],
      [
         12,
         6.5,
         true
      ],
      [
         12,
         3.5,
         true
      ],
      [
         5,
         2.2095548510551453,
         true
      ],
      [
         5,
         0.0398755818605423,
         false
      ],
      [
         5,
         0.08461122959852219,
         false
      ],
      [
         5,
         0.10250549390912056,
         false
      ],
      [
         10,
         1.8018516302108765,
         false
      ],
      [
         9,
         -0.6520841419696808,
         true
      ],
      [
         9,
         -0.6587145328521729,
         true
      ],
      [
         5,
         2.160345673561096,
         true
      ],
      [
         4,
         0.4074409008026123,
         true
      ],
      [
         4,
         0.3678724020719528,
         true
      ],
      [
         2,
         2.5,
         true
      ],
      [
         5,
         2.102189362049103,
         true
      ],
      [
         9,
         -0.6940765082836151,
         false
      ],
      [
         3,
         3.5,
         false
      ],
      [
         6,
         0.5,
         false
      ],
      [
         5,
         0.38881370425224304,
         false
      ],
      [
         12,
         1.5,
         true
      ],
      [
         9,
         -0.667555034160614,
         true
      ],
      [
         10,
         2.1885533928871155,
         false
      ],
      [
         5,
         0.4111815094947815,
         false
      ],
      [
         5,
         1.5072051286697388,
