{
   "found": true,
   "num_iterations": 290,
   "num_foil": 109,
   "_observation": [
      0.0,
      0.0,
      1.0,
      4.0,
      -0.6629908703206752,
      1.4758901282920396,
      1.0,
      6.0,
      0.0,
      -0.6984967528068727,
      -0.3747273409490208,
      0.0,
      0.0,
      0.0
   ],
   "_idx": 195,
   "factual_class": 1,
   "feature_bounds_splits": {
      "0": {
         "type": 2,
         "values": [
            null,
            null
         ]
      },
      "1": {
         "type": 2,
         "values": [
            null,
            null
         ]
      },
      "2": {
         "type": 2,
         "values": [
            null,
            null
         ]
      },
      "3": {
         "type": 2,
         "values": [
            null,
            null
         ]
      },
      "4": {
         "type": 1,
         "values": [
            -0.6838164031505585,
            -0.679651290178299
         ]
      },
      "5": {
         "type": 1,
         "values": [
            1.3640509843826294,
            1.5072051286697388
         ]
      },
      "6": {
         "type": 2,
         "values": [
            null,
            null
         ]
      },
      "7": {
         "type": 2,
         "values": [
            null,
            null
         ]
      },
      "8": {
         "type": 2,
         "values": [
            null,
            null
         ]
      },
      "9": {
         "type": 1,
         "values": [
            -0.6874461472034454,
            -0.687446117401123
         ]
      },
      "10": {
         "type": 1,
         "values": [
            -0.34158146381378174,
            -0.31948421895504
         ]
      },
      "11": {
         "type": 2,
         "values": [
            null,
            null
         ]
      },
      "12": {
         "type": 2,
         "values": [
            null,
            null
         ]
      },
      "13": {
         "type": 2,
         "values": [
            null,
            null
         ]
      }
   },
   "splits": [
      [
         9,
         -0.4001300632953644,
         true
      ],
      [
         9,
         -0.4023401737213135,
         true
      ],
      [
         9,
         -0.4509629160165787,
         true
      ],
      [
         9,
         -0.45317302644252777,
         true
      ],
      [
         9,
         -0.45759327709674835,
         true
      ],
      [
         9,
         -0.46201352775096893,
         true
      ],
      [
         9,
         -0.4664337784051895,
         true
      ],
      [
         9,
         -0.4686439037322998,
         true
      ],
      [
         4,
         -0.6734036207199097,
         true
      ],
      [
         5,
         1.3640509843826294,
         false
      ],
      [
         9,
         -0.6498740315437317,
         true
      ],
      [
         9,
         -0.691866397857666,
         false
      ],
      [
         10,
         -0.3636787086725235,
         false
      ],
      [
         10,
         -0.2973869740962982,
         true
      ],
      [
         9,
         -0.6520841419696808,
         true
      ],
      [
         9,
         -0.6631347835063934,
         true
      ],
      [
         4,
         -0.6734036505222321,
         true
      ],
      [
         4,
         -0.679651290178299,
         true
      ],
      [
         4,
         -0.7129721343517303,
         false
      ],
      [
         9,
         -0.6918663680553436,
         false
      ],
      [
         10,
         -0.34158146381378174,
         false
      ],
      [
         10,
         -0.31948421895504,
         true
      ],
      [
         5,
         1.5072051286697388,
         true
      ],
      [
         4,
         -0.6838164031505585,
         false
      ],
      [
         9,
         -0.6653448939323425,
         true
      ],
      [
         9,
         -0.6874461472034454,
         false
      ],
      [
         9,
         -0.6830258965492249,
         true
      ],
      [
         9,
         -0.687446117401123,
         true
      ]
   ],
   "remaining_rules": [
      1049,
      1755,
      3780,
      5717,
      7152,
      8896,
      11016,
      12744,
      14002,
      16189
   ],
   "set_rules": [
      1049,
      1755,
      3780,
      5717,
      7152,
      8896,
      11016,
      12744,
      14002,
      16189
   ],
   "foil_estimated_class": [
      0
   ],
   "distance": 0.0002715637303301686,
   "extraction_time": 0.2383882999420166,
   "feature_bounds": {
      "0": {
         "type": 2,
         "values": [
            null,
            0.5
         ]
      },
      "1": {
         "type": 2,
         "values": [
            null,
            0.5
         ]
      },
      "2": {
         "type": 2,
         "values": [
            null,
            1.5
         ]
      },
      "3": {
         "type": 2,
         "values": [
            3.5,
            null
         ]
      },
      "4": {
         "type": 1,
         "values": [
            -0.6838164031505585,
            -0.679651290178299
         ]
      },
      "5": {
         "type": 1,
         "values": [
            1.3685245513916016,
            1.5072051286697388
         ]
      },
      "6": {
         "type": 2,
         "values": [
            0.5,
            1.5
         ]
      },
      "7": {
         "type": 2,
         "values": [
            0.5,
            null
         ]
      },
      "8": {
         "type": 2,
         "values": [
            null,
            0.5
         ]
      },
      "9": {
         "type": 1,
         "values": [
            -0.6874461472034454,
            -0.687446117401123
         ]
      },
      "10": {
         "type": 1,
         "values": [
            -0.34158146381378174,
            -0.31948421895504
         ]
      },
      "11": {
         "type": 2,
         "values": [
            null,
            0.5
         ]
      },
      "12": {
         "type": 2,
         "values": [
            null,
            0.5
         ]
      },
      "13": {
         "type": 2,
         "values": [
            null,
            0.5
         ]
      }
   },
   "feature_bounds_compact": {
      "0": {
         "type": 2,
         "values": [
            null,
            0.5
         ]
      },
      "1": {
         "type": 2,
         "values": [
            null,
            0.5
         ]
      },
      "2": {
         "type": 2,
         "values": [
            null,
            1.5
         ]
      },
      "3": {
         "type": 2,
         "values": [
            3.5,
            null
         ]
      },
      "4": {
         "type": 1,
         "values": [
            -0.6838164031505585,
            -0.679651290178299
         ]
      },
      "5": {
         "type": 1,
         "values": [
            1.3685245513916016,
            1.5072051286697388
         ]
      },
      "6": {
         "type": 2,
         "values": [
            0.5,
            1.5
         ]
      },
      "7": {
         "type": 2,
         "values": [
            0.5,
            null
         ]
      },
      "8": {
         "type": 2,
         "values": [
            null,
            0.5
         ]
      },
      "9": {
         "type": 1,
         "values": [
            -0.687446117401123,
            -0.6830258965492249
         ]
      },
      "10": {
         "type": 1,
         "values": [
            -0.34158146381378174,
            -0.31948421895504
         ]
      },
      "11": {
         "type": 2,
         "values": [
            null,
            0.5
         ]
      },
      "12": {
         "type": 2,
         "values": [
            null,
            0.5
         ]
      },
      "13": {
         "type": 2,
         "values": [
            null,
            0.5
         ]
      }
   },
   "feature_bounds_compact_count": {
      "0": {
         "type": 2,
         "values": [
            null,
            0.5
         ]
      },