{
   "found": true,
   "num_iterations": 122,
   "num_foil": 47,
   "_observation": [
      0.0,
      1.0,
      3.0,
      4.0,
      -0.7754486831312685,
      -0.3940602878959337,
      1.0,
      6.0,
      0.0,
      -0.6984967528068727,
      -0.3747273409490208,
      1.0,
      1.0,
      1.0
   ],
   "_idx": 499,
   "factual_class": 1,
   "feature_bounds_splits": {
      "0": {
         "type": 2,
         "values": [
            null,
            null
         ]
      },
      "1": {
         "type": 2,
         "values": [
            null,
            null
         ]
      },
      "2": {
         "type": 2,
         "values": [
            null,
            null
         ]
      },
      "3": {
         "type": 2,
         "values": [
            null,
            null
         ]
      },
      "4": {
         "type": 1,
         "values": [
            -0.7733661234378815,
            -0.7712835669517517
         ]
      },
      "5": {
         "type": 1,
         "values": [
            -0.4164281189441681,
            -0.40748098492622375
         ]
      },
      "6": {
         "type": 2,
         "values": [
            null,
            null
         ]
      },
      "7": {
         "type": 2,
         "values": [
            null,
            null
         ]
      },
      "8": {
         "type": 2,
         "values": [
            null,
            null
         ]
      },
      "9": {
         "type": 1,
         "values": [
            null,
            -0.6962866187095642
         ]
      },
      "10": {
         "type": 1,
         "values": [
            null,
            -0.3636787086725235
         ]
      },
      "11": {
         "type": 2,
         "values": [
            null,
            null
         ]
      },
      "12": {
         "type": 2,
         "values": [
            null,
            null
         ]
      },
      "13": {
         "type": 2,
         "values": [
            null,
            null
         ]
      }
   },
   "splits": [
      [
         10,
         -0.010122749023139477,
         true
      ],
      [
         10,
         -0.04326862096786499,
         true
      ],
      [
         10,
         -0.12060898542404175,
         true
      ],
      [
         10,
         -0.12060898914933205,
         true
      ],
      [
         10,
         -0.27528972178697586,
         true
      ],
      [
         9,
         -0.685236006975174,
         true
      ],
      [
         4,
         -0.7462929785251617,
         true
      ],
      [
         5,
         -0.2866947203874588,
         true
      ],
      [
         5,
         -0.29564185440540314,
         true
      ],
      [
         5,
         -0.3001154065132141,
         true
      ],
      [
         5,
         -0.36274532973766327,
         true
      ],
      [
         10,
         -0.31948421895504,
         true
      ],
      [
         5,
         -0.3716924637556076,
         true
      ],
      [
         5,
         -0.3761660158634186,
         true
      ],
      [
         5,
         -0.38063958287239075,
         true
      ],
      [
         5,
         -0.3895867168903351,
         true
      ],
      [
         5,
         -0.39406028389930725,
         true
      ],
      [
         4,
         -0.7525405883789062,
         true
      ],
      [
         9,
         -0.6874461472034454,
         true
      ],
      [
         5,
         -0.3985338509082794,
         true
      ],
      [
         4,
         -0.7567057311534882,
         true
      ],
      [
         9,
         -0.691866397857666,
         true
      ],
      [
         9,
         -0.6940765082836151,
         true
      ],
      [
         5,
         -0.4030074179172516,
         true
      ],
      [
         10,
         -0.3636787086725235,
         true
      ],
      [
         4,
         -0.7733661234378815,
         false
      ],
      [
         5,
         -0.40748098492622375,
         true
      ],
      [
         9,
         -0.6962866187095642,
         true
      ],
      [
         4,
         -0.769201010465622,
         true
      ],
      [
         5,
         -0.4164281189441681,
         false
      ],
      [
         4,
         -0.7712835669517517,
         true
      ]
   ],
   "remaining_rules": [
      98,
      1951,
      5017,
      5563,
      7918,
      10235,
      10728,
      13060,
      14885,
      16911
   ],
   "set_rules": [
      98,
      1951,
      5017,
      5563,
      7918,
      10235,
      10728,
      13060,
      14885,
      16911
   ],
   "foil_estimated_class": [
      0
   ],
   "distance": 4.655483852795858e-05,
   "extraction_time": 0.4394185543060303,
   "feature_bounds": {
      "0": {
         "type": 2,
         "values": [
            null,
            0.5
         ]
      },
      "1": {
         "type": 2,
         "values": [
            0.5,
            null
         ]
      },
      "2": {
         "type": 2,
         "values": [
            2.5,
            3.5
         ]
      },
      "3": {
         "type": 2,
         "values": [
            3.5,
            null
         ]
      },
      "4": {
         "type": 1,
         "values": [
            -0.7733661234378815,
            -0.7712835669517517
         ]
      },
      "5": {
         "type": 1,
         "values": [
            -0.4164281189441681,
            -0.40748098492622375
         ]
      },
      "6": {
         "type": 2,
         "values": [
            0.5,
            1.5
         ]
      },
      "7": {
         "type": 2,
         "values": [
            5.5,
            null
         ]
      },
      "8": {
         "type": 2,
         "values": [
            null,
            2.5
         ]
      },
      "9": {
         "type": 1,
         "values": [
            null,
            -0.6962866187095642
         ]
      },
      "10": {
         "type": 1,
         "values": [
            null,
            -0.3636787086725235
         ]
      },
      "11": {
         "type": 2,
         "values": [
            0.5,
            1.5
         ]
      },
      "12": {
         "type": 2,
         "values": [
            null,
            1.5
         ]
      },
      "13": {
         "type": 2,
         "values": [
            0.5,
            null
         ]
      }
   },
   "feature_bounds_compact": {
      "0": {
         "type": 2,
         "values": [
            null,
            0.5
         ]
      },
      "1": {
         "type": 2,
         "values": [
            0.5,
            null
         ]
      },
      "2": {
         "type": 2,
         "values": [
            2.5,
            3.5
         ]
      },
      "3": {
         "type": 2,
         "values": [
            3.5,
            null
         ]
      },
      "4": {
         "type": 1,
         "values": [
            -0.7733661234378815,
            -0.7712835669517517
         ]
      },
      "5": {
         "type": 1,
         "values": [
            -0.4164281189441681,
            -0.40748098492622375
         ]
      },
      "6": {
         "type": 2,
         "values": [
            0.5,
            1.5
         ]
      },
      "7": {
         "type": 2,
         "values": [
            5.5,
            null
         ]
      },
      "8": {
         "type": 2,
         "values": [
            null,
            2.5
         ]
      },
      "9": {
         "type": 1,
         "values": [
            null,
            -0.6962866187095642
         ]
      },
      "10": {
         "type": 1,
         "values": [
            null,
            -0.3636787086725235
         ]
      },
      "11": {
         "type": 2,
         "values": [
            0.5,
            1.5
         ]
      },
      "12": {
         "type": 2,
         "values": [
            null,
            1.5
         ]
      },
      "13": {
         "type": 2,