{
   "found": true,
   "num_iterations": 71,
   "num_foil": 14,
   "_observation": [
      0.0,
      1.0,
      3.0,
      4.0,
      -0.6921465995678661,
      1.2343175864878515,
      3.0,
      6.0,
      0.0,
      -0.6984967528068727,
      0.06721761862666377,
      2.0,
      3.0,
      1.0
   ],
   "_idx": 977,
   "factual_class": 1,
   "feature_bounds_splits": {
      "0": {
         "type": 2,
         "values": [
            null,
            null
         ]
      },
      "1": {
         "type": 2,
         "values": [
            null,
            null
         ]
      },
      "2": {
         "type": 2,
         "values": [
            null,
            null
         ]
      },
      "3": {
         "type": 2,
         "values": [
            null,
            null
         ]
      },
      "4": {
         "type": 1,
         "values": [
            -0.6504955589771271,
            -0.6275874674320221
         ]
      },
      "5": {
         "type": 1,
         "values": [
            0.393287256360054,
            3.757408618927002
         ]
      },
      "6": {
         "type": 2,
         "values": [
            null,
            3.5
         ]
      },
      "7": {
         "type": 2,
         "values": [
            null,
            null
         ]
      },
      "8": {
         "type": 2,
         "values": [
            null,
            null
         ]
      },
      "9": {
         "type": 1,
         "values": [
            -0.6830258965492249,
            -0.6786056458950043
         ]
      },
      "10": {
         "type": 1,
         "values": [
            0.0009258724749088287,
            0.7632809281349182
         ]
      },
      "11": {
         "type": 2,
         "values": [
            null,
            null
         ]
      },
      "12": {
         "type": 2,
         "values": [
            2.5,
            3.5
         ]
      },
      "13": {
         "type": 2,
         "values": [
            null,
            null
         ]
      }
   },
   "splits": [
      [
         4,
         -0.7129721343517303,
         false
      ],
      [
         9,
         -0.08408238552510738,
         true
      ],
      [
         4,
         -0.712972104549408,
         false
      ],
      [
         12,
         4.5,
         true
      ],
      [
         4,
         -0.7067244648933411,
         false
      ],
      [
         9,
         -0.11060386896133423,
         true
      ],
      [
         4,
         -0.7025593817234039,
         false
      ],
      [
         9,
         -0.2188999205827713,
         true
      ],
      [
         4,
         -0.590101569890976,
         true
      ],
      [
         9,
         -0.4730641394853592,
         true
      ],
      [
         9,
         -0.4730641543865204,
         true
      ],
      [
         9,
         -0.4929552674293518,
         true
      ],
      [
         9,
         -0.4951653629541397,
         true
      ],
      [
         9,
         -0.5526286065578461,
         true
      ],
      [
         9,
         -0.5592589676380157,
         true
      ],
      [
         9,
         -0.6012513339519501,
         true
      ],
      [
         5,
         -0.3582717627286911,
         false
      ],
      [
         9,
         -0.6034614145755768,
         true
      ],
      [
         5,
         -0.3537982106208801,
         false
      ],
      [
         5,
         -0.3448510617017746,
         false
      ],
      [
         5,
         -0.3269568085670471,
         false
      ],
      [
         9,
         -0.6034614443778992,
         true
      ],
      [
         10,
         -0.010122749954462051,
         false
      ],
      [
         6,
         3.5,
         true
      ],
      [
         12,
         3.5,
         true
      ],
      [
         9,
         -0.6100918054580688,
         true
      ],
      [
         5,
         0.2859216779470444,
         false
      ],
      [
         5,
         0.30381593853235245,
         false
      ],
      [
         12,
         2.5,
         false
      ],
      [
         5,
         0.31723663210868835,
         false
      ],
      [
         5,
         0.38881370425224304,
         false
      ],
      [
         9,
         -0.6388234198093414,
         true
      ],
      [
         10,
         -0.010122748848516494,
         false
      ],
      [
         10,
         0.0009258724749088287,
         false
      ],
      [
         10,
         0.7632809281349182,
         true
      ],
      [
         9,
         -0.6940765082836151,
         false
      ],
      [
         5,
         0.393287256360054,
         false
      ],
      [
         5,
         3.757408618927002,
         true
      ],
      [
         9,
         -0.6830258965492249,
         false
      ],
      [
         9,
         -0.6786056458950043,
         true
      ],
      [
         4,
         -0.6150921881198883,
         true
      ],
      [
         4,
         -0.6504955589771271,
         false
      ],
      [
         4,
         -0.6275874674320221,
         true
      ]
   ],
   "remaining_rules": [
      1725,
      3039,
      5246,
      6543,
      8572,
      10347,
      11877,
      13769,
      14983,
      17196
   ],
   "set_rules": [
      1725,
      3039,
      5246,
      6543,
      8572,
      10347,
      11877,
      13769,
      14983,
      17196
   ],
   "foil_estimated_class": [
      0
   ],
   "distance": 0.00032322758127943516,
   "extraction_time": 0.4404284954071045,
   "feature_bounds": {
      "0": {
         "type": 2,
         "values": [
            null,
            0.5
         ]
      },
      "1": {
         "type": 2,
         "values": [
            0.5,
            null
         ]
      },
      "2": {
         "type": 2,
         "values": [
            1.5,
            null
         ]
      },
      "3": {
         "type": 2,
         "values": [
            3.5,
            null
         ]
      },
      "4": {
         "type": 1,
         "values": [
            -0.6504955589771271,
            -0.6275874674320221
         ]
      },
      "5": {
         "type": 1,
         "values": [
            0.393287256360054,
            3.757408618927002
         ]
      },
      "6": {
         "type": 2,
         "values": [
            2.5,
            3.0
         ]
      },
      "7": {
         "type": 2,
         "values": [
            5.5,
            null
         ]
      },
      "8": {
         "type": 2,
         "values": [
            null,
            2.0
         ]
      },
      "9": {
         "type": 1,
         "values": [
            -0.6830258965492249,
            -0.6786056458950043
         ]
      },
      "10": {
         "type": 1,
         "values": [
            -0.010122748848516494,
            1.3488579988479614
         ]
      },
      "11": {
         "type": 2,
         "values": [
            1.5,
            null
         ]
      },
      "12": {
         "type": 2,
         "values": [
            1.5,
            3.5
         ]
      },
      "13": {
         "type": 2,
         "values": [
            0.5,
            null
         ]
      }
   },
   "feature_bounds_compact": {
      "0": {
         "type": 2,
         "values": [
            null,
            null
         ]
      },
      "1": {
         "type": 2,
         "values": [
            0.5,
            null
         ]
      },
      "2": {
         "type": 2,
         "values": [
            1.5,
            null
         ]
      },
      "3": {
         "type": 2,
         "values": [
            3.5,
            null
         ]
      },
      "4": {
         "type": 1,
         "values": [
            -0.6504955589771271,
            -0.6275874674320221
         ]
      },
      "5": {
         "type": 1,
         "values": [
            0.393287256360054,
            6.575754880905151
         ]
      },