{
   "found": true,
   "num_iterations": 2524,
   "num_foil": 1239,
   "_observation": [
      0.0,
      1.0,
      3.0,
      2.0,
      -0.7754486831312685,
      -0.4298488126076653,
      0.0,
      6.0,
      0.0,
      -0.6984967528068727,
      -0.3747273409490208,
      1.0,
      1.0,
      1.0
   ],
   "_idx": 431,
   "factual_class": 1,
   "feature_bounds_splits": {
      "0": {
         "type": 2,
         "values": [
            null,
            null
         ]
      },
      "1": {
         "type": 2,
         "values": [
            null,
            null
         ]
      },
      "2": {
         "type": 2,
         "values": [
            null,
            3.5
         ]
      },
      "3": {
         "type": 2,
         "values": [
            1.5,
            2.5
         ]
      },
      "4": {
         "type": 1,
         "values": [
            null,
            -0.7733661234378815
         ]
      },
      "5": {
         "type": 1,
         "values": [
            -0.40748098492622375,
            -0.3985338509082794
         ]
      },
      "6": {
         "type": 2,
         "values": [
            null,
            0.5
         ]
      },
      "7": {
         "type": 2,
         "values": [
            4.5,
            null
         ]
      },
      "8": {
         "type": 2,
         "values": [
            null,
            null
         ]
      },
      "9": {
         "type": 1,
         "values": [
            -0.6962866187095642,
            -0.6918663680553436
         ]
      },
      "10": {
         "type": 1,
         "values": [
            -0.3084356039762497,
            -0.2531924769282341
         ]
      },
      "11": {
         "type": 2,
         "values": [
            0.5,
            null
         ]
      },
      "12": {
         "type": 2,
         "values": [
            0.5,
            5.5
         ]
      },
      "13": {
         "type": 2,
         "values": [
            null,
            null
         ]
      }
   },
   "splits": [
      [
         11,
         0.5,
         false
      ],
      [
         4,
         -0.6442479193210602,
         true
      ],
      [
         10,
         -0.010122749023139477,
         true
      ],
      [
         10,
         -0.021171371452510357,
         true
      ],
      [
         6,
         0.5,
         true
      ],
      [
         10,
         -0.12060898542404175,
         true
      ],
      [
         10,
         -0.12060898914933205,
         true
      ],
      [
         12,
         5.5,
         true
      ],
      [
         4,
         -0.6546606421470642,
         true
      ],
      [
         4,
         -0.6546606719493866,
         true
      ],
      [
         4,
         -0.656743198633194,
         true
      ],
      [
         4,
         -0.6692385375499725,
         true
      ],
      [
         4,
         -0.6734036505222321,
         true
      ],
      [
         5,
         0.7377518117427826,
         true
      ],
      [
         4,
         -0.6775687336921692,
         true
      ],
      [
         4,
         -0.6921465992927551,
         true
      ],
      [
         5,
         0.7198575437068939,
         true
      ],
      [
         4,
         -0.6983942687511444,
         true
      ],
      [
         10,
         -0.24214384704828262,
         true
      ],
      [
         4,
         -0.7004767954349518,
         true
      ],
      [
         4,
         -0.7067244648933411,
         true
      ],
      [
         5,
         -0.33590392768383026,
         true
      ],
      [
         4,
         -0.7150546610355377,
         true
      ],
      [
         2,
         3.5,
         true
      ],
      [
         5,
         -0.33590394258499146,
         true
      ],
      [
         5,
         -0.3403775095939636,
         true
      ],
      [
         5,
         -0.3448510766029358,
         true
      ],
      [
         9,
         -0.685236006975174,
         true
      ],
      [
         4,
         -0.7171372175216675,
         true
      ],
      [
         4,
         -0.7233848869800568,
         true
      ],
      [
         4,
         -0.7358801960945129,
         true
      ],
      [
         5,
         -0.3537982106208801,
         true
      ],
      [
         4,
         -0.7379627525806427,
         true
      ],
      [
         4,
         -0.7567057013511658,
         true
      ],
      [
         5,
         -0.36274532973766327,
         true
      ],
      [
         7,
         4.5,
         false
      ],
      [
         12,
         0.5,
         false
      ],
      [
         5,
         -0.3895867168903351,
         true
      ],
      [
         3,
         1.5,
         false
      ],
      [
         3,
         2.5,
         true
      ],
      [
         10,
         -0.33053284883499146,
         false
      ],
      [
         4,
         -0.7567057311534882,
         true
      ],
      [
         10,
         -0.31948421895504,
         false
      ],
      [
         9,
         -0.6962866187095642,
         false
      ],
      [
         4,
         -0.7650358974933624,
         true
      ],
      [
         10,
         -0.3084356039762497,
         false
      ],
      [
         4,
         -0.7712835669517517,
         true
      ],
      [
         5,
         -0.4164281189441681,
         false
      ],
      [
         4,
         -0.7733661234378815,
         true
      ],
      [
         9,
         -0.6874461472034454,
         true
      ],
      [
         10,
         -0.2531924769282341,
         true
      ],
      [
         9,
         -0.6918663680553436,
         true
      ],
      [
         5,
         -0.3985338509082794,
         true
      ],
      [
         5,
         -0.40748098492622375,
         false
      ]
   ],
   "remaining_rules": [
      738,
      1968,
      5148,
      6451,
      7911,
      9567,
      11791,
      13017,
      14917,
      16833
   ],
   "set_rules": [
      738,
      1968,
      5148,
      6451,
      7911,
      9567,
      11791,
      13017,
      14917,
      16833
   ],
   "foil_estimated_class": [
      0
   ],
   "distance": 0.00029995799899276373,
   "extraction_time": 0.2628910541534424,
   "feature_bounds": {
      "0": {
         "type": 2,
         "values": [
            null,
            0.5
         ]
      },
      "1": {
         "type": 2,
         "values": [
            0.5,
            null
         ]
      },
      "2": {
         "type": 2,
         "values": [
            2.5,
            3.5
         ]
      },
      "3": {
         "type": 2,
         "values": [
            null,
            2.5
         ]
      },
      "4": {
         "type": 1,
         "values": [
            null,
            -0.7733661234378815
         ]
      },
      "5": {
         "type": 1,
         "values": [
            -0.40748098492622375,
            -0.3985338509082794
         ]
      },
      "6": {
         "type": 2,
         "values": [
            null,
            0.5
         ]
      },
      "7": {
         "type": 2,
         "values": [
            5.5,
            null
         ]
      },
      "8": {
         "type": 2,
         "values": [
            null,
            4.5
         ]
      },
      "9": {
         "type": 1,
         "values": [
            -0.6962866187095642,
            -0.6918663680553436
         ]
      },
      "10": {
         "type": 1,
         "values": [
            -0.3084356039762497,
            -0.2531924769282341
         ]
      },
      "11": {
         "type": 2,
         "values": [
            0.5,
            1.5
         ]
      },
      "12": {
         "type": 2,
         "values": [
            null,
            1.5
         ]
      },
      "13": {
         "type": 2,
         "values": [
            0.5,
            null
         ]
      }
   },