{
   "found": true,
   "num_iterations": 577,
   "num_foil": 275,
   "_observation": [
      0.0,
      0.0,
      2.0,
      3.0,
      -0.5297075366192311,
      -0.3851131567180008,
      0.0,
      0.0,
      6.0,
      -0.4465426596136311,
      -0.2863383490338839,
      0.0,
      0.0,
      0.0
   ],
   "_idx": 421,
   "factual_class": 1,
   "feature_bounds_splits": {
      "0": {
         "type": 2,
         "values": [
            null,
            null
         ]
      },
      "1": {
         "type": 2,
         "values": [
            null,
            null
         ]
      },
      "2": {
         "type": 2,
         "values": [
            null,
            null
         ]
      },
      "3": {
         "type": 2,
         "values": [
            null,
            null
         ]
      },
      "4": {
         "type": 1,
         "values": [
            -0.5359551906585693,
            -0.5276249945163727
         ]
      },
      "5": {
         "type": 1,
         "values": [
            null,
            -0.3985338509082794
         ]
      },
      "6": {
         "type": 2,
         "values": [
            null,
            null
         ]
      },
      "7": {
         "type": 2,
         "values": [
            null,
            null
         ]
      },
      "8": {
         "type": 2,
         "values": [
            null,
            null
         ]
      },
      "9": {
         "type": 1,
         "values": [
            -0.4708540290594101,
            -0.4487527757883072
         ]
      },
      "10": {
         "type": 1,
         "values": [
            -0.2973869740962982,
            -0.20899797976016998
         ]
      },
      "11": {
         "type": 2,
         "values": [
            null,
            null
         ]
      },
      "12": {
         "type": 2,
         "values": [
            null,
            null
         ]
      },
      "13": {
         "type": 2,
         "values": [
            null,
            null
         ]
      }
   },
   "splits": [
      [
         9,
         -0.4708540290594101,
         false
      ],
      [
         4,
         -0.4047544151544571,
         true
      ],
      [
         4,
         -0.40683695673942566,
         true
      ],
      [
         5,
         0.17855610698461533,
         true
      ],
      [
         4,
         -0.40683697164058685,
         true
      ],
      [
         5,
         -0.38063958287239075,
         true
      ],
      [
         5,
         -0.3851131498813629,
         true
      ],
      [
         4,
         -0.4110020697116852,
         true
      ],
      [
         5,
         -0.3895867168903351,
         true
      ],
      [
         4,
         -0.5463679730892181,
         false
      ],
      [
         4,
         -0.5359551906585693,
         false
      ],
      [
         10,
         -0.12060898542404175,
         true
      ],
      [
         10,
         -0.12060898914933205,
         true
      ],
      [
         9,
         -0.4421224147081375,
         true
      ],
      [
         9,
         -0.4443325400352478,
         true
      ],
      [
         10,
         -0.17585211247205734,
         true
      ],
      [
         10,
         -0.3084356039762497,
         false
      ],
      [
         10,
         -0.2973869740962982,
         false
      ],
      [
         4,
         -0.5276249945163727,
         true
      ],
      [
         10,
         -0.18690072745084763,
         true
      ],
      [
         10,
         -0.20899797976016998,
         true
      ],
      [
         5,
         -0.3985338509082794,
         true
      ],
      [
         9,
         -0.4487527757883072,
         true
      ]
   ],
   "remaining_rules": [
      895,
      2197,
      3626,
      6229,
      7486,
      9015,
      11291,
      12087,
      14012,
      15578
   ],
   "set_rules": [
      895,
      2197,
      3626,
      6229,
      7486,
      9015,
      11291,
      12087,
      14012,
      15578
   ],
   "foil_estimated_class": [
      0
   ],
   "distance": 4.678184125739973e-05,
   "extraction_time": 0.4256572723388672,
   "feature_bounds": {
      "0": {
         "type": 2,
         "values": [
            null,
            0.5
         ]
      },
      "1": {
         "type": 2,
         "values": [
            null,
            0.5
         ]
      },
      "2": {
         "type": 2,
         "values": [
            1.5,
            2.5
         ]
      },
      "3": {
         "type": 2,
         "values": [
            2.5,
            3.5
         ]
      },
      "4": {
         "type": 1,
         "values": [
            -0.5359551906585693,
            -0.5276249945163727
         ]
      },
      "5": {
         "type": 1,
         "values": [
            -0.40748098492622375,
            -0.3985338509082794
         ]
      },
      "6": {
         "type": 2,
         "values": [
            null,
            0.5
         ]
      },
      "7": {
         "type": 2,
         "values": [
            null,
            0.5
         ]
      },
      "8": {
         "type": 2,
         "values": [
            5.5,
            null
         ]
      },
      "9": {
         "type": 1,
         "values": [
            -0.45538315176963806,
            -0.4487527757883072
         ]
      },
      "10": {
         "type": 1,
         "values": [
            -0.2973869740962982,
            -0.27528972923755646
         ]
      },
      "11": {
         "type": 2,
         "values": [
            null,
            0.5
         ]
      },
      "12": {
         "type": 2,
         "values": [
            null,
            1.5
         ]
      },
      "13": {
         "type": 2,
         "values": [
            null,
            0.5
         ]
      }
   },
   "feature_bounds_compact": {
      "0": {
         "type": 2,
         "values": [
            null,
            null
         ]
      },
      "1": {
         "type": 2,
         "values": [
            null,
            null
         ]
      },
      "2": {
         "type": 2,
         "values": [
            1.5,
            2.5
         ]
      },
      "3": {
         "type": 2,
         "values": [
            null,
            3.5
         ]
      },
      "4": {
         "type": 1,
         "values": [
            -0.5359551906585693,
            -0.5276249945163727
         ]
      },
      "5": {
         "type": 1,
         "values": [
            -0.40748098492622375,
            -0.3985338509082794
         ]
      },
      "6": {
         "type": 2,
         "values": [
            null,
            0.5
         ]
      },
      "7": {
         "type": 2,
         "values": [
            null,
            0.5
         ]
      },
      "8": {
         "type": 2,
         "values": [
            5.5,
            null
         ]
      },
      "9": {
         "type": 1,
         "values": [
            -0.45538315176963806,
            -0.4487527757883072
         ]
      },
      "10": {
         "type": 1,
         "values": [
            -0.3636787086725235,
            -0.12060898914933205
         ]
      },
      "11": {
         "type": 2,
         "values": [
            null,
            0.5
         ]
      },
      "12": {
         "type": 2,
         "values": [
            null,
            1.5
         ]
      },
      "13": {
         "type": 2,
         "values": [
            null,
            0.5
         ]
      }
   },
   "feature_bounds_compact_count": {
      "0": {
         "type": 2,
         "values": [
            null,
            null
         ]
      },
      "1": {
         "type": 2,
         "values": [
            null,
            null
         ]
      },
      "2": {
         "type": 2,
         "values": [
            1.5,
            2.5
         ]
      },
      "3": {
         "type": 2,
         "values": [
            null,
            3.5
         ]
      },