{
   "found": true,
   "num_iterations": 153,
   "num_foil": 58,
   "_observation": [
      1.0,
      1.0,
      2.0,
      3.0,
      -0.6754861828551855,
      -0.3493246320062693,
      2.0,
      6.0,
      0.0,
      -0.592410818830771,
      -0.3084355970126681,
      1.0,
      2.0,
      1.0
   ],
   "_idx": 44,
   "factual_class": 1,
   "feature_bounds_splits": {
      "0": {
         "type": 2,
         "values": [
            null,
            null
         ]
      },
      "1": {
         "type": 2,
         "values": [
            null,
            null
         ]
      },
      "2": {
         "type": 2,
         "values": [
            null,
            null
         ]
      },
      "3": {
         "type": 2,
         "values": [
            null,
            null
         ]
      },
      "4": {
         "type": 1,
         "values": [
            -0.6838164031505585,
            -0.656743198633194
         ]
      },
      "5": {
         "type": 1,
         "values": [
            -0.40748098492622375,
            -0.3985338509082794
         ]
      },
      "6": {
         "type": 2,
         "values": [
            null,
            null
         ]
      },
      "7": {
         "type": 2,
         "values": [
            null,
            null
         ]
      },
      "8": {
         "type": 2,
         "values": [
            null,
            null
         ]
      },
      "9": {
         "type": 1,
         "values": [
            -0.685236006975174,
            -0.5813601911067963
         ]
      },
      "10": {
         "type": 1,
         "values": [
            -0.31948421895504,
            -0.27528972923755646
         ]
      },
      "11": {
         "type": 2,
         "values": [
            null,
            null
         ]
      },
      "12": {
         "type": 2,
         "values": [
            null,
            null
         ]
      },
      "13": {
         "type": 2,
         "values": [
            null,
            null
         ]
      }
   },
   "splits": [
      [
         5,
         0.7914346158504486,
         true
      ],
      [
         5,
         0.7198575437068939,
         true
      ],
      [
         5,
         -0.009333647074527107,
         true
      ],
      [
         5,
         -0.045122170107788406,
         true
      ],
      [
         5,
         -0.0451221764087677,
         true
      ],
      [
         5,
         -0.06749000027775764,
         true
      ],
      [
         5,
         -0.19274983182549477,
         true
      ],
      [
         5,
         -0.19274983555078506,
         true
      ],
      [
         5,
         -0.3045889884233475,
         true
      ],
      [
         4,
         -0.5817713439464569,
         true
      ],
      [
         4,
         -0.5838538706302643,
         true
      ],
      [
         5,
         -0.3180096596479416,
         true
      ],
      [
         5,
         -0.3180096745491028,
         true
      ],
      [
         10,
         -0.3636787086725235,
         false
      ],
      [
         5,
         -0.3269568085670471,
         true
      ],
      [
         9,
         -0.46201352775096893,
         true
      ],
      [
         9,
         -0.4642236530780792,
         true
      ],
      [
         5,
         -0.33590392768383026,
         true
      ],
      [
         5,
         -0.3403775095939636,
         true
      ],
      [
         9,
         -0.4708540290594101,
         true
      ],
      [
         5,
         -0.3448510766029358,
         true
      ],
      [
         9,
         -0.685236006975174,
         false
      ],
      [
         4,
         -0.7587882578372955,
         false
      ],
      [
         10,
         -0.33053283393383026,
         false
      ],
      [
         10,
         -0.31948421895504,
         false
      ],
      [
         10,
         -0.2642411068081856,
         true
      ],
      [
         4,
         -0.6838164031505585,
         false
      ],
      [
         5,
         -0.3537982106208801,
         true
      ],
      [
         5,
         -0.36274532973766327,
         true
      ],
      [
         5,
         -0.3716924488544464,
         true
      ],
      [
         4,
         -0.6317525804042816,
         true
      ],
      [
         10,
         -0.27528972923755646,
         true
      ],
      [
         5,
         -0.3985338509082794,
         true
      ],
      [
         5,
         -0.40748098492622375,
         false
      ],
      [
         4,
         -0.656743198633194,
         true
      ],
      [
         9,
         -0.5813601911067963,
         true
      ]
   ],
   "remaining_rules": [
      768,
      2979,
      5203,
      6472,
      8505,
      10149,
      11825,
      13726,
      14975,
      16959
   ],
   "set_rules": [
      768,
      2979,
      5203,
      6472,
      8505,
      10149,
      11825,
      13726,
      14975,
      16959
   ],
   "foil_estimated_class": [
      0
   ],
   "distance": 0.00012572132114289109,
   "extraction_time": 0.21987152099609375,
   "feature_bounds": {
      "0": {
         "type": 2,
         "values": [
            0.5,
            null
         ]
      },
      "1": {
         "type": 2,
         "values": [
            0.5,
            null
         ]
      },
      "2": {
         "type": 2,
         "values": [
            1.5,
            3.5
         ]
      },
      "3": {
         "type": 2,
         "values": [
            2.5,
            3.5
         ]
      },
      "4": {
         "type": 1,
         "values": [
            -0.6900640428066254,
            -0.656743198633194
         ]
      },
      "5": {
         "type": 1,
         "values": [
            -0.40748098492622375,
            -0.3985338509082794
         ]
      },
      "6": {
         "type": 2,
         "values": [
            1.5,
            2.5
         ]
      },
      "7": {
         "type": 2,
         "values": [
            5.5,
            null
         ]
      },
      "8": {
         "type": 2,
         "values": [
            null,
            2.5
         ]
      },
      "9": {
         "type": 1,
         "values": [
            -0.6520841419696808,
            -0.5813601911067963
         ]
      },
      "10": {
         "type": 1,
         "values": [
            -0.31948421895504,
            -0.27528972923755646
         ]
      },
      "11": {
         "type": 2,
         "values": [
            0.5,
            1.5
         ]
      },
      "12": {
         "type": 2,
         "values": [
            1.5,
            2.5
         ]
      },
      "13": {
         "type": 2,
         "values": [
            0.5,
            null
         ]
      }
   },
   "feature_bounds_compact": {
      "0": {
         "type": 2,
         "values": [
            0.5,
            null
         ]
      },
      "1": {
         "type": 2,
         "values": [
            0.5,
            null
         ]
      },
      "2": {
         "type": 2,
         "values": [
            1.5,
            3.5
         ]
      },
      "3": {
         "type": 2,
         "values": [
            2.5,
            3.5
         ]
      },
      "4": {
         "type": 1,
         "values": [
            -0.6900640428066254,
            -0.656743198633194
         ]
      },
      "5": {
         "type": 1,
         "values": [
            -0.40748098492622375,
            -0.3985338509082794
         ]
      },
      "6": {
         "type": 2,
         "values": [
            1.5,
            2.5
         ]
      },
      "7": {
         "type": 2,
         "values": [
            5.5,
            null
         ]
      },
      "8": {
         "type": 2,
         "values": [
            null,
            2.5
         ]
      },
      "9": {
         "type": 1,
         "values": [
            -0.6520841419696808,
            -0.5813601911067963
         ]
      },