{
   "found": true,
   "num_iterations": 62,
   "num_foil": 5,
   "_observation": [
      1.0,
      1.0,
      3.0,
      2.0,
      -0.3880939945614469,
      -0.3314303696504035,
      0.0,
      0.0,
      6.0,
      -0.34487697288653363,
      -0.2642411010550996,
      1.0,
      12.0,
      1.0
   ],
   "_idx": 911,
   "factual_class": 1,
   "feature_bounds_splits": {
      "0": {
         "type": 2,
         "values": [
            null,
            null
         ]
      },
      "1": {
         "type": 2,
         "values": [
            null,
            null
         ]
      },
      "2": {
         "type": 2,
         "values": [
            null,
            null
         ]
      },
      "3": {
         "type": 2,
         "values": [
            null,
            null
         ]
      },
      "4": {
         "type": 1,
         "values": [
            -0.47347863018512726,
            -0.3485255092382431
         ]
      },
      "5": {
         "type": 1,
         "values": [
            -0.34932464361190796,
            -0.3448510766029358
         ]
      },
      "6": {
         "type": 2,
         "values": [
            null,
            null
         ]
      },
      "7": {
         "type": 2,
         "values": [
            null,
            null
         ]
      },
      "8": {
         "type": 2,
         "values": [
            null,
            null
         ]
      },
      "9": {
         "type": 1,
         "values": [
            -0.4156009405851364,
            -0.3426668494939804
         ]
      },
      "10": {
         "type": 1,
         "values": [
            -0.27528971433639526,
            -0.18690073490142822
         ]
      },
      "11": {
         "type": 2,
         "values": [
            null,
            null
         ]
      },
      "12": {
         "type": 2,
         "values": [
            11.5,
            12.5
         ]
      },
      "13": {
         "type": 2,
         "values": [
            null,
            null
         ]
      }
   },
   "splits": [
      [
         10,
         0.023023122164886445,
         true
      ],
      [
         10,
         0.023023121058940887,
         true
      ],
      [
         4,
         -0.22982003912329674,
         true
      ],
      [
         10,
         0.01197449880419299,
         true
      ],
      [
         4,
         -0.28604894131422043,
         true
      ],
      [
         4,
         -0.286048948764801,
         true
      ],
      [
         10,
         -0.05431724339723587,
         true
      ],
      [
         10,
         -0.07641449198126793,
         true
      ],
      [
         4,
         -0.3443604111671448,
         true
      ],
      [
         4,
         -0.5255424380302429,
         false
      ],
      [
         9,
         0.09935787692666054,
         true
      ],
      [
         9,
         -0.0553507786244154,
         true
      ],
      [
         12,
         12.5,
         true
      ],
      [
         9,
         -0.06198114901781082,
         true
      ],
      [
         9,
         -0.10176337324082851,
         true
      ],
      [
         9,
         -0.6918663680553436,
         false
      ],
      [
         5,
         -0.39406029880046844,
         false
      ],
      [
         4,
         -0.5234598815441132,
         false
      ],
      [
         10,
         -0.27528971433639526,
         false
      ],
      [
         5,
         -0.38063958287239075,
         false
      ],
      [
         5,
         -0.36721889674663544,
         false
      ],
      [
         5,
         -0.36274532973766327,
         false
      ],
      [
         4,
         -0.3485255092382431,
         true
      ],
      [
         9,
         -0.15259622037410736,
         true
      ],
      [
         9,
         -0.26089228317141533,
         true
      ],
      [
         4,
         -0.47347863018512726,
         false
      ],
      [
         9,
         -0.6167221665382385,
         false
      ],
      [
         9,
         -0.2631023973226547,
         true
      ],
      [
         9,
         -0.5128463804721832,
         false
      ],
      [
         5,
         -0.21064408868551254,
         true
      ],
      [
         5,
         -0.21064409613609314,
         true
      ],
      [
         5,
         -0.28222115337848663,
         true
      ],
      [
         5,
         -0.2866947054862976,
         true
      ],
      [
         9,
         -0.4774843752384186,
         false
      ],
      [
         9,
         -0.45980338752269745,
         false
      ],
      [
         5,
         -0.2911682724952698,
         true
      ],
      [
         9,
         -0.4156009405851364,
         false
      ],
      [
         5,
         -0.35379819571971893,
         false
      ],
      [
         5,
         -0.34932464361190796,
         false
      ],
      [
         5,
         -0.3001154065132141,
         true
      ],
      [
         12,
         11.5,
         false
      ],
      [
         10,
         -0.18690073117613792,
         true
      ],
      [
         10,
         -0.18690073490142822,
         true
      ],
      [
         5,
         -0.33590392768383026,
         true
      ],
      [
         5,
         -0.3448510617017746,
         true
      ],
      [
         9,
         -0.3426668494939804,
         true
      ],
      [
         5,
         -0.3448510766029358,
         true
      ]
   ],
   "remaining_rules": [
      977,
      3406,
      4782,
      6899,
      8230,
      9898,
      12057,
      13599,
      15162,
      16786
   ],
   "set_rules": [
      977,
      3406,
      4782,
      6899,
      8230,
      9898,
      12057,
      13599,
      15162,
      16786
   ],
   "foil_estimated_class": [
      0
   ],
   "distance": 3.438046953545941e-05,
   "extraction_time": 0.4438803195953369,
   "feature_bounds": {
      "0": {
         "type": 2,
         "values": [
            0.5,
            null
         ]
      },
      "1": {
         "type": 2,
         "values": [
            0.5,
            null
         ]
      },
      "2": {
         "type": 2,
         "values": [
            2.5,
            3.5
         ]
      },
      "3": {
         "type": 2,
         "values": [
            null,
            2.5
         ]
      },
      "4": {
         "type": 1,
         "values": [
            -0.41724972426891327,
            -0.3485255092382431
         ]
      },
      "5": {
         "type": 1,
         "values": [
            -0.34932464361190796,
            -0.3448510766029358
         ]
      },
      "6": {
         "type": 2,
         "values": [
            null,
            0.5
         ]
      },
      "7": {
         "type": 2,
         "values": [
            null,
            0.5
         ]
      },
      "8": {
         "type": 2,
         "values": [
            5.5,
            null
         ]
      },
      "9": {
         "type": 1,
         "values": [
            -0.35150735080242157,
            -0.3426668494939804
         ]
      },
      "10": {
         "type": 1,
         "values": [
            -0.27528972923755646,
            -0.2531924769282341
         ]
      },
      "11": {
         "type": 2,
         "values": [
            0.5,
            1.5
         ]
      },
      "12": {
         "type": 2,
         "values": [
            11.5,
            12.5
         ]
      },
      "13": {
         "type": 2,
         "values": [
            0.5,
            null
         ]
      }
   },
   "feature_bounds_compact": {
      "0": {
         "type": 2,
         "values": [
            0.5,
            null
         ]
      },
      "1": {
         "type": 2,
         "values": [
            0.5,
            null
         ]
      },
      "2": {
         "type": 2,
         "values": [
            2.5,
            3.5
         ]
      },
      "3": {
         "type": 2,