{
   "found": true,
   "num_iterations": 258,
   "num_foil": 101,
   "_observation": [
      0.0,
      1.0,
      3.0,
      3.0,
      -0.25064555668183275,
      -0.3672188943621351,
      0.0,
      4.0,
      0.0,
      -0.1503860939303471,
      -0.2200466050975312,
      0.0,
      0.0,
      0.0
   ],
   "_idx": 636,
   "factual_class": 1,
   "feature_bounds_splits": {
      "0": {
         "type": 2,
         "values": [
            null,
            null
         ]
      },
      "1": {
         "type": 2,
         "values": [
            null,
            null
         ]
      },
      "2": {
         "type": 2,
         "values": [
            null,
            null
         ]
      },
      "3": {
         "type": 2,
         "values": [
            null,
            null
         ]
      },
      "4": {
         "type": 1,
         "values": [
            -0.27355362474918365,
            null
         ]
      },
      "5": {
         "type": 1,
         "values": [
            null,
            -0.40748098492622375
         ]
      },
      "6": {
         "type": 2,
         "values": [
            null,
            null
         ]
      },
      "7": {
         "type": 2,
         "values": [
            null,
            null
         ]
      },
      "8": {
         "type": 2,
         "values": [
            null,
            null
         ]
      },
      "9": {
         "type": 1,
         "values": [
            -0.47969451546669006,
            null
         ]
      },
      "10": {
         "type": 1,
         "values": [
            -0.3636787086725235,
            -0.23109523206949234
         ]
      },
      "11": {
         "type": 2,
         "values": [
            null,
            null
         ]
      },
      "12": {
         "type": 2,
         "values": [
            null,
            null
         ]
      },
      "13": {
         "type": 2,
         "values": [
            null,
            null
         ]
      }
   },
   "splits": [
      [
         10,
         -0.3636787086725235,
         false
      ],
      [
         10,
         0.21084973216056824,
         true
      ],
      [
         10,
         0.13350936025381088,
         true
      ],
      [
         10,
         0.1224607415497303,
         true
      ],
      [
         4,
         -0.5172122418880463,
         false
      ],
      [
         9,
         -0.5128463506698608,
         false
      ],
      [
         10,
         -0.06536587327718735,
         true
      ],
      [
         10,
         -0.07641449198126793,
         true
      ],
      [
         9,
         -0.48190462589263916,
         false
      ],
      [
         10,
         -0.12060898542404175,
         true
      ],
      [
         9,
         -0.47969451546669006,
         false
      ],
      [
         10,
         -0.12060898914933205,
         true
      ],
      [
         5,
         -0.3582717627286911,
         true
      ],
      [
         5,
         -0.36721889674663544,
         true
      ],
      [
         5,
         -0.3716924488544464,
         true
      ],
      [
         5,
         -0.38063958287239075,
         true
      ],
      [
         5,
         -0.3985338509082794,
         true
      ],
      [
         4,
         -0.27355362474918365,
         false
      ],
      [
         5,
         -0.40748098492622375,
         true
      ],
      [
         10,
         -0.23109522834420204,
         true
      ],
      [
         10,
         -0.23109523206949234,
         true
      ]
   ],
   "remaining_rules": [
      107,
      2364,
      3642,
      5814,
      7262,
      9343,
      11215,
      12171,
      13897,
      15630
   ],
   "set_rules": [
      107,
      2364,
      3642,
      5814,
      7262,
      9343,
      11215,
      12171,
      13897,
      15630
   ],
   "foil_estimated_class": [
      0
   ],
   "distance": 0.00014142092859702082,
   "extraction_time": 0.446901798248291,
   "feature_bounds": {
      "0": {
         "type": 2,
         "values": [
            null,
            0.5
         ]
      },
      "1": {
         "type": 2,
         "values": [
            0.5,
            null
         ]
      },
      "2": {
         "type": 2,
         "values": [
            2.5,
            3.5
         ]
      },
      "3": {
         "type": 2,
         "values": [
            2.5,
            3.5
         ]
      },
      "4": {
         "type": 1,
         "values": [
            -0.27355363965034485,
            -0.1319400891661644
         ]
      },
      "5": {
         "type": 1,
         "values": [
            null,
            -0.40748098492622375
         ]
      },
      "6": {
         "type": 2,
         "values": [
            null,
            0.5
         ]
      },
      "7": {
         "type": 2,
         "values": [
            3.5,
            4.5
         ]
      },
      "8": {
         "type": 2,
         "values": [
            null,
            0.5
         ]
      },
      "9": {
         "type": 1,
         "values": [
            -0.3006744980812073,
            -0.011148305609822273
         ]
      },
      "10": {
         "type": 1,
         "values": [
            -0.27528972923755646,
            -0.23109523206949234
         ]
      },
      "11": {
         "type": 2,
         "values": [
            null,
            0.5
         ]
      },
      "12": {
         "type": 2,
         "values": [
            null,
            1.5
         ]
      },
      "13": {
         "type": 2,
         "values": [
            null,
            0.5
         ]
      }
   },
   "feature_bounds_compact": {
      "0": {
         "type": 2,
         "values": [
            null,
            0.5
         ]
      },
      "1": {
         "type": 2,
         "values": [
            0.5,
            null
         ]
      },
      "2": {
         "type": 2,
         "values": [
            2.5,
            3.5
         ]
      },
      "3": {
         "type": 2,
         "values": [
            2.5,
            3.5
         ]
      },
      "4": {
         "type": 1,
         "values": [
            -0.2985442504286766,
            0.33871668577194214
         ]
      },
      "5": {
         "type": 1,
         "values": [
            null,
            -0.40748098492622375
         ]
      },
      "6": {
         "type": 2,
         "values": [
            null,
            0.5
         ]
      },
      "7": {
         "type": 2,
         "values": [
            2.5,
            4.5
         ]
      },
      "8": {
         "type": 2,
         "values": [
            null,
            0.5
         ]
      },
      "9": {
         "type": 1,
         "values": [
            -0.3006744980812073,
            0.006532683502882719
         ]
      },
      "10": {
         "type": 1,
         "values": [
            -0.2973869740962982,
            -0.23109523206949234
         ]
      },
      "11": {
         "type": 2,
         "values": [
            null,
            0.5
         ]
      },
      "12": {
         "type": 2,
         "values": [
            null,
            1.5
         ]
      },
      "13": {
         "type": 2,
         "values": [
            null,
            0.5
         ]
      }
   },
   "feature_bounds_compact_count": {
      "0": {
         "type": 2,
         "values": [
            null,
            0.5
         ]
      },
      "1": {
         "type": 2,
         "values": [
            0.5,
            null
         ]
      },
      "2": {
         "type": 2,
         "values": [
            2.5,
            3.5
         ]
      },
      "3": {
         "type": 2,
         "values": [
            2.5,
            3.5
         ]
      },
      "4": {
         "type": 1,
         "values": [
            -0.2985442504286766,
            0.33871668577194214
         ]
      },
      "5": {
         "type": 1,