{
   "found": true,
   "num_iterations": 367,
   "num_foil": 162,
   "_observation": [
      1.0,
      0.0,
      2.0,
      4.0,
      -0.6671559744988452,
      -0.4298488126076653,
      0.0,
      6.0,
      0.0,
      -0.5835703243327625,
      -0.3747273409490208,
      0.0,
      0.0,
      0.0
   ],
   "_idx": 405,
   "factual_class": 1,
   "feature_bounds_splits": {
      "0": {
         "type": 2,
         "values": [
            null,
            null
         ]
      },
      "1": {
         "type": 2,
         "values": [
            null,
            null
         ]
      },
      "2": {
         "type": 2,
         "values": [
            null,
            null
         ]
      },
      "3": {
         "type": 2,
         "values": [
            null,
            null
         ]
      },
      "4": {
         "type": 1,
         "values": [
            -0.6921465992927551,
            -0.6858989298343658
         ]
      },
      "5": {
         "type": 1,
         "values": [
            -0.4164281189441681,
            -0.40748098492622375
         ]
      },
      "6": {
         "type": 2,
         "values": [
            null,
            null
         ]
      },
      "7": {
         "type": 2,
         "values": [
            null,
            null
         ]
      },
      "8": {
         "type": 2,
         "values": [
            null,
            null
         ]
      },
      "9": {
         "type": 1,
         "values": [
            null,
            null
         ]
      },
      "10": {
         "type": 1,
         "values": [
            null,
            -0.3636787086725235
         ]
      },
      "11": {
         "type": 2,
         "values": [
            null,
            null
         ]
      },
      "12": {
         "type": 2,
         "values": [
            null,
            null
         ]
      },
      "13": {
         "type": 2,
         "values": [
            null,
            null
         ]
      }
   },
   "splits": [
      [
         4,
         -0.6734036207199097,
         true
      ],
      [
         5,
         -0.3582717627286911,
         true
      ],
      [
         5,
         -0.36274532973766327,
         true
      ],
      [
         4,
         -0.6754861772060394,
         true
      ],
      [
         5,
         -0.3716924488544464,
         true
      ],
      [
         4,
         -0.679651290178299,
         true
      ],
      [
         4,
         -0.6817338168621063,
         true
      ],
      [
         4,
         -0.6838164031505585,
         true
      ],
      [
         5,
         -0.3761660307645798,
         true
      ],
      [
         5,
         -0.38063958287239075,
         true
      ],
      [
         4,
         -0.6858989298343658,
         true
      ],
      [
         4,
         -0.6921465992927551,
         false
      ],
      [
         5,
         -0.3851131498813629,
         true
      ],
      [
         5,
         -0.39406029880046844,
         true
      ],
      [
         5,
         -0.40748098492622375,
         true
      ],
      [
         10,
         -0.34158146381378174,
         true
      ],
      [
         5,
         -0.42090168595314026,
         false
      ],
      [
         10,
         -0.3636787086725235,
         true
      ],
      [
         5,
         -0.4164281189441681,
         false
      ]
   ],
   "remaining_rules": [
      167,
      2062,
      3541,
      5293,
      7104,
      8777,
      10477,
      12202,
      13885,
      15658
   ],
   "set_rules": [
      167,
      2062,
      3541,
      5293,
      7104,
      8777,
      10477,
      12202,
      13885,
      15658
   ],
   "foil_estimated_class": [
      0
   ],
   "distance": 0.00014166598984501964,
   "extraction_time": 0.4533534049987793,
   "feature_bounds": {
      "0": {
         "type": 2,
         "values": [
            0.5,
            null
         ]
      },
      "1": {
         "type": 2,
         "values": [
            null,
            0.5
         ]
      },
      "2": {
         "type": 2,
         "values": [
            1.5,
            2.5
         ]
      },
      "3": {
         "type": 2,
         "values": [
            3.5,
            null
         ]
      },
      "4": {
         "type": 1,
         "values": [
            -0.6921465992927551,
            -0.6858989298343658
         ]
      },
      "5": {
         "type": 1,
         "values": [
            -0.4164281189441681,
            -0.40748098492622375
         ]
      },
      "6": {
         "type": 2,
         "values": [
            null,
            0.5
         ]
      },
      "7": {
         "type": 2,
         "values": [
            5.5,
            null
         ]
      },
      "8": {
         "type": 2,
         "values": [
            null,
            0.5
         ]
      },
      "9": {
         "type": 1,
         "values": [
            -0.6167221665382385,
            -0.5592589676380157
         ]
      },
      "10": {
         "type": 1,
         "values": [
            null,
            -0.3636787086725235
         ]
      },
      "11": {
         "type": 2,
         "values": [
            null,
            0.5
         ]
      },
      "12": {
         "type": 2,
         "values": [
            null,
            1.5
         ]
      },
      "13": {
         "type": 2,
         "values": [
            null,
            0.5
         ]
      }
   },
   "feature_bounds_compact": {
      "0": {
         "type": 2,
         "values": [
            0.5,
            null
         ]
      },
      "1": {
         "type": 2,
         "values": [
            null,
            0.5
         ]
      },
      "2": {
         "type": 2,
         "values": [
            1.5,
            2.5
         ]
      },
      "3": {
         "type": 2,
         "values": [
            3.5,
            null
         ]
      },
      "4": {
         "type": 1,
         "values": [
            -0.6921465992927551,
            -0.6858989298343658
         ]
      },
      "5": {
         "type": 1,
         "values": [
            -0.4164281189441681,
            -0.40748098492622375
         ]
      },
      "6": {
         "type": 2,
         "values": [
            null,
            0.5
         ]
      },
      "7": {
         "type": 2,
         "values": [
            5.5,
            null
         ]
      },
      "8": {
         "type": 2,
         "values": [
            null,
            0.5
         ]
      },
      "9": {
         "type": 1,
         "values": [
            -0.6167221665382385,
            -0.5592589676380157
         ]
      },
      "10": {
         "type": 1,
         "values": [
            null,
            -0.3636787086725235
         ]
      },
      "11": {
         "type": 2,
         "values": [
            null,
            0.5
         ]
      },
      "12": {
         "type": 2,
         "values": [
            null,
            1.5
         ]
      },
      "13": {
         "type": 2,
         "values": [
            null,
            0.5
         ]
      }
   },
   "feature_bounds_compact_count": {
      "0": {
         "type": 2,
         "values": [
            0.5,
            null
         ]
      },
      "1": {
         "type": 2,
         "values": [
            null,
            0.5
         ]
      },
      "2": {
         "type": 2,
         "values": [
            1.5,
            2.5
         ]
      },
      "3": {
         "type": 2,
         "values": [
            3.5,
            null
         ]
      },
      "4": {
         "type": 1,
         "values": [
            -0.6921465992927551,
            -0.6858989298343658
         ]
      },
      "5": {
         "type": 1,
         "values": [
            -0.4164281189441681,
            -0.40748098492622375
         ]
      },
      "6": {
         "type": 2,
         "values": [
            null,
            0.5
         ]
      },