{
   "found": true,
   "num_iterations": 138,
   "num_foil": 61,
   "_observation": [
      1.0,
      1.0,
      3.0,
      4.0,
      -0.7712835789530984,
      -0.4209016814297324,
      1.0,
      6.0,
      0.0,
      -0.6984967528068727,
      -0.35263009297023656,
      1.0,
      1.0,
      1.0
   ],
   "_idx": 332,
   "factual_class": 1,
   "feature_bounds_splits": {
      "0": {
         "type": 2,
         "values": [
            null,
            null
         ]
      },
      "1": {
         "type": 2,
         "values": [
            null,
            null
         ]
      },
      "2": {
         "type": 2,
         "values": [
            null,
            null
         ]
      },
      "3": {
         "type": 2,
         "values": [
            null,
            null
         ]
      },
      "4": {
         "type": 1,
         "values": [
            -0.7608708143234253,
            null
         ]
      },
      "5": {
         "type": 1,
         "values": [
            -0.42090168595314026,
            -0.4164281189441681
         ]
      },
      "6": {
         "type": 2,
         "values": [
            null,
            null
         ]
      },
      "7": {
         "type": 2,
         "values": [
            null,
            null
         ]
      },
      "8": {
         "type": 2,
         "values": [
            null,
            null
         ]
      },
      "9": {
         "type": 1,
         "values": [
            null,
            -0.6962866187095642
         ]
      },
      "10": {
         "type": 1,
         "values": [
            null,
            null
         ]
      },
      "11": {
         "type": 2,
         "values": [
            null,
            null
         ]
      },
      "12": {
         "type": 2,
         "values": [
            null,
            null
         ]
      },
      "13": {
         "type": 2,
         "values": [
            null,
            null
         ]
      }
   },
   "splits": [
      [
         4,
         -0.7712835669517517,
         false
      ],
      [
         9,
         -0.691866397857666,
         true
      ],
      [
         9,
         -0.6940765082836151,
         true
      ],
      [
         4,
         -0.762953370809555,
         false
      ],
      [
         9,
         -0.6962866187095642,
         true
      ],
      [
         4,
         -0.7608708143234253,
         false
      ],
      [
         5,
         -0.42090168595314026,
         false
      ],
      [
         5,
         -0.4164281189441681,
         true
      ]
   ],
   "remaining_rules": [
      159,
      1983,
      5191,
      6481,
      7917,
      7919,
      10257,
      11780,
      13073,
      14900,
      16922
   ],
   "set_rules": [
      159,
      1983,
      5191,
      6481,
      7919,
      10257,
      11780,
      13073,
      14900,
      16922
   ],
   "foil_estimated_class": [
      0
   ],
   "distance": 5.9903614128666045e-05,
   "extraction_time": 0.45017170906066895,
   "feature_bounds": {
      "0": {
         "type": 2,
         "values": [
            0.5,
            null
         ]
      },
      "1": {
         "type": 2,
         "values": [
            0.5,
            null
         ]
      },
      "2": {
         "type": 2,
         "values": [
            2.5,
            3.5
         ]
      },
      "3": {
         "type": 2,
         "values": [
            3.5,
            null
         ]
      },
      "4": {
         "type": 1,
         "values": [
            -0.7608708143234253,
            -0.7567057311534882
         ]
      },
      "5": {
         "type": 1,
         "values": [
            -0.4253752529621124,
            -0.40748098492622375
         ]
      },
      "6": {
         "type": 2,
         "values": [
            0.5,
            1.5
         ]
      },
      "7": {
         "type": 2,
         "values": [
            5.5,
            null
         ]
      },
      "8": {
         "type": 2,
         "values": [
            null,
            2.5
         ]
      },
      "9": {
         "type": 1,
         "values": [
            null,
            -0.6962866187095642
         ]
      },
      "10": {
         "type": 1,
         "values": [
            -0.3526300936937332,
            -0.34158146381378174
         ]
      },
      "11": {
         "type": 2,
         "values": [
            0.5,
            1.5
         ]
      },
      "12": {
         "type": 2,
         "values": [
            null,
            1.5
         ]
      },
      "13": {
         "type": 2,
         "values": [
            0.5,
            null
         ]
      }
   },
   "feature_bounds_compact": {
      "0": {
         "type": 2,
         "values": [
            0.5,
            null
         ]
      },
      "1": {
         "type": 2,
         "values": [
            0.5,
            null
         ]
      },
      "2": {
         "type": 2,
         "values": [
            2.5,
            3.5
         ]
      },
      "3": {
         "type": 2,
         "values": [
            3.5,
            null
         ]
      },
      "4": {
         "type": 1,
         "values": [
            -0.7608708143234253,
            -0.7567057311534882
         ]
      },
      "5": {
         "type": 1,
         "values": [
            -0.4253752529621124,
            -0.40748098492622375
         ]
      },
      "6": {
         "type": 2,
         "values": [
            0.5,
            1.5
         ]
      },
      "7": {
         "type": 2,
         "values": [
            5.5,
            null
         ]
      },
      "8": {
         "type": 2,
         "values": [
            null,
            2.5
         ]
      },
      "9": {
         "type": 1,
         "values": [
            null,
            -0.6962866187095642
         ]
      },
      "10": {
         "type": 1,
         "values": [
            -0.3526300936937332,
            -0.34158146381378174
         ]
      },
      "11": {
         "type": 2,
         "values": [
            0.5,
            1.5
         ]
      },
      "12": {
         "type": 2,
         "values": [
            null,
            1.5
         ]
      },
      "13": {
         "type": 2,
         "values": [
            0.5,
            null
         ]
      }
   },
   "feature_bounds_compact_count": {
      "0": {
         "type": 2,
         "values": [
            0.5,
            null
         ]
      },
      "1": {
         "type": 2,
         "values": [
            0.5,
            null
         ]
      },
      "2": {
         "type": 2,
         "values": [
            2.5,
            3.5
         ]
      },
      "3": {
         "type": 2,
         "values": [
            3.5,
            null
         ]
      },
      "4": {
         "type": 1,
         "values": [
            -0.7608708143234253,
            -0.7567057311534882
         ]
      },
      "5": {
         "type": 1,
         "values": [
            -0.4253752529621124,
            -0.40748098492622375
         ]
      },
      "6": {
         "type": 2,
         "values": [
            0.5,
            1.5
         ]
      },
      "7": {
         "type": 2,
         "values": [
            5.5,
            null
         ]
      },
      "8": {
         "type": 2,
         "values": [
            null,
            2.5
         ]
      },
      "9": {
         "type": 1,
         "values": [
            null,
            -0.6962866187095642
         ]
      },
      "10": {
         "type": 1,
         "values": [
            -0.3526300936937332,
            -0.34158146381378174
         ]
      },
      "11": {
         "type": 2,
         "values": [
            0.5,
            1.5
         ]
      },
      "12": {
         "type": 2,
         "values": [
            null,
            1.5
         ]
      },
      "13": {
         "type": 2,
         "values": [
            0.5,
            null
         ]
      }
   },