{
   "counterfactual_sample": {
      "y": 0, 
      "skewness_wti": 0.742085, 
      "variance_wti": 0.643503, 
      "entropy": -1.857611452829712, 
      "curtosis_wty": -1.300123082568401
   }, 
   "factual_class": 0, 
   "factual_sample": {
      "y": 0, 
      "entropy": -1.857611452829712, 
      "variance_wti": 1.0646221034340118, 
      "skewness_wti": 1.566352784248014, 
      "curtosis_wty": -1.300123082568401
   }, 
   "counterfactual_distance": 0.06681299185848275, 
   "counterfactual_class": 0, 
   "counterfactual_rule": {
      "entropy": "<=-1.486939", 
      "variance_wti": "-1.026571< variance_wti <=0.643503", 
      "skewness_wti": "0.536151< skewness_wti <=0.742085"
   }, 
   "counterfactual_time": 18.060023069381714, 
   "counterfactual_found": false
}