{
   "counterfactual_sample": {
      "shucked_weight": -0.5626274064499729, 
      "diameter": 0.021352297818588117, 
      "whole_weight": -0.4685456988195564, 
      "shell_weight": -0.3220931536771945, 
      "viscera_weight": -0.31106986196101194, 
      "height": -0.3470991859785052, 
      "length": 0.2582301665785457, 
      "y": 0, 
      "sex": 2.0
   }, 
   "factual_class": 0, 
   "factual_sample": {
      "shucked_weight": -0.5626274064499729, 
      "diameter": 0.021352297818588117, 
      "whole_weight": -0.4685456988195564, 
      "shell_weight": -0.3220931536771945, 
      "viscera_weight": -0.31106986196101194, 
      "height": -0.3470991859785052, 
      "length": 0.2582301665785457, 
      "y": 0, 
      "sex": 2.0
   }, 
   "counterfactual_distance": 0.0, 
   "counterfactual_class": 0, 
   "counterfactual_rule": {}, 
   "counterfactual_time": 19.108752965927124, 
   "counterfactual_found": false
}