{
   "counterfactual_sample": {
      "shucked_weight": -0.275509, 
      "diameter": -0.2809817631585129, 
      "whole_weight": -0.4063427324656866, 
      "shell_weight": -0.1712159162695334, 
      "viscera_weight": -0.3475658366089948, 
      "height": -0.10799086572910817, 
      "length": -0.24144281325403014, 
      "y": 1, 
      "sex": 2.0
   }, 
   "factual_class": 0, 
   "factual_sample": {
      "shucked_weight": -0.434212226005616, 
      "diameter": -0.2809817631585129, 
      "whole_weight": -0.4063427324656866, 
      "shell_weight": -0.1712159162695334, 
      "viscera_weight": -0.3475658366089948, 
      "height": -0.10799086572910817, 
      "length": -0.24144281325403014, 
      "y": 0, 
      "sex": 2.0
   }, 
   "counterfactual_distance": 0.002960828776223273, 
   "counterfactual_class": 1, 
   "counterfactual_rule": {
      "shucked_weight": ">-0.276509", 
      "shell_weight": "<=0.179031", 
      "viscera_weight": "<=-0.160524"
   }, 
   "counterfactual_time": 18.715713024139404, 
   "counterfactual_found": true
}