{
   "found": true,
   "num_iterations": 20,
   "num_foil": 5,
   "_observation": [
      1.0,
      0.0,
      2.0,
      4.0,
      -0.7629533705967582,
      -0.3940602878959337,
      2.0,
      6.0,
      0.0,
      -0.6940765055578685,
      -0.35263009297023656,
      0.0,
      0.0,
      0.0
   ],
   "_idx": 886,
   "factual_class": 1,
   "feature_bounds_splits": {
      "0": {
         "type": 2,
         "values": [
            null,
            null
         ]
      },
      "1": {
         "type": 2,
         "values": [
            null,
            null
         ]
      },
      "2": {
         "type": 2,
         "values": [
            null,
            null
         ]
      },
      "3": {
         "type": 2,
         "values": [
            null,
            null
         ]
      },
      "4": {
         "type": 1,
         "values": [
            -0.769201010465622,
            -0.7650358974933624
         ]
      },
      "5": {
         "type": 1,
         "values": [
            -0.3985338509082794,
            -0.3895867168903351
         ]
      },
      "6": {
         "type": 2,
         "values": [
            null,
            null
         ]
      },
      "7": {
         "type": 2,
         "values": [
            null,
            null
         ]
      },
      "8": {
         "type": 2,
         "values": [
            null,
            null
         ]
      },
      "9": {
         "type": 1,
         "values": [
            -0.6940765082836151,
            -0.6918663680553436
         ]
      },
      "10": {
         "type": 1,
         "values": [
            -0.3526300936937332,
            -0.34158146381378174
         ]
      },
      "11": {
         "type": 2,
         "values": [
            null,
            null
         ]
      },
      "12": {
         "type": 2,
         "values": [
            null,
            null
         ]
      },
      "13": {
         "type": 2,
         "values": [
            null,
            null
         ]
      }
   },
   "splits": [
      [
         5,
         -0.4164281189441681,
         false
      ],
      [
         4,
         -0.7567057311534882,
         true
      ],
      [
         5,
         -0.3985338509082794,
         false
      ],
      [
         9,
         -0.6918663680553436,
         true
      ],
      [
         9,
         -0.6940765082836151,
         false
      ],
      [
         4,
         -0.7587882578372955,
         true
      ],
      [
         10,
         -0.3526300936937332,
         false
      ],
      [
         5,
         -0.38063958287239075,
         true
      ],
      [
         4,
         -0.762953370809555,
         true
      ],
      [
         10,
         -0.34158146381378174,
         true
      ],
      [
         5,
         -0.3895867168903351,
         true
      ],
      [
         4,
         -0.7650358974933624,
         true
      ],
      [
         4,
         -0.769201010465622,
         false
      ]
   ],
   "remaining_rules": [
      63,
      3151,
      4218,
      5400,
      7184,
      9141,
      10678,
      12387,
      15030,
      16132
   ],
   "set_rules": [
      63,
      3151,
      4218,
      5400,
      7184,
      9141,
      10678,
      12387,
      15030,
      16132
   ],
   "foil_estimated_class": [
      0
   ],
   "distance": 1.2174207085586556e-05,
   "extraction_time": 0.4476311206817627,
   "feature_bounds": {
      "0": {
         "type": 2,
         "values": [
            0.5,
            null
         ]
      },
      "1": {
         "type": 2,
         "values": [
            null,
            0.5
         ]
      },
      "2": {
         "type": 2,
         "values": [
            1.5,
            2.5
         ]
      },
      "3": {
         "type": 2,
         "values": [
            3.5,
            null
         ]
      },
      "4": {
         "type": 1,
         "values": [
            -0.769201010465622,
            -0.7650358974933624
         ]
      },
      "5": {
         "type": 1,
         "values": [
            -0.3985338509082794,
            -0.3895867168903351
         ]
      },
      "6": {
         "type": 2,
         "values": [
            1.5,
            2.5
         ]
      },
      "7": {
         "type": 2,
         "values": [
            5.5,
            null
         ]
      },
      "8": {
         "type": 2,
         "values": [
            null,
            0.5
         ]
      },
      "9": {
         "type": 1,
         "values": [
            -0.6962866187095642,
            -0.6918663680553436
         ]
      },
      "10": {
         "type": 1,
         "values": [
            -0.3636787086725235,
            -0.34158146381378174
         ]
      },
      "11": {
         "type": 2,
         "values": [
            null,
            0.5
         ]
      },
      "12": {
         "type": 2,
         "values": [
            null,
            0.5
         ]
      },
      "13": {
         "type": 2,
         "values": [
            null,
            0.5
         ]
      }
   },
   "feature_bounds_compact": {
      "0": {
         "type": 2,
         "values": [
            0.5,
            null
         ]
      },
      "1": {
         "type": 2,
         "values": [
            null,
            0.5
         ]
      },
      "2": {
         "type": 2,
         "values": [
            1.5,
            2.5
         ]
      },
      "3": {
         "type": 2,
         "values": [
            3.5,
            null
         ]
      },
      "4": {
         "type": 1,
         "values": [
            -0.769201010465622,
            -0.7650358974933624
         ]
      },
      "5": {
         "type": 1,
         "values": [
            -0.3985338509082794,
            -0.3895867168903351
         ]
      },
      "6": {
         "type": 2,
         "values": [
            1.5,
            2.5
         ]
      },
      "7": {
         "type": 2,
         "values": [
            5.5,
            null
         ]
      },
      "8": {
         "type": 2,
         "values": [
            null,
            0.5
         ]
      },
      "9": {
         "type": 1,
         "values": [
            -0.6962866187095642,
            -0.6918663680553436
         ]
      },
      "10": {
         "type": 1,
         "values": [
            -0.3636787086725235,
            -0.34158146381378174
         ]
      },
      "11": {
         "type": 2,
         "values": [
            null,
            0.5
         ]
      },
      "12": {
         "type": 2,
         "values": [
            null,
            0.5
         ]
      },
      "13": {
         "type": 2,
         "values": [
            null,
            0.5
         ]
      }
   },
   "feature_bounds_compact_count": {
      "0": {
         "type": 2,
         "values": [
            0.5,
            null
         ]
      },
      "1": {
         "type": 2,
         "values": [
            null,
            0.5
         ]
      },
      "2": {
         "type": 2,
         "values": [
            1.5,
            2.5
         ]
      },
      "3": {
         "type": 2,
         "values": [
            3.5,
            null
         ]
      },
      "4": {
         "type": 1,
         "values": [
            -0.769201010465622,
            -0.7650358974933624
         ]
      },
      "5": {
         "type": 1,
         "values": [
            -0.3985338509082794,
            -0.3895867168903351
         ]
      },
      "6": {
         "type": 2,
         "values": [
            1.5,
            2.5
         ]
      },
      "7": {
         "type": 2,
         "values": [
            5.5,
            null
         ]
      },
      "8": {
         "type": 2,
         "values": [
            null,
            0.5
         ]
      },
      "9": {
         "type": 1,
         "values": [
            -0.6962866187095642,
            -0.6918663680553436
         ]
      },