{
   "found": true,
   "num_iterations": 1492,
   "num_foil": 731,
   "_observation": [
      1.0,
      0.0,
      3.0,
      3.0,
      0.2616622572330927,
      0.017507746288979057,
      1.0,
      2.0,
      3.0,
      0.2783778892230641,
      0.6417460660750536,
      0.0,
      0.0,
      0.0
   ],
   "_idx": 124,
   "factual_class": 1,
   "feature_bounds_splits": {
      "0": {
         "type": 2,
         "values": [
            null,
            null
         ]
      },
      "1": {
         "type": 2,
         "values": [
            null,
            null
         ]
      },
      "2": {
         "type": 2,
         "values": [
            null,
            null
         ]
      },
      "3": {
         "type": 2,
         "values": [
            null,
            null
         ]
      },
      "4": {
         "type": 1,
         "values": [
            0.25541460514068604,
            0.4178536534309387
         ]
      },
      "5": {
         "type": 1,
         "values": [
            0.4961792677640915,
            null
         ]
      },
      "6": {
         "type": 2,
         "values": [
            null,
            null
         ]
      },
      "7": {
         "type": 2,
         "values": [
            null,
            null
         ]
      },
      "8": {
         "type": 2,
         "values": [
            1.5,
            null
         ]
      },
      "9": {
         "type": 1,
         "values": [
            0.26953738927841187,
            0.30268923565745354
         ]
      },
      "10": {
         "type": 1,
         "values": [
            null,
            -0.12060898914933205
         ]
      },
      "11": {
         "type": 2,
         "values": [
            null,
            null
         ]
      },
      "12": {
         "type": 2,
         "values": [
            null,
            0.5
         ]
      },
      "13": {
         "type": 2,
         "values": [
            null,
            null
         ]
      }
   },
   "splits": [
      [
         9,
         -0.048720406368374825,
         false
      ],
      [
         4,
         0.22209376841783524,
         false
      ],
      [
         9,
         0.1568210907280445,
         false
      ],
      [
         9,
         0.17008183617144823,
         false
      ],
      [
         9,
         0.17671219632029533,
         false
      ],
      [
         9,
         0.24080578982830048,
         false
      ],
      [
         9,
         0.26953738927841187,
         false
      ],
      [
         9,
         0.30268923565745354,
         true
      ],
      [
         12,
         0.5,
         true
      ],
      [
         8,
         1.5,
         false
      ],
      [
         4,
         0.24291928112506866,
         false
      ],
      [
         4,
         0.2470843866467476,
         false
      ],
      [
         5,
         -0.1435406133532524,
         false
      ],
      [
         5,
         -0.10327852517366409,
         false
      ],
      [
         5,
         -0.08538426086306572,
         false
      ],
      [
         10,
         3.4922910928726196,
         true
      ],
      [
         5,
         0.03987557487562299,
         false
      ],
      [
         10,
         0.07826624251902103,
         true
      ],
      [
         10,
         0.056168995797634125,
         true
      ],
      [
         10,
         0.056168993934988976,
         true
      ],
      [
         10,
         0.03407174628227949,
         true
      ],
      [
         10,
         -0.021171373140532523,
         true
      ],
      [
         10,
         -0.03221999667584896,
         true
      ],
      [
         5,
         0.07566409930586815,
         false
      ],
      [
         10,
         -0.07641449104994535,
         true
      ],
      [
         10,
         -0.07641449198126793,
         true
      ],
      [
         4,
         0.49282553791999817,
         true
      ],
      [
         5,
         0.12934688478708267,
         false
      ],
      [
         5,
         0.20092393457889557,
         false
      ],
      [
         10,
         -0.09851174056529999,
         true
      ],
      [
         5,
         0.3217102214694023,
         false
      ],
      [
         5,
         0.4693378806114197,
         false
      ],
      [
         4,
         0.4178536534309387,
         true
      ],
      [
         5,
         0.48723214864730835,
         false
      ],
      [
         10,
         -0.12060898914933205,
         true
      ],
      [
         5,
         0.4961792677640915,
         false
      ],
      [
         4,
         0.25541460514068604,
         false
      ]
   ],
   "remaining_rules": [
      852,
      2921,
      4081,
      5671,
      7873,
      10071,
      11256,
      13010,
      15241,
      16779
   ],
   "set_rules": [
      852,
      2921,
      4081,
      5671,
      7873,
      10071,
      11256,
      13010,
      15241,
      16779
   ],
   "foil_estimated_class": [
      0
   ],
   "distance": 0.0038689089793206375,
   "extraction_time": 0.25823402404785156,
   "feature_bounds": {
      "0": {
         "type": 2,
         "values": [
            0.5,
            null
         ]
      },
      "1": {
         "type": 2,
         "values": [
            null,
            0.5
         ]
      },
      "2": {
         "type": 2,
         "values": [
            2.5,
            3.5
         ]
      },
      "3": {
         "type": 2,
         "values": [
            2.5,
            3.5
         ]
      },
      "4": {
         "type": 1,
         "values": [
            0.25541460514068604,
            0.3532945513725281
         ]
      },
      "5": {
         "type": 1,
         "values": [
            0.4961792677640915,
            0.6393333673477173
         ]
      },
      "6": {
         "type": 2,
         "values": [
            0.5,
            1.5
         ]
      },
      "7": {
         "type": 2,
         "values": [
            1.5,
            2.5
         ]
      },
      "8": {
         "type": 2,
         "values": [
            2.5,
            3.5
         ]
      },
      "9": {
         "type": 1,
         "values": [
            0.055155402049422264,
            0.4375067800283432
         ]
      },
      "10": {
         "type": 1,
         "values": [
            -0.18690072745084763,
            -0.12060898914933205
         ]
      },
      "11": {
         "type": 2,
         "values": [
            null,
            0.5
         ]
      },
      "12": {
         "type": 2,
         "values": [
            null,
            1.5
         ]
      },
      "13": {
         "type": 2,
         "values": [
            null,
            0.5
         ]
      }
   },
   "feature_bounds_compact": {
      "0": {
         "type": 2,
         "values": [
            0.5,
            null
         ]
      },
      "1": {
         "type": 2,
         "values": [
            null,
            0.5
         ]
      },
      "2": {
         "type": 2,
         "values": [
            2.5,
            3.5
         ]
      },
      "3": {
         "type": 2,
         "values": [
            2.5,
            3.5
         ]
      },
      "4": {
         "type": 1,
         "values": [
            0.25541460514068604,
            0.3532945513725281
         ]
      },
      "5": {
         "type": 1,
         "values": [
            0.4961792677640915,
            0.6393333673477173
         ]
      },
      "6": {
         "type": 2,
         "values": [
            0.5,
            1.5
         ]
      },
      "7": {
         "type": 2,
         "values": [
            1.5,
            2.5
         ]
      },
      "8": {
         "type": 2,
         "values": [
            2.5,
            3.5
         ]
      },
      "9": {
         "type": 1,