{
   "found": true,
   "num_iterations": 3860,
   "num_foil": 1883,
   "_observation": [
      0.0,
      1.0,
      1.0,
      3.0,
      -0.7421278497059075,
      -0.3851131567180008,
      2.0,
      6.0,
      0.0,
      -0.6808157638108557,
      -0.2642411010550996,
      0.0,
      0.0,
      0.0
   ],
   "_idx": 290,
   "factual_class": 1,
   "feature_bounds_splits": {
      "0": {
         "type": 2,
         "values": [
            null,
            null
         ]
      },
      "1": {
         "type": 2,
         "values": [
            null,
            null
         ]
      },
      "2": {
         "type": 2,
         "values": [
            null,
            null
         ]
      },
      "3": {
         "type": 2,
         "values": [
            null,
            null
         ]
      },
      "4": {
         "type": 1,
         "values": [
            -0.7483755052089691,
            -0.7442103922367096
         ]
      },
      "5": {
         "type": 1,
         "values": [
            -0.38063958287239075,
            -0.3716924637556076
         ]
      },
      "6": {
         "type": 2,
         "values": [
            null,
            null
         ]
      },
      "7": {
         "type": 2,
         "values": [
            null,
            null
         ]
      },
      "8": {
         "type": 2,
         "values": [
            null,
            null
         ]
      },
      "9": {
         "type": 1,
         "values": [
            -0.6830258965492249,
            -0.6808157861232758
         ]
      },
      "10": {
         "type": 1,
         "values": [
            -0.2973869740962982,
            -0.2642411068081856
         ]
      },
      "11": {
         "type": 2,
         "values": [
            null,
            null
         ]
      },
      "12": {
         "type": 2,
         "values": [
            null,
            0.5
         ]
      },
      "13": {
         "type": 2,
         "values": [
            null,
            null
         ]
      }
   },
   "splits": [
      [
         4,
         -0.5297075510025024,
         true
      ],
      [
         4,
         -0.5317901074886322,
         true
      ],
      [
         4,
         -0.5380377471446991,
         true
      ],
      [
         4,
         -0.5401202738285065,
         true
      ],
      [
         4,
         -0.5484504997730255,
         true
      ],
      [
         4,
         -0.5546981692314148,
         true
      ],
      [
         4,
         -0.5567806959152222,
         true
      ],
      [
         5,
         0.2098710685968399,
         true
      ],
      [
         4,
         -0.5567807257175446,
         true
      ],
      [
         4,
         -0.5671934485435486,
         true
      ],
      [
         4,
         -0.57552370429039,
         true
      ],
      [
         4,
         -0.5776062309741974,
         true
      ],
      [
         5,
         0.20092393457889557,
         true
      ],
      [
         5,
         0.06671696528792381,
         true
      ],
      [
         5,
         0.06224340945482254,
         true
      ],
      [
         5,
         0.039875575341284275,
         true
      ],
      [
         5,
         0.03987557487562299,
         true
      ],
      [
         5,
         0.0398755744099617,
         true
      ],
      [
         5,
         0.030928442254662514,
         true
      ],
      [
         4,
         -0.5796887874603271,
         true
      ],
      [
         4,
         -0.5942666530609131,
         true
      ],
      [
         5,
         0.004087049295776524,
         true
      ],
      [
         12,
         0.5,
         true
      ],
      [
         9,
         -0.38686931133270264,
         true
      ],
      [
         4,
         -0.5984317660331726,
         true
      ],
      [
         9,
         -0.38686932623386383,
         true
      ],
      [
         9,
         -0.40234018862247467,
         true
      ],
      [
         4,
         -0.6067619621753693,
         true
      ],
      [
         9,
         -0.40455029904842377,
         true
      ],
      [
         9,
         -0.4664337635040283,
         true
      ],
      [
         9,
         -0.4664337784051895,
         true
      ],
      [
         4,
         -0.6213398277759552,
         true
      ],
      [
         4,
         -0.623422384262085,
         true
      ],
      [
         4,
         -0.6275874674320221,
         true
      ],
      [
         4,
         -0.6400827765464783,
         true
      ],
      [
         4,
         -0.7129721343517303,
         true
      ],
      [
         5,
         -0.3851131647825241,
         false
      ],
      [
         4,
         -0.7150546610355377,
         true
      ],
      [
         4,
         -0.7712835669517517,
         false
      ],
      [
         9,
         -0.6520841717720032,
         true
      ],
      [
         5,
         -0.3851131498813629,
         false
      ],
      [
         5,
         -0.38063958287239075,
         false
      ],
      [
         5,
         -0.3403775095939636,
         true
      ],
      [
         4,
         -0.7317151129245758,
         true
      ],
      [
         4,
         -0.7608708143234253,
         false
      ],
      [
         10,
         -0.3636787086725235,
         false
      ],
      [
         4,
         -0.7567057311534882,
         false
      ],
      [
         10,
         -0.15375486575067043,
         true
      ],
      [
         10,
         -0.16480348259210587,
         true
      ],
      [
         9,
         -0.663134753704071,
         true
      ],
      [
         4,
         -0.7337976396083832,
         true
      ],
      [
         10,
         -0.34158146381378174,
         false
      ],
      [
         9,
         -0.6631347835063934,
         true
      ],
      [
         4,
         -0.7525405883789062,
         false
      ],
      [
         4,
         -0.7504580616950989,
         false
      ],
      [
         4,
         -0.7358801960945129,
         true
      ],
      [
         9,
         -0.6653448939323425,
         true
      ],
      [
         9,
         -0.6741853952407837,
         true
      ],
      [
         10,
         -0.31948421895504,
         false
      ],
      [
         9,
         -0.6786056458950043,
         true
      ],
      [
         9,
         -0.6962866187095642,
         false
      ],
      [
         5,
         -0.3716924637556076,
         true
      ],
      [
         10,
         -0.23109522461891174,
         true
      ],
      [
         10,
         -0.2973869740962982,
         false
      ],
      [
         10,
         -0.23109523206949234,
         true
      ],
      [
         10,
         -0.264241099357605,
         true
      ],
      [
         10,
         -0.2642411068081856,
         true
      ],
      [
         4,
         -0.7483755052089691,
         false
      ],
      [
         4,
         -0.7400452792644501,
         true
      ],
      [
         4,
         -0.7442103922367096,
         true
      ],
      [
         9,
         -0.687446117401123,
         false
      ],
      [
         9,
         -0.6830258965492249,
         false
      ],
      [
         9,
         -0.6808157861232758,
         true
      ]
   ],
   "remaining_rules": [
      449,
      1805,
      3745,
      5750,
      7390,
      9211,
      10641,
      12395,
      15110,
      15978
   ],
   "set_rules": [
      449,
      1805,
      3745,
      5750,
      7390,
      9211,
      10641,
      12395,
      15110,
      15978
   ],
   "foil_estimated_class": [
      0
   ],
   "distance": 2.416763730863557e-05,
   "extraction_time": 0.2853541374206543,
   "feature_bounds": {
      "0": {
         "type": 2,
         "values": [
            null,
            0.5
         ]
      },
      "1": {
         "type": 2,