{
   "found": true,
   "num_iterations": 67,
   "num_foil": 4,
   "_observation": [
      0.0,
      0.0,
      2.0,
      4.0,
      1.0322065301945658,
      -0.17932913962554445,
      0.0,
      1.0,
      5.0,
      1.219890553260967,
      0.08931486660544799,
      1.0,
      4.0,
      1.0
   ],
   "_idx": 176,
   "factual_class": 1,
   "feature_bounds_splits": {
      "0": {
         "type": 2,
         "values": [
            null,
            null
         ]
      },
      "1": {
         "type": 2,
         "values": [
            null,
            null
         ]
      },
      "2": {
         "type": 2,
         "values": [
            null,
            null
         ]
      },
      "3": {
         "type": 2,
         "values": [
            null,
            null
         ]
      },
      "4": {
         "type": 1,
         "values": [
            0.9884729534387589,
            1.0821878165006638
         ]
      },
      "5": {
         "type": 1,
         "values": [
            -0.19274983555078506,
            -0.18380270898342133
         ]
      },
      "6": {
         "type": 2,
         "values": [
            null,
            0.5
         ]
      },
      "7": {
         "type": 2,
         "values": [
            0.5,
            1.5
         ]
      },
      "8": {
         "type": 2,
         "values": [
            null,
            null
         ]
      },
      "9": {
         "type": 1,
         "values": [
            0.39330433309078217,
            1.772421419620514
         ]
      },
      "10": {
         "type": 1,
         "values": [
            0.07826624065637589,
            0.10036348924040794
         ]
      },
      "11": {
         "type": 2,
         "values": [
            null,
            null
         ]
      },
      "12": {
         "type": 2,
         "values": [
            3.5,
            4.5
         ]
      },
      "13": {
         "type": 2,
         "values": [
            null,
            null
         ]
      }
   },
   "splits": [
      [
         12,
         0.5,
         false
      ],
      [
         12,
         1.5,
         false
      ],
      [
         12,
         3.5,
         false
      ],
      [
         9,
         5.0058324337005615,
         true
      ],
      [
         10,
         -0.08746311441063881,
         false
      ],
      [
         4,
         -0.7671184837818146,
         false
      ],
      [
         4,
         -0.7650358974933624,
         false
      ],
      [
         4,
         1.382075309753418,
         true
      ],
      [
         4,
         1.3779101371765137,
         true
      ],
      [
         4,
         1.2841953337192535,
         true
      ],
      [
         4,
         1.0821878165006638,
         true
      ],
      [
         4,
         0.9884729534387589,
         false
      ],
      [
         5,
         -0.4030074179172516,
         false
      ],
      [
         9,
         2.682992458343506,
         true
      ],
      [
         10,
         -0.07641449198126793,
         false
      ],
      [
         5,
         -0.3985338509082794,
         false
      ],
      [
         5,
         -0.3895867168903351,
         false
      ],
      [
         5,
         -0.38063958287239075,
         false
      ],
      [
         10,
         -0.05431724339723587,
         false
      ],
      [
         12,
         6.5,
         true
      ],
      [
         5,
         -0.3716924488544464,
         false
      ],
      [
         12,
         5.5,
         true
      ],
      [
         5,
         1.7845661044120789,
         true
      ],
      [
         5,
         1.6190442442893982,
         true
      ],
      [
         5,
         -0.35379819571971893,
         false
      ],
      [
         5,
         -0.3448510766029358,
         false
      ],
      [
         7,
         1.5,
         true
      ],
      [
         9,
         -0.6962866187095642,
         false
      ],
      [
         9,
         -0.6940765082836151,
         false
      ],
      [
         7,
         0.5,
         false
      ],
      [
         5,
         -0.21959123015403748,
         false
      ],
      [
         10,
         -0.02117137424647808,
         false
      ],
      [
         5,
         -0.06301643513143063,
         true
      ],
      [
         9,
         1.772421419620514,
         true
      ],
      [
         5,
         -0.19274983555078506,
         false
      ],
      [
         10,
         -0.010122748848516494,
         false
      ],
      [
         10,
         0.034071746456902474,
         false
      ],
      [
         10,
         0.07826624065637589,
         false
      ],
      [
         10,
         0.12246073782444,
         true
      ],
      [
         12,
         4.5,
         true
      ],
      [
         6,
         0.5,
         true
      ],
      [
         9,
         0.39330433309078217,
         false
      ],
      [
         5,
         -0.18380270153284073,
         true
      ],
      [
         5,
         -0.18380270898342133,
         true
      ],
      [
         10,
         0.10036348924040794,
         true
      ]
   ],
   "remaining_rules": [
      1591,
      3369,
      4988,
      6322,
      8624,
      10229,
      12123,
      13803,
      14956,
      17308
   ],
   "set_rules": [
      1591,
      3369,
      4988,
      6322,
      8624,
      10229,
      12123,
      13803,
      14956,
      17308
   ],
   "foil_estimated_class": [
      0
   ],
   "distance": 1.1545232113507436e-05,
   "extraction_time": 0.22998666763305664,
   "feature_bounds": {
      "0": {
         "type": 2,
         "values": [
            null,
            0.5
         ]
      },
      "1": {
         "type": 2,
         "values": [
            null,
            0.5
         ]
      },
      "2": {
         "type": 2,
         "values": [
            1.5,
            2.5
         ]
      },
      "3": {
         "type": 2,
         "values": [
            3.5,
            null
         ]
      },
      "4": {
         "type": 1,
         "values": [
            0.6969156563282013,
            1.779842734336853
         ]
      },
      "5": {
         "type": 1,
         "values": [
            -0.19274983555078506,
            -0.18380270898342133
         ]
      },
      "6": {
         "type": 2,
         "values": [
            null,
            0.5
         ]
      },
      "7": {
         "type": 2,
         "values": [
            0.5,
            1.5
         ]
      },
      "8": {
         "type": 2,
         "values": [
            4.5,
            5.5
         ]
      },
      "9": {
         "type": 1,
         "values": [
            0.65630903840065,
            1.5867710709571838
         ]
      },
      "10": {
         "type": 1,
         "values": [
            0.07826624065637589,
            0.10036348924040794
         ]
      },
      "11": {
         "type": 2,
         "values": [
            0.5,
            1.5
         ]
      },
      "12": {
         "type": 2,
         "values": [
            3.5,
            4.5
         ]
      },
      "13": {
         "type": 2,
         "values": [
            null,
            null
         ]
      }
   },
   "feature_bounds_compact": {
      "0": {
         "type": 2,
         "values": [
            null,
            0.5
         ]
      },
      "1": {
         "type": 2,
         "values": [
            null,
            0.5
         ]
      },
      "2": {
         "type": 2,
         "values": [
            1.5,
            2.5
         ]
      },
      "3": {
         "type": 2,
         "values": [
            3.5,
            null
         ]
      },
      "4": {
         "type": 1,
         "values": [
            0.6969156563282013,
            1.779842734336853
         ]
      },
      "5": {
         "type": 1,