{
   "found": true,
   "num_iterations": 240,
   "num_foil": 99,
   "_observation": [
      0.0,
      1.0,
      3.0,
      2.0,
      -0.40475441127412737,
      -0.3672188943621351,
      0.0,
      0.0,
      6.0,
      -0.3050947476454955,
      -0.2642411010550996,
      0.0,
      0.0,
      0.0
   ],
   "_idx": 756,
   "factual_class": 1,
   "feature_bounds_splits": {
      "0": {
         "type": 2,
         "values": [
            null,
            null
         ]
      },
      "1": {
         "type": 2,
         "values": [
            null,
            null
         ]
      },
      "2": {
         "type": 2,
         "values": [
            null,
            null
         ]
      },
      "3": {
         "type": 2,
         "values": [
            null,
            null
         ]
      },
      "4": {
         "type": 1,
         "values": [
            -0.40683695673942566,
            -0.40267185866832733
         ]
      },
      "5": {
         "type": 1,
         "values": [
            -0.3716924488544464,
            -0.36274532973766327
         ]
      },
      "6": {
         "type": 2,
         "values": [
            null,
            null
         ]
      },
      "7": {
         "type": 2,
         "values": [
            null,
            null
         ]
      },
      "8": {
         "type": 2,
         "values": [
            null,
            null
         ]
      },
      "9": {
         "type": 1,
         "values": [
            -0.3249858617782593,
            -0.3183555006980896
         ]
      },
      "10": {
         "type": 1,
         "values": [
            -0.27528972178697586,
            null
         ]
      },
      "11": {
         "type": 2,
         "values": [
            null,
            null
         ]
      },
      "12": {
         "type": 2,
         "values": [
            null,
            null
         ]
      },
      "13": {
         "type": 2,
         "values": [
            null,
            null
         ]
      }
   },
   "splits": [
      [
         9,
         -0.6962866187095642,
         false
      ],
      [
         9,
         -0.33603647351264954,
         false
      ],
      [
         4,
         -0.5151296854019165,
         false
      ],
      [
         4,
         -0.46723099052906036,
         false
      ],
      [
         4,
         -0.42349737882614136,
         false
      ],
      [
         4,
         -0.41724972426891327,
         false
      ],
      [
         4,
         -0.08612394146621227,
         true
      ],
      [
         9,
         -0.3249858617782593,
         false
      ],
      [
         9,
         -0.24984166026115417,
         true
      ],
      [
         5,
         -0.22406480461359024,
         true
      ],
      [
         4,
         -0.13610519468784332,
         true
      ],
      [
         5,
         -0.22853835672140121,
         true
      ],
      [
         4,
         -0.15484816581010818,
         true
      ],
      [
         4,
         -0.15693071484565735,
         true
      ],
      [
         4,
         -0.3256174325942993,
         true
      ],
      [
         4,
         -0.3276999890804291,
         true
      ],
      [
         4,
         -0.34019529819488525,
         true
      ],
      [
         5,
         -0.32248324155807495,
         true
      ],
      [
         9,
         -0.3139352425932884,
         true
      ],
      [
         5,
         -0.39406029880046844,
         false
      ],
      [
         9,
         -0.313935250043869,
         true
      ],
      [
         9,
         -0.3161453753709793,
         true
      ],
      [
         5,
         -0.3895867168903351,
         false
      ],
      [
         5,
         -0.33590394258499146,
         true
      ],
      [
         10,
         -0.27528972178697586,
         false
      ],
      [
         9,
         -0.3183555006980896,
         true
      ],
      [
         4,
         -0.40058930218219757,
         true
      ],
      [
         5,
         -0.36274532973766327,
         true
      ],
      [
         4,
         -0.40267185866832733,
         true
      ],
      [
         4,
         -0.40683695673942566,
         false
      ],
      [
         5,
         -0.3716924488544464,
         false
      ]
   ],
   "remaining_rules": [
      930,
      2171,
      3972,
      5711,
      7577,
      9886,
      11299,
      12900,
      14320,
      16280
   ],
   "set_rules": [
      930,
      2171,
      3972,
      5711,
      7577,
      9886,
      11299,
      12900,
      14320,
      16280
   ],
   "foil_estimated_class": [
      0
   ],
   "distance": 7.303696682319038e-05,
   "extraction_time": 0.4497537612915039,
   "feature_bounds": {
      "0": {
         "type": 2,
         "values": [
            null,
            0.5
         ]
      },
      "1": {
         "type": 2,
         "values": [
            0.5,
            null
         ]
      },
      "2": {
         "type": 2,
         "values": [
            2.5,
            3.5
         ]
      },
      "3": {
         "type": 2,
         "values": [
            1.5,
            2.5
         ]
      },
      "4": {
         "type": 1,
         "values": [
            -0.40683695673942566,
            -0.40267185866832733
         ]
      },
      "5": {
         "type": 1,
         "values": [
            -0.3716924488544464,
            -0.36274532973766327
         ]
      },
      "6": {
         "type": 2,
         "values": [
            null,
            0.5
         ]
      },
      "7": {
         "type": 2,
         "values": [
            null,
            0.5
         ]
      },
      "8": {
         "type": 2,
         "values": [
            5.5,
            null
         ]
      },
      "9": {
         "type": 1,
         "values": [
            -0.3249858617782593,
            -0.3183555006980896
         ]
      },
      "10": {
         "type": 1,
         "values": [
            -0.27528972923755646,
            -0.2531924769282341
         ]
      },
      "11": {
         "type": 2,
         "values": [
            null,
            0.5
         ]
      },
      "12": {
         "type": 2,
         "values": [
            null,
            1.0
         ]
      },
      "13": {
         "type": 2,
         "values": [
            null,
            0.5
         ]
      }
   },
   "feature_bounds_compact": {
      "0": {
         "type": 2,
         "values": [
            null,
            0.5
         ]
      },
      "1": {
         "type": 2,
         "values": [
            0.5,
            null
         ]
      },
      "2": {
         "type": 2,
         "values": [
            2.5,
            3.5
         ]
      },
      "3": {
         "type": 2,
         "values": [
            1.5,
            2.5
         ]
      },
      "4": {
         "type": 1,
         "values": [
            -0.40683695673942566,
            -0.40267185866832733
         ]
      },
      "5": {
         "type": 1,
         "values": [
            -0.3716924488544464,
            -0.36274532973766327
         ]
      },
      "6": {
         "type": 2,
         "values": [
            null,
            0.5
         ]
      },
      "7": {
         "type": 2,
         "values": [
            null,
            0.5
         ]
      },
      "8": {
         "type": 2,
         "values": [
            5.5,
            null
         ]
      },
      "9": {
         "type": 1,
         "values": [
            -0.3249858617782593,
            -0.3183555006980896
         ]
      },
      "10": {
         "type": 1,
         "values": [
            -0.27528972923755646,
            -0.2531924769282341
         ]
      },
      "11": {
         "type": 2,
         "values": [
            null,
            0.5
         ]
      },
      "12": {
         "type": 2,
         "values": [
            null,
            1.0
         ]
      },