{
   "found": true,
   "num_iterations": 358,
   "num_foil": 166,
   "_observation": [
      0.0,
      1.0,
      2.0,
      3.0,
      -0.19233409818745095,
      -0.3224832384724706,
      0.0,
      0.0,
      0.0,
      -0.0796621379462793,
      -0.10956036520361004,
      0.0,
      0.0,
      0.0
   ],
   "_idx": 44,
   "factual_class": 1,
   "feature_bounds_splits": {
      "0": {
         "type": 2,
         "values": [
            null,
            null
         ]
      },
      "1": {
         "type": 2,
         "values": [
            null,
            null
         ]
      },
      "2": {
         "type": 2,
         "values": [
            null,
            null
         ]
      },
      "3": {
         "type": 2,
         "values": [
            null,
            null
         ]
      },
      "4": {
         "type": 1,
         "values": [
            -0.1819213405251503,
            -0.16942603141069412
         ]
      },
      "5": {
         "type": 1,
         "values": [
            -0.36721889674663544,
            -0.36274532973766327
         ]
      },
      "6": {
         "type": 2,
         "values": [
            null,
            null
         ]
      },
      "7": {
         "type": 2,
         "values": [
            null,
            null
         ]
      },
      "8": {
         "type": 2,
         "values": [
            null,
            null
         ]
      },
      "9": {
         "type": 1,
         "values": [
            -0.07303176820278168,
            -0.06419127434492111
         ]
      },
      "10": {
         "type": 1,
         "values": [
            -0.2973869740962982,
            -0.27528972923755646
         ]
      },
      "11": {
         "type": 2,
         "values": [
            null,
            null
         ]
      },
      "12": {
         "type": 2,
         "values": [
            null,
            null
         ]
      },
      "13": {
         "type": 2,
         "values": [
            null,
            null
         ]
      }
   },
   "splits": [
      [
         9,
         0.4330865442752838,
         true
      ],
      [
         9,
         0.1877628192305565,
         true
      ],
      [
         9,
         -0.5084261149168015,
         false
      ],
      [
         10,
         -0.3636787086725235,
         false
      ],
      [
         4,
         -0.10486690700054169,
         true
      ],
      [
         9,
         0.17008183617144823,
         true
      ],
      [
         9,
         0.16566158831119537,
         true
      ],
      [
         9,
         -0.338246613740921,
         false
      ],
      [
         4,
         -0.10903201252222061,
         true
      ],
      [
         4,
         -0.11111456528306007,
         true
      ],
      [
         4,
         -0.11736222542822361,
         true
      ],
      [
         4,
         -0.125692430883646,
         true
      ],
      [
         9,
         -0.32719598710536957,
         false
      ],
      [
         9,
         -0.3249858617782593,
         false
      ],
      [
         4,
         -0.1486005038022995,
         true
      ],
      [
         9,
         -0.322775736451149,
         false
      ],
      [
         4,
         -0.15276560932397842,
         true
      ],
      [
         4,
         -0.2589757740497589,
         false
      ],
      [
         5,
         -0.3851131647825241,
         false
      ],
      [
         5,
         -0.3761660307645798,
         false
      ],
      [
         5,
         -0.3716924488544464,
         false
      ],
      [
         10,
         -0.1537548564374447,
         true
      ],
      [
         9,
         -0.3006744980812073,
         false
      ],
      [
         9,
         -0.2211100459098816,
         false
      ],
      [
         5,
         -0.29564183950424194,
         true
      ],
      [
         5,
         -0.3001154065132141,
         true
      ],
      [
         5,
         -0.30906254053115845,
         true
      ],
      [
         9,
         -0.053140655159950256,
         true
      ],
      [
         5,
         -0.3582717627286911,
         true
      ],
      [
         10,
         -0.20899797603487968,
         true
      ],
      [
         10,
         -0.20899797976016998,
         true
      ],
      [
         9,
         -0.053140657022595406,
         true
      ],
      [
         10,
         -0.2531924769282341,
         true
      ],
      [
         9,
         -0.06419127248227596,
         true
      ],
      [
         9,
         -0.1304949797304289,
         false
      ],
      [
         10,
         -0.31948421895504,
         false
      ],
      [
         5,
         -0.36274532973766327,
         true
      ],
      [
         4,
         -0.1819213405251503,
         false
      ],
      [
         9,
         -0.07303176820278168,
         false
      ],
      [
         10,
         -0.27528972923755646,
         true
      ],
      [
         4,
         -0.16942603141069412,
         true
      ],
      [
         10,
         -0.2973869740962982,
         false
      ],
      [
         9,
         -0.06419127434492111,
         true
      ],
      [
         5,
         -0.36721889674663544,
         false
      ]
   ],
   "remaining_rules": [
      186,
      2041,
      3823,
      5780,
      7462,
      9437,
      10983,
      12557,
      14215,
      16022
   ],
   "set_rules": [
      186,
      2041,
      3823,
      5780,
      7462,
      9437,
      10983,
      12557,
      14215,
      16022
   ],
   "foil_estimated_class": [
      0
   ],
   "distance": 0.0007748634605573192,
   "extraction_time": 0.453035831451416,
   "feature_bounds": {
      "0": {
         "type": 2,
         "values": [
            null,
            0.5
         ]
      },
      "1": {
         "type": 2,
         "values": [
            0.5,
            null
         ]
      },
      "2": {
         "type": 2,
         "values": [
            1.5,
            2.5
         ]
      },
      "3": {
         "type": 2,
         "values": [
            2.5,
            3.5
         ]
      },
      "4": {
         "type": 1,
         "values": [
            -0.1819213405251503,
            -0.16942603141069412
         ]
      },
      "5": {
         "type": 1,
         "values": [
            -0.36721889674663544,
            -0.36274532973766327
         ]
      },
      "6": {
         "type": 2,
         "values": [
            null,
            0.5
         ]
      },
      "7": {
         "type": 2,
         "values": [
            null,
            0.5
         ]
      },
      "8": {
         "type": 2,
         "values": [
            null,
            0.5
         ]
      },
      "9": {
         "type": 1,
         "values": [
            -0.07303176820278168,
            -0.06419127434492111
         ]
      },
      "10": {
         "type": 1,
         "values": [
            -0.2973869740962982,
            -0.27528972923755646
         ]
      },
      "11": {
         "type": 2,
         "values": [
            null,
            0.5
         ]
      },
      "12": {
         "type": 2,
         "values": [
            null,
            1.0
         ]
      },
      "13": {
         "type": 2,
         "values": [
            null,
            0.5
         ]
      }
   },
   "feature_bounds_compact": {
      "0": {
         "type": 2,
         "values": [
            null,
            0.5
         ]
      },
      "1": {
         "type": 2,
         "values": [
            0.5,
            null
         ]
      },
      "2": {
         "type": 2,
         "values": [
            1.5,
            2.5
         ]
      },
      "3": {
         "type": 2,
         "values": [
            2.5,
            3.5
         ]
      },
      "4": {
         "type": 1,