{
   "found": true,
   "num_iterations": 129,
   "num_foil": 49,
   "_observation": [
      0.0,
      1.0,
      2.0,
      2.0,
      -0.4755611823030195,
      -0.4298488126076653,
      0.0,
      5.0,
      0.0,
      -0.3802389508785675,
      -0.3747273409490208,
      0.0,
      0.0,
      0.0
   ],
   "_idx": 177,
   "factual_class": 1,
   "feature_bounds_splits": {
      "0": {
         "type": 2,
         "values": [
            null,
            null
         ]
      },
      "1": {
         "type": 2,
         "values": [
            null,
            null
         ]
      },
      "2": {
         "type": 2,
         "values": [
            null,
            null
         ]
      },
      "3": {
         "type": 2,
         "values": [
            null,
            null
         ]
      },
      "4": {
         "type": 1,
         "values": [
            -0.5026343613862991,
            -0.4713960736989975
         ]
      },
      "5": {
         "type": 1,
         "values": [
            -0.4253752529621124,
            -0.4164281189441681
         ]
      },
      "6": {
         "type": 2,
         "values": [
            null,
            null
         ]
      },
      "7": {
         "type": 2,
         "values": [
            null,
            null
         ]
      },
      "8": {
         "type": 2,
         "values": [
            null,
            null
         ]
      },
      "9": {
         "type": 1,
         "values": [
            -0.42886166274547577,
            -0.3758186995983124
         ]
      },
      "10": {
         "type": 1,
         "values": [
            -0.2973869740962982,
            -0.27528972178697586
         ]
      },
      "11": {
         "type": 2,
         "values": [
            null,
            null
         ]
      },
      "12": {
         "type": 2,
         "values": [
            null,
            null
         ]
      },
      "13": {
         "type": 2,
         "values": [
            null,
            null
         ]
      }
   },
   "splits": [
      [
         9,
         -0.06419127248227596,
         true
      ],
      [
         5,
         0.2098710685968399,
         true
      ],
      [
         5,
         0.0040870606899261475,
         true
      ],
      [
         5,
         0.004087049295776524,
         true
      ],
      [
         9,
         -0.06419127434492111,
         true
      ],
      [
         9,
         -0.07303176820278168,
         true
      ],
      [
         9,
         -0.10397349670529366,
         true
      ],
      [
         9,
         -0.3669782131910324,
         true
      ],
      [
         4,
         -0.22982003539800644,
         true
      ],
      [
         4,
         -0.22982003912329674,
         true
      ],
      [
         5,
         -0.29564183950424194,
         true
      ],
      [
         5,
         -0.3001154065132141,
         true
      ],
      [
         4,
         -0.2693885266780853,
         true
      ],
      [
         4,
         -0.43391014635562897,
         true
      ],
      [
         4,
         -0.43599268794059753,
         true
      ],
      [
         4,
         -0.5338726490736008,
         false
      ],
      [
         9,
         -0.3691883236169815,
         true
      ],
      [
         9,
         -0.4730641394853592,
         false
      ],
      [
         5,
         -0.3135361075401306,
         true
      ],
      [
         5,
         -0.3448510617017746,
         true
      ],
      [
         5,
         -0.3582717627286911,
         true
      ],
      [
         5,
         -0.36274532973766327,
         true
      ],
      [
         5,
         -0.3851131647825241,
         true
      ],
      [
         5,
         -0.3895867168903351,
         true
      ],
      [
         10,
         -0.3636787086725235,
         false
      ],
      [
         10,
         -0.12060898821800947,
         true
      ],
      [
         10,
         -0.15375486575067043,
         true
      ],
      [
         10,
         -0.17585211247205734,
         true
      ],
      [
         9,
         -0.42886166274547577,
         false
      ],
      [
         10,
         -0.18690072745084763,
         true
      ],
      [
         10,
         -0.31948421895504,
         false
      ],
      [
         10,
         -0.2973869740962982,
         false
      ],
      [
         9,
         -0.3758186995983124,
         true
      ],
      [
         5,
         -0.4253752529621124,
         false
      ],
      [
         10,
         -0.20899797976016998,
         true
      ],
      [
         10,
         -0.27528972178697586,
         true
      ],
      [
         5,
         -0.3985338509082794,
         true
      ],
      [
         5,
         -0.4119545519351959,
         true
      ],
      [
         4,
         -0.5026343613862991,
         false
      ],
      [
         4,
         -0.4713960736989975,
         true
      ],
      [
         5,
         -0.4164281189441681,
         true
      ]
   ],
   "remaining_rules": [
      166,
      2056,
      3591,
      5318,
      7104,
      9418,
      10551,
      12294,
      14844,
      16004
   ],
   "set_rules": [
      166,
      2056,
      3591,
      5318,
      7104,
      9418,
      10551,
      12294,
      14844,
      16004
   ],
   "foil_estimated_class": [
      0
   ],
   "distance": 0.0002802472693667304,
   "extraction_time": 0.2282702922821045,
   "feature_bounds": {
      "0": {
         "type": 2,
         "values": [
            null,
            0.5
         ]
      },
      "1": {
         "type": 2,
         "values": [
            0.5,
            null
         ]
      },
      "2": {
         "type": 2,
         "values": [
            1.5,
            2.5
         ]
      },
      "3": {
         "type": 2,
         "values": [
            1.5,
            2.5
         ]
      },
      "4": {
         "type": 1,
         "values": [
            -0.5026343613862991,
            -0.4713960736989975
         ]
      },
      "5": {
         "type": 1,
         "values": [
            -0.4253752529621124,
            -0.4164281189441681
         ]
      },
      "6": {
         "type": 2,
         "values": [
            null,
            0.5
         ]
      },
      "7": {
         "type": 2,
         "values": [
            4.5,
            5.5
         ]
      },
      "8": {
         "type": 2,
         "values": [
            null,
            0.5
         ]
      },
      "9": {
         "type": 1,
         "values": [
            -0.43107180297374725,
            -0.2476315274834633
         ]
      },
      "10": {
         "type": 1,
         "values": [
            -0.2973869740962982,
            -0.2531924769282341
         ]
      },
      "11": {
         "type": 2,
         "values": [
            null,
            0.5
         ]
      },
      "12": {
         "type": 2,
         "values": [
            null,
            1.0
         ]
      },
      "13": {
         "type": 2,
         "values": [
            null,
            null
         ]
      }
   },
   "feature_bounds_compact": {
      "0": {
         "type": 2,
         "values": [
            null,
            0.5
         ]
      },
      "1": {
         "type": 2,
         "values": [
            0.5,
            null
         ]
      },
      "2": {
         "type": 2,
         "values": [
            1.5,
            2.5
         ]
      },
      "3": {
         "type": 2,
         "values": [
            1.5,
            2.5
         ]
      },
      "4": {
         "type": 1,
         "values": [
            -0.5026343613862991,
            -0.4713960736989975
         ]
      },
      "5": {
         "type": 1,
         "values": [
            -0.4253752529621124,
            -0.4164281189441681
         ]
      },
      "6": {
         "type": 2,