{
   "found": true,
   "num_iterations": 791,
   "num_foil": 376,
   "_observation": [
      0.0,
      0.0,
      2.0,
      4.0,
      -0.3506080569579157,
      0.4827585675414892,
      3.0,
      6.0,
      0.0,
      -0.6808157638108557,
      1.8791919528869705,
      0.0,
      0.0,
      0.0
   ],
   "_idx": 42,
   "factual_class": 1,
   "feature_bounds_splits": {
      "0": {
         "type": 2,
         "values": [
            null,
            null
         ]
      },
      "1": {
         "type": 2,
         "values": [
            null,
            null
         ]
      },
      "2": {
         "type": 2,
         "values": [
            null,
            null
         ]
      },
      "3": {
         "type": 2,
         "values": [
            null,
            null
         ]
      },
      "4": {
         "type": 1,
         "values": [
            -0.3318650871515274,
            -0.30687445402145386
         ]
      },
      "5": {
         "type": 1,
         "values": [
            -0.10775208845734596,
            -0.06301643326878548
         ]
      },
      "6": {
         "type": 2,
         "values": [
            null,
            null
         ]
      },
      "7": {
         "type": 2,
         "values": [
            null,
            null
         ]
      },
      "8": {
         "type": 2,
         "values": [
            null,
            null
         ]
      },
      "9": {
         "type": 1,
         "values": [
            -0.6786056458950043,
            -0.6697651445865631
         ]
      },
      "10": {
         "type": 1,
         "values": [
            1.470392882823944,
            null
         ]
      },
      "11": {
         "type": 2,
         "values": [
            null,
            null
         ]
      },
      "12": {
         "type": 2,
         "values": [
            null,
            null
         ]
      },
      "13": {
         "type": 2,
         "values": [
            null,
            null
         ]
      }
   },
   "splits": [
      [
         5,
         -0.23301193118095398,
         false
      ],
      [
         5,
         -0.2285383641719818,
         false
      ],
      [
         5,
         -0.21064409613609314,
         false
      ],
      [
         5,
         1.4758901596069336,
         true
      ],
      [
         5,
         1.4490487575531006,
         true
      ],
      [
         5,
         1.3953659534454346,
         true
      ],
      [
         5,
         1.1895819306373596,
         true
      ],
      [
         4,
         -0.7671184837818146,
         false
      ],
      [
         4,
         -0.7608708143234253,
         false
      ],
      [
         4,
         -0.7525405883789062,
         false
      ],
      [
         4,
         -0.7483755052089691,
         false
      ],
      [
         5,
         -0.2016969621181488,
         false
      ],
      [
         5,
         -0.19274982810020447,
         false
      ],
      [
         5,
         -0.17932914197444916,
         false
      ],
      [
         5,
         -0.16590844094753265,
         false
      ],
      [
         4,
         -0.5088820159435272,
         false
      ],
      [
         5,
         0.06671696901321411,
         true
      ],
      [
         9,
         -0.6830258965492249,
         false
      ],
      [
         9,
         -0.4973755031824112,
         true
      ],
      [
         4,
         -0.3047919198870659,
         true
      ],
      [
         9,
         -0.6344031393527985,
         true
      ],
      [
         9,
         -0.6498740315437317,
         true
      ],
      [
         9,
         -0.6520841419696808,
         true
      ],
      [
         9,
         -0.6631347835063934,
         true
      ],
      [
         5,
         0.021981312427669764,
         true
      ],
      [
         4,
         -0.5026343613862991,
         false
      ],
      [
         9,
         -0.6653448939323425,
         true
      ],
      [
         4,
         -0.30687445402145386,
         true
      ],
      [
         9,
         -0.6786056458950043,
         false
      ],
      [
         4,
         -0.3318650871515274,
         false
      ],
      [
         9,
         -0.6697651445865631,
         true
      ],
      [
         5,
         -0.013807212468236685,
         true
      ],
      [
         5,
         -0.13906705006957054,
         false
      ],
      [
         10,
         1.470392882823944,
         false
      ],
      [
         5,
         -0.10775208845734596,
         false
      ],
      [
         5,
         -0.06301643326878548,
         true
      ]
   ],
   "remaining_rules": [
      497,
      3278,
      4359,
      6096,
      7800,
      10285,
      10863,
      12800,
      15330,
      16985
   ],
   "set_rules": [
      497,
      3278,
      4359,
      6096,
      7800,
      10285,
      10863,
      12800,
      15330,
      16985
   ],
   "foil_estimated_class": [
      0
   ],
   "distance": 0.0015127631437357146,
   "extraction_time": 0.47221922874450684,
   "feature_bounds": {
      "0": {
         "type": 2,
         "values": [
            null,
            0.5
         ]
      },
      "1": {
         "type": 2,
         "values": [
            null,
            0.5
         ]
      },
      "2": {
         "type": 2,
         "values": [
            1.5,
            2.5
         ]
      },
      "3": {
         "type": 2,
         "values": [
            3.5,
            null
         ]
      },
      "4": {
         "type": 1,
         "values": [
            -0.3318650871515274,
            -0.30687445402145386
         ]
      },
      "5": {
         "type": 1,
         "values": [
            -0.10775208845734596,
            -0.06301643326878548
         ]
      },
      "6": {
         "type": 2,
         "values": [
            2.5,
            3.5
         ]
      },
      "7": {
         "type": 2,
         "values": [
            5.5,
            null
         ]
      },
      "8": {
         "type": 2,
         "values": [
            null,
            0.5
         ]
      },
      "9": {
         "type": 1,
         "values": [
            -0.6786056458950043,
            -0.6697651445865631
         ]
      },
      "10": {
         "type": 1,
         "values": [
            1.470392882823944,
            7.91174054145813
         ]
      },
      "11": {
         "type": 2,
         "values": [
            null,
            0.5
         ]
      },
      "12": {
         "type": 2,
         "values": [
            null,
            0.5
         ]
      },
      "13": {
         "type": 2,
         "values": [
            null,
            0.5
         ]
      }
   },
   "feature_bounds_compact": {
      "0": {
         "type": 2,
         "values": [
            null,
            0.5
         ]
      },
      "1": {
         "type": 2,
         "values": [
            null,
            0.5
         ]
      },
      "2": {
         "type": 2,
         "values": [
            1.5,
            2.5
         ]
      },
      "3": {
         "type": 2,
         "values": [
            3.5,
            null
         ]
      },
      "4": {
         "type": 1,
         "values": [
            -0.3318650871515274,
            -0.30687445402145386
         ]
      },
      "5": {
         "type": 1,
         "values": [
            -0.10775208845734596,
            -0.06301643326878548
         ]
      },
      "6": {
         "type": 2,
         "values": [
            2.5,
            3.5
         ]
      },
      "7": {
         "type": 2,
         "values": [
            5.5,
            null
         ]
      },
      "8": {
         "type": 2,
         "values": [
            null,
            0.5
         ]
      },
      "9": {
         "type": 1,
         "values": [
            -0.6786056458950043,
            -0.6697651445865631
         ]
      },