{
   "found": true,
   "num_iterations": 81,
   "num_foil": 2,
   "_observation": [
      1.0,
      1.0,
      1.0,
      3.0,
      -0.5838538909354427,
      -0.3493246320062693,
      0.0,
      6.0,
      0.0,
      -0.5570488408387371,
      -0.17585210913996274,
      1.0,
      12.0,
      1.0
   ],
   "_idx": 949,
   "factual_class": 1,
   "feature_bounds_splits": {
      "0": {
         "type": 2,
         "values": [
            null,
            null
         ]
      },
      "1": {
         "type": 2,
         "values": [
            null,
            null
         ]
      },
      "2": {
         "type": 2,
         "values": [
            null,
            1.5
         ]
      },
      "3": {
         "type": 2,
         "values": [
            null,
            null
         ]
      },
      "4": {
         "type": 1,
         "values": [
            -0.5942666232585907,
            -0.5817713141441345
         ]
      },
      "5": {
         "type": 1,
         "values": [
            -0.36721889674663544,
            -0.3537982106208801
         ]
      },
      "6": {
         "type": 2,
         "values": [
            null,
            0.5
         ]
      },
      "7": {
         "type": 2,
         "values": [
            5.5,
            null
         ]
      },
      "8": {
         "type": 2,
         "values": [
            null,
            0.5
         ]
      },
      "9": {
         "type": 1,
         "values": [
            -0.5614691078662872,
            -0.5017957389354706
         ]
      },
      "10": {
         "type": 1,
         "values": [
            -0.20899797976016998,
            -0.16480348259210587
         ]
      },
      "11": {
         "type": 2,
         "values": [
            0.5,
            null
         ]
      },
      "12": {
         "type": 2,
         "values": [
            11.5,
            12.5
         ]
      },
      "13": {
         "type": 2,
         "values": [
            null,
            null
         ]
      }
   },
   "splits": [
      [
         12,
         3.5,
         false
      ],
      [
         12,
         4.5,
         false
      ],
      [
         12,
         5.5,
         false
      ],
      [
         11,
         0.5,
         false
      ],
      [
         10,
         -0.3636787086725235,
         false
      ],
      [
         5,
         2.3929710388183594,
         true
      ],
      [
         12,
         12.5,
         true
      ],
      [
         12,
         11.5,
         false
      ],
      [
         10,
         -0.31948421895504,
         false
      ],
      [
         10,
         -0.2973869740962982,
         false
      ],
      [
         9,
         2.48850154876709,
         true
      ],
      [
         9,
         2.4885014295578003,
         true
      ],
      [
         9,
         2.044266700744629,
         true
      ],
      [
         9,
         1.6464444398880005,
         true
      ],
      [
         9,
         0.7646050751209259,
         true
      ],
      [
         9,
         0.7535544633865356,
         true
      ],
      [
         5,
         -0.2151176705956459,
         true
      ],
      [
         9,
         0.3888840824365616,
         true
      ],
      [
         5,
         -0.21959123015403748,
         true
      ],
      [
         9,
         0.3866739571094513,
         true
      ],
      [
         10,
         -0.16480348259210587,
         true
      ],
      [
         9,
         0.12587935663759708,
         true
      ],
      [
         9,
         -0.2896238714456558,
         true
      ],
      [
         10,
         -0.28633834421634674,
         false
      ],
      [
         4,
         -0.7650358974933624,
         false
      ],
      [
         10,
         -0.27528972923755646,
         false
      ],
      [
         5,
         -0.4119545519351959,
         false
      ],
      [
         5,
         -0.40748098492622375,
         false
      ],
      [
         5,
         -0.3985338509082794,
         false
      ],
      [
         5,
         -0.3761660307645798,
         false
      ],
      [
         9,
         -0.40676043927669525,
         true
      ],
      [
         9,
         -0.4178110361099243,
         true
      ],
      [
         9,
         -0.4178110510110855,
         true
      ],
      [
         4,
         -0.2818838357925415,
         true
      ],
      [
         9,
         -0.42886165529489517,
         true
      ],
      [
         4,
         -0.28396637737751007,
         true
      ],
      [
         4,
         -0.28604893386363983,
         true
      ],
      [
         4,
         -0.3276999890804291,
         true
      ],
      [
         4,
         -0.32978253066539764,
         true
      ],
      [
         4,
         -0.38392889499664307,
         true
      ],
      [
         9,
         -0.43770216405391693,
         true
      ],
      [
         6,
         0.5,
         true
      ],
      [
         9,
         -0.46201352775096893,
         true
      ],
      [
         9,
         -0.4686439037322998,
         true
      ],
      [
         9,
         -0.4752742648124695,
         true
      ],
      [
         9,
         -0.4752742797136307,
         true
      ],
      [
         9,
         -0.5614691078662872,
         false
      ],
      [
         4,
         -0.6463304758071899,
         false
      ],
      [
         4,
         -0.6359176933765411,
         false
      ],
      [
         4,
         -0.6213398277759552,
         false
      ],
      [
         4,
         -0.6130096018314362,
         false
      ],
      [
         8,
         0.5,
         true
      ],
      [
         4,
         -0.3860114514827728,
         true
      ],
      [
         4,
         -0.40683695673942566,
         true
      ],
      [
         10,
         -0.20899797976016998,
         false
      ],
      [
         5,
         -0.2866947203874588,
         true
      ],
      [
         4,
         -0.4776437282562256,
         true
      ],
      [
         4,
         -0.4880564957857132,
         true
      ],
      [
         4,
         -0.5151296854019165,
         true
      ],
      [
         4,
         -0.5942666232585907,
         false
      ],
      [
         4,
         -0.5817713141441345,
         true
      ],
      [
         5,
         -0.33590392768383026,
         true
      ],
      [
         9,
         -0.5017957389354706,
         true
      ],
      [
         2,
         1.5,
         true
      ],
      [
         7,
         4.5,
         false
      ],
      [
         7,
         5.5,
         false
      ],
      [
         5,
         -0.36721889674663544,
         false
      ],
      [
         5,
         -0.33590394258499146,
         true
      ],
      [
         5,
         -0.3537982106208801,
         true
      ]
   ],
   "remaining_rules": [
      1331,
      2541,
      5224,
      6527,
      8374,
      9829,
      12185,
      13868,
      14192,
      16646
   ],
   "set_rules": [
      1331,
      2541,
      5224,
      6527,
      8374,
      9829,
      12185,
      13868,
      14192,
      16646
   ],
   "foil_estimated_class": [
      0
   ],
   "distance": 1.1545255738908918e-05,
   "extraction_time": 0.4637937545776367,
   "feature_bounds": {
      "0": {
         "type": 2,
         "values": [
            0.5,
            null
         ]
      },
      "1": {
         "type": 2,
         "values": [
            0.5,
            null
         ]
      },
      "2": {
         "type": 2,
         "values": [
            null,
            3.5
         ]
      },
      "3": {
         "type": 2,
         "values": [
            2.5,
            3.5
         ]
      },
      "4": {
         "type": 1,
         "values": [
            -0.5942666530609131,
            -0.5817713141441345
         ]
      },