{
   "found": true,
   "num_iterations": 54,
   "num_foil": 2,
   "_observation": [
      1.0,
      0.0,
      2.0,
      3.0,
      -0.5172122240847208,
      -0.3493246320062693,
      0.0,
      0.0,
      3.0,
      -0.5040058738506862,
      -0.3747273409490208,
      1.0,
      3.0,
      1.0
   ],
   "_idx": 335,
   "factual_class": 1,
   "feature_bounds_splits": {
      "0": {
         "type": 2,
         "values": [
            null,
            null
         ]
      },
      "1": {
         "type": 2,
         "values": [
            null,
            null
         ]
      },
      "2": {
         "type": 2,
         "values": [
            null,
            null
         ]
      },
      "3": {
         "type": 2,
         "values": [
            null,
            null
         ]
      },
      "4": {
         "type": 1,
         "values": [
            -0.5192947685718536,
            -0.5088820159435272
         ]
      },
      "5": {
         "type": 1,
         "values": [
            -0.3582717627286911,
            -0.3537982106208801
         ]
      },
      "6": {
         "type": 2,
         "values": [
            null,
            0.5
         ]
      },
      "7": {
         "type": 2,
         "values": [
            null,
            0.5
         ]
      },
      "8": {
         "type": 2,
         "values": [
            2.5,
            null
         ]
      },
      "9": {
         "type": 1,
         "values": [
            -0.5283172428607941,
            -0.4907451272010803
         ]
      },
      "10": {
         "type": 1,
         "values": [
            null,
            -0.3636787086725235
         ]
      },
      "11": {
         "type": 2,
         "values": [
            null,
            null
         ]
      },
      "12": {
         "type": 2,
         "values": [
            2.5,
            3.5
         ]
      },
      "13": {
         "type": 2,
         "values": [
            null,
            null
         ]
      }
   },
   "splits": [
      [
         12,
         0.5,
         false
      ],
      [
         12,
         1.5,
         false
      ],
      [
         4,
         0.980142742395401,
         true
      ],
      [
         4,
         0.8156211078166962,
         true
      ],
      [
         4,
         0.4699174761772156,
         true
      ],
      [
         4,
         0.4678349047899246,
         true
      ],
      [
         12,
         3.5,
         true
      ],
      [
         4,
         -0.40267185866832733,
         true
      ],
      [
         10,
         0.25504422932863235,
         true
      ],
      [
         10,
         0.25504422187805176,
         true
      ],
      [
         10,
         0.15560660511255264,
         true
      ],
      [
         10,
         0.14455799013376236,
         true
      ],
      [
         9,
         0.2098640576004982,
         true
      ],
      [
         10,
         -0.3636787086725235,
         true
      ],
      [
         9,
         -0.4664337635040283,
         true
      ],
      [
         4,
         -0.47972628474235535,
         true
      ],
      [
         4,
         -0.48597393929958344,
         true
      ],
      [
         4,
         -0.48597395420074463,
         true
      ],
      [
         4,
         -0.6463304758071899,
         false
      ],
      [
         5,
         -0.42090168595314026,
         false
      ],
      [
         5,
         -0.40748098492622375,
         false
      ],
      [
         5,
         -0.3985338509082794,
         false
      ],
      [
         5,
         -0.29564183950424194,
         true
      ],
      [
         4,
         -0.6400828063488007,
         false
      ],
      [
         9,
         -0.4730641543865204,
         true
      ],
      [
         9,
         -0.4752742648124695,
         true
      ],
      [
         9,
         -0.4752742797136307,
         true
      ],
      [
         9,
         -0.47969451546669006,
         true
      ],
      [
         4,
         -0.5067994594573975,
         true
      ],
      [
         4,
         -0.5088820159435272,
         true
      ],
      [
         5,
         -0.3001154065132141,
         true
      ],
      [
         5,
         -0.3895867168903351,
         false
      ],
      [
         9,
         -0.6830258667469025,
         false
      ],
      [
         4,
         -0.5484505295753479,
         false
      ],
      [
         12,
         2.5,
         false
      ],
      [
         9,
         -0.47969453036785126,
         true
      ],
      [
         8,
         2.5,
         false
      ],
      [
         9,
         -0.4907451272010803,
         true
      ],
      [
         9,
         -0.5437881052494049,
         false
      ],
      [
         5,
         -0.3448510617017746,
         true
      ],
      [
         9,
         -0.5283172428607941,
         false
      ],
      [
         4,
         -0.5484504997730255,
         false
      ],
      [
         4,
         -0.5192947685718536,
         false
      ],
      [
         7,
         0.5,
         true
      ],
      [
         6,
         0.5,
         true
      ],
      [
         5,
         -0.3448510766029358,
         true
      ],
      [
         5,
         -0.3716924488544464,
         false
      ],
      [
         5,
         -0.3537982106208801,
         true
      ],
      [
         5,
         -0.36274532973766327,
         false
      ],
      [
         5,
         -0.3582717627286911,
         false
      ]
   ],
   "remaining_rules": [
      1440,
      2379,
      4523,
      6349,
      8389,
      8901,
      11513,
      13297,
      13917,
      15731
   ],
   "set_rules": [
      1440,
      2379,
      4523,
      6349,
      8389,
      8901,
      11513,
      13297,
      13917,
      15731
   ],
   "foil_estimated_class": [
      0
   ],
   "distance": 1.1545255738908918e-05,
   "extraction_time": 0.4518442153930664,
   "feature_bounds": {
      "0": {
         "type": 2,
         "values": [
            0.5,
            null
         ]
      },
      "1": {
         "type": 2,
         "values": [
            null,
            0.5
         ]
      },
      "2": {
         "type": 2,
         "values": [
            1.5,
            2.5
         ]
      },
      "3": {
         "type": 2,
         "values": [
            2.5,
            3.5
         ]
      },
      "4": {
         "type": 1,
         "values": [
            -0.5234598815441132,
            -0.5026343762874603
         ]
      },
      "5": {
         "type": 1,
         "values": [
            -0.3582717627286911,
            -0.3537982106208801
         ]
      },
      "6": {
         "type": 2,
         "values": [
            null,
            0.5
         ]
      },
      "7": {
         "type": 2,
         "values": [
            null,
            0.5
         ]
      },
      "8": {
         "type": 2,
         "values": [
            2.5,
            4.5
         ]
      },
      "9": {
         "type": 1,
         "values": [
            -0.5283172428607941,
            -0.4907451272010803
         ]
      },
      "10": {
         "type": 1,
         "values": [
            null,
            -0.3636787086725235
         ]
      },
      "11": {
         "type": 2,
         "values": [
            0.5,
            1.5
         ]
      },
      "12": {
         "type": 2,
         "values": [
            2.5,
            3.5
         ]
      },
      "13": {
         "type": 2,
         "values": [
            0.5,
            null
         ]
      }
   },
   "feature_bounds_compact": {
      "0": {
         "type": 2,
         "values": [
            0.5,
            null
         ]
      },
      "1": {
         "type": 2,
         "values": [
            null,
            0.5
         ]
      },
      "2": {
         "type": 2,