{
   "found": true,
   "num_iterations": 398,
   "num_foil": 173,
   "_observation": [
      1.0,
      0.0,
      2.0,
      4.0,
      -0.32978253606706515,
      2.039559392501812,
      3.0,
      6.0,
      0.0,
      -0.5305273573447117,
      1.260469009481012,
      0.0,
      0.0,
      0.0
   ],
   "_idx": 750,
   "factual_class": 1,
   "feature_bounds_splits": {
      "0": {
         "type": 2,
         "values": [
            null,
            null
         ]
      },
      "1": {
         "type": 2,
         "values": [
            null,
            null
         ]
      },
      "2": {
         "type": 2,
         "values": [
            null,
            null
         ]
      },
      "3": {
         "type": 2,
         "values": [
            null,
            null
         ]
      },
      "4": {
         "type": 1,
         "values": [
            -0.4110020697116852,
            -0.2943791449069977
         ]
      },
      "5": {
         "type": 1,
         "values": [
            2.952166795730591,
            3.068479537963867
         ]
      },
      "6": {
         "type": 2,
         "values": [
            null,
            null
         ]
      },
      "7": {
         "type": 2,
         "values": [
            null,
            null
         ]
      },
      "8": {
         "type": 2,
         "values": [
            null,
            null
         ]
      },
      "9": {
         "type": 1,
         "values": [
            -0.5725197196006775,
            -0.5636792182922363
         ]
      },
      "10": {
         "type": 1,
         "values": [
            0.6969891667249613,
            1.3157121539115906
         ]
      },
      "11": {
         "type": 2,
         "values": [
            null,
            null
         ]
      },
      "12": {
         "type": 2,
         "values": [
            null,
            0.5
         ]
      },
      "13": {
         "type": 2,
         "values": [
            null,
            null
         ]
      }
   },
   "splits": [
      [
         5,
         -0.33590392768383026,
         false
      ],
      [
         5,
         -0.3314303755760193,
         false
      ],
      [
         5,
         -0.3045889735221863,
         false
      ],
      [
         9,
         -0.5415779948234558,
         true
      ],
      [
         4,
         -0.519294798374176,
         false
      ],
      [
         5,
         1.5474671721458435,
         false
      ],
      [
         4,
         -0.5026343613862991,
         false
      ],
      [
         4,
         -0.5005518049001694,
         false
      ],
      [
         4,
         -0.41308461129665375,
         false
      ],
      [
         4,
         -0.4110020697116852,
         false
      ],
      [
         9,
         -0.687446117401123,
         false
      ],
      [
         5,
         1.5877292901277542,
         false
      ],
      [
         5,
         2.5987550020217896,
         false
      ],
      [
         9,
         -0.6344031393527985,
         false
      ],
      [
         9,
         -0.6211424171924591,
         false
      ],
      [
         9,
         -0.5504184663295746,
         true
      ],
      [
         9,
         -0.6100918054580688,
         false
      ],
      [
         9,
         -0.5570488572120667,
         true
      ],
      [
         9,
         -0.5769399404525757,
         false
      ],
      [
         4,
         0.1846078261733055,
         true
      ],
      [
         4,
         -0.12152732536196709,
         true
      ],
      [
         5,
         2.9476932287216187,
         false
      ],
      [
         5,
         2.952166795730591,
         false
      ],
      [
         10,
         1.3378093540668488,
         true
      ],
      [
         4,
         -0.12360987812280655,
         true
      ],
      [
         5,
         3.068479537963867,
         true
      ],
      [
         10,
         0.6969891667249613,
         false
      ],
      [
         4,
         -0.2943791449069977,
         true
      ],
      [
         10,
         1.3157121539115906,
         true
      ],
      [
         12,
         0.5,
         true
      ],
      [
         9,
         -0.5636792182922363,
         true
      ],
      [
         9,
         -0.5747298300266266,
         false
      ],
      [
         9,
         -0.5725197196006775,
         false
      ]
   ],
   "remaining_rules": [
      519,
      3286,
      4402,
      6084,
      7850,
      10380,
      11133,
      12817,
      15336,
      17092
   ],
   "set_rules": [
      519,
      3286,
      4402,
      6084,
      7850,
      10380,
      11133,
      12817,
      15336,
      17092
   ],
   "foil_estimated_class": [
      0
   ],
   "distance": 0.002511500985664243,
   "extraction_time": 0.45946455001831055,
   "feature_bounds": {
      "0": {
         "type": 2,
         "values": [
            0.5,
            null
         ]
      },
      "1": {
         "type": 2,
         "values": [
            null,
            0.5
         ]
      },
      "2": {
         "type": 2,
         "values": [
            1.5,
            2.5
         ]
      },
      "3": {
         "type": 2,
         "values": [
            3.5,
            null
         ]
      },
      "4": {
         "type": 1,
         "values": [
            -0.5005518049001694,
            -0.2943791449069977
         ]
      },
      "5": {
         "type": 1,
         "values": [
            2.952166795730591,
            3.068479537963867
         ]
      },
      "6": {
         "type": 2,
         "values": [
            2.5,
            3.5
         ]
      },
      "7": {
         "type": 2,
         "values": [
            5.5,
            null
         ]
      },
      "8": {
         "type": 2,
         "values": [
            null,
            0.5
         ]
      },
      "9": {
         "type": 1,
         "values": [
            -0.5725197196006775,
            -0.5636792182922363
         ]
      },
      "10": {
         "type": 1,
         "values": [
            0.6748919486999512,
            1.3157121539115906
         ]
      },
      "11": {
         "type": 2,
         "values": [
            null,
            0.5
         ]
      },
      "12": {
         "type": 2,
         "values": [
            null,
            0.5
         ]
      },
      "13": {
         "type": 2,
         "values": [
            null,
            0.5
         ]
      }
   },
   "feature_bounds_compact": {
      "0": {
         "type": 2,
         "values": [
            0.5,
            null
         ]
      },
      "1": {
         "type": 2,
         "values": [
            null,
            0.5
         ]
      },
      "2": {
         "type": 2,
         "values": [
            1.5,
            2.5
         ]
      },
      "3": {
         "type": 2,
         "values": [
            3.5,
            null
         ]
      },
      "4": {
         "type": 1,
         "values": [
            -0.5005518049001694,
            -0.2943791449069977
         ]
      },
      "5": {
         "type": 1,
         "values": [
            2.952166795730591,
            3.068479537963867
         ]
      },
      "6": {
         "type": 2,
         "values": [
            2.5,
            3.5
         ]
      },
      "7": {
         "type": 2,
         "values": [
            5.5,
            null
         ]
      },
      "8": {
         "type": 2,
         "values": [
            null,
            0.5
         ]
      },
      "9": {
         "type": 1,
         "values": [
            -0.5725197196006775,
            -0.5636792182922363
         ]
      },
      "10": {
         "type": 1,
         "values": [
            0.6748919486999512,
            1.3157121539115906
         ]
      },
      "11": {
         "type": 2,
         "values": [
            null,
            0.5
         ]
      },