{
   "counterfactual_sample": {
      "shucked_weight": 2.1498616681992457, 
      "diameter": 0.424464, 
      "whole_weight": 1.7993132711969468, 
      "shell_weight": 0.647832, 
      "viscera_weight": 1.5639108355791065, 
      "height": 0.7288882551437809, 
      "length": 1.2575761262436964, 
      "y": 0, 
      "sex": 0.0
   }, 
   "factual_class": 0, 
   "factual_sample": {
      "shucked_weight": 2.1498616681992457, 
      "diameter": 1.1802995315641436, 
      "whole_weight": 1.7993132711969468, 
      "shell_weight": 1.696787975444364, 
      "viscera_weight": 1.5639108355791065, 
      "height": 0.7288882551437809, 
      "length": 1.2575761262436964, 
      "y": 0, 
      "sex": 0.0
   }, 
   "counterfactual_distance": 0.033942657235131235, 
   "counterfactual_class": 0, 
   "counterfactual_rule": {
      "diameter": "<=0.424464", 
      "shell_weight": "0.169258< shell_weight <=0.647832"
   }, 
   "counterfactual_time": 13.703716039657593, 
   "counterfactual_found": false
}