{
   "factual_sample": {
      "variance_wti": 0.06432172449572092,
      "skewness_wti": 0.33613055656052115,
      "curtosis_wty": -1.4216514500620459,
      "entropy": -1.5251268008860863,
      "y": 1
   },
   "counterfactual_sample": {
      "variance_wti": -0.056031170620928335,
      "skewness_wti": 1.2436273954894936,
      "curtosis_wty": -1.0871467074496672,
      "entropy": -1.7393872811590805,
      "y": 0
   },
   "counterfactual_found": true,
   "counterfactual_plausible": true,
   "counterfactual_distance": 0.0817224789647636,
   "counterfactual_time": 0.26000285148620605,
   "counterfactual_class": 0,
   "factual_class": 1,
   "valid_": true
}