{
   "counterfactual_sample": {
      "CO2": 1.1676768108769784, 
      "Temperature": 1.5237167204253594, 
      "Light": 0.33171, 
      "Humidity": 1.1195807590855649, 
      "HumidityRatio": 1.4014517862972382, 
      "y": 1
   }, 
   "factual_class": 0, 
   "factual_sample": {
      "CO2": 1.1676768108769784, 
      "Temperature": 1.5237167204253594, 
      "Light": 0.9424716764060656, 
      "Humidity": 1.1195807590855649, 
      "HumidityRatio": 1.4014517862972382, 
      "y": 0
   }, 
   "counterfactual_distance": 0.01800448467207209, 
   "counterfactual_class": 1, 
   "counterfactual_rule": {
      "Light": "<=0.33171"
   }, 
   "counterfactual_time": 17.53219485282898, 
   "counterfactual_found": true
}