{
   "counterfactual_sample": {
      "CO2": -0.5348330006934251, 
      "Temperature": -0.5291493826842849, 
      "Light": -0.070618, 
      "Humidity": -0.06318245851529458, 
      "HumidityRatio": -0.2968769684237427, 
      "y": 1
   }, 
   "factual_class": 1, 
   "factual_sample": {
      "CO2": -0.5348330006934251, 
      "Temperature": -0.5291493826842849, 
      "Light": -0.7724036570242273, 
      "Humidity": -0.06318245851529458, 
      "HumidityRatio": -0.2968769684237427, 
      "y": 1
   }, 
   "counterfactual_distance": 0.020687756932169003, 
   "counterfactual_class": 1, 
   "counterfactual_rule": {
      "Light": ">-0.071618"
   }, 
   "counterfactual_time": 16.951472997665405, 
   "counterfactual_found": false
}