{
   "counterfactual_sample": {
      "CO2": 0.6410674934080923, 
      "Temperature": 0.2808084518364632, 
      "Light": 0.728076, 
      "Humidity": 0.35649668202728474, 
      "HumidityRatio": 0.3061568687229999, 
      "y": 0
   }, 
   "factual_class": 0, 
   "factual_sample": {
      "CO2": 0.6410674934080923, 
      "Temperature": 0.2808084518364632, 
      "Light": 1.4141623275593864, 
      "Humidity": 0.35649668202728474, 
      "HumidityRatio": 0.3061568687229999, 
      "y": 0
   }, 
   "counterfactual_distance": 0.020224960480409296, 
   "counterfactual_class": 0, 
   "counterfactual_rule": {
      "Light": "-0.123301< Light <=0.728076", 
      "CO2": ">0.594706"
   }, 
   "counterfactual_time": 14.489151000976562, 
   "counterfactual_found": false
}