{
   "counterfactual_sample": {
      "CO2": -0.7959164001393882, 
      "Temperature": -0.5023940187811972, 
      "Light": -0.071466, 
      "Humidity": -0.9887340105187324, 
      "HumidityRatio": -0.8540222856808332, 
      "y": 1
   }, 
   "factual_class": 1, 
   "factual_sample": {
      "CO2": -0.7959164001393882, 
      "Temperature": -0.5023940187811972, 
      "Light": -0.7724036570242273, 
      "Humidity": -0.9887340105187324, 
      "HumidityRatio": -0.8540222856808332, 
      "y": 1
   }, 
   "counterfactual_distance": 0.020662758960633267, 
   "counterfactual_class": 1, 
   "counterfactual_rule": {
      "Light": ">-0.072466"
   }, 
   "counterfactual_time": 16.800307989120483, 
   "counterfactual_found": false
}