{
   "found": true,
   "num_iterations": 125,
   "num_foil": 53,
   "_observation": [
      -0.7529215171464742,
      -0.4670594993895229,
      0.8753157192927115,
      -0.6223164434397165,
      -0.6299407170050698
   ],
   "_idx": 247,
   "factual_class": 0,
   "feature_bounds_splits": {
      "0": {
         "type": 1,
         "values": [
            -0.8866983354091644,
            null
         ]
      },
      "1": {
         "type": 1,
         "values": [
            null,
            null
         ]
      },
      "2": {
         "type": 1,
         "values": [
            null,
            0.9388740360736847
         ]
      },
      "3": {
         "type": 1,
         "values": [
            null,
            -0.6432760059833527
         ]
      },
      "4": {
         "type": 1,
         "values": [
            -0.6449770331382751,
            null
         ]
      }
   },
   "splits": [
      [
         3,
         -0.6117227375507355,
         true
      ],
      [
         3,
         -0.6139439940452576,
         true
      ],
      [
         3,
         -0.6346188187599182,
         true
      ],
      [
         0,
         -0.8866983354091644,
         false
      ],
      [
         2,
         1.0710539817810059,
         true
      ],
      [
         3,
         -0.6359857320785522,
         true
      ],
      [
         3,
         -0.6371248662471771,
         true
      ],
      [
         4,
         -0.6545306742191315,
         false
      ],
      [
         4,
         -0.6449770331382751,
         false
      ],
      [
         3,
         -0.6432760059833527,
         true
      ],
      [
         2,
         0.9388740360736847,
         true
      ]
   ],
   "remaining_rules": [
      4,
      36,
      37,
      41,
      67,
      106,
      148,
      157,
      176,
      214,
      264,
      311,
      338
   ],
   "set_rules": [
      4,
      36,
      67,
      106,
      148,
      176,
      214,
      264,
      311,
      338
   ],
   "foil_estimated_class": [
      1
   ],
   "distance": 0.0012614436685590537,
   "extraction_time": 0.023184537887573242,
   "feature_bounds": {
      "0": {
         "type": 1,
         "values": [
            -0.7991353273391724,
            0.17378699034452438
         ]
      },
      "1": {
         "type": 1,
         "values": [
            -0.5351932346820831,
            -0.4662386178970337
         ]
      },
      "2": {
         "type": 1,
         "values": [
            0.6999640762805939,
            0.9348766505718231
         ]
      },
      "3": {
         "type": 1,
         "values": [
            -0.8413667678833008,
            -0.6432760059833527
         ]
      },
      "4": {
         "type": 1,
         "values": [
            -0.6449770331382751,
            -0.22839219868183136
         ]
      }
   },
   "feature_bounds_compact": {
      "0": {
         "type": 1,
         "values": [
            -0.7991353273391724,
            0.3748576194047928
         ]
      },
      "1": {
         "type": 1,
         "values": [
            -0.5351932346820831,
            -0.4662386178970337
         ]
      },
      "2": {
         "type": 1,
         "values": [
            0.6999640762805939,
            0.9348766505718231
         ]
      },
      "3": {
         "type": 1,
         "values": [
            -0.8413667678833008,
            -0.6432760059833527
         ]
      },
      "4": {
         "type": 1,
         "values": [
            -0.6449770331382751,
            0.19084899127483368
         ]
      }
   },
   "feature_bounds_compact_count": {
      "0": {
         "type": 1,
         "values": [
            -0.7991353273391724,
            0.3748576194047928
         ]
      },
      "1": {
         "type": 1,
         "values": [
            -0.5351932346820831,
            -0.4662386178970337
         ]
      },
      "2": {
         "type": 1,
         "values": [
            0.6999640762805939,
            0.9348766505718231
         ]
      },
      "3": {
         "type": 1,
         "values": [
            -0.8413667678833008,
            -0.6432760059833527
         ]
      },
      "4": {
         "type": 1,
         "values": [
            -0.6449770331382751,
            0.19084899127483368
         ]
      }
   },
   "counterfactual_sample": [
      -0.7529215171464742,
      -0.4712386178970337,
      0.8753157192927115,
      -0.6482760059833527,
      -0.6299407170050698
   ],
   "counterfactual_distance": 0.001258441598273347,
   "counterfactual_class": 1,
   "valid_": true
}