{
   "counterfactual_sample": {
      "shucked_weight": -0.7856642988006975, 
      "diameter": -0.5833158241356144, 
      "whole_weight": -0.7856788551483029, 
      "shell_weight": -0.67314, 
      "viscera_weight": -0.8265755038637693, 
      "height": -0.3470991859785052, 
      "length": -0.6161975481284616, 
      "y": 1, 
      "sex": 0.0
   }, 
   "factual_class": 1, 
   "factual_sample": {
      "shucked_weight": -0.7856642988006975, 
      "diameter": -0.5833158241356144, 
      "whole_weight": -0.7856788551483029, 
      "shell_weight": -0.6741400409617366, 
      "viscera_weight": -0.8265755038637693, 
      "height": -0.3470991859785052, 
      "length": -0.6161975481284616, 
      "y": 1, 
      "sex": 0.0
   }, 
   "counterfactual_distance": 1.7338279375853834e-05, 
   "counterfactual_class": 1, 
   "counterfactual_rule": {
      "whole_weight": ">-0.785679", 
      "shell_weight": "-0.67414< shell_weight <=-0.581025"
   }, 
   "counterfactual_time": 13.648415803909302, 
   "counterfactual_found": false
}