{
   "counterfactual_sample": {
      "shucked_weight": -1.101070005155258, 
      "diameter": -0.8856498851127155, 
      "whole_weight": -1.0599837395612706, 
      "shell_weight": -1.026779, 
      "viscera_weight": -1.05923734224466, 
      "height": -0.7057616663526005, 
      "length": -0.8660340380447495, 
      "y": 1, 
      "sex": 1.0
   }, 
   "factual_class": 1, 
   "factual_sample": {
      "shucked_weight": -1.101070005155258, 
      "diameter": -0.8856498851127155, 
      "whole_weight": -1.0599837395612706, 
      "shell_weight": -1.0369638737753974, 
      "viscera_weight": -1.05923734224466, 
      "height": -0.7057616663526005, 
      "length": -0.8660340380447495, 
      "y": 1, 
      "sex": 1.0
   }, 
   "counterfactual_distance": 0.0001765809538631132, 
   "counterfactual_class": 1, 
   "counterfactual_rule": {
      "shucked_weight": "<=-0.008415", 
      "length": "<=-0.033246", 
      "shell_weight": "-1.027779< shell_weight <=-0.115911"
   }, 
   "counterfactual_time": 16.093328952789307, 
   "counterfactual_found": false
}