{
   "factual_sample": {
      "variance_wti": 1.147318312177653,
      "skewness_wti": -1.000621389080957,
      "curtosis_wty": 0.6649414142768977,
      "entropy": 1.1186094584823545,
      "y": 0
   },
   "counterfactual_sample": {
      "variance_wti": 0.041962077246482925,
      "skewness_wti": -0.9177327461353204,
      "curtosis_wty": 0.07129529980306941,
      "entropy": 1.0915174110878358,
      "y": 1
   },
   "counterfactual_found": true,
   "counterfactual_plausible": true,
   "counterfactual_distance": 0.09001782482195654,
   "counterfactual_time": 0.2072138786315918,
   "counterfactual_class": 1,
   "factual_class": 0,
   "valid_": true
}