{
   "factual_sample": {
      "variance_wti": 0.03716921612695789,
      "skewness_wti": 0.33613055656052115,
      "curtosis_wty": -1.4423316974716789,
      "entropy": -1.4998916776539342,
      "y": true
   },
   "counterfactual_sample": {
      "variance_wti": 0.11017489819623108,
      "skewness_wti": 0.5712075756380665,
      "curtosis_wty": -1.4423544718676375,
      "entropy": -1.4998959618758325,
      "y": true
   },
   "counterfactual_found": true,
   "counterfactual_plausible": true,
   "counterfactual_distance": 0.016643191452530338,
   "counterfactual_time": 2.0778253078460693,
   "counterfactual_class": 0,
   "factual_class": 1,
   "valid_": true
}