{
   "factual_sample": {
      "sex": 2.0,
      "length": -1.4489858478494209,
      "diameter": -1.5407070172297683,
      "height": -1.3035324669760926,
      "whole_weight": -1.2527109631822773,
      "shucked_weight": -1.168656942231235,
      "viscera_weight": -1.2234692281605823,
      "shell_weight": -1.2848336209451259,
      "y": true
   },
   "counterfactual_sample": {
      "sex": 2.0,
      "length": -1.035365606726294,
      "diameter": -1.5407070172297683,
      "height": -0.6176495515046162,
      "whole_weight": -0.9467161914478799,
      "shucked_weight": -1.5017824599099683,
      "viscera_weight": -1.2234692281605823,
      "shell_weight": -1.2848336209451259,
      "y": 0.0
   },
   "counterfactual_found": true,
   "counterfactual_plausible": true,
   "counterfactual_distance": 0.024420121658253843,
   "counterfactual_time": 1.2811260223388672,
   "counterfactual_class": 0,
   "factual_class": 1,
   "valid_": true
}