{
   "factual_sample": {
      "sex": 1.0,
      "length": 0.4664272415087847,
      "diameter": 0.3236863587956897,
      "height": 0.13111745452028825,
      "whole_weight": -0.07799264777804521,
      "shucked_weight": -0.030943501452285527,
      "viscera_weight": -0.14683797604508908,
      "shell_weight": 0.02276910325460209,
      "y": true
   },
   "counterfactual_sample": {
      "sex": 1.0,
      "length": 0.4664272415087847,
      "diameter": -0.10270072650412365,
      "height": 0.27900665996098095,
      "whole_weight": 0.13607017902245722,
      "shucked_weight": 0.3455938568758441,
      "viscera_weight": -0.14683797604508908,
      "shell_weight": 0.10374053944863126,
      "y": 0.0
   },
   "counterfactual_found": true,
   "counterfactual_plausible": true,
   "counterfactual_distance": 0.022648197452498603,
   "counterfactual_time": 0.9052631855010986,
   "counterfactual_class": 0,
   "factual_class": 1,
   "valid_": true
}