{
   "factual_sample": {
      "sex": 0.0,
      "length": 0.1749513366064497,
      "diameter": -0.07942572250711186,
      "height": 0.011563294395590387,
      "whole_weight": -0.1034856667755328,
      "shucked_weight": 0.03889633352622431,
      "viscera_weight": 0.31392370388569396,
      "shell_weight": -0.42267797861563505,
      "y": true
   },
   "counterfactual_sample": {
      "sex": 0.0,
      "length": -0.14011820691931764,
      "diameter": -0.07942572250711186,
      "height": 0.16255950557566112,
      "whole_weight": 0.055512251533176515,
      "shucked_weight": 0.03889633352622431,
      "viscera_weight": 0.31392370388569396,
      "shell_weight": -0.11388320853031919,
      "y": 0.0
   },
   "counterfactual_found": true,
   "counterfactual_plausible": true,
   "counterfactual_distance": 0.0158944905159351,
   "counterfactual_time": 0.8106868267059326,
   "counterfactual_class": 0,
   "factual_class": 1,
   "valid_": true
}