{
   "found": true,
   "num_iterations": 268,
   "num_foil": 114,
   "_observation": [
      -0.7140046241965291,
      -0.3504933615762285,
      -0.7724036570242273,
      -0.8733756984043348,
      -0.5445619877678484
   ],
   "_idx": 231,
   "factual_class": 1,
   "feature_bounds_splits": {
      "0": {
         "type": 1,
         "values": [
            null,
            -0.8502137660980225
         ]
      },
      "1": {
         "type": 1,
         "values": [
            null,
            null
         ]
      },
      "2": {
         "type": 1,
         "values": [
            0.02374088764190674,
            0.04745865269796923
         ]
      },
      "3": {
         "type": 1,
         "values": [
            -0.845125824213028,
            -0.6403428316116333
         ]
      },
      "4": {
         "type": 1,
         "values": [
            null,
            null
         ]
      }
   },
   "splits": [
      [
         2,
         -0.22569554671645164,
         false
      ],
      [
         2,
         -0.14931230247020721,
         false
      ],
      [
         2,
         -0.03971751034259796,
         false
      ],
      [
         3,
         -0.6351314187049866,
         true
      ],
      [
         3,
         -0.9443990290164948,
         false
      ],
      [
         2,
         0.021875441074371338,
         false
      ],
      [
         3,
         -0.6387196183204651,
         true
      ],
      [
         3,
         -0.6403428316116333,
         true
      ],
      [
         2,
         0.02374088764190674,
         false
      ],
      [
         3,
         -0.8526439368724823,
         false
      ],
      [
         0,
         -0.7991353273391724,
         true
      ],
      [
         0,
         -0.8234583735466003,
         true
      ],
      [
         0,
         -0.8356199264526367,
         true
      ],
      [
         3,
         -0.845125824213028,
         false
      ],
      [
         0,
         -0.8502137660980225,
         true
      ],
      [
         2,
         0.04745865269796923,
         true
      ]
   ],
   "remaining_rules": [
      7,
      46,
      79,
      115,
      153,
      189,
      215,
      250,
      289,
      335
   ],
   "set_rules": [
      7,
      46,
      79,
      115,
      153,
      189,
      215,
      250,
      289,
      335
   ],
   "foil_estimated_class": [
      0
   ],
   "distance": 0.03182588474201311,
   "extraction_time": 0.02025437355041504,
   "feature_bounds": {
      "0": {
         "type": 1,
         "values": [
            -0.917507529258728,
            -0.8502137660980225
         ]
      },
      "1": {
         "type": 1,
         "values": [
            -0.46285244822502136,
            -0.02932081650942564
         ]
      },
      "2": {
         "type": 1,
         "values": [
            0.02374088764190674,
            0.04745865269796923
         ]
      },
      "3": {
         "type": 1,
         "values": [
            -0.845125824213028,
            -0.7891671657562256
         ]
      },
      "4": {
         "type": 1,
         "values": [
            -0.7687239944934845,
            -0.2346937507390976
         ]
      }
   },
   "feature_bounds_compact": {
      "0": {
         "type": 1,
         "values": [
            -0.917507529258728,
            -0.8502137660980225
         ]
      },
      "1": {
         "type": 1,
         "values": [
            -0.46285244822502136,
            -0.02932081650942564
         ]
      },
      "2": {
         "type": 1,
         "values": [
            0.02374088764190674,
            0.04745865269796923
         ]
      },
      "3": {
         "type": 1,
         "values": [
            -0.845125824213028,
            -0.7891671657562256
         ]
      },
      "4": {
         "type": 1,
         "values": [
            -0.7687239944934845,
            -0.2346937507390976
         ]
      }
   },
   "feature_bounds_compact_count": {
      "0": {
         "type": 1,
         "values": [
            -0.917507529258728,
            -0.8502137660980225
         ]
      },
      "1": {
         "type": 1,
         "values": [
            -0.46285244822502136,
            -0.02932081650942564
         ]
      },
      "2": {
         "type": 1,
         "values": [
            0.02374088764190674,
            0.04745865269796923
         ]
      },
      "3": {
         "type": 1,
         "values": [
            -0.845125824213028,
            -0.7891671657562256
         ]
      },
      "4": {
         "type": 1,
         "values": [
            -0.7687239944934845,
            -0.2346937507390976
         ]
      }
   },
   "counterfactual_sample": [
      -0.8552137660980225,
      -0.3504933615762285,
      0.02874088764190674,
      -0.840125824213028,
      -0.5445619877678484
   ],
   "counterfactual_distance": 0.03181896636336162,
   "counterfactual_class": 0,
   "valid_": true
}