{
   "factual_sample": {
      "Temperature": -0.5291493826842849,
      "Humidity": -0.2041016157308827,
      "Light": 0.966455946803692,
      "CO2": -0.0099323442156771,
      "HumidityRatio": -0.3832313290614904,
      "y": false
   },
   "counterfactual_sample": {
      "Temperature": -0.5291493826842849,
      "Humidity": -0.25542358485775496,
      "Light": -0.4412208933565841,
      "CO2": -0.19153427026318853,
      "HumidityRatio": -0.3832313290614904,
      "y": 1.0
   },
   "counterfactual_found": true,
   "counterfactual_plausible": true,
   "counterfactual_distance": 0.05506840776337296,
   "counterfactual_time": 0.03804826736450195,
   "counterfactual_class": 1,
   "factual_class": 0,
   "valid_": true
}