{
   "factual_sample": {
      "Temperature": -0.4221279270719343,
      "Humidity": 0.2651728592686306,
      "Light": -0.7724036570242273,
      "CO2": -0.3938115135581263,
      "HumidityRatio": -0.051198105232392814,
      "y": true
   },
   "counterfactual_sample": {
      "Temperature": -0.4221279270719343,
      "Humidity": 0.2651728592686306,
      "Light": 0.53773714492061,
      "CO2": -0.19153427026318853,
      "HumidityRatio": 0.02157329534992558,
      "y": 0.0
   },
   "counterfactual_found": true,
   "counterfactual_plausible": true,
   "counterfactual_distance": 0.05504927796868756,
   "counterfactual_time": 0.07121849060058594,
   "counterfactual_class": 0,
   "factual_class": 1,
   "valid_": true
}