{
   "factual_sample": {
      "Temperature": -0.3248356946970682,
      "Humidity": -0.1904201441565649,
      "Light": 1.0024323524001315,
      "CO2": 0.07823456292706947,
      "HumidityRatio": -0.2935104713177463,
      "y": false
   },
   "counterfactual_sample": {
      "Temperature": -0.3248356946970682,
      "Humidity": -0.1904201441565649,
      "Light": 0.42581047227642677,
      "CO2": 0.8080888434414799,
      "HumidityRatio": -0.2935104713177463,
      "y": 1.0
   },
   "counterfactual_found": true,
   "counterfactual_plausible": true,
   "counterfactual_distance": 0.0608195634617452,
   "counterfactual_time": 0.03857731819152832,
   "counterfactual_class": 1,
   "factual_class": 0,
   "valid_": true
}