{
   "factual_sample": {
      "Temperature": -0.21294962746597532,
      "Humidity": -0.05702579630684574,
      "Light": 1.052399582395187,
      "CO2": 0.09657419089862393,
      "HumidityRatio": -0.16515883047865107,
      "y": false
   },
   "counterfactual_sample": {
      "Temperature": -0.21294962746597532,
      "Humidity": -0.25542358485775496,
      "Light": -0.4412208933565841,
      "CO2": -0.19153427026318853,
      "HumidityRatio": -0.16515883047865107,
      "y": 1.0
   },
   "counterfactual_found": true,
   "counterfactual_plausible": true,
   "counterfactual_distance": 0.07164320344594147,
   "counterfactual_time": 0.038112640380859375,
   "counterfactual_class": 1,
   "factual_class": 0,
   "valid_": true
}