{
   "factual_sample": {
      "sex": 0.0,
      "length": 0.09167250663435374,
      "diameter": 0.27329734863283944,
      "height": 0.4897799348943839,
      "whole_weight": -0.037203817382064894,
      "shucked_weight": -0.19765794623969588,
      "viscera_weight": -0.009978071115153595,
      "shell_weight": 0.008399842549110562,
      "y": 0
   },
   "counterfactual_sample": {
      "sex": 0.0,
      "length": 0.05003309164830575,
      "diameter": 0.3236863587956897,
      "height": -0.10799086572910817,
      "whole_weight": -0.09226873841663832,
      "shucked_weight": -0.20892243575235875,
      "viscera_weight": -0.08297002041111906,
      "shell_weight": -0.1460697100349232,
      "y": 1
   },
   "counterfactual_found": true,
   "counterfactual_plausible": true,
   "counterfactual_distance": 0.010060763365053259,
   "counterfactual_time": 0.7590930461883545,
   "counterfactual_class": 1,
   "factual_class": 0,
   "valid_": true
}