{
   "factual_sample": {
      "sex": 2.0,
      "length": 1.0493790513134569,
      "diameter": 1.3818555722155448,
      "height": 0.4897799348943839,
      "whole_weight": 0.8438349191711091,
      "shucked_weight": 0.5750860343289771,
      "viscera_weight": 1.0529671905073468,
      "shell_weight": 1.7327111272080928,
      "y": 0
   },
   "counterfactual_sample": {
      "sex": 2.0,
      "length": 1.0077396363274085,
      "diameter": 1.0795215112384429,
      "height": 0.4897799348943839,
      "whole_weight": 0.7255473110227666,
      "shucked_weight": 0.6606961546252147,
      "viscera_weight": 1.189827095437282,
      "shell_weight": 0.6909397260599579,
      "y": 1
   },
   "counterfactual_found": true,
   "counterfactual_plausible": true,
   "counterfactual_distance": 0.0318425393888611,
   "counterfactual_time": 0.7588613033294678,
   "counterfactual_class": 1,
   "factual_class": 0,
   "valid_": true
}