{
   "factual_sample": {
      "sex": 2.0,
      "length": 0.4247878265227367,
      "diameter": 0.5252423994470907,
      "height": 0.3702257747696853,
      "whole_weight": 0.1290106664815548,
      "shucked_weight": 0.3700723251985127,
      "viscera_weight": -0.041912048932138346,
      "shell_weight": -0.13529276450580455,
      "y": 0
   },
   "counterfactual_sample": {
      "sex": 2.0,
      "length": 0.3831484115366887,
      "diameter": 0.5252423994470907,
      "height": 0.7288882551437809,
      "whole_weight": 0.15246424395924338,
      "shucked_weight": 0.21687526782629754,
      "viscera_weight": 0.1177578401527864,
      "shell_weight": -0.17840054662227914,
      "y": 1
   },
   "counterfactual_found": true,
   "counterfactual_plausible": true,
   "counterfactual_distance": 0.009498678568134722,
   "counterfactual_time": 0.772674560546875,
   "counterfactual_class": 1,
   "factual_class": 0,
   "valid_": true
}