{
   "found": true,
   "num_iterations": 245,
   "num_foil": 104,
   "_observation": [
      2.0,
      92.0,
      76.0,
      20.0,
      0.0,
      -0.9890281350149578,
      3.703039080826918,
      28.0
   ],
   "_idx": 63,
   "factual_class": 1,
   "feature_bounds_splits": {
      "0": {
         "type": 2,
         "values": [
            2.5,
            null
         ]
      },
      "1": {
         "type": 2,
         "values": [
            91.5,
            154.5
         ]
      },
      "2": {
         "type": 2,
         "values": [
            null,
            null
         ]
      },
      "3": {
         "type": 2,
         "values": [
            null,
            21.5
         ]
      },
      "4": {
         "type": 2,
         "values": [
            null,
            null
         ]
      },
      "5": {
         "type": 1,
         "values": [
            -1.1920989751815796,
            -1.1096014380455017
         ]
      },
      "6": {
         "type": 1,
         "values": [
            0.12419845163822174,
            null
         ]
      },
      "7": {
         "type": 2,
         "values": [
            28.5,
            null
         ]
      }
   },
   "splits": [
      [
         6,
         -0.15214240550994873,
         false
      ],
      [
         1,
         40.5,
         false
      ],
      [
         1,
         77.5,
         false
      ],
      [
         1,
         81.5,
         false
      ],
      [
         1,
         82.5,
         false
      ],
      [
         5,
         -2.7278218269348145,
         false
      ],
      [
         5,
         -1.1920989751815796,
         false
      ],
      [
         6,
         0.12419845163822174,
         false
      ],
      [
         1,
         180.5,
         true
      ],
      [
         1,
         154.5,
         true
      ],
      [
         5,
         -1.1096014380455017,
         true
      ],
      [
         7,
         27.5,
         false
      ],
      [
         3,
         22.5,
         true
      ],
      [
         1,
         91.5,
         false
      ],
      [
         3,
         21.5,
         true
      ],
      [
         0,
         2.5,
         false
      ],
      [
         7,
         28.5,
         false
      ]
   ],
   "remaining_rules": [
      2,
      199,
      276,
      363,
      493,
      637,
      736,
      845,
      981,
      1165
   ],
   "set_rules": [
      2,
      199,
      276,
      363,
      493,
      637,
      736,
      845,
      981,
      1165
   ],
   "foil_estimated_class": [
      0
   ],
   "distance": 0.011206755337674672,
   "extraction_time": 0.033922672271728516,
   "feature_bounds": {
      "0": {
         "type": 2,
         "values": [
            2.5,
            3.5
         ]
      },
      "1": {
         "type": 2,
         "values": [
            91.0,
            105.5
         ]
      },
      "2": {
         "type": 2,
         "values": [
            71.0,
            null
         ]
      },
      "3": {
         "type": 2,
         "values": [
            null,
            21.0
         ]
      },
      "4": {
         "type": 2,
         "values": [
            null,
            155.5
         ]
      },
      "5": {
         "type": 1,
         "values": [
            null,
            -1.1096014380455017
         ]
      },
      "6": {
         "type": 1,
         "values": [
            1.8003643155097961,
            null
         ]
      },
      "7": {
         "type": 2,
         "values": [
            28.5,
            33.0
         ]
      }
   },
   "feature_bounds_compact": {
      "0": {
         "type": 2,
         "values": [
            2.5,
            3.5
         ]
      },
      "1": {
         "type": 2,
         "values": [
            91.0,
            105.5
         ]
      },
      "2": {
         "type": 2,
         "values": [
            71.0,
            null
         ]
      },
      "3": {
         "type": 2,
         "values": [
            null,
            21.0
         ]
      },
      "4": {
         "type": 2,
         "values": [
            null,
            155.5
         ]
      },
      "5": {
         "type": 1,
         "values": [
            null,
            -1.1096014380455017
         ]
      },
      "6": {
         "type": 1,
         "values": [
            1.8003643155097961,
            null
         ]
      },
      "7": {
         "type": 2,
         "values": [
            28.5,
            33.0
         ]
      }
   },
   "feature_bounds_compact_count": {
      "0": {
         "type": 2,
         "values": [
            2.5,
            3.5
         ]
      },
      "1": {
         "type": 2,
         "values": [
            91.0,
            105.5
         ]
      },
      "2": {
         "type": 2,
         "values": [
            71.0,
            null
         ]
      },
      "3": {
         "type": 2,
         "values": [
            null,
            21.0
         ]
      },
      "4": {
         "type": 2,
         "values": [
            null,
            155.5
         ]
      },
      "5": {
         "type": 1,
         "values": [
            null,
            -1.1096014380455017
         ]
      },
      "6": {
         "type": 1,
         "values": [
            1.8003643155097961,
            null
         ]
      },
      "7": {
         "type": 2,
         "values": [
            28.5,
            33.0
         ]
      }
   },
   "counterfactual_sample": [
      3.0,
      92.0,
      76.0,
      20.0,
      0.0,
      -1.1146014380455016,
      3.703039080826918,
      29.0
   ],
   "counterfactual_distance": 0.01120602144928686,
   "counterfactual_class": 0,
   "valid_": true
}