{
   "found": true,
   "num_iterations": 110,
   "num_foil": 35,
   "_observation": [
      10.0,
      122.0,
      68.0,
      0.0,
      0.0,
      -0.10059341751192273,
      -0.6459318145657063,
      41.0
   ],
   "_idx": 22,
   "factual_class": 0,
   "feature_bounds_splits": {
      "0": {
         "type": 2,
         "values": [
            9.5,
            10.5
         ]
      },
      "1": {
         "type": 2,
         "values": [
            108.5,
            129.5
         ]
      },
      "2": {
         "type": 2,
         "values": [
            67.5,
            68.5
         ]
      },
      "3": {
         "type": 2,
         "values": [
            null,
            10.5
         ]
      },
      "4": {
         "type": 2,
         "values": [
            11.5,
            14.5
         ]
      },
      "5": {
         "type": 1,
         "values": [
            -0.2084747925400734,
            -0.1323232278227806
         ]
      },
      "6": {
         "type": 1,
         "values": [
            -0.6716028153896332,
            -0.6338513493537903
         ]
      },
      "7": {
         "type": 2,
         "values": [
            40.5,
            43.5
         ]
      }
   },
   "splits": [
      [
         5,
         -0.6082704067230225,
         false
      ],
      [
         5,
         -0.5384648144245148,
         false
      ],
      [
         5,
         -0.525772899389267,
         false
      ],
      [
         1,
         154.5,
         true
      ],
      [
         5,
         -0.3988536447286606,
         false
      ],
      [
         1,
         147.5,
         true
      ],
      [
         7,
         29.5,
         false
      ],
      [
         7,
         32.5,
         false
      ],
      [
         1,
         141.5,
         true
      ],
      [
         6,
         0.790134608745575,
         true
      ],
      [
         5,
         -0.3925076946616173,
         false
      ],
      [
         7,
         34.5,
         false
      ],
      [
         6,
         0.14382921159267426,
         true
      ],
      [
         6,
         0.12419845163822174,
         true
      ],
      [
         5,
         -0.2592424750328064,
         false
      ],
      [
         0,
         10.5,
         true
      ],
      [
         2,
         76.5,
         true
      ],
      [
         2,
         75.5,
         true
      ],
      [
         2,
         68.5,
         true
      ],
      [
         1,
         108.5,
         false
      ],
      [
         6,
         -0.6761329770088196,
         false
      ],
      [
         4,
         24.5,
         true
      ],
      [
         2,
         66.5,
         false
      ],
      [
         5,
         0.44515931606292725,
         true
      ],
      [
         5,
         0.43881337344646454,
         true
      ],
      [
         7,
         43.5,
         true
      ],
      [
         0,
         8.5,
         false
      ],
      [
         1,
         129.5,
         true
      ],
      [
         4,
         14.5,
         true
      ],
      [
         6,
         -0.6338513493537903,
         true
      ],
      [
         3,
         19.5,
         true
      ],
      [
         3,
         17.5,
         true
      ],
      [
         5,
         -0.2084747925400734,
         false
      ],
      [
         3,
         13.5,
         true
      ],
      [
         2,
         67.5,
         false
      ],
      [
         0,
         9.5,
         false
      ],
      [
         6,
         -0.6716028153896332,
         false
      ],
      [
         3,
         10.5,
         true
      ],
      [
         7,
         40.5,
         false
      ],
      [
         4,
         11.5,
         false
      ],
      [
         5,
         -0.1323232278227806,
         true
      ]
   ],
   "remaining_rules": [
      82,
      196,
      353,
      424,
      565,
      677,
      744,
      915,
      1062,
      1136
   ],
   "set_rules": [
      82,
      196,
      353,
      424,
      565,
      677,
      744,
      915,
      1062,
      1136
   ],
   "foil_estimated_class": [
      1
   ],
   "distance": 0.0022395063204696418,
   "extraction_time": 0.033091068267822266,
   "feature_bounds": {
      "0": {
         "type": 2,
         "values": [
            9.5,
            10.5
         ]
      },
      "1": {
         "type": 2,
         "values": [
            117.5,
            131.0
         ]
      },
      "2": {
         "type": 2,
         "values": [
            67.0,
            68.0
         ]
      },
      "3": {
         "type": 2,
         "values": [
            null,
            14.5
         ]
      },
      "4": {
         "type": 2,
         "values": [
            11.0,
            22.0
         ]
      },
      "5": {
         "type": 1,
         "values": [
            -0.1513611152768135,
            -0.1323232278227806
         ]
      },
      "6": {
         "type": 1,
         "values": [
            -0.6716028153896332,
            -0.44056373834609985
         ]
      },
      "7": {
         "type": 2,
         "values": [
            40.0,
            46.5
         ]
      }
   },
   "feature_bounds_compact": {
      "0": {
         "type": 2,
         "values": [
            9.5,
            12.0
         ]
      },
      "1": {
         "type": 2,
         "values": [
            117.5,
            149.0
         ]
      },
      "2": {
         "type": 2,
         "values": [
            67.0,
            110.0
         ]
      },
      "3": {
         "type": 2,
         "values": [
            null,
            14.5
         ]
      },
      "4": {
         "type": 2,
         "values": [
            11.0,
            26.5
         ]
      },
      "5": {
         "type": 1,
         "values": [
            -0.1513611152768135,
            -0.1323232278227806
         ]
      },
      "6": {
         "type": 1,
         "values": [
            -0.6716028153896332,
            -0.44056373834609985
         ]
      },
      "7": {
         "type": 2,
         "values": [
            40.0,
            48.5
         ]
      }
   },
   "feature_bounds_compact_count": {
      "0": {
         "type": 2,
         "values": [
            9.5,
            12.0
         ]
      },
      "1": {
         "type": 2,
         "values": [
            117.5,
            149.0
         ]
      },
      "2": {
         "type": 2,
         "values": [
            67.0,
            110.0
         ]
      },
      "3": {
         "type": 2,
         "values": [
            null,
            14.5
         ]
      },
      "4": {
         "type": 2,
         "values": [
            11.0,
            26.5
         ]
      },
      "5": {
         "type": 1,
         "values": [
            -0.1513611152768135,
            -0.1323232278227806
         ]
      },
      "6": {
         "type": 1,
         "values": [
            -0.6716028153896332,
            -0.44056373834609985
         ]
      },
      "7": {
         "type": 2,
         "values": [
            40.0,
            48.5
         ]
      }
   },
   "counterfactual_sample": [
      10.0,
      122.0,
      68.0,
      0.0,
      12.0,
      -0.1373232278227806,
      -0.6459318145657063,
      41.0
   ],
   "counterfactual_distance": 0.0022387724320818304,
   "counterfactual_class": 1,
   "valid_": true
}