{
   "found": true,
   "num_iterations": 900,
   "num_foil": 420,
   "_observation": [
      1.0,
      1.0,
      3.0,
      3.0,
      1.5570096566440017,
      -0.15248774609174578,
      0.0,
      0.0,
      3.0,
      1.6972772561534246,
      0.31028734639329025,
      0.0,
      0.0,
      0.0
   ],
   "_idx": 449,
   "factual_class": 1,
   "feature_bounds_splits": {
      "0": {
         "type": 2,
         "values": [
            null,
            null
         ]
      },
      "1": {
         "type": 2,
         "values": [
            null,
            null
         ]
      },
      "2": {
         "type": 2,
         "values": [
            null,
            null
         ]
      },
      "3": {
         "type": 2,
         "values": [
            null,
            null
         ]
      },
      "4": {
         "type": 1,
         "values": [
            1.5174411535263062,
            1.546596884727478
         ]
      },
      "5": {
         "type": 1,
         "values": [
            -0.3001154065132141,
            -0.28222113847732544
         ]
      },
      "6": {
         "type": 2,
         "values": [
            null,
            null
         ]
      },
      "7": {
         "type": 2,
         "values": [
            null,
            null
         ]
      },
      "8": {
         "type": 2,
         "values": [
            null,
            null
         ]
      },
      "9": {
         "type": 1,
         "values": [
            1.692857027053833,
            1.6994873881340027
         ]
      },
      "10": {
         "type": 1,
         "values": [
            0.29923872649669647,
            0.3323846012353897
         ]
      },
      "11": {
         "type": 2,
         "values": [
            null,
            null
         ]
      },
      "12": {
         "type": 2,
         "values": [
            null,
            null
         ]
      },
      "13": {
         "type": 2,
         "values": [
            null,
            null
         ]
      }
   },
   "splits": [
      [
         5,
         5.95392918586731,
         true
      ],
      [
         9,
         -0.6830258965492249,
         false
      ],
      [
         9,
         2.4111472368240356,
         true
      ],
      [
         5,
         5.909193515777588,
         true
      ],
      [
         4,
         0.11796616390347481,
         false
      ],
      [
         9,
         2.221076488494873,
         true
      ],
      [
         9,
         2.2166563272476196,
         true
      ],
      [
         9,
         1.7657910585403442,
         true
      ],
      [
         5,
         2.589807868003845,
         true
      ],
      [
         5,
         2.51823091506958,
         true
      ],
      [
         9,
         1.7569506168365479,
         true
      ],
      [
         9,
         1.6994873881340027,
         true
      ],
      [
         9,
         1.692857027053833,
         false
      ],
      [
         5,
         -0.19274982810020447,
         true
      ],
      [
         5,
         -0.39406028389930725,
         false
      ],
      [
         10,
         -0.1427062340080738,
         false
      ],
      [
         10,
         -0.06536586955189705,
         false
      ],
      [
         10,
         -0.0653658676892519,
         false
      ],
      [
         4,
         1.3425068259239197,
         false
      ],
      [
         5,
         -0.19274983555078506,
         true
      ],
      [
         5,
         -0.2732740119099617,
         true
      ],
      [
         10,
         0.07826624251902103,
         false
      ],
      [
         10,
         0.1224607415497303,
         false
      ],
      [
         4,
         1.4903679490089417,
         false
      ],
      [
         4,
         1.546596884727478,
         true
      ],
      [
         4,
         1.5174411535263062,
         false
      ],
      [
         5,
         -0.3761660307645798,
         false
      ],
      [
         5,
         -0.35379819571971893,
         false
      ],
      [
         5,
         -0.3180096745491028,
         false
      ],
      [
         5,
         -0.30906254053115845,
         false
      ],
      [
         10,
         0.46496808249503374,
         true
      ],
      [
         10,
         0.45391945540905,
         true
      ],
      [
         5,
         -0.28222113847732544,
         true
      ],
      [
         5,
         -0.3001154065132141,
         false
      ],
      [
         10,
         0.14455799013376236,
         false
      ],
      [
         10,
         0.3323846012353897,
         true
      ],
      [
         10,
         0.29923872649669647,
         false
      ]
   ],
   "remaining_rules": [
      831,
      2877,
      4864,
      6427,
      7863,
      9669,
      11710,
      13541,
      14765,
      16574
   ],
   "set_rules": [
      831,
      2877,
      4864,
      6427,
      7863,
      9669,
      11710,
      13541,
      14765,
      16574
   ],
   "foil_estimated_class": [
      0
   ],
   "distance": 0.00039096834887114015,
   "extraction_time": 0.24855613708496094,
   "feature_bounds": {
      "0": {
         "type": 2,
         "values": [
            0.5,
            null
         ]
      },
      "1": {
         "type": 2,
         "values": [
            0.5,
            null
         ]
      },
      "2": {
         "type": 2,
         "values": [
            2.5,
            3.5
         ]
      },
      "3": {
         "type": 2,
         "values": [
            2.5,
            3.5
         ]
      },
      "4": {
         "type": 1,
         "values": [
            1.5174411535263062,
            1.546596884727478
         ]
      },
      "5": {
         "type": 1,
         "values": [
            -0.3001154065132141,
            -0.28222113847732544
         ]
      },
      "6": {
         "type": 2,
         "values": [
            null,
            0.5
         ]
      },
      "7": {
         "type": 2,
         "values": [
            null,
            0.5
         ]
      },
      "8": {
         "type": 2,
         "values": [
            2.5,
            3.5
         ]
      },
      "9": {
         "type": 1,
         "values": [
            1.551409125328064,
            1.7525303959846497
         ]
      },
      "10": {
         "type": 1,
         "values": [
            0.29923872649669647,
            0.3323846012353897
         ]
      },
      "11": {
         "type": 2,
         "values": [
            null,
            0.5
         ]
      },
      "12": {
         "type": 2,
         "values": [
            null,
            1.5
         ]
      },
      "13": {
         "type": 2,
         "values": [
            null,
            0.5
         ]
      }
   },
   "feature_bounds_compact": {
      "0": {
         "type": 2,
         "values": [
            0.5,
            null
         ]
      },
      "1": {
         "type": 2,
         "values": [
            0.5,
            null
         ]
      },
      "2": {
         "type": 2,
         "values": [
            2.5,
            3.5
         ]
      },
      "3": {
         "type": 2,
         "values": [
            2.5,
            3.5
         ]
      },
      "4": {
         "type": 1,
         "values": [
            1.5174411535263062,
            1.546596884727478
         ]
      },
      "5": {
         "type": 1,
         "values": [
            -0.3001154065132141,
            -0.28222113847732544
         ]
      },
      "6": {
         "type": 2,
         "values": [
            null,
            0.5
         ]
      },
      "7": {
         "type": 2,
         "values": [
            null,
            0.5
         ]
      },
      "8": {
         "type": 2,
         "values": [
            2.5,
            3.5
         ]
      },
      "9": {
         "type": 1,