{
   "found": true,
   "num_iterations": 149,
   "num_foil": 38,
   "_observation": [
      1.0,
      1.0,
      2.0,
      3.0,
      -0.22565493161281197,
      -0.3403775008283364,
      0.0,
      0.0,
      0.0,
      -0.16364683567735985,
      -0.3747273409490208,
      1.0,
      13.0,
      1.0
   ],
   "_idx": 656,
   "factual_class": 0,
   "feature_bounds_splits": {
      "0": {
         "type": 2,
         "values": [
            null,
            null
         ]
      },
      "1": {
         "type": 2,
         "values": [
            null,
            null
         ]
      },
      "2": {
         "type": 2,
         "values": [
            null,
            null
         ]
      },
      "3": {
         "type": 2,
         "values": [
            null,
            null
         ]
      },
      "4": {
         "type": 1,
         "values": [
            -0.6775687336921692,
            -0.21940727531909943
         ]
      },
      "5": {
         "type": 1,
         "values": [
            -0.3537982106208801,
            -0.3448510766029358
         ]
      },
      "6": {
         "type": 2,
         "values": [
            null,
            null
         ]
      },
      "7": {
         "type": 2,
         "values": [
            null,
            null
         ]
      },
      "8": {
         "type": 2,
         "values": [
            null,
            null
         ]
      },
      "9": {
         "type": 1,
         "values": [
            -0.5813601911067963,
            0.0838870108127594
         ]
      },
      "10": {
         "type": 1,
         "values": [
            null,
            -0.24214385449886322
         ]
      },
      "11": {
         "type": 2,
         "values": [
            null,
            null
         ]
      },
      "12": {
         "type": 2,
         "values": [
            null,
            null
         ]
      },
      "13": {
         "type": 2,
         "values": [
            null,
            null
         ]
      }
   },
   "splits": [
      [
         10,
         -0.05431724339723587,
         true
      ],
      [
         10,
         -0.07641449198126793,
         true
      ],
      [
         5,
         -0.36721889674663544,
         false
      ],
      [
         4,
         0.3241388201713562,
         true
      ],
      [
         10,
         -0.20899798721075058,
         true
      ],
      [
         10,
         -0.22004660218954086,
         true
      ],
      [
         5,
         -0.3582717627286911,
         false
      ],
      [
         4,
         0.06381981074810028,
         true
      ],
      [
         4,
         0.03882918320596218,
         true
      ],
      [
         5,
         -0.3537982106208801,
         false
      ],
      [
         10,
         -0.23109523206949234,
         true
      ],
      [
         9,
         -0.6277728080749512,
         false
      ],
      [
         9,
         -0.594620943069458,
         false
      ],
      [
         9,
         -0.5813602209091187,
         false
      ],
      [
         9,
         -0.5813601911067963,
         false
      ],
      [
         4,
         -0.698394238948822,
         false
      ],
      [
         9,
         0.15240084379911423,
         true
      ],
      [
         9,
         0.15019071847200394,
         true
      ],
      [
         9,
         0.11482873931527138,
         true
      ],
      [
         9,
         0.11261862143874168,
         true
      ],
      [
         4,
         -0.687981516122818,
         false
      ],
      [
         4,
         -0.6775687336921692,
         false
      ],
      [
         9,
         0.08388701267540455,
         true
      ],
      [
         9,
         0.0838870108127594,
         true
      ],
      [
         10,
         -0.24214385449886322,
         true
      ],
      [
         5,
         -0.3448510766029358,
         true
      ],
      [
         4,
         -0.21940727531909943,
         true
      ]
   ],
   "remaining_rules": [
      1014,
      2369,
      3909,
      5575,
      8016,
      10251,
      10808,
      12550,
      15074,
      17406
   ],
   "set_rules": [
      1014,
      2369,
      3909,
      5575,
      8016,
      10251,
      10808,
      12550,
      15074,
      17406
   ],
   "foil_estimated_class": [
      1
   ],
   "distance": 1.1545248490519696e-05,
   "extraction_time": 0.5085723400115967,
   "feature_bounds": {
      "0": {
         "type": 2,
         "values": [
            0.5,
            null
         ]
      },
      "1": {
         "type": 2,
         "values": [
            0.5,
            null
         ]
      },
      "2": {
         "type": 2,
         "values": [
            1.5,
            2.5
         ]
      },
      "3": {
         "type": 2,
         "values": [
            2.5,
            3.5
         ]
      },
      "4": {
         "type": 1,
         "values": [
            -0.30270935595035553,
            -0.21940727531909943
         ]
      },
      "5": {
         "type": 1,
         "values": [
            -0.3537982106208801,
            -0.3448510766029358
         ]
      },
      "6": {
         "type": 2,
         "values": [
            null,
            0.5
         ]
      },
      "7": {
         "type": 2,
         "values": [
            null,
            1.5
         ]
      },
      "8": {
         "type": 2,
         "values": [
            null,
            0.5
         ]
      },
      "9": {
         "type": 1,
         "values": [
            -0.23216066509485245,
            -0.13712535053491592
         ]
      },
      "10": {
         "type": 1,
         "values": [
            null,
            -0.3636787086725235
         ]
      },
      "11": {
         "type": 2,
         "values": [
            0.5,
            1.5
         ]
      },
      "12": {
         "type": 2,
         "values": [
            12.5,
            13.0
         ]
      },
      "13": {
         "type": 2,
         "values": [
            0.5,
            null
         ]
      }
   },
   "feature_bounds_compact": {
      "0": {
         "type": 2,
         "values": [
            0.5,
            null
         ]
      },
      "1": {
         "type": 2,
         "values": [
            0.5,
            null
         ]
      },
      "2": {
         "type": 2,
         "values": [
            1.5,
            2.5
         ]
      },
      "3": {
         "type": 2,
         "values": [
            2.5,
            3.5
         ]
      },
      "4": {
         "type": 1,
         "values": [
            -0.30270935595035553,
            -0.21940727531909943
         ]
      },
      "5": {
         "type": 1,
         "values": [
            -0.3537982106208801,
            -0.3448510766029358
         ]
      },
      "6": {
         "type": 2,
         "values": [
            null,
            0.5
         ]
      },
      "7": {
         "type": 2,
         "values": [
            null,
            1.5
         ]
      },
      "8": {
         "type": 2,
         "values": [
            null,
            0.5
         ]
      },
      "9": {
         "type": 1,
         "values": [
            -0.2631023973226547,
            -0.13712535053491592
         ]
      },
      "10": {
         "type": 1,
         "values": [
            null,
            -0.3636787086725235
         ]
      },
      "11": {
         "type": 2,
         "values": [
            0.5,
            1.5
         ]
      },
      "12": {
         "type": 2,
         "values": [
            12.5,
            13.0
         ]
      },
      "13": {
         "type": 2,
         "values": [
            0.5,
            null
         ]
      }
   },
   "feature_bounds_compact_count": {
      "0": {
         "type": 2,
         "values": [
            0.5,
            null
         ]
      },
      "1": {
         "type": 2,