{
   "found": true,
   "num_iterations": 60,
   "num_foil": 4,
   "_observation": [
      0.0,
      0.0,
      2.0,
      2.0,
      -0.35893826531425604,
      -0.15248774609174578,
      0.0,
      0.0,
      0.0,
      -0.3095149948944997,
      -0.04326862126725737,
      1.0,
      2.0,
      1.0
   ],
   "_idx": 318,
   "factual_class": 1,
   "feature_bounds_splits": {
      "0": {
         "type": 2,
         "values": [
            null,
            null
         ]
      },
      "1": {
         "type": 2,
         "values": [
            null,
            null
         ]
      },
      "2": {
         "type": 2,
         "values": [
            null,
            null
         ]
      },
      "3": {
         "type": 2,
         "values": [
            null,
            null
         ]
      },
      "4": {
         "type": 1,
         "values": [
            -0.3610208183526993,
            -0.13610519468784332
         ]
      },
      "5": {
         "type": 1,
         "values": [
            -0.15696130692958832,
            -0.14801418036222458
         ]
      },
      "6": {
         "type": 2,
         "values": [
            null,
            null
         ]
      },
      "7": {
         "type": 2,
         "values": [
            null,
            null
         ]
      },
      "8": {
         "type": 2,
         "values": [
            null,
            null
         ]
      },
      "9": {
         "type": 1,
         "values": [
            -0.30730487406253815,
            -0.2940441370010376
         ]
      },
      "10": {
         "type": 1,
         "values": [
            null,
            -0.010122748848516494
         ]
      },
      "11": {
         "type": 2,
         "values": [
            null,
            null
         ]
      },
      "12": {
         "type": 2,
         "values": [
            1.5,
            null
         ]
      },
      "13": {
         "type": 2,
         "values": [
            null,
            null
         ]
      }
   },
   "splits": [
      [
         5,
         0.335130900144577,
         true
      ],
      [
         5,
         0.12934687733650208,
         true
      ],
      [
         5,
         0.1248733177781105,
         true
      ],
      [
         5,
         0.10697904974222183,
         true
      ],
      [
         5,
         0.10250549390912056,
         true
      ],
      [
         10,
         0.36553046107292175,
         true
      ],
      [
         5,
         0.06671696901321411,
         true
      ],
      [
         5,
         0.06224340293556452,
         true
      ],
      [
         5,
         -0.10775209218263626,
         true
      ],
      [
         5,
         -0.3045889884233475,
         false
      ],
      [
         4,
         -0.023647379013709724,
         true
      ],
      [
         4,
         -0.023647379130125046,
         true
      ],
      [
         10,
         0.10036349110305309,
         true
      ],
      [
         10,
         0.1003634873777628,
         true
      ],
      [
         10,
         0.056168993934988976,
         true
      ],
      [
         9,
         -0.48632489144802094,
         false
      ],
      [
         10,
         -0.010122746229171753,
         true
      ],
      [
         4,
         -0.09445415064692497,
         true
      ],
      [
         4,
         -0.12152732908725739,
         true
      ],
      [
         10,
         -0.010122748848516494,
         true
      ],
      [
         5,
         -0.2911682724952698,
         false
      ],
      [
         12,
         1.5,
         false
      ],
      [
         4,
         -0.13610519468784332,
         true
      ],
      [
         9,
         -0.46201352775096893,
         false
      ],
      [
         9,
         -0.4133908152580261,
         false
      ],
      [
         9,
         -0.3890794366598129,
         false
      ],
      [
         9,
         -0.35592760145664215,
         false
      ],
      [
         4,
         -0.5609458237886429,
         false
      ],
      [
         9,
         -0.3249858617782593,
         false
      ],
      [
         9,
         -0.30730487406253815,
         false
      ],
      [
         5,
         -0.18380270153284073,
         false
      ],
      [
         5,
         -0.15696130692958832,
         false
      ],
      [
         9,
         -0.2940441370010376,
         true
      ],
      [
         5,
         -0.14801418036222458,
         true
      ],
      [
         4,
         -0.3610208183526993,
         false
      ]
   ],
   "remaining_rules": [
      1498,
      2932,
      4303,
      6641,
      8164,
      9953,
      11953,
      13760,
      15389,
      17071
   ],
   "set_rules": [
      1498,
      2932,
      4303,
      6641,
      8164,
      9953,
      11953,
      13760,
      15389,
      17071
   ],
   "foil_estimated_class": [
      0
   ],
   "distance": 1.2401429849095217e-05,
   "extraction_time": 0.45389485359191895,
   "feature_bounds": {
      "0": {
         "type": 2,
         "values": [
            null,
            0.5
         ]
      },
      "1": {
         "type": 2,
         "values": [
            null,
            0.5
         ]
      },
      "2": {
         "type": 2,
         "values": [
            1.5,
            2.5
         ]
      },
      "3": {
         "type": 2,
         "values": [
            null,
            2.5
         ]
      },
      "4": {
         "type": 1,
         "values": [
            -0.3610208183526993,
            -0.23398514091968536
         ]
      },
      "5": {
         "type": 1,
         "values": [
            -0.15696130692958832,
            -0.14801418036222458
         ]
      },
      "6": {
         "type": 2,
         "values": [
            null,
            0.5
         ]
      },
      "7": {
         "type": 2,
         "values": [
            null,
            0.5
         ]
      },
      "8": {
         "type": 2,
         "values": [
            null,
            0.5
         ]
      },
      "9": {
         "type": 1,
         "values": [
            -0.30730487406253815,
            -0.2940441370010376
         ]
      },
      "10": {
         "type": 1,
         "values": [
            -0.1427062340080738,
            -0.010122748848516494
         ]
      },
      "11": {
         "type": 2,
         "values": [
            0.5,
            1.5
         ]
      },
      "12": {
         "type": 2,
         "values": [
            1.5,
            2.5
         ]
      },
      "13": {
         "type": 2,
         "values": [
            0.5,
            null
         ]
      }
   },
   "feature_bounds_compact": {
      "0": {
         "type": 2,
         "values": [
            null,
            0.5
         ]
      },
      "1": {
         "type": 2,
         "values": [
            null,
            0.5
         ]
      },
      "2": {
         "type": 2,
         "values": [
            1.5,
            2.5
         ]
      },
      "3": {
         "type": 2,
         "values": [
            null,
            2.5
         ]
      },
      "4": {
         "type": 1,
         "values": [
            -0.3610208183526993,
            -0.023647379130125046
         ]
      },
      "5": {
         "type": 1,
         "values": [
            -0.15696130692958832,
            -0.14801418036222458
         ]
      },
      "6": {
         "type": 2,
         "values": [
            null,
            0.5
         ]
      },
      "7": {
         "type": 2,
         "values": [
            null,
            0.5
         ]
      },
      "8": {
         "type": 2,
         "values": [
            null,
            0.5
         ]
      },
      "9": {
         "type": 1,
         "values": [
            -0.30730487406253815,
            -0.2940441370010376
         ]
      },
      "10": {
         "type": 1,