{
   "found": true,
   "num_iterations": 207,
   "num_foil": 76,
   "_observation": [
      0.0,
      1.0,
      2.0,
      3.0,
      -0.5838538909354427,
      -0.376166025540068,
      0.0,
      6.0,
      0.0,
      -0.5349476045937159,
      -0.2863383490338839,
      1.0,
      2.0,
      1.0
   ],
   "_idx": 494,
   "factual_class": 1,
   "feature_bounds_splits": {
      "0": {
         "type": 2,
         "values": [
            null,
            null
         ]
      },
      "1": {
         "type": 2,
         "values": [
            null,
            null
         ]
      },
      "2": {
         "type": 2,
         "values": [
            null,
            null
         ]
      },
      "3": {
         "type": 2,
         "values": [
            null,
            null
         ]
      },
      "4": {
         "type": 1,
         "values": [
            -0.5776062309741974,
            -0.46723097562789917
         ]
      },
      "5": {
         "type": 1,
         "values": [
            -0.4253752529621124,
            -0.38063958287239075
         ]
      },
      "6": {
         "type": 2,
         "values": [
            null,
            null
         ]
      },
      "7": {
         "type": 2,
         "values": [
            null,
            null
         ]
      },
      "8": {
         "type": 2,
         "values": [
            null,
            null
         ]
      },
      "9": {
         "type": 1,
         "values": [
            -0.5835703015327454,
            null
         ]
      },
      "10": {
         "type": 1,
         "values": [
            -0.3636787086725235,
            -0.27528972923755646
         ]
      },
      "11": {
         "type": 2,
         "values": [
            null,
            null
         ]
      },
      "12": {
         "type": 2,
         "values": [
            null,
            null
         ]
      },
      "13": {
         "type": 2,
         "values": [
            null,
            null
         ]
      }
   },
   "splits": [
      [
         10,
         0.597551554441452,
         true
      ],
      [
         10,
         0.15560660883784294,
         true
      ],
      [
         10,
         0.15560660511255264,
         true
      ],
      [
         10,
         0.10036348924040794,
         true
      ],
      [
         10,
         0.056168993934988976,
         true
      ],
      [
         5,
         -0.3269567936658859,
         true
      ],
      [
         5,
         -0.3269568085670471,
         true
      ],
      [
         5,
         -0.3314303755760193,
         true
      ],
      [
         5,
         -0.33590394258499146,
         true
      ],
      [
         9,
         -0.6962866187095642,
         false
      ],
      [
         10,
         -0.010122746229171753,
         true
      ],
      [
         10,
         -0.010122748848516494,
         true
      ],
      [
         10,
         -0.23109523206949234,
         true
      ],
      [
         10,
         -0.24214385449886322,
         true
      ],
      [
         10,
         -0.2531924769282341,
         true
      ],
      [
         4,
         -0.7712835669517517,
         false
      ],
      [
         10,
         -0.2642411068081856,
         true
      ],
      [
         4,
         -0.006986962049268186,
         true
      ],
      [
         4,
         -0.467230960726738,
         true
      ],
      [
         5,
         -0.3448510766029358,
         true
      ],
      [
         5,
         -0.34932462871074677,
         true
      ],
      [
         4,
         -0.46723097562789917,
         true
      ],
      [
         4,
         -0.6296700239181519,
         false
      ],
      [
         10,
         -0.27528972923755646,
         true
      ],
      [
         5,
         -0.3537982106208801,
         true
      ],
      [
         5,
         -0.3582717627286911,
         true
      ],
      [
         5,
         -0.36274532973766327,
         true
      ],
      [
         5,
         -0.36721889674663544,
         true
      ],
      [
         9,
         -0.5835703015327454,
         false
      ],
      [
         5,
         -0.38063958287239075,
         true
      ],
      [
         10,
         -0.3636787086725235,
         false
      ],
      [
         5,
         -0.4253752529621124,
         false
      ],
      [
         4,
         -0.5776062309741974,
         false
      ]
   ],
   "remaining_rules": [
      1030,
      2442,
      4291,
      6523,
      8568,
      10130,
      11814,
      13235,
      15024,
      16965
   ],
   "set_rules": [
      1030,
      2442,
      4291,
      6523,
      8568,
      10130,
      11814,
      13235,
      15024,
      16965
   ],
   "foil_estimated_class": [
      0
   ],
   "distance": 4.749739346405207e-05,
   "extraction_time": 0.4354982376098633,
   "feature_bounds": {
      "0": {
         "type": 2,
         "values": [
            null,
            0.5
         ]
      },
      "1": {
         "type": 2,
         "values": [
            0.5,
            null
         ]
      },
      "2": {
         "type": 2,
         "values": [
            1.5,
            2.5
         ]
      },
      "3": {
         "type": 2,
         "values": [
            2.5,
            3.5
         ]
      },
      "4": {
         "type": 1,
         "values": [
            -0.5776062309741974,
            -0.5317901074886322
         ]
      },
      "5": {
         "type": 1,
         "values": [
            -0.3895867168903351,
            -0.38063958287239075
         ]
      },
      "6": {
         "type": 2,
         "values": [
            null,
            0.5
         ]
      },
      "7": {
         "type": 2,
         "values": [
            5.5,
            null
         ]
      },
      "8": {
         "type": 2,
         "values": [
            null,
            0.5
         ]
      },
      "9": {
         "type": 1,
         "values": [
            -0.6454537808895111,
            -0.5261071026325226
         ]
      },
      "10": {
         "type": 1,
         "values": [
            -0.34158146381378174,
            -0.27528972923755646
         ]
      },
      "11": {
         "type": 2,
         "values": [
            0.5,
            1.5
         ]
      },
      "12": {
         "type": 2,
         "values": [
            1.5,
            2.5
         ]
      },
      "13": {
         "type": 2,
         "values": [
            0.5,
            null
         ]
      }
   },
   "feature_bounds_compact": {
      "0": {
         "type": 2,
         "values": [
            null,
            0.5
         ]
      },
      "1": {
         "type": 2,
         "values": [
            0.5,
            null
         ]
      },
      "2": {
         "type": 2,
         "values": [
            1.5,
            2.5
         ]
      },
      "3": {
         "type": 2,
         "values": [
            2.5,
            3.5
         ]
      },
      "4": {
         "type": 1,
         "values": [
            -0.5776062309741974,
            -0.5317901074886322
         ]
      },
      "5": {
         "type": 1,
         "values": [
            -0.3895867168903351,
            -0.38063958287239075
         ]
      },
      "6": {
         "type": 2,
         "values": [
            null,
            0.5
         ]
      },
      "7": {
         "type": 2,
         "values": [
            5.5,
            null
         ]
      },
      "8": {
         "type": 2,
         "values": [
            null,
            0.5
         ]
      },
      "9": {
         "type": 1,
         "values": [
            -0.6454537808895111,
            -0.5261071026325226
         ]
      },
      "10": {
         "type": 1,
         "values": [
            -0.34158146381378174,
            -0.27528972923755646
         ]
      },
      "11": {
         "type": 2,