{
   "found": true,
   "num_iterations": 1802,
   "num_foil": 867,
   "_observation": [
      1.0,
      0.0,
      3.0,
      2.0,
      -0.13818774387123936,
      0.1248733204241737,
      0.0,
      0.0,
      3.0,
      -0.07524189069727505,
      -0.24214385307631545,
      0.0,
      0.0,
      0.0
   ],
   "_idx": 525,
   "factual_class": 1,
   "feature_bounds_splits": {
      "0": {
         "type": 2,
         "values": [
            null,
            null
         ]
      },
      "1": {
         "type": 2,
         "values": [
            null,
            null
         ]
      },
      "2": {
         "type": 2,
         "values": [
            null,
            null
         ]
      },
      "3": {
         "type": 2,
         "values": [
            null,
            null
         ]
      },
      "4": {
         "type": 1,
         "values": [
            -0.2381502389907837,
            -0.16942602396011353
         ]
      },
      "5": {
         "type": 1,
         "values": [
            -0.1301199160516262,
            -0.10775208845734596
         ]
      },
      "6": {
         "type": 2,
         "values": [
            null,
            null
         ]
      },
      "7": {
         "type": 2,
         "values": [
            null,
            null
         ]
      },
      "8": {
         "type": 2,
         "values": [
            null,
            null
         ]
      },
      "9": {
         "type": 1,
         "values": [
            -0.07966213673353195,
            null
         ]
      },
      "10": {
         "type": 1,
         "values": [
            -0.2531924769282341,
            -0.23109523206949234
         ]
      },
      "11": {
         "type": 2,
         "values": [
            null,
            null
         ]
      },
      "12": {
         "type": 2,
         "values": [
            null,
            null
         ]
      },
      "13": {
         "type": 2,
         "values": [
            null,
            null
         ]
      }
   },
   "splits": [
      [
         5,
         -0.2911682724952698,
         false
      ],
      [
         4,
         -0.47347863018512726,
         false
      ],
      [
         9,
         -0.40234018862247467,
         false
      ],
      [
         10,
         1.3157121539115906,
         true
      ],
      [
         4,
         -0.2714710682630539,
         false
      ],
      [
         10,
         0.840621292591095,
         true
      ],
      [
         10,
         0.8074754178524017,
         true
      ],
      [
         4,
         -0.2381502389907837,
         false
      ],
      [
         10,
         0.730135053396225,
         true
      ],
      [
         10,
         0.6638433039188385,
         true
      ],
      [
         10,
         0.5865029394626617,
         true
      ],
      [
         4,
         -0.16734347492456436,
         true
      ],
      [
         5,
         0.0398755744099617,
         true
      ],
      [
         5,
         -0.00486008170992136,
         true
      ],
      [
         5,
         -0.04064860753715038,
         true
      ],
      [
         5,
         -0.07643713429570198,
         true
      ],
      [
         5,
         -0.08091069385409355,
         true
      ],
      [
         10,
         -0.23109522461891174,
         true
      ],
      [
         5,
         -0.09880495816469193,
         true
      ],
      [
         4,
         -0.16942602396011353,
         true
      ],
      [
         9,
         -0.0796621385961771,
         false
      ],
      [
         5,
         -0.1301199160516262,
         false
      ],
      [
         5,
         -0.10775208845734596,
         true
      ],
      [
         9,
         -0.07966213673353195,
         false
      ],
      [
         10,
         -0.2531924769282341,
         false
      ],
      [
         10,
         -0.23109523206949234,
         true
      ]
   ],
   "remaining_rules": [
      634,
      2544,
      4828,
      6394,
      7684,
      9485,
      11658,
      13547,
      14719,
      16540
   ],
   "set_rules": [
      634,
      2544,
      4828,
      6394,
      7684,
      9485,
      11658,
      13547,
      14719,
      16540
   ],
   "foil_estimated_class": [
      0
   ],
   "distance": 0.000772462438817206,
   "extraction_time": 0.3041670322418213,
   "feature_bounds": {
      "0": {
         "type": 2,
         "values": [
            0.5,
            null
         ]
      },
      "1": {
         "type": 2,
         "values": [
            null,
            0.5
         ]
      },
      "2": {
         "type": 2,
         "values": [
            2.5,
            3.5
         ]
      },
      "3": {
         "type": 2,
         "values": [
            1.5,
            2.5
         ]
      },
      "4": {
         "type": 1,
         "values": [
            -0.2381502389907837,
            -0.16942602396011353
         ]
      },
      "5": {
         "type": 1,
         "values": [
            -0.1301199160516262,
            -0.10775208845734596
         ]
      },
      "6": {
         "type": 2,
         "values": [
            null,
            0.5
         ]
      },
      "7": {
         "type": 2,
         "values": [
            null,
            0.5
         ]
      },
      "8": {
         "type": 2,
         "values": [
            2.5,
            3.5
         ]
      },
      "9": {
         "type": 1,
         "values": [
            -0.0796621385961771,
            -0.04209003783762455
         ]
      },
      "10": {
         "type": 1,
         "values": [
            -0.2531924769282341,
            -0.23109523206949234
         ]
      },
      "11": {
         "type": 2,
         "values": [
            null,
            0.5
         ]
      },
      "12": {
         "type": 2,
         "values": [
            null,
            1.5
         ]
      },
      "13": {
         "type": 2,
         "values": [
            null,
            0.5
         ]
      }
   },
   "feature_bounds_compact": {
      "0": {
         "type": 2,
         "values": [
            0.5,
            null
         ]
      },
      "1": {
         "type": 2,
         "values": [
            null,
            0.5
         ]
      },
      "2": {
         "type": 2,
         "values": [
            2.5,
            3.5
         ]
      },
      "3": {
         "type": 2,
         "values": [
            1.5,
            2.5
         ]
      },
      "4": {
         "type": 1,
         "values": [
            -0.2381502389907837,
            -0.16942602396011353
         ]
      },
      "5": {
         "type": 1,
         "values": [
            -0.1301199160516262,
            -0.10775208845734596
         ]
      },
      "6": {
         "type": 2,
         "values": [
            null,
            0.5
         ]
      },
      "7": {
         "type": 2,
         "values": [
            null,
            0.5
         ]
      },
      "8": {
         "type": 2,
         "values": [
            2.5,
            3.5
         ]
      },
      "9": {
         "type": 1,
         "values": [
            -0.0796621385961771,
            -0.04209003783762455
         ]
      },
      "10": {
         "type": 1,
         "values": [
            -0.2531924769282341,
            -0.23109523206949234
         ]
      },
      "11": {
         "type": 2,
         "values": [
            null,
            0.5
         ]
      },
      "12": {
         "type": 2,
         "values": [
            null,
            1.5
         ]
      },
      "13": {
         "type": 2,
         "values": [
            null,
            0.5
         ]
      }
   },
   "feature_bounds_compact_count": {
      "0": {
         "type": 2,
         "values": [
            0.5,
            null
         ]
      },
      "1": {
         "type": 2,
         "values": [
            null,
            0.5
         ]
      },