{
   "found": true,
   "num_iterations": 1364,
   "num_foil": 650,
   "_observation": [
      1.0,
      0.0,
      2.0,
      4.0,
      0.03674663161190589,
      -0.15248774609174578,
      0.0,
      1.0,
      0.0,
      -0.31393524214350393,
      0.31028734639329025,
      0.0,
      0.0,
      0.0
   ],
   "_idx": 724,
   "factual_class": 1,
   "feature_bounds_splits": {
      "0": {
         "type": 2,
         "values": [
            null,
            null
         ]
      },
      "1": {
         "type": 2,
         "values": [
            null,
            null
         ]
      },
      "2": {
         "type": 2,
         "values": [
            null,
            null
         ]
      },
      "3": {
         "type": 2,
         "values": [
            null,
            null
         ]
      },
      "4": {
         "type": 1,
         "values": [
            -0.06113331578671932,
            0.11796616390347481
         ]
      },
      "5": {
         "type": 1,
         "values": [
            -0.4119545519351959,
            -0.40748098492622375
         ]
      },
      "6": {
         "type": 2,
         "values": [
            null,
            null
         ]
      },
      "7": {
         "type": 2,
         "values": [
            null,
            null
         ]
      },
      "8": {
         "type": 2,
         "values": [
            null,
            null
         ]
      },
      "9": {
         "type": 1,
         "values": [
            -0.48632487654685974,
            -0.14817596971988678
         ]
      },
      "10": {
         "type": 1,
         "values": [
            0.01197449880419299,
            0.45391945540905
         ]
      },
      "11": {
         "type": 2,
         "values": [
            null,
            null
         ]
      },
      "12": {
         "type": 2,
         "values": [
            null,
            null
         ]
      },
      "13": {
         "type": 2,
         "values": [
            null,
            null
         ]
      }
   },
   "splits": [
      [
         9,
         0.06841614469885826,
         true
      ],
      [
         4,
         -0.12152732908725739,
         false
      ],
      [
         10,
         -0.3636787086725235,
         false
      ],
      [
         5,
         1.5250993892550468,
         true
      ],
      [
         5,
         1.4893108010292053,
         true
      ],
      [
         5,
         -0.3045889884233475,
         true
      ],
      [
         5,
         -0.35379819571971893,
         true
      ],
      [
         5,
         -0.3537982106208801,
         true
      ],
      [
         5,
         -0.36721889674663544,
         true
      ],
      [
         5,
         -0.39406028389930725,
         true
      ],
      [
         5,
         -0.4030074179172516,
         true
      ],
      [
         5,
         -0.40748098492622375,
         true
      ],
      [
         4,
         -0.06113331578671932,
         false
      ],
      [
         9,
         -0.14817596971988678,
         true
      ],
      [
         9,
         -0.5570488274097443,
         false
      ],
      [
         4,
         0.33246903121471405,
         true
      ],
      [
         4,
         0.12213126569986343,
         true
      ],
      [
         10,
         -0.20899797976016998,
         false
      ],
      [
         10,
         -0.15375486575067043,
         false
      ],
      [
         5,
         -0.4119545519351959,
         false
      ],
      [
         10,
         -0.09851174056529999,
         false
      ],
      [
         9,
         -0.537157729268074,
         false
      ],
      [
         4,
         0.11796616390347481,
         true
      ],
      [
         9,
         -0.48632487654685974,
         false
      ],
      [
         10,
         0.45391945540905,
         true
      ],
      [
         10,
         0.01197449880419299,
         false
      ]
   ],
   "remaining_rules": [
      491,
      2054,
      4776,
      5680,
      7510,
      9302,
      11412,
      12314,
      14027,
      16307
   ],
   "set_rules": [
      491,
      2054,
      4776,
      5680,
      7510,
      9302,
      11412,
      12314,
      14027,
      16307
   ],
   "foil_estimated_class": [
      0
   ],
   "distance": 0.0006509314124248937,
   "extraction_time": 0.266143798828125,
   "feature_bounds": {
      "0": {
         "type": 2,
         "values": [
            0.5,
            null
         ]
      },
      "1": {
         "type": 2,
         "values": [
            null,
            0.5
         ]
      },
      "2": {
         "type": 2,
         "values": [
            1.5,
            2.5
         ]
      },
      "3": {
         "type": 2,
         "values": [
            3.5,
            null
         ]
      },
      "4": {
         "type": 1,
         "values": [
            -0.06113331578671932,
            0.11796616390347481
         ]
      },
      "5": {
         "type": 1,
         "values": [
            -0.4119545519351959,
            -0.40748098492622375
         ]
      },
      "6": {
         "type": 2,
         "values": [
            null,
            0.5
         ]
      },
      "7": {
         "type": 2,
         "values": [
            0.5,
            1.5
         ]
      },
      "8": {
         "type": 2,
         "values": [
            null,
            0.5
         ]
      },
      "9": {
         "type": 1,
         "values": [
            -0.48632487654685974,
            -0.14817596971988678
         ]
      },
      "10": {
         "type": 1,
         "values": [
            0.01197449880419299,
            0.45391945540905
         ]
      },
      "11": {
         "type": 2,
         "values": [
            null,
            0.5
         ]
      },
      "12": {
         "type": 2,
         "values": [
            null,
            1.5
         ]
      },
      "13": {
         "type": 2,
         "values": [
            null,
            0.5
         ]
      }
   },
   "feature_bounds_compact": {
      "0": {
         "type": 2,
         "values": [
            0.5,
            null
         ]
      },
      "1": {
         "type": 2,
         "values": [
            null,
            0.5
         ]
      },
      "2": {
         "type": 2,
         "values": [
            1.5,
            2.5
         ]
      },
      "3": {
         "type": 2,
         "values": [
            3.5,
            null
         ]
      },
      "4": {
         "type": 1,
         "values": [
            -0.06113331578671932,
            0.11796616390347481
         ]
      },
      "5": {
         "type": 1,
         "values": [
            -0.4119545519351959,
            -0.40748098492622375
         ]
      },
      "6": {
         "type": 2,
         "values": [
            null,
            0.5
         ]
      },
      "7": {
         "type": 2,
         "values": [
            0.5,
            1.5
         ]
      },
      "8": {
         "type": 2,
         "values": [
            null,
            0.5
         ]
      },
      "9": {
         "type": 1,
         "values": [
            -0.48632487654685974,
            -0.14817596971988678
         ]
      },
      "10": {
         "type": 1,
         "values": [
            0.01197449880419299,
            0.45391945540905
         ]
      },
      "11": {
         "type": 2,
         "values": [
            null,
            0.5
         ]
      },
      "12": {
         "type": 2,
         "values": [
            null,
            1.5
         ]
      },
      "13": {
         "type": 2,
         "values": [
            null,
            0.5
         ]
      }
   },
   "feature_bounds_compact_count": {
      "0": {
         "type": 2,
         "values": [
            0.5,
            null
         ]
      },
      "1": {
         "type": 2,
         "values": [
            null,
            0.5
         ]
      },