{
   "found": true,
   "num_iterations": 149,
   "num_foil": 59,
   "_observation": [
      0.0,
      0.0,
      2.0,
      4.0,
      0.4949080912106197,
      -0.3135361072945377,
      0.0,
      0.0,
      0.0,
      0.64967865813942,
      -0.13165761318239427,
      0.0,
      0.0,
      0.0
   ],
   "_idx": 591,
   "factual_class": 1,
   "feature_bounds_splits": {
      "0": {
         "type": 2,
         "values": [
            null,
            null
         ]
      },
      "1": {
         "type": 2,
         "values": [
            null,
            null
         ]
      },
      "2": {
         "type": 2,
         "values": [
            null,
            null
         ]
      },
      "3": {
         "type": 2,
         "values": [
            null,
            null
         ]
      },
      "4": {
         "type": 1,
         "values": [
            null,
            0.5469718873500824
         ]
      },
      "5": {
         "type": 1,
         "values": [
            -0.4119545519351959,
            -0.40748098492622375
         ]
      },
      "6": {
         "type": 2,
         "values": [
            null,
            null
         ]
      },
      "7": {
         "type": 2,
         "values": [
            null,
            null
         ]
      },
      "8": {
         "type": 2,
         "values": [
            null,
            null
         ]
      },
      "9": {
         "type": 1,
         "values": [
            0.583374947309494,
            0.698301374912262
         ]
      },
      "10": {
         "type": 1,
         "values": [
            -0.23109523206949234,
            -0.16480348259210587
         ]
      },
      "11": {
         "type": 2,
         "values": [
            null,
            null
         ]
      },
      "12": {
         "type": 2,
         "values": [
            null,
            null
         ]
      },
      "13": {
         "type": 2,
         "values": [
            null,
            null
         ]
      }
   },
   "splits": [
      [
         5,
         -0.23748549073934555,
         true
      ],
      [
         10,
         0.3876277059316635,
         true
      ],
      [
         5,
         -0.30906254053115845,
         true
      ],
      [
         5,
         -0.3180096745491028,
         true
      ],
      [
         5,
         -0.32248324155807495,
         true
      ],
      [
         5,
         -0.34037749469280243,
         true
      ],
      [
         5,
         -0.3403775095939636,
         true
      ],
      [
         5,
         -0.3582717627286911,
         true
      ],
      [
         5,
         -0.36274532973766327,
         true
      ],
      [
         10,
         -0.15375486575067043,
         true
      ],
      [
         4,
         0.5469718873500824,
         true
      ],
      [
         10,
         -0.3636787086725235,
         false
      ],
      [
         10,
         -0.16480348259210587,
         true
      ],
      [
         9,
         0.583374947309494,
         false
      ],
      [
         5,
         -0.4030074179172516,
         true
      ],
      [
         5,
         -0.40748098492622375,
         true
      ],
      [
         9,
         0.698301374912262,
         true
      ],
      [
         10,
         -0.3084356039762497,
         false
      ],
      [
         10,
         -0.2973869740962982,
         false
      ],
      [
         5,
         -0.4164281189441681,
         false
      ],
      [
         5,
         -0.4119545519351959,
         false
      ],
      [
         10,
         -0.27528972923755646,
         false
      ],
      [
         10,
         -0.23109523206949234,
         false
      ]
   ],
   "remaining_rules": [
      493,
      2012,
      4225,
      5680,
      7488,
      9259,
      11413,
      12335,
      14027,
      16154
   ],
   "set_rules": [
      493,
      2012,
      4225,
      5680,
      7488,
      9259,
      11413,
      12335,
      14027,
      16154
   ],
   "foil_estimated_class": [
      0
   ],
   "distance": 0.00035515465391862074,
   "extraction_time": 0.375563383102417,
   "feature_bounds": {
      "0": {
         "type": 2,
         "values": [
            null,
            0.5
         ]
      },
      "1": {
         "type": 2,
         "values": [
            null,
            0.5
         ]
      },
      "2": {
         "type": 2,
         "values": [
            1.5,
            2.5
         ]
      },
      "3": {
         "type": 2,
         "values": [
            3.5,
            null
         ]
      },
      "4": {
         "type": 1,
         "values": [
            0.33246903121471405,
            0.5469718873500824
         ]
      },
      "5": {
         "type": 1,
         "values": [
            -0.4119545519351959,
            -0.40748098492622375
         ]
      },
      "6": {
         "type": 2,
         "values": [
            null,
            0.5
         ]
      },
      "7": {
         "type": 2,
         "values": [
            null,
            0.5
         ]
      },
      "8": {
         "type": 2,
         "values": [
            null,
            0.5
         ]
      },
      "9": {
         "type": 1,
         "values": [
            0.5789546966552734,
            0.698301374912262
         ]
      },
      "10": {
         "type": 1,
         "values": [
            -0.23109523206949234,
            -0.16480348259210587
         ]
      },
      "11": {
         "type": 2,
         "values": [
            null,
            0.5
         ]
      },
      "12": {
         "type": 2,
         "values": [
            null,
            1.5
         ]
      },
      "13": {
         "type": 2,
         "values": [
            null,
            0.5
         ]
      }
   },
   "feature_bounds_compact": {
      "0": {
         "type": 2,
         "values": [
            null,
            0.5
         ]
      },
      "1": {
         "type": 2,
         "values": [
            null,
            0.5
         ]
      },
      "2": {
         "type": 2,
         "values": [
            1.5,
            2.5
         ]
      },
      "3": {
         "type": 2,
         "values": [
            3.5,
            null
         ]
      },
      "4": {
         "type": 1,
         "values": [
            0.33246903121471405,
            0.5469718873500824
         ]
      },
      "5": {
         "type": 1,
         "values": [
            -0.4119545519351959,
            -0.40748098492622375
         ]
      },
      "6": {
         "type": 2,
         "values": [
            null,
            0.5
         ]
      },
      "7": {
         "type": 2,
         "values": [
            null,
            0.5
         ]
      },
      "8": {
         "type": 2,
         "values": [
            null,
            0.5
         ]
      },
      "9": {
         "type": 1,
         "values": [
            0.5789546966552734,
            0.698301374912262
         ]
      },
      "10": {
         "type": 1,
         "values": [
            -0.23109523206949234,
            -0.16480348259210587
         ]
      },
      "11": {
         "type": 2,
         "values": [
            null,
            0.5
         ]
      },
      "12": {
         "type": 2,
         "values": [
            null,
            1.5
         ]
      },
      "13": {
         "type": 2,
         "values": [
            null,
            0.5
         ]
      }
   },
   "feature_bounds_compact_count": {
      "0": {
         "type": 2,
         "values": [
            null,
            0.5
         ]
      },
      "1": {
         "type": 2,
         "values": [
            null,
            0.5
         ]
      },
      "2": {
         "type": 2,
         "values": [
            1.5,
            2.5
         ]
      },
      "3": {
         "type": 2,
         "values": [
            3.5,
            null
         ]
      },
      "4": {
         "type": 1,