{
   "found": true,
   "num_iterations": 320,
   "num_foil": 132,
   "_observation": [
      1.0,
      0.0,
      2.0,
      3.0,
      -0.06321586866417711,
      -0.3224832384724706,
      0.0,
      0.0,
      6.0,
      0.030844043278826675,
      -0.19794935711874695,
      1.0,
      7.0,
      1.0
   ],
   "_idx": 394,
   "factual_class": 0,
   "feature_bounds_splits": {
      "0": {
         "type": 2,
         "values": [
            null,
            null
         ]
      },
      "1": {
         "type": 2,
         "values": [
            null,
            null
         ]
      },
      "2": {
         "type": 2,
         "values": [
            null,
            null
         ]
      },
      "3": {
         "type": 2,
         "values": [
            null,
            null
         ]
      },
      "4": {
         "type": 1,
         "values": [
            -0.13610519468784332,
            0.03882918320596218
         ]
      },
      "5": {
         "type": 1,
         "values": [
            -0.3001154065132141,
            -0.29564183950424194
         ]
      },
      "6": {
         "type": 2,
         "values": [
            null,
            null
         ]
      },
      "7": {
         "type": 2,
         "values": [
            null,
            null
         ]
      },
      "8": {
         "type": 2,
         "values": [
            null,
            null
         ]
      },
      "9": {
         "type": 1,
         "values": [
            0.03084404207766056,
            0.09493762627243996
         ]
      },
      "10": {
         "type": 1,
         "values": [
            -0.20899797976016998,
            -0.18690072745084763
         ]
      },
      "11": {
         "type": 2,
         "values": [
            null,
            null
         ]
      },
      "12": {
         "type": 2,
         "values": [
            5.5,
            7.5
         ]
      },
      "13": {
         "type": 2,
         "values": [
            null,
            null
         ]
      }
   },
   "splits": [
      [
         10,
         0.4870653450489044,
         true
      ],
      [
         12,
         5.5,
         false
      ],
      [
         10,
         0.03407174628227949,
         true
      ],
      [
         9,
         0.4839193820953369,
         true
      ],
      [
         9,
         0.4817092567682266,
         true
      ],
      [
         9,
         0.4352966696023941,
         true
      ],
      [
         4,
         0.042994286864995956,
         true
      ],
      [
         4,
         0.03882918320596218,
         true
      ],
      [
         10,
         -0.05431724339723587,
         true
      ],
      [
         10,
         -0.3636787086725235,
         false
      ],
      [
         9,
         -0.5791500806808472,
         false
      ],
      [
         9,
         -0.5769399404525757,
         false
      ],
      [
         9,
         -0.48853500187397003,
         false
      ],
      [
         12,
         8.5,
         true
      ],
      [
         9,
         -0.4730641394853592,
         false
      ],
      [
         9,
         -0.4708540290594101,
         false
      ],
      [
         5,
         -0.4253752529621124,
         false
      ],
      [
         9,
         0.3888840824365616,
         true
      ],
      [
         4,
         -0.7733661234378815,
         false
      ],
      [
         9,
         0.20102356374263763,
         true
      ],
      [
         5,
         -0.3985338509082794,
         false
      ],
      [
         9,
         0.19881344586610794,
         true
      ],
      [
         12,
         7.5,
         true
      ],
      [
         4,
         -0.14443539828062057,
         false
      ],
      [
         5,
         1.793513298034668,
         true
      ],
      [
         5,
         1.2164233326911926,
         true
      ],
      [
         5,
         1.2119497656822205,
         true
      ],
      [
         5,
         -0.3895867168903351,
         false
      ],
      [
         5,
         0.5543356239795685,
         true
      ],
      [
         5,
         -0.21959123015403748,
         true
      ],
      [
         10,
         -0.3084355890750885,
         false
      ],
      [
         10,
         -0.2531924694776535,
         false
      ],
      [
         5,
         -0.29116828739643097,
         true
      ],
      [
         5,
         -0.29564183950424194,
         true
      ],
      [
         10,
         -0.20899797976016998,
         false
      ],
      [
         10,
         -0.18690072745084763,
         true
      ],
      [
         9,
         -0.30509474873542786,
         false
      ],
      [
         9,
         -0.30067451298236847,
         false
      ],
      [
         9,
         -0.26089227199554443,
         false
      ],
      [
         9,
         -0.23658091574907303,
         false
      ],
      [
         5,
         -0.3001154065132141,
         false
      ],
      [
         4,
         -0.13610519468784332,
         false
      ],
      [
         9,
         0.03084404207766056,
         false
      ],
      [
         9,
         0.09493762627243996,
         true
      ]
   ],
   "remaining_rules": [
      1728,
      3459,
      4999,
      6728,
      8218,
      8219,
      9972,
      12136,
      13894,
      15592,
      17354
   ],
   "set_rules": [
      1728,
      3459,
      4999,
      6728,
      8218,
      9972,
      12136,
      13894,
      15592,
      17354
   ],
   "foil_estimated_class": [
      1
   ],
   "distance": 5.721567482999702e-05,
   "extraction_time": 0.5188314914703369,
   "feature_bounds": {
      "0": {
         "type": 2,
         "values": [
            0.5,
            null
         ]
      },
      "1": {
         "type": 2,
         "values": [
            null,
            0.5
         ]
      },
      "2": {
         "type": 2,
         "values": [
            1.5,
            2.5
         ]
      },
      "3": {
         "type": 2,
         "values": [
            2.5,
            3.5
         ]
      },
      "4": {
         "type": 1,
         "values": [
            -0.13610519468784332,
            -0.023647379130125046
         ]
      },
      "5": {
         "type": 1,
         "values": [
            -0.3001154065132141,
            -0.2866947054862976
         ]
      },
      "6": {
         "type": 2,
         "values": [
            null,
            0.5
         ]
      },
      "7": {
         "type": 2,
         "values": [
            null,
            0.5
         ]
      },
      "8": {
         "type": 2,
         "values": [
            5.5,
            null
         ]
      },
      "9": {
         "type": 1,
         "values": [
            0.028633919544517994,
            0.09493762627243996
         ]
      },
      "10": {
         "type": 1,
         "values": [
            -0.24214385449886322,
            -0.18690072745084763
         ]
      },
      "11": {
         "type": 2,
         "values": [
            0.5,
            1.5
         ]
      },
      "12": {
         "type": 2,
         "values": [
            5.5,
            7.5
         ]
      },
      "13": {
         "type": 2,
         "values": [
            0.5,
            null
         ]
      }
   },
   "feature_bounds_compact": {
      "0": {
         "type": 2,
         "values": [
            0.5,
            null
         ]
      },
      "1": {
         "type": 2,
         "values": [
            null,
            0.5
         ]
      },
      "2": {
         "type": 2,
         "values": [
            1.5,
            2.5
         ]
      },
      "3": {
         "type": 2,
         "values": [
            2.5,
            3.5
         ]
      },
      "4": {
         "type": 1,
         "values": [
            -0.13610519468784332,
            -0.023647379130125046
         ]
      },
      "5": {
         "type": 1,