{
   "counterfactual_sample": {
      "CO2": -0.8362407995302569, 
      "Temperature": -0.7140046241965291, 
      "Light": -0.071077, 
      "Humidity": -0.30944894685323737, 
      "HumidityRatio": -0.5197120437925993, 
      "y": 1
   }, 
   "factual_class": 1, 
   "factual_sample": {
      "CO2": -0.8362407995302569, 
      "Temperature": -0.7140046241965291, 
      "Light": -0.7724036570242273, 
      "Humidity": -0.30944894685323737, 
      "HumidityRatio": -0.5197120437925993, 
      "y": 1
   }, 
   "counterfactual_distance": 0.020674226190500487, 
   "counterfactual_class": 1, 
   "counterfactual_rule": {
      "Light": ">-0.072077"
   }, 
   "counterfactual_time": 17.566475868225098, 
   "counterfactual_found": false
}