{
   "counterfactual_sample": {
      "CO2": 1.239098840306568, 
      "Temperature": 0.2589176995521178, 
      "Light": 0.052325, 
      "Humidity": 1.0747739396796203, 
      "HumidityRatio": 0.7599616299916363, 
      "y": 1
   }, 
   "factual_class": 0, 
   "factual_sample": {
      "CO2": 1.239098840306568, 
      "Temperature": 0.2589176995521178, 
      "Light": 1.1823143803823304, 
      "Humidity": 1.0747739396796203, 
      "HumidityRatio": 0.7599616299916363, 
      "y": 0
   }, 
   "counterfactual_distance": 0.03331066316802038, 
   "counterfactual_class": 1, 
   "counterfactual_rule": {
      "Light": "<=0.052325"
   }, 
   "counterfactual_time": 17.30460500717163, 
   "counterfactual_found": true
}