{
   "found": true,
   "num_iterations": 45,
   "num_foil": 6,
   "_observation": [
      0.2589176995521178,
      1.4513564447630594,
      -0.7724036570242273,
      0.8090858242033794,
      1.0030605083781492
   ],
   "_idx": 180,
   "factual_class": 1,
   "feature_bounds_splits": {
      "0": {
         "type": 1,
         "values": [
            0.18838080763816833,
            0.23864848166704178
         ]
      },
      "1": {
         "type": 1,
         "values": [
            null,
            null
         ]
      },
      "2": {
         "type": 1,
         "values": [
            0.05578652396798134,
            0.9415389597415924
         ]
      },
      "3": {
         "type": 1,
         "values": [
            null,
            null
         ]
      },
      "4": {
         "type": 1,
         "values": [
            null,
            null
         ]
      }
   },
   "splits": [
      [
         2,
         -0.036719486117362976,
         false
      ],
      [
         2,
         0.05578652396798134,
         false
      ],
      [
         2,
         1.6018392443656921,
         true
      ],
      [
         2,
         1.4949427247047424,
         true
      ],
      [
         2,
         1.3736174702644348,
         true
      ],
      [
         2,
         1.0695549845695496,
         true
      ],
      [
         2,
         1.0240182280540466,
         true
      ],
      [
         2,
         0.9415389597415924,
         true
      ],
      [
         0,
         0.18838080763816833,
         false
      ],
      [
         0,
         0.23864848166704178,
         true
      ]
   ],
   "remaining_rules": [
      10,
      61,
      86,
      119,
      137,
      168,
      243,
      244,
      300,
      329
   ],
   "set_rules": [
      10,
      61,
      86,
      119,
      137,
      168,
      243,
      244,
      300,
      329
   ],
   "foil_estimated_class": [
      0
   ],
   "distance": 0.025408018486771013,
   "extraction_time": 0.0178072452545166,
   "feature_bounds": {
      "0": {
         "type": 1,
         "values": [
            -1.0837151408195496,
            0.23864848166704178
         ]
      },
      "1": {
         "type": 1,
         "values": [
            1.0771682038903236,
            null
         ]
      },
      "2": {
         "type": 1,
         "values": [
            0.05578652396798134,
            0.2364347132970579
         ]
      },
      "3": {
         "type": 1,
         "values": [
            0.46251241862773895,
            0.9770756661891937
         ]
      },
      "4": {
         "type": 1,
         "values": [
            -0.6545306742191315,
            null
         ]
      }
   },
   "feature_bounds_compact": {
      "0": {
         "type": 1,
         "values": [
            -1.0837151408195496,
            0.23864848166704178
         ]
      },
      "1": {
         "type": 1,
         "values": [
            1.0771682038903236,
            null
         ]
      },
      "2": {
         "type": 1,
         "values": [
            0.05578652396798134,
            0.2364347132970579
         ]
      },
      "3": {
         "type": 1,
         "values": [
            0.46251241862773895,
            0.9770756661891937
         ]
      },
      "4": {
         "type": 1,
         "values": [
            -0.6545306742191315,
            null
         ]
      }
   },
   "feature_bounds_compact_count": {
      "0": {
         "type": 1,
         "values": [
            -1.0837151408195496,
            0.23864848166704178
         ]
      },
      "1": {
         "type": 1,
         "values": [
            1.0771682038903236,
            null
         ]
      },
      "2": {
         "type": 1,
         "values": [
            0.05578652396798134,
            0.2364347132970579
         ]
      },
      "3": {
         "type": 1,
         "values": [
            0.46251241862773895,
            0.9770756661891937
         ]
      },
      "4": {
         "type": 1,
         "values": [
            -0.6545306742191315,
            null
         ]
      }
   },
   "counterfactual_sample": [
      0.23364848166704177,
      1.4513564447630594,
      0.060786523967981336,
      0.8090858242033794,
      1.0030605083781492
   ],
   "counterfactual_distance": 0.02540410217840522,
   "counterfactual_class": 0,
   "valid_": true
}