{
   "found": true,
   "num_iterations": 404,
   "num_foil": 196,
   "_observation": [
      -0.34915875279078645,
      -0.1904201441565649,
      1.0024323524001315,
      0.09258731525263304,
      -0.3032424136208277
   ],
   "_idx": 123,
   "factual_class": 0,
   "feature_bounds_splits": {
      "0": {
         "type": 1,
         "values": [
            -0.4578017443418503,
            -0.4099663943052292
         ]
      },
      "1": {
         "type": 1,
         "values": [
            -0.4662386178970337,
            -0.21231050044298172
         ]
      },
      "2": {
         "type": 1,
         "values": [
            0.9994343221187592,
            1.0088281631469727
         ]
      },
      "3": {
         "type": 1,
         "values": [
            0.04673824575729668,
            0.09956434741616249
         ]
      },
      "4": {
         "type": 1,
         "values": [
            -0.2346937507390976,
            -0.1973705291748047
         ]
      }
   },
   "splits": [
      [
         3,
         -0.03533443859487306,
         false
      ],
      [
         3,
         -0.021465805359184742,
         false
      ],
      [
         1,
         0.07500040158629417,
         true
      ],
      [
         3,
         0.04673824575729668,
         false
      ],
      [
         1,
         -0.05394746549427509,
         true
      ],
      [
         3,
         0.09956434741616249,
         true
      ],
      [
         0,
         -0.28429725766181946,
         true
      ],
      [
         4,
         -0.6511070132255554,
         false
      ],
      [
         2,
         0.93207848072052,
         false
      ],
      [
         2,
         0.9348766505718231,
         false
      ],
      [
         2,
         0.9472685158252716,
         false
      ],
      [
         2,
         0.9994343221187592,
         false
      ],
      [
         1,
         -0.20410162210464478,
         true
      ],
      [
         0,
         -0.3248356953263283,
         true
      ],
      [
         2,
         1.0088281631469727,
         true
      ],
      [
         1,
         -0.21196846663951874,
         true
      ],
      [
         1,
         -0.21231050044298172,
         true
      ],
      [
         1,
         -0.4662386178970337,
         false
      ],
      [
         0,
         -0.38158950209617615,
         true
      ],
      [
         4,
         -0.2367561087012291,
         false
      ],
      [
         0,
         -0.4099663943052292,
         true
      ],
      [
         0,
         -0.4578017443418503,
         false
      ],
      [
         4,
         -0.14226895570755005,
         true
      ],
      [
         4,
         -0.2346937507390976,
         false
      ],
      [
         4,
         -0.1973705291748047,
         true
      ]
   ],
   "remaining_rules": [
      15,
      45,
      68,
      109,
      140,
      182,
      221,
      264,
      285,
      332
   ],
   "set_rules": [
      15,
      45,
      68,
      109,
      140,
      182,
      221,
      264,
      285,
      332
   ],
   "foil_estimated_class": [
      1
   ],
   "distance": 0.00815080104773929,
   "extraction_time": 0.02429032325744629,
   "feature_bounds": {
      "0": {
         "type": 1,
         "values": [
            -0.4578017443418503,
            -0.4099663943052292
         ]
      },
      "1": {
         "type": 1,
         "values": [
            null,
            -0.21231050044298172
         ]
      },
      "2": {
         "type": 1,
         "values": [
            0.9994343221187592,
            1.0088281631469727
         ]
      },
      "3": {
         "type": 1,
         "values": [
            0.04673824575729668,
            0.1780773252248764
         ]
      },
      "4": {
         "type": 1,
         "values": [
            -0.2346937507390976,
            -0.1973705291748047
         ]
      }
   },
   "feature_bounds_compact": {
      "0": {
         "type": 1,
         "values": [
            -0.4578017443418503,
            -0.4099663943052292
         ]
      },
      "1": {
         "type": 1,
         "values": [
            null,
            -0.21231050044298172
         ]
      },
      "2": {
         "type": 1,
         "values": [
            0.9994343221187592,
            1.0088281631469727
         ]
      },
      "3": {
         "type": 1,
         "values": [
            0.04673824575729668,
            0.1780773252248764
         ]
      },
      "4": {
         "type": 1,
         "values": [
            -0.2346937507390976,
            -0.1973705291748047
         ]
      }
   },
   "feature_bounds_compact_count": {
      "0": {
         "type": 1,
         "values": [
            -0.4578017443418503,
            -0.4099663943052292
         ]
      },
      "1": {
         "type": 1,
         "values": [
            null,
            -0.21231050044298172
         ]
      },
      "2": {
         "type": 1,
         "values": [
            0.9994343221187592,
            1.0088281631469727
         ]
      },
      "3": {
         "type": 1,
         "values": [
            0.04673824575729668,
            0.1780773252248764
         ]
      },
      "4": {
         "type": 1,
         "values": [
            -0.2346937507390976,
            -0.1973705291748047
         ]
      }
   },
   "counterfactual_sample": [
      -0.4149663943052292,
      -0.21731050044298172,
      1.004434322118759,
      0.09258731525263304,
      -0.2296937507390976
   ],
   "counterfactual_distance": 0.008142816417556084,
   "counterfactual_class": 1,
   "valid_": true
}