{
   "found": true,
   "num_iterations": 151,
   "num_foil": 69,
   "_observation": [
      1.0956308979759537,
      -0.22325567593495815,
      0.9584611900044832,
      0.3222313524616479,
      0.2760549112926822
   ],
   "_idx": 19,
   "factual_class": 0,
   "feature_bounds_splits": {
      "0": {
         "type": 1,
         "values": [
            null,
            1.0980632305145264
         ]
      },
      "1": {
         "type": 1,
         "values": [
            null,
            null
         ]
      },
      "2": {
         "type": 1,
         "values": [
            0.9206859469413757,
            0.9230177700519562
         ]
      },
      "3": {
         "type": 1,
         "values": [
            0.3201809674501419,
            0.32804079353809357
         ]
      },
      "4": {
         "type": 1,
         "values": [
            null,
            null
         ]
      }
   },
   "splits": [
      [
         2,
         0.9994343221187592,
         true
      ],
      [
         2,
         0.9472685158252716,
         true
      ],
      [
         2,
         0.9415389597415924,
         true
      ],
      [
         2,
         0.9411392211914062,
         true
      ],
      [
         2,
         0.9376748204231262,
         true
      ],
      [
         2,
         0.9348766505718231,
         true
      ],
      [
         2,
         0.9304795265197754,
         true
      ],
      [
         2,
         0.9164887070655823,
         false
      ],
      [
         2,
         0.9206859469413757,
         false
      ],
      [
         2,
         0.9230177700519562,
         true
      ],
      [
         3,
         0.32804079353809357,
         true
      ],
      [
         0,
         1.0980632305145264,
         true
      ],
      [
         3,
         0.3201809674501419,
         false
      ]
   ],
   "remaining_rules": [
      8,
      41,
      74,
      114,
      146,
      149,
      178,
      179,
      218,
      253,
      286,
      290,
      325
   ],
   "set_rules": [
      8,
      41,
      74,
      114,
      149,
      179,
      218,
      253,
      286,
      325
   ],
   "foil_estimated_class": [
      1
   ],
   "distance": 0.001046301299149986,
   "extraction_time": 0.02249455451965332,
   "feature_bounds": {
      "0": {
         "type": 1,
         "values": [
            1.0810370445251465,
            1.0980632305145264
         ]
      },
      "1": {
         "type": 1,
         "values": [
            null,
            -0.21196846663951874
         ]
      },
      "2": {
         "type": 1,
         "values": [
            0.9206859469413757,
            0.9230177700519562
         ]
      },
      "3": {
         "type": 1,
         "values": [
            0.2336372807621956,
            0.32804079353809357
         ]
      },
      "4": {
         "type": 1,
         "values": [
            0.2531008720397949,
            0.3667628616094589
         ]
      }
   },
   "feature_bounds_compact": {
      "0": {
         "type": 1,
         "values": [
            1.0810370445251465,
            1.0980632305145264
         ]
      },
      "1": {
         "type": 1,
         "values": [
            null,
            -0.21196846663951874
         ]
      },
      "2": {
         "type": 1,
         "values": [
            0.9016984105110168,
            0.9230177700519562
         ]
      },
      "3": {
         "type": 1,
         "values": [
            0.2336372807621956,
            0.32804079353809357
         ]
      },
      "4": {
         "type": 1,
         "values": [
            0.2531008720397949,
            null
         ]
      }
   },
   "feature_bounds_compact_count": {
      "0": {
         "type": 1,
         "values": [
            0.9436117708683014,
            1.0980632305145264
         ]
      },
      "1": {
         "type": 1,
         "values": [
            null,
            -0.21196846663951874
         ]
      },
      "2": {
         "type": 1,
         "values": [
            0.9016984105110168,
            0.9230177700519562
         ]
      },
      "3": {
         "type": 1,
         "values": [
            0.2336372807621956,
            0.32804079353809357
         ]
      },
      "4": {
         "type": 1,
         "values": [
            0.2531008720397949,
            0.36955900490283966
         ]
      }
   },
   "counterfactual_sample": [
      1.0930632305145265,
      -0.22325567593495815,
      0.9180177700519562,
      0.3222313524616479,
      0.2760549112926822
   ],
   "counterfactual_distance": 0.0010448273621490583,
   "counterfactual_class": 1,
   "valid_": true
}