{
   "factual_sample": {
      "sex": 0.0,
      "length": 1.0493790513134569,
      "diameter": 1.1802995315641436,
      "height": 0.6093340950190824,
      "whole_weight": 0.8346574323320136,
      "shucked_weight": 1.2960133631394004,
      "viscera_weight": 0.6195774915625503,
      "shell_weight": 0.44306997889022903,
      "y": false
   },
   "counterfactual_sample": {
      "sex": 0,
      "length": 1.0705426064821957,
      "diameter": 1.1799556994197165,
      "height": 0.6151180642855768,
      "whole_weight": 0.8290489614009857,
      "shucked_weight": 1.2956695309949733,
      "viscera_weight": 0.619233659418123,
      "shell_weight": 0.44306997889022903,
      "y": true
   },
   "counterfactual_found": true,
   "counterfactual_plausible": true,
   "counterfactual_distance": 0.0005975609534411485,
   "counterfactual_time": 29.60161828994751,
   "counterfactual_class": 0,
   "factual_class": 0,
   "valid_": false
}