{
   "factual_sample": {
      "sex": 2.0,
      "length": 1.2159367112576485,
      "diameter": 1.3314665620526944,
      "height": 1.326659055767273,
      "whole_weight": 0.7918291604162345,
      "shucked_weight": 0.7778468455569086,
      "viscera_weight": 0.8476773331124431,
      "shell_weight": 0.6657935198253477,
      "y": false
   },
   "counterfactual_sample": {
      "sex": 2,
      "length": 1.2154996049747442,
      "diameter": 1.3309361970303093,
      "height": 1.3268776089087253,
      "whole_weight": 0.7770432233810425,
      "shucked_weight": 0.8886759535386112,
      "viscera_weight": 0.8472402268295387,
      "shell_weight": 0.5795779526233673,
      "y": true
   },
   "counterfactual_found": true,
   "counterfactual_plausible": true,
   "counterfactual_distance": 0.003912223603656938,
   "counterfactual_time": 106.24990344047546,
   "counterfactual_class": 1,
   "factual_class": 0,
   "valid_": true
}