{
   "factual_sample": {
      "sex": 0.0,
      "length": 0.5080666564948327,
      "diameter": 0.5252423994470907,
      "height": 0.7288882551437809,
      "whole_weight": 0.5195637175230658,
      "shucked_weight": 0.06818400625914779,
      "viscera_weight": 1.3266870003672178,
      "shell_weight": 0.6190934225325002,
      "y": false
   },
   "counterfactual_sample": {
      "sex": 0,
      "length": 0.5080666542053223,
      "diameter": 0.5504369139671326,
      "height": 0.7288882253414585,
      "whole_weight": 0.519563732424227,
      "shucked_weight": 0.12563293054699898,
      "viscera_weight": 1.3266870003672178,
      "shell_weight": 0.6172822877422435,
      "y": true
   },
   "counterfactual_found": true,
   "counterfactual_plausible": true,
   "counterfactual_distance": 0.0016284008180629372,
   "counterfactual_time": 76.37945032119751,
   "counterfactual_class": 1,
   "factual_class": 0,
   "valid_": true
}