{
   "factual_sample": {
      "sex": 1.0,
      "length": -1.5322646778215163,
      "diameter": -1.591096027392619,
      "height": -1.1839783068513945,
      "whole_weight": -1.3251111371351425,
      "shucked_weight": -1.2700373478452007,
      "viscera_weight": -1.3466431425975247,
      "shell_weight": -1.320756772708855,
      "y": true
   },
   "counterfactual_sample": {
      "sex": 1,
      "length": -1.5322646778215163,
      "diameter": -1.5910960377797931,
      "height": -1.1839783068513945,
      "whole_weight": -1.3246012822229942,
      "shucked_weight": -1.2700373530387878,
      "viscera_weight": -1.426478087902069,
      "shell_weight": -1.3208932640695321,
      "y": true
   },
   "counterfactual_found": true,
   "counterfactual_plausible": true,
   "counterfactual_distance": 0.0014535266264135167,
   "counterfactual_time": 45.41217517852783,
   "counterfactual_class": 1,
   "factual_class": 1,
   "valid_": false
}