{
   "factual_sample": {
      "sex": 2.0,
      "length": 0.4247878265227367,
      "diameter": 0.4748533892842405,
      "height": 0.3702257747696853,
      "whole_weight": 0.3757830903772353,
      "shucked_weight": 0.4917288119352717,
      "viscera_weight": 0.2546177450827219,
      "shell_weight": 0.4035545119501273,
      "y": false
   },
   "counterfactual_sample": {
      "sex": 2,
      "length": 0.42472319568000855,
      "diameter": 0.47481225744638916,
      "height": 0.31044870615005493,
      "whole_weight": 0.37556615215648914,
      "shucked_weight": 0.49168422459292804,
      "viscera_weight": 0.2545766132448706,
      "shell_weight": 0.40348744651698826,
      "y": true
   },
   "counterfactual_found": true,
   "counterfactual_plausible": true,
   "counterfactual_distance": 0.00028616274534449247,
   "counterfactual_time": 50.06983208656311,
   "counterfactual_class": 1,
   "factual_class": 0,
   "valid_": true
}