{
   "factual_sample": {
      "sex": 0.0,
      "length": 0.2165907515924977,
      "diameter": 0.3236863587956897,
      "height": 0.2506716146449868,
      "whole_weight": 0.1341092702810522,
      "shucked_weight": -0.20216374204476104,
      "viscera_weight": -0.2700118904820312,
      "shell_weight": 0.5831702707687715,
      "y": 0
   },
   "counterfactual_sample": {
      "sex": 0.0,
      "length": 0.2998695815645937,
      "diameter": 0.2229083384699892,
      "height": 0.2506716146449868,
      "whole_weight": 0.10963597204346404,
      "shucked_weight": -0.057978276282676426,
      "viscera_weight": -0.07840802358012146,
      "shell_weight": 0.5113239672413138,
      "y": 1
   },
   "counterfactual_found": true,
   "counterfactual_plausible": true,
   "counterfactual_distance": 0.011713126341636623,
   "counterfactual_time": 0.6102604866027832,
   "counterfactual_class": 1,
   "factual_class": 0,
   "valid_": true
}