{
   "counterfactual_sample": {
      "shucked_weight": -0.7473650344576438, 
      "diameter": -0.07942572250711186, 
      "whole_weight": -0.5582811256907129, 
      "shell_weight": -0.3149085233244485, 
      "viscera_weight": -0.4570537605529431, 
      "height": -0.347099, 
      "length": 0.05003309164830575, 
      "y": 1, 
      "sex": 1.0
   }, 
   "factual_class": 0, 
   "factual_sample": {
      "shucked_weight": -0.7473650344576438, 
      "diameter": -0.07942572250711186, 
      "whole_weight": -0.5582811256907129, 
      "shell_weight": -0.3149085233244485, 
      "viscera_weight": -0.4570537605529431, 
      "height": 0.13111745452028825, 
      "length": 0.05003309164830575, 
      "y": 0, 
      "sex": 1.0
   }, 
   "counterfactual_distance": 0.002212388520132494, 
   "counterfactual_class": 1, 
   "counterfactual_rule": {
      "shucked_weight": "<=-0.670767", 
      "whole_weight": "<=-0.510354", 
      "height": "<=-0.347099"
   }, 
   "counterfactual_time": 18.154991149902344, 
   "counterfactual_found": true
}