{
   "factual_sample": {
      "variance_wti": -0.5338428267664723,
      "skewness_wti": -0.3809201227500093,
      "curtosis_wty": -0.02695328300835161,
      "entropy": 0.7639893182545253,
      "y": true
   },
   "counterfactual_sample": {
      "variance_wti": -0.038248338648330896,
      "skewness_wti": -0.3810869031536117,
      "curtosis_wty": -0.027120063411954002,
      "entropy": 0.7638225378509229,
      "y": true
   },
   "counterfactual_found": true,
   "counterfactual_plausible": true,
   "counterfactual_distance": 0.025415243666868176,
   "counterfactual_time": 2.2457809448242188,
   "counterfactual_class": 0,
   "factual_class": 1,
   "valid_": true
}