{
   "found": true,
   "num_iterations": 555,
   "num_foil": 253,
   "_observation": [
      0.0,
      1.0,
      3.0,
      3.0,
      3.5312690370966413,
      2.6837528373129795,
      0.0,
      0.0,
      1.0,
      1.3967004432211363,
      0.31028734639329025,
      1.0,
      2.0,
      1.0
   ],
   "_idx": 597,
   "factual_class": 1,
   "feature_bounds_splits": {
      "0": {
         "type": 2,
         "values": [
            null,
            null
         ]
      },
      "1": {
         "type": 2,
         "values": [
            0.5,
            null
         ]
      },
      "2": {
         "type": 2,
         "values": [
            null,
            null
         ]
      },
      "3": {
         "type": 2,
         "values": [
            null,
            null
         ]
      },
      "4": {
         "type": 1,
         "values": [
            3.4604623317718506,
            null
         ]
      },
      "5": {
         "type": 1,
         "values": [
            2.473495364189148,
            2.8090126514434814
         ]
      },
      "6": {
         "type": 2,
         "values": [
            null,
            0.5
         ]
      },
      "7": {
         "type": 2,
         "values": [
            null,
            0.5
         ]
      },
      "8": {
         "type": 2,
         "values": [
            0.5,
            1.5
         ]
      },
      "9": {
         "type": 1,
         "values": [
            0.8419593870639801,
            0.8640606701374054
         ]
      },
      "10": {
         "type": 1,
         "values": [
            0.3323846086859703,
            0.36553046107292175
         ]
      },
      "11": {
         "type": 2,
         "values": [
            null,
            null
         ]
      },
      "12": {
         "type": 2,
         "values": [
            1.5,
            2.5
         ]
      },
      "13": {
         "type": 2,
         "values": [
            0.5,
            null
         ]
      }
   },
   "splits": [
      [
         13,
         0.5,
         false
      ],
      [
         5,
         3.2563692331314087,
         true
      ],
      [
         5,
         3.041638195514679,
         true
      ],
      [
         5,
         2.8090126514434814,
         true
      ],
      [
         5,
         2.473495364189148,
         false
      ],
      [
         10,
         1.0615938007831573,
         true
      ],
      [
         1,
         0.5,
         false
      ],
      [
         8,
         0.5,
         false
      ],
      [
         8,
         1.5,
         true
      ],
      [
         12,
         0.5,
         false
      ],
      [
         12,
         1.5,
         false
      ],
      [
         12,
         2.5,
         true
      ],
      [
         9,
         1.1160147190093994,
         true
      ],
      [
         4,
         0.045076841954141855,
         false
      ],
      [
         4,
         0.0742325708270073,
         false
      ],
      [
         9,
         -0.6719752848148346,
         false
      ],
      [
         4,
         0.09714064374566078,
         false
      ],
      [
         9,
         -0.6697651445865631,
         false
      ],
      [
         4,
         0.578210175037384,
         false
      ],
      [
         9,
         1.1071742177009583,
         true
      ],
      [
         9,
         -0.06861151941120625,
         false
      ],
      [
         9,
         -0.050930531695485115,
         false
      ],
      [
         9,
         1.1049640774726868,
         true
      ],
      [
         10,
         0.9179616570472717,
         true
      ],
      [
         9,
         0.39330431818962097,
         false
      ],
      [
         9,
         0.607686311006546,
         false
      ],
      [
         10,
         -0.09851173870265484,
         false
      ],
      [
         9,
         0.6187369227409363,
         false
      ],
      [
         9,
         0.8640606701374054,
         true
      ],
      [
         9,
         0.7800759673118591,
         false
      ],
      [
         4,
         0.6219437718391418,
         false
      ],
      [
         10,
         0.8848157823085785,
         true
      ],
      [
         10,
         0.36553047597408295,
         true
      ],
      [
         4,
         1.1134260296821594,
         false
      ],
      [
         4,
         1.6153210997581482,
         false
      ],
      [
         4,
         1.9756026864051819,
         false
      ],
      [
         10,
         -0.05431724339723587,
         false
      ],
      [
         6,
         0.5,
         true
      ],
      [
         10,
         0.16665523871779442,
         false
      ],
      [
         4,
         2.20676589012146,
         false
      ],
      [
         7,
         0.5,
         true
      ],
      [
         9,
         0.7955467998981476,
         false
      ],
      [
         9,
         0.7999670505523682,
         false
      ],
      [
         10,
         0.2881901040673256,
         false
      ],
      [
         4,
         3.4604623317718506,
         false
      ],
      [
         9,
         0.8419593870639801,
         false
      ],
      [
         10,
         0.32133597135543823,
         false
      ],
      [
         10,
         0.36553046107292175,
         true
      ],
      [
         10,
         0.3323846086859703,
         false
      ]
   ],
   "remaining_rules": [
      652,
      2764,
      4157,
      6416,
      8674,
      9793,
      12161,
      13899,
      14909,
      17320
   ],
   "set_rules": [
      652,
      2764,
      4157,
      6416,
      8674,
      9793,
      12161,
      13899,
      14909,
      17320
   ],
   "foil_estimated_class": [
      0
   ],
   "distance": 0.00299979946446344,
   "extraction_time": 0.4827892780303955,
   "feature_bounds": {
      "0": {
         "type": 2,
         "values": [
            null,
            0.5
         ]
      },
      "1": {
         "type": 2,
         "values": [
            0.5,
            null
         ]
      },
      "2": {
         "type": 2,
         "values": [
            1.5,
            null
         ]
      },
      "3": {
         "type": 2,
         "values": [
            2.5,
            3.5
         ]
      },
      "4": {
         "type": 1,
         "values": [
            3.4604623317718506,
            null
         ]
      },
      "5": {
         "type": 1,
         "values": [
            2.3795504570007324,
            3.91845703125
         ]
      },
      "6": {
         "type": 2,
         "values": [
            null,
            0.5
         ]
      },
      "7": {
         "type": 2,
         "values": [
            null,
            0.5
         ]
      },
      "8": {
         "type": 2,
         "values": [
            null,
            1.5
         ]
      },
      "9": {
         "type": 1,
         "values": [
            0.8419593870639801,
            0.8640606701374054
         ]
      },
      "10": {
         "type": 1,
         "values": [
            0.3323846086859703,
            0.36553046107292175
         ]
      },
      "11": {
         "type": 2,
         "values": [
            0.5,
            1.5
         ]
      },
      "12": {
         "type": 2,
         "values": [
            1.5,
            2.5
         ]
      },
      "13": {
         "type": 2,
         "values": [
            0.5,
            null
         ]
      }
   },
   "feature_bounds_compact": {
      "0": {
         "type": 2,
         "values": [
            null,
            0.5
         ]
      },
      "1": {
         "type": 2,
         "values": [
            0.5,
            null
         ]
      },
      "2": {
         "type": 2,
         "values": [
            null,
            null
         ]
      },
      "3": {
         "type": 2,
         "values": [
            2.5,
            3.5
         ]
      },