{
   "found": true,
   "num_iterations": 506,
   "num_foil": 242,
   "_observation": [
      0.0,
      1.0,
      2.0,
      2.0,
      -0.1881689940092809,
      -0.376166025540068,
      0.0,
      0.0,
      0.0,
      -0.1371253521833344,
      -0.24214385307631545,
      1.0,
      12.0,
      1.0
   ],
   "_idx": 929,
   "factual_class": 0,
   "feature_bounds_splits": {
      "0": {
         "type": 2,
         "values": [
            null,
            null
         ]
      },
      "1": {
         "type": 2,
         "values": [
            null,
            null
         ]
      },
      "2": {
         "type": 2,
         "values": [
            null,
            null
         ]
      },
      "3": {
         "type": 2,
         "values": [
            null,
            null
         ]
      },
      "4": {
         "type": 1,
         "values": [
            -0.15276560932397842,
            -0.14027029275894165
         ]
      },
      "5": {
         "type": 1,
         "values": [
            -0.3180096745491028,
            -0.3180096596479416
         ]
      },
      "6": {
         "type": 2,
         "values": [
            null,
            null
         ]
      },
      "7": {
         "type": 2,
         "values": [
            null,
            null
         ]
      },
      "8": {
         "type": 2,
         "values": [
            null,
            null
         ]
      },
      "9": {
         "type": 1,
         "values": [
            -0.15259622037410736,
            -0.1172342412173748
         ]
      },
      "10": {
         "type": 1,
         "values": [
            -0.2531924769282341,
            -0.23109523206949234
         ]
      },
      "11": {
         "type": 2,
         "values": [
            null,
            null
         ]
      },
      "12": {
         "type": 2,
         "values": [
            null,
            null
         ]
      },
      "13": {
         "type": 2,
         "values": [
            null,
            null
         ]
      }
   },
   "splits": [
      [
         5,
         -0.4164281189441681,
         false
      ],
      [
         5,
         -0.4119545519351959,
         false
      ],
      [
         5,
         -0.36721889674663544,
         false
      ],
      [
         4,
         -0.2423153519630432,
         false
      ],
      [
         5,
         -0.16143488138914108,
         true
      ],
      [
         4,
         -0.22982004284858704,
         false
      ],
      [
         4,
         -0.15693071484565735,
         false
      ],
      [
         4,
         -0.15276560932397842,
         false
      ],
      [
         10,
         -0.20899797603487968,
         true
      ],
      [
         4,
         -0.14027029275894165,
         true
      ],
      [
         9,
         -0.1172342412173748,
         true
      ],
      [
         10,
         -0.28633834421634674,
         false
      ],
      [
         10,
         -0.27528972923755646,
         false
      ],
      [
         10,
         -0.2642411068081856,
         false
      ],
      [
         5,
         -0.2598533183336258,
         true
      ],
      [
         5,
         -0.26880045235157013,
         true
      ],
      [
         5,
         -0.2732740044593811,
         true
      ],
      [
         10,
         -0.2531924769282341,
         false
      ],
      [
         9,
         -0.15701646357774734,
         false
      ],
      [
         9,
         -0.15259622037410736,
         false
      ],
      [
         10,
         -0.20899797976016998,
         true
      ],
      [
         10,
         -0.23109523206949234,
         true
      ],
      [
         5,
         -0.36274532973766327,
         false
      ],
      [
         5,
         -0.3448510617017746,
         false
      ],
      [
         5,
         -0.33590392768383026,
         false
      ],
      [
         5,
         -0.3314303755760193,
         false
      ],
      [
         5,
         -0.2911682724952698,
         true
      ],
      [
         5,
         -0.3180096596479416,
         true
      ],
      [
         5,
         -0.3180096745491028,
         false
      ]
   ],
   "remaining_rules": [
      712,
      2903,
      3819,
      6495,
      8462,
      10314,
      11619,
      13522,
      15560,
      17164
   ],
   "set_rules": [
      712,
      2903,
      3819,
      6495,
      8462,
      10314,
      11619,
      13522,
      15560,
      17164
   ],
   "foil_estimated_class": [
      1
   ],
   "distance": 0.0003509534510800753,
   "extraction_time": 0.25945258140563965,
   "feature_bounds": {
      "0": {
         "type": 2,
         "values": [
            null,
            0.5
         ]
      },
      "1": {
         "type": 2,
         "values": [
            0.5,
            null
         ]
      },
      "2": {
         "type": 2,
         "values": [
            1.5,
            2.5
         ]
      },
      "3": {
         "type": 2,
         "values": [
            1.5,
            2.5
         ]
      },
      "4": {
         "type": 1,
         "values": [
            -0.15276560932397842,
            -0.14027029275894165
         ]
      },
      "5": {
         "type": 1,
         "values": [
            -0.3180096745491028,
            -0.30906254053115845
         ]
      },
      "6": {
         "type": 2,
         "values": [
            null,
            0.5
         ]
      },
      "7": {
         "type": 2,
         "values": [
            null,
            0.5
         ]
      },
      "8": {
         "type": 2,
         "values": [
            null,
            0.5
         ]
      },
      "9": {
         "type": 1,
         "values": [
            -0.15701646357774734,
            -0.06640139780938625
         ]
      },
      "10": {
         "type": 1,
         "values": [
            -0.2531924769282341,
            -0.20899797976016998
         ]
      },
      "11": {
         "type": 2,
         "values": [
            0.5,
            1.5
         ]
      },
      "12": {
         "type": 2,
         "values": [
            11.5,
            12.5
         ]
      },
      "13": {
         "type": 2,
         "values": [
            0.5,
            null
         ]
      }
   },
   "feature_bounds_compact": {
      "0": {
         "type": 2,
         "values": [
            null,
            0.5
         ]
      },
      "1": {
         "type": 2,
         "values": [
            0.5,
            null
         ]
      },
      "2": {
         "type": 2,
         "values": [
            1.5,
            2.5
         ]
      },
      "3": {
         "type": 2,
         "values": [
            1.5,
            2.5
         ]
      },
      "4": {
         "type": 1,
         "values": [
            -0.15276560932397842,
            -0.14027029275894165
         ]
      },
      "5": {
         "type": 1,
         "values": [
            -0.3180096745491028,
            -0.30906254053115845
         ]
      },
      "6": {
         "type": 2,
         "values": [
            null,
            0.5
         ]
      },
      "7": {
         "type": 2,
         "values": [
            null,
            0.5
         ]
      },
      "8": {
         "type": 2,
         "values": [
            null,
            0.5
         ]
      },
      "9": {
         "type": 1,
         "values": [
            -0.15701646357774734,
            -0.06640139780938625
         ]
      },
      "10": {
         "type": 1,
         "values": [
            -0.2531924769282341,
            -0.20899797976016998
         ]
      },
      "11": {
         "type": 2,
         "values": [
            0.5,
            1.5
         ]
      },
      "12": {
         "type": 2,
         "values": [
            11.5,
            12.5
         ]
      },
      "13": {
         "type": 2,
         "values": [
            0.5,
            null
         ]
      }
   },