{
   "found": true,
   "num_iterations": 40673,
   "num_foil": 20326,
   "_observation": [
      0.0,
      1.0,
      3.0,
      3.0,
      -0.6713210786770154,
      -0.2061705331593431,
      1.0,
      6.0,
      0.0,
      -0.592410818830771,
      0.13350936256301646,
      0.0,
      0.0,
      0.0
   ],
   "_idx": 786,
   "factual_class": 1,
   "feature_bounds_splits": {
      "0": {
         "type": 2,
         "values": [
            null,
            null
         ]
      },
      "1": {
         "type": 2,
         "values": [
            null,
            null
         ]
      },
      "2": {
         "type": 2,
         "values": [
            null,
            null
         ]
      },
      "3": {
         "type": 2,
         "values": [
            null,
            null
         ]
      },
      "4": {
         "type": 1,
         "values": [
            -0.7567057311534882,
            -0.7400452792644501
         ]
      },
      "5": {
         "type": 1,
         "values": [
            -0.2553797587752342,
            -0.21959123015403748
         ]
      },
      "6": {
         "type": 2,
         "values": [
            null,
            null
         ]
      },
      "7": {
         "type": 2,
         "values": [
            null,
            null
         ]
      },
      "8": {
         "type": 2,
         "values": [
            null,
            null
         ]
      },
      "9": {
         "type": 1,
         "values": [
            -0.6211424171924591,
            -0.5902006924152374
         ]
      },
      "10": {
         "type": 1,
         "values": [
            0.16665523499250412,
            0.18875247985124588
         ]
      },
      "11": {
         "type": 2,
         "values": [
            null,
            null
         ]
      },
      "12": {
         "type": 2,
         "values": [
            null,
            0.5
         ]
      },
      "13": {
         "type": 2,
         "values": [
            null,
            null
         ]
      }
   },
   "splits": [
      [
         4,
         -0.17775623500347137,
         true
      ],
      [
         9,
         -0.667555034160614,
         false
      ],
      [
         4,
         -0.6588257849216461,
         true
      ],
      [
         5,
         -0.03170147491618991,
         true
      ],
      [
         4,
         -0.6609083116054535,
         true
      ],
      [
         4,
         -0.6671559810638428,
         true
      ],
      [
         5,
         -0.031701475381851196,
         true
      ],
      [
         5,
         -0.19722340814769268,
         true
      ],
      [
         4,
         -0.6692385375499725,
         true
      ],
      [
         5,
         -0.3761660307645798,
         false
      ],
      [
         10,
         -0.12060898542404175,
         false
      ],
      [
         4,
         -0.6754861772060394,
         true
      ],
      [
         4,
         -0.6817338168621063,
         true
      ],
      [
         10,
         0.2329469844698906,
         true
      ],
      [
         4,
         -0.6983942687511444,
         true
      ],
      [
         4,
         -0.7004767954349518,
         true
      ],
      [
         5,
         -0.2553797587752342,
         false
      ],
      [
         4,
         -0.7108895778656006,
         true
      ],
      [
         10,
         -0.010122748091816902,
         false
      ],
      [
         10,
         0.03407174535095692,
         false
      ],
      [
         10,
         0.07826624065637589,
         false
      ],
      [
         12,
         0.5,
         true
      ],
      [
         10,
         0.18875248730182648,
         true
      ],
      [
         4,
         -0.712972104549408,
         true
      ],
      [
         4,
         -0.7275499999523163,
         true
      ],
      [
         4,
         -0.7358801960945129,
         true
      ],
      [
         9,
         -0.1702772043645382,
         true
      ],
      [
         4,
         -0.7400452792644501,
         true
      ],
      [
         4,
         -0.7671184837818146,
         false
      ],
      [
         5,
         -0.21959122270345688,
         true
      ],
      [
         5,
         -0.21959123015403748,
         true
      ],
      [
         9,
         -0.45538316667079926,
         true
      ],
      [
         9,
         -0.45759327709674835,
         true
      ],
      [
         9,
         -0.5879905819892883,
         true
      ],
      [
         9,
         -0.6653448939323425,
         false
      ],
      [
         9,
         -0.5902006924152374,
         true
      ],
      [
         9,
         -0.6498740315437317,
         false
      ],
      [
         10,
         0.16665523499250412,
         false
      ],
      [
         10,
         0.18875247985124588,
         true
      ],
      [
         9,
         -0.643243670463562,
         false
      ],
      [
         4,
         -0.762953370809555,
         false
      ],
      [
         4,
         -0.7587882578372955,
         false
      ],
      [
         4,
         -0.7567057311534882,
         false
      ],
      [
         9,
         -0.6299829185009003,
         false
      ],
      [
         9,
         -0.6211424171924591,
         false
      ]
   ],
   "remaining_rules": [
      1430,
      2426,
      4970,
      5956,
      7592,
      9427,
      10937,
      12758,
      14234,
      16153
   ],
   "set_rules": [
      1430,
      2426,
      4970,
      5956,
      7592,
      9427,
      10937,
      12758,
      14234,
      16153
   ],
   "foil_estimated_class": [
      0
   ],
   "distance": 0.0005422570418339264,
   "extraction_time": 1.5332388877868652,
   "feature_bounds": {
      "0": {
         "type": 2,
         "values": [
            null,
            0.5
         ]
      },
      "1": {
         "type": 2,
         "values": [
            0.5,
            null
         ]
      },
      "2": {
         "type": 2,
         "values": [
            2.5,
            3.5
         ]
      },
      "3": {
         "type": 2,
         "values": [
            2.5,
            3.5
         ]
      },
      "4": {
         "type": 1,
         "values": [
            -0.7567057311534882,
            -0.7400452792644501
         ]
      },
      "5": {
         "type": 1,
         "values": [
            -0.3537982106208801,
            -0.21959123015403748
         ]
      },
      "6": {
         "type": 2,
         "values": [
            0.5,
            1.0
         ]
      },
      "7": {
         "type": 2,
         "values": [
            5.5,
            null
         ]
      },
      "8": {
         "type": 2,
         "values": [
            null,
            0.5
         ]
      },
      "9": {
         "type": 1,
         "values": [
            -0.6211424171924591,
            -0.5902006924152374
         ]
      },
      "10": {
         "type": 1,
         "values": [
            0.16665523499250412,
            0.18875247985124588
         ]
      },
      "11": {
         "type": 2,
         "values": [
            null,
            0.5
         ]
      },
      "12": {
         "type": 2,
         "values": [
            null,
            0.5
         ]
      },
      "13": {
         "type": 2,
         "values": [
            null,
            0.5
         ]
      }
   },
   "feature_bounds_compact": {
      "0": {
         "type": 2,
         "values": [
            null,
            0.5
         ]
      },
      "1": {
         "type": 2,
         "values": [
            0.5,
            null
         ]
      },
      "2": {
         "type": 2,
         "values": [
            2.5,
            3.5
         ]
      },
      "3": {
         "type": 2,
         "values": [
            2.5,
            3.5
         ]
      },
      "4": {
         "type": 1,