{
   "found": true,
   "num_iterations": 44,
   "num_foil": 7,
   "_observation": [
      0.0,
      0.0,
      2.0,
      4.0,
      -0.4963867031938701,
      -0.009333647244819604,
      2.0,
      6.0,
      0.0,
      -0.5835703243327625,
      0.6196488180962694,
      0.0,
      0.0,
      0.0
   ],
   "_idx": 523,
   "factual_class": 1,
   "feature_bounds_splits": {
      "0": {
         "type": 2,
         "values": [
            null,
            null
         ]
      },
      "1": {
         "type": 2,
         "values": [
            null,
            null
         ]
      },
      "2": {
         "type": 2,
         "values": [
            null,
            null
         ]
      },
      "3": {
         "type": 2,
         "values": [
            null,
            null
         ]
      },
      "4": {
         "type": 1,
         "values": [
            -0.5047169029712677,
            -0.4984692633152008
         ]
      },
      "5": {
         "type": 1,
         "values": [
            -0.11222565360367298,
            -0.00038651609793305397
         ]
      },
      "6": {
         "type": 2,
         "values": [
            null,
            null
         ]
      },
      "7": {
         "type": 2,
         "values": [
            null,
            null
         ]
      },
      "8": {
         "type": 2,
         "values": [
            null,
            null
         ]
      },
      "9": {
         "type": 1,
         "values": [
            -0.6012513041496277,
            -0.5902006924152374
         ]
      },
      "10": {
         "type": 1,
         "values": [
            0.6086001694202423,
            0.6306974291801453
         ]
      },
      "11": {
         "type": 2,
         "values": [
            null,
            null
         ]
      },
      "12": {
         "type": 2,
         "values": [
            null,
            null
         ]
      },
      "13": {
         "type": 2,
         "values": [
            null,
            null
         ]
      }
   },
   "splits": [
      [
         5,
         0.10250549018383026,
         true
      ],
      [
         5,
         0.09803192690014839,
         true
      ],
      [
         5,
         -0.3985338509082794,
         false
      ],
      [
         9,
         -0.6830258965492249,
         false
      ],
      [
         9,
         -0.6763955354690552,
         false
      ],
      [
         5,
         0.08461122959852219,
         true
      ],
      [
         9,
         -0.6741853952407837,
         false
      ],
      [
         9,
         -0.6410335600376129,
         false
      ],
      [
         9,
         -0.6299829185009003,
         false
      ],
      [
         9,
         -0.6100918054580688,
         false
      ],
      [
         5,
         0.04434914141893387,
         true
      ],
      [
         5,
         0.0398755744099617,
         true
      ],
      [
         5,
         0.004087045788764954,
         true
      ],
      [
         4,
         -0.48389141261577606,
         true
      ],
      [
         4,
         -0.6692385375499725,
         false
      ],
      [
         4,
         -0.48597393929958344,
         true
      ],
      [
         9,
         -0.570309579372406,
         true
      ],
      [
         9,
         -0.5725196897983551,
         true
      ],
      [
         10,
         0.6638433039188385,
         true
      ],
      [
         5,
         -0.00038651609793305397,
         true
      ],
      [
         4,
         -0.5921840965747833,
         false
      ],
      [
         4,
         -0.5901015400886536,
         false
      ],
      [
         5,
         -0.11222565360367298,
         false
      ],
      [
         4,
         -0.5713585913181305,
         false
      ],
      [
         9,
         -0.5791500508785248,
         true
      ],
      [
         4,
         -0.5567806959152222,
         false
      ],
      [
         10,
         0.3434332236647606,
         false
      ],
      [
         10,
         0.6086001694202423,
         false
      ],
      [
         9,
         -0.5813601911067963,
         true
      ],
      [
         9,
         -0.5857804417610168,
         true
      ],
      [
         10,
         0.6306974291801453,
         true
      ],
      [
         4,
         -0.5047169029712677,
         false
      ],
      [
         4,
         -0.4984692633152008,
         true
      ],
      [
         9,
         -0.5902006924152374,
         true
      ],
      [
         9,
         -0.6012513041496277,
         false
      ]
   ],
   "remaining_rules": [
      1358,
      2489,
      5186,
      5982,
      8053,
      9560,
      11904,
      13049,
      14719,
      16232
   ],
   "set_rules": [
      1358,
      2489,
      5186,
      5982,
      8053,
      9560,
      11904,
      13049,
      14719,
      16232
   ],
   "foil_estimated_class": [
      0
   ],
   "distance": 4.8830010463579376e-05,
   "extraction_time": 0.22529149055480957,
   "feature_bounds": {
      "0": {
         "type": 2,
         "values": [
            null,
            0.5
         ]
      },
      "1": {
         "type": 2,
         "values": [
            null,
            0.5
         ]
      },
      "2": {
         "type": 2,
         "values": [
            1.5,
            2.5
         ]
      },
      "3": {
         "type": 2,
         "values": [
            3.5,
            null
         ]
      },
      "4": {
         "type": 1,
         "values": [
            -0.5047169029712677,
            -0.4984692633152008
         ]
      },
      "5": {
         "type": 1,
         "values": [
            -0.15696130692958832,
            -0.00038651609793305397
         ]
      },
      "6": {
         "type": 2,
         "values": [
            1.5,
            2.0
         ]
      },
      "7": {
         "type": 2,
         "values": [
            5.5,
            null
         ]
      },
      "8": {
         "type": 2,
         "values": [
            null,
            0.5
         ]
      },
      "9": {
         "type": 1,
         "values": [
            -0.6012513041496277,
            -0.5902006924152374
         ]
      },
      "10": {
         "type": 1,
         "values": [
            0.6086001694202423,
            0.6306974291801453
         ]
      },
      "11": {
         "type": 2,
         "values": [
            null,
            0.5
         ]
      },
      "12": {
         "type": 2,
         "values": [
            null,
            0.5
         ]
      },
      "13": {
         "type": 2,
         "values": [
            null,
            0.5
         ]
      }
   },
   "feature_bounds_compact": {
      "0": {
         "type": 2,
         "values": [
            null,
            0.5
         ]
      },
      "1": {
         "type": 2,
         "values": [
            null,
            0.5
         ]
      },
      "2": {
         "type": 2,
         "values": [
            1.5,
            2.5
         ]
      },
      "3": {
         "type": 2,
         "values": [
            3.5,
            null
         ]
      },
      "4": {
         "type": 1,
         "values": [
            -0.5047169029712677,
            -0.4984692633152008
         ]
      },
      "5": {
         "type": 1,
         "values": [
            -0.15696130692958832,
            -0.00038651609793305397
         ]
      },
      "6": {
         "type": 2,
         "values": [
            1.5,
            2.0
         ]
      },
      "7": {
         "type": 2,
         "values": [
            5.5,
            null
         ]
      },
      "8": {
         "type": 2,
         "values": [
            null,
            0.5
         ]
      },
      "9": {
         "type": 1,
         "values": [
            -0.6012513041496277,
            -0.5902006924152374
         ]
      },
      "10": {
         "type": 1,