{
   "found": true,
   "num_iterations": 51,
   "num_foil": 1,
   "_observation": [
      0.0,
      1.0,
      2.0,
      3.0,
      4.064402371902417,
      0.017507746288979057,
      0.0,
      0.0,
      6.0,
      4.172615715595798,
      0.7301350579901905,
      1.0,
      8.0,
      1.0
   ],
   "_idx": 301,
   "factual_class": 1,
   "feature_bounds_splits": {
      "0": {
         "type": 2,
         "values": [
            null,
            0.5
         ]
      },
      "1": {
         "type": 2,
         "values": [
            0.5,
            null
         ]
      },
      "2": {
         "type": 2,
         "values": [
            1.5,
            2.5
         ]
      },
      "3": {
         "type": 2,
         "values": [
            2.5,
            3.5
         ]
      },
      "4": {
         "type": 1,
         "values": [
            3.949862003326416,
            4.358042120933533
         ]
      },
      "5": {
         "type": 1,
         "values": [
            -0.00038651609793305397,
            0.1114526242017746
         ]
      },
      "6": {
         "type": 2,
         "values": [
            null,
            0.5
         ]
      },
      "7": {
         "type": 2,
         "values": [
            null,
            0.5
         ]
      },
      "8": {
         "type": 2,
         "values": [
            5.5,
            null
         ]
      },
      "9": {
         "type": 1,
         "values": [
            4.090841293334961,
            5.142859935760498
         ]
      },
      "10": {
         "type": 1,
         "values": [
            0.5091625899076462,
            0.6859405636787415
         ]
      },
      "11": {
         "type": 2,
         "values": [
            0.5,
            1.5
         ]
      },
      "12": {
         "type": 2,
         "values": [
            7.5,
            8.5
         ]
      },
      "13": {
         "type": 2,
         "values": [
            0.5,
            null
         ]
      }
   },
   "splits": [
      [
         13,
         0.5,
         false
      ],
      [
         12,
         3.5,
         false
      ],
      [
         12,
         5.5,
         false
      ],
      [
         9,
         5.925243616104126,
         true
      ],
      [
         9,
         5.142859935760498,
         true
      ],
      [
         9,
         4.090841293334961,
         false
      ],
      [
         6,
         1.5,
         true
      ],
      [
         6,
         0.5,
         true
      ],
      [
         5,
         -0.2464326173067093,
         false
      ],
      [
         8,
         4.5,
         false
      ],
      [
         4,
         -0.656743198633194,
         false
      ],
      [
         5,
         -0.16143488138914108,
         false
      ],
      [
         4,
         1.3945705890655518,
         false
      ],
      [
         10,
         0.32133597880601883,
         false
      ],
      [
         10,
         0.3434332236647606,
         false
      ],
      [
         10,
         0.36553046107292175,
         false
      ],
      [
         10,
         0.3986763432621956,
         false
      ],
      [
         10,
         0.42077359557151794,
         false
      ],
      [
         10,
         0.4318222105503082,
         false
      ],
      [
         7,
         0.5,
         true
      ],
      [
         12,
         9.5,
         true
      ],
      [
         5,
         1.7398304725065827,
         true
      ],
      [
         5,
         0.9211679995059967,
         true
      ],
      [
         5,
         0.5990712642669678,
         true
      ],
      [
         8,
         5.5,
         false
      ],
      [
         5,
         0.1248733177781105,
         true
      ],
      [
         11,
         1.5,
         true
      ],
      [
         5,
         -0.06301643140614033,
         false
      ],
      [
         3,
         2.5,
         false
      ],
      [
         10,
         0.9400589168071747,
         true
      ],
      [
         5,
         -0.05854286625981331,
         false
      ],
      [
         5,
         -0.031701475381851196,
         false
      ],
      [
         1,
         0.5,
         false
      ],
      [
         3,
         3.5,
         true
      ],
      [
         2,
         2.5,
         true
      ],
      [
         11,
         0.5,
         false
      ],
      [
         2,
         1.5,
         false
      ],
      [
         4,
         3.325096368789673,
         false
      ],
      [
         12,
         7.5,
         false
      ],
      [
         12,
         8.5,
         true
      ],
      [
         10,
         0.6859405636787415,
         true
      ],
      [
         4,
         3.4125635623931885,
         false
      ],
      [
         0,
         0.5,
         true
      ],
      [
         10,
         0.5091625899076462,
         false
      ],
      [
         4,
         3.949862003326416,
         false
      ],
      [
         5,
         0.1114526242017746,
         true
      ],
      [
         4,
         4.358042120933533,
         true
      ],
      [
         5,
         -0.00038651609793305397,
         false
      ]
   ],
   "remaining_rules": [
      1064,
      3460,
      4272,
      6726,
      8687,
      10286,
      12214,
      13983,
      15714,
      17401
   ],
   "set_rules": [
      1064,
      3460,
      4272,
      6726,
      8687,
      10286,
      12214,
      13983,
      15714,
      17401
   ],
   "foil_estimated_class": [
      0
   ],
   "distance": 0.000153618432615649,
   "extraction_time": 0.22768592834472656,
   "feature_bounds": {
      "0": {
         "type": 2,
         "values": [
            null,
            0.5
         ]
      },
      "1": {
         "type": 2,
         "values": [
            0.5,
            null
         ]
      },
      "2": {
         "type": 2,
         "values": [
            1.5,
            2.5
         ]
      },
      "3": {
         "type": 2,
         "values": [
            2.5,
            3.5
         ]
      },
      "4": {
         "type": 1,
         "values": [
            3.949862003326416,
            4.358042120933533
         ]
      },
      "5": {
         "type": 1,
         "values": [
            -0.00038651609793305397,
            0.1114526242017746
         ]
      },
      "6": {
         "type": 2,
         "values": [
            null,
            0.5
         ]
      },
      "7": {
         "type": 2,
         "values": [
            null,
            0.5
         ]
      },
      "8": {
         "type": 2,
         "values": [
            5.5,
            null
         ]
      },
      "9": {
         "type": 1,
         "values": [
            1.429852306842804,
            null
         ]
      },
      "10": {
         "type": 1,
         "values": [
            0.5091625899076462,
            0.6859405636787415
         ]
      },
      "11": {
         "type": 2,
         "values": [
            0.5,
            1.5
         ]
      },
      "12": {
         "type": 2,
         "values": [
            7.0,
            8.5
         ]
      },
      "13": {
         "type": 2,
         "values": [
            0.5,
            null
         ]
      }
   },
   "feature_bounds_compact": {
      "0": {
         "type": 2,
         "values": [
            null,
            0.5
         ]
      },
      "1": {
         "type": 2,
         "values": [
            0.5,
            null
         ]
      },
      "2": {
         "type": 2,
         "values": [
            1.5,
            2.5
         ]
      },
      "3": {
         "type": 2,
         "values": [
            2.5,
            3.5
         ]
      },
      "4": {
         "type": 1,
         "values": [
            3.949862003326416,
            4.358042120933533
         ]
      },
      "5": {
         "type": 1,