{
   "found": true,
   "num_iterations": 86,
   "num_foil": 33,
   "_observation": [
      0.0,
      1.0,
      3.0,
      2.0,
      -0.758788266418588,
      -0.4030074190738666,
      3.0,
      6.0,
      0.0,
      -0.6896562583088642,
      -0.3747273409490208,
      0.0,
      0.0,
      0.0
   ],
   "_idx": 876,
   "factual_class": 1,
   "feature_bounds_splits": {
      "0": {
         "type": 2,
         "values": [
            null,
            null
         ]
      },
      "1": {
         "type": 2,
         "values": [
            null,
            null
         ]
      },
      "2": {
         "type": 2,
         "values": [
            null,
            null
         ]
      },
      "3": {
         "type": 2,
         "values": [
            null,
            null
         ]
      },
      "4": {
         "type": 1,
         "values": [
            -0.7650358974933624,
            -0.7608708143234253
         ]
      },
      "5": {
         "type": 1,
         "values": [
            -0.42090168595314026,
            -0.4164281189441681
         ]
      },
      "6": {
         "type": 2,
         "values": [
            null,
            null
         ]
      },
      "7": {
         "type": 2,
         "values": [
            null,
            null
         ]
      },
      "8": {
         "type": 2,
         "values": [
            null,
            null
         ]
      },
      "9": {
         "type": 1,
         "values": [
            -0.691866397857666,
            -0.6830258965492249
         ]
      },
      "10": {
         "type": 1,
         "values": [
            null,
            -0.3636787086725235
         ]
      },
      "11": {
         "type": 2,
         "values": [
            null,
            null
         ]
      },
      "12": {
         "type": 2,
         "values": [
            null,
            1.5
         ]
      },
      "13": {
         "type": 2,
         "values": [
            null,
            null
         ]
      }
   },
   "splits": [
      [
         4,
         -0.7567057311534882,
         true
      ],
      [
         9,
         -0.6631347835063934,
         true
      ],
      [
         10,
         -0.31948421895504,
         true
      ],
      [
         9,
         -0.667555034160614,
         true
      ],
      [
         9,
         -0.6697651445865631,
         true
      ],
      [
         5,
         -0.3045889884233475,
         true
      ],
      [
         10,
         -0.34158146381378174,
         true
      ],
      [
         4,
         -0.7671184837818146,
         false
      ],
      [
         5,
         -0.34037749469280243,
         true
      ],
      [
         5,
         -0.3403775095939636,
         true
      ],
      [
         10,
         -0.3636787086725235,
         true
      ],
      [
         9,
         -0.691866397857666,
         false
      ],
      [
         5,
         -0.34932464361190796,
         true
      ],
      [
         5,
         -0.35379819571971893,
         true
      ],
      [
         5,
         -0.3761660307645798,
         true
      ],
      [
         5,
         -0.3851131647825241,
         true
      ],
      [
         5,
         -0.3895867168903351,
         true
      ],
      [
         4,
         -0.7650358974933624,
         false
      ],
      [
         9,
         -0.6808157861232758,
         true
      ],
      [
         4,
         -0.7608708143234253,
         true
      ],
      [
         5,
         -0.3985338509082794,
         true
      ],
      [
         5,
         -0.4119545519351959,
         true
      ],
      [
         12,
         1.5,
         true
      ],
      [
         9,
         -0.6830258965492249,
         true
      ],
      [
         5,
         -0.4253752529621124,
         false
      ],
      [
         5,
         -0.4164281189441681,
         true
      ],
      [
         5,
         -0.42090168595314026,
         false
      ]
   ],
   "remaining_rules": [
      1174,
      1768,
      4618,
      5205,
      7197,
      8788,
      10503,
      12388,
      14119,
      15779
   ],
   "set_rules": [
      1174,
      1768,
      4618,
      5205,
      7197,
      8788,
      10503,
      12388,
      14119,
      15779
   ],
   "foil_estimated_class": [
      0
   ],
   "distance": 4.65547784776678e-05,
   "extraction_time": 0.4378550052642822,
   "feature_bounds": {
      "0": {
         "type": 2,
         "values": [
            null,
            0.5
         ]
      },
      "1": {
         "type": 2,
         "values": [
            0.5,
            null
         ]
      },
      "2": {
         "type": 2,
         "values": [
            2.5,
            3.5
         ]
      },
      "3": {
         "type": 2,
         "values": [
            1.5,
            2.5
         ]
      },
      "4": {
         "type": 1,
         "values": [
            -0.7650358974933624,
            -0.7608708143234253
         ]
      },
      "5": {
         "type": 1,
         "values": [
            -0.42090168595314026,
            -0.4164281189441681
         ]
      },
      "6": {
         "type": 2,
         "values": [
            2.5,
            3.5
         ]
      },
      "7": {
         "type": 2,
         "values": [
            4.5,
            null
         ]
      },
      "8": {
         "type": 2,
         "values": [
            null,
            0.5
         ]
      },
      "9": {
         "type": 1,
         "values": [
            -0.6940765082836151,
            -0.6830258965492249
         ]
      },
      "10": {
         "type": 1,
         "values": [
            null,
            -0.3636787086725235
         ]
      },
      "11": {
         "type": 2,
         "values": [
            null,
            0.5
         ]
      },
      "12": {
         "type": 2,
         "values": [
            null,
            1.5
         ]
      },
      "13": {
         "type": 2,
         "values": [
            null,
            0.5
         ]
      }
   },
   "feature_bounds_compact": {
      "0": {
         "type": 2,
         "values": [
            null,
            0.5
         ]
      },
      "1": {
         "type": 2,
         "values": [
            0.5,
            null
         ]
      },
      "2": {
         "type": 2,
         "values": [
            2.5,
            3.5
         ]
      },
      "3": {
         "type": 2,
         "values": [
            1.5,
            2.5
         ]
      },
      "4": {
         "type": 1,
         "values": [
            -0.7650358974933624,
            -0.7608708143234253
         ]
      },
      "5": {
         "type": 1,
         "values": [
            -0.42090168595314026,
            -0.4164281189441681
         ]
      },
      "6": {
         "type": 2,
         "values": [
            2.5,
            3.5
         ]
      },
      "7": {
         "type": 2,
         "values": [
            4.5,
            null
         ]
      },
      "8": {
         "type": 2,
         "values": [
            null,
            0.5
         ]
      },
      "9": {
         "type": 1,
         "values": [
            -0.6940765082836151,
            -0.6830258965492249
         ]
      },
      "10": {
         "type": 1,
         "values": [
            null,
            -0.3636787086725235
         ]
      },
      "11": {
         "type": 2,
         "values": [
            null,
            0.5
         ]
      },
      "12": {
         "type": 2,
         "values": [
            null,
            1.5
         ]
      },
      "13": {
         "type": 2,
         "values": [
            null,
            0.5
         ]
      }
   },
   "feature_bounds_compact_count": {
      "0": {
         "type": 2,
         "values": [
            null,
            0.5
         ]
      },
      "1": {
         "type": 2,
         "values": [
            0.5,
            null
         ]
      },