{
   "found": true,
   "num_iterations": 220985,
   "num_foil": 110417,
   "_observation": [
      0.0,
      0.0,
      2.0,
      4.0,
      -0.5671934742227622,
      0.017507746288979057,
      4.0,
      1.0,
      0.0,
      -0.499585626601682,
      0.13350936256301646,
      0.0,
      0.0,
      0.0
   ],
   "_idx": 779,
   "factual_class": 1,
   "feature_bounds_splits": {
      "0": {
         "type": 2,
         "values": [
            null,
            null
         ]
      },
      "1": {
         "type": 2,
         "values": [
            null,
            null
         ]
      },
      "2": {
         "type": 2,
         "values": [
            null,
            null
         ]
      },
      "3": {
         "type": 2,
         "values": [
            null,
            null
         ]
      },
      "4": {
         "type": 1,
         "values": [
            -0.5359551906585693,
            -0.5317901074886322
         ]
      },
      "5": {
         "type": 1,
         "values": [
            0.017507745666080154,
            0.04434914141893387
         ]
      },
      "6": {
         "type": 2,
         "values": [
            null,
            null
         ]
      },
      "7": {
         "type": 2,
         "values": [
            null,
            null
         ]
      },
      "8": {
         "type": 2,
         "values": [
            null,
            null
         ]
      },
      "9": {
         "type": 1,
         "values": [
            null,
            -0.6918663680553436
         ]
      },
      "10": {
         "type": 1,
         "values": [
            null,
            0.166655239649117
         ]
      },
      "11": {
         "type": 2,
         "values": [
            null,
            null
         ]
      },
      "12": {
         "type": 2,
         "values": [
            null,
            0.5
         ]
      },
      "13": {
         "type": 2,
         "values": [
            null,
            null
         ]
      }
   },
   "splits": [
      [
         12,
         0.5,
         true
      ],
      [
         5,
         0.930115133523941,
         true
      ],
      [
         5,
         0.9166944026947021,
         true
      ],
      [
         4,
         -0.3589382618665695,
         true
      ],
      [
         5,
         0.34407803416252136,
         true
      ],
      [
         9,
         -0.03766978904604912,
         true
      ],
      [
         4,
         -0.3610208183526993,
         true
      ],
      [
         4,
         -0.36726847290992737,
         true
      ],
      [
         4,
         -0.3755986839532852,
         true
      ],
      [
         4,
         -0.4089195132255554,
         true
      ],
      [
         4,
         -0.4255799204111099,
         true
      ],
      [
         4,
         -0.42974503338336945,
         true
      ],
      [
         4,
         -0.4318275898694992,
         true
      ],
      [
         4,
         -0.4318276047706604,
         true
      ],
      [
         4,
         -0.45057056844234467,
         true
      ],
      [
         4,
         -0.454735666513443,
         true
      ],
      [
         4,
         -0.45681822299957275,
         true
      ],
      [
         4,
         -0.4609833061695099,
         true
      ],
      [
         4,
         -0.46723097562789917,
         true
      ],
      [
         5,
         0.23223889619112015,
         true
      ],
      [
         5,
         0.19197680801153183,
         true
      ],
      [
         4,
         -0.4713960736989975,
         true
      ],
      [
         4,
         -0.47347863018512726,
         true
      ],
      [
         4,
         -0.4755612015724182,
         true
      ],
      [
         5,
         0.19197680056095123,
         true
      ],
      [
         5,
         0.1830296739935875,
         true
      ],
      [
         4,
         -0.4818088561296463,
         true
      ],
      [
         5,
         0.17855610698461533,
         true
      ],
      [
         4,
         -0.4838913828134537,
         true
      ],
      [
         4,
         -0.48597393929958344,
         true
      ],
      [
         5,
         0.13382045179605484,
         true
      ],
      [
         4,
         -0.4943041503429413,
         true
      ],
      [
         5,
         0.12934688106179237,
         true
      ],
      [
         5,
         0.12487332336604595,
         true
      ],
      [
         5,
         0.10250549018383026,
         true
      ],
      [
         5,
         0.09803192690014839,
         true
      ],
      [
         4,
         -0.4984692633152008,
         true
      ],
      [
         5,
         0.06671696901321411,
         true
      ],
      [
         5,
         0.057769838720560074,
         true
      ],
      [
         5,
         0.053296271711587906,
         true
      ],
      [
         4,
         -0.5005517899990082,
         true
      ],
      [
         4,
         -0.5151296854019165,
         true
      ],
      [
         5,
         0.04434914141893387,
         true
      ],
      [
         5,
         0.017507745666080154,
         false
      ],
      [
         4,
         -0.5172122120857239,
         true
      ],
      [
         4,
         -0.5234598815441132,
         true
      ],
      [
         4,
         -0.5255424082279205,
         true
      ],
      [
         4,
         -0.5401203036308289,
         false
      ],
      [
         9,
         -0.6763955354690552,
         true
      ],
      [
         9,
         -0.6786056458950043,
         true
      ],
      [
         9,
         -0.6830258965492249,
         true
      ],
      [
         10,
         0.16665524244308472,
         true
      ],
      [
         9,
         -0.6896562576293945,
         true
      ],
      [
         4,
         -0.5317901074886322,
         true
      ],
      [
         9,
         -0.6918663680553436,
         true
      ],
      [
         4,
         -0.5359551906585693,
         false
      ],
      [
         10,
         0.166655239649117,
         true
      ]
   ],
   "remaining_rules": [
      1209,
      1949,
      5081,
      5354,
      7919,
      8702,
      11837,
      13009,
      14356,
      16267
   ],
   "set_rules": [
      1209,
      1949,
      5081,
      5354,
      7919,
      8702,
      11837,
      13009,
      14356,
      16267
   ],
   "foil_estimated_class": [
      0
   ],
   "distance": 0.0012339503784008583,
   "extraction_time": 7.362159013748169,
   "feature_bounds": {
      "0": {
         "type": 2,
         "values": [
            null,
            0.5
         ]
      },
      "1": {
         "type": 2,
         "values": [
            null,
            0.5
         ]
      },
      "2": {
         "type": 2,
         "values": [
            1.5,
            2.5
         ]
      },
      "3": {
         "type": 2,
         "values": [
            3.5,
            null
         ]
      },
      "4": {
         "type": 1,
         "values": [
            -0.5359551906585693,
            -0.5317901074886322
         ]
      },
      "5": {
         "type": 1,
         "values": [
            -0.16590844094753265,
            0.5230206847190857
         ]
      },
      "6": {
         "type": 2,
         "values": [
            3.5,
            4.5
         ]
      },
      "7": {
         "type": 2,
         "values": [
            0.5,
            3.5
         ]
      },
      "8": {
         "type": 2,
         "values": [
            null,
            0.5
         ]
      },
      "9": {
         "type": 1,
         "values": [
            null,
            -0.6918663680553436
         ]
      },
      "10": {
         "type": 1,
         "values": [
            -0.021171373140532523,
            0.166655239649117
         ]
      },
      "11": {
         "type": 2,