{
   "found": true,
   "num_iterations": 104,
   "num_foil": 32,
   "_observation": [
      1.0,
      1.0,
      3.0,
      2.0,
      -0.7129721204587166,
      -0.3940602878959337,
      0.0,
      6.0,
      0.0,
      -0.6321930440718091,
      -0.3747273409490208,
      1.0,
      6.0,
      1.0
   ],
   "_idx": 55,
   "factual_class": 0,
   "feature_bounds_splits": {
      "0": {
         "type": 2,
         "values": [
            null,
            null
         ]
      },
      "1": {
         "type": 2,
         "values": [
            null,
            null
         ]
      },
      "2": {
         "type": 2,
         "values": [
            null,
            null
         ]
      },
      "3": {
         "type": 2,
         "values": [
            null,
            null
         ]
      },
      "4": {
         "type": 1,
         "values": [
            -0.7275499999523163,
            -0.6255049109458923
         ]
      },
      "5": {
         "type": 1,
         "values": [
            -0.3716924488544464,
            -0.36721889674663544
         ]
      },
      "6": {
         "type": 2,
         "values": [
            null,
            null
         ]
      },
      "7": {
         "type": 2,
         "values": [
            null,
            null
         ]
      },
      "8": {
         "type": 2,
         "values": [
            null,
            null
         ]
      },
      "9": {
         "type": 1,
         "values": [
            -0.6653448939323425,
            -0.5835703313350677
         ]
      },
      "10": {
         "type": 1,
         "values": [
            null,
            -0.3636787086725235
         ]
      },
      "11": {
         "type": 2,
         "values": [
            null,
            null
         ]
      },
      "12": {
         "type": 2,
         "values": [
            null,
            null
         ]
      },
      "13": {
         "type": 2,
         "values": [
            null,
            null
         ]
      }
   },
   "splits": [
      [
         5,
         0.482758566737175,
         true
      ],
      [
         5,
         -0.0674899984151125,
         true
      ],
      [
         5,
         -0.06749000027775764,
         true
      ],
      [
         5,
         -0.09433139115571976,
         true
      ],
      [
         5,
         -0.20617052912712097,
         true
      ],
      [
         5,
         -0.2151176631450653,
         true
      ],
      [
         5,
         -0.2464326173067093,
         true
      ],
      [
         5,
         -0.24643263220787048,
         true
      ],
      [
         9,
         -0.687446117401123,
         false
      ],
      [
         5,
         -0.27774757146835327,
         true
      ],
      [
         5,
         -0.27774758636951447,
         true
      ],
      [
         5,
         -0.2911682724952698,
         true
      ],
      [
         9,
         -0.685236006975174,
         false
      ],
      [
         5,
         -0.3180096596479416,
         true
      ],
      [
         5,
         -0.3180096745491028,
         true
      ],
      [
         9,
         -0.6675550043582916,
         false
      ],
      [
         9,
         -0.6653448939323425,
         false
      ],
      [
         9,
         -0.5835703313350677,
         true
      ],
      [
         10,
         -0.17585211247205734,
         true
      ],
      [
         4,
         -0.6255049109458923,
         true
      ],
      [
         5,
         -0.3716924488544464,
         false
      ],
      [
         10,
         -0.3636787086725235,
         true
      ],
      [
         4,
         -0.7275499999523163,
         false
      ],
      [
         5,
         -0.3582717627286911,
         true
      ],
      [
         5,
         -0.36274532973766327,
         true
      ],
      [
         5,
         -0.36721889674663544,
         true
      ]
   ],
   "remaining_rules": [
      809,
      3005,
      4552,
      6453,
      7385,
      10147,
      11594,
      13755,
      15378,
      17028
   ],
   "set_rules": [
      809,
      3005,
      4552,
      6453,
      7385,
      10147,
      11594,
      13755,
      15378,
      17028
   ],
   "foil_estimated_class": [
      1
   ],
   "distance": 5.721569290554578e-05,
   "extraction_time": 0.5063209533691406,
   "feature_bounds": {
      "0": {
         "type": 2,
         "values": [
            0.5,
            null
         ]
      },
      "1": {
         "type": 2,
         "values": [
            0.5,
            null
         ]
      },
      "2": {
         "type": 2,
         "values": [
            2.5,
            3.5
         ]
      },
      "3": {
         "type": 2,
         "values": [
            1.5,
            2.5
         ]
      },
      "4": {
         "type": 1,
         "values": [
            -0.7275499999523163,
            -0.6817338466644287
         ]
      },
      "5": {
         "type": 1,
         "values": [
            -0.3716924488544464,
            -0.36721889674663544
         ]
      },
      "6": {
         "type": 2,
         "values": [
            null,
            0.5
         ]
      },
      "7": {
         "type": 2,
         "values": [
            5.5,
            null
         ]
      },
      "8": {
         "type": 2,
         "values": [
            null,
            0.5
         ]
      },
      "9": {
         "type": 1,
         "values": [
            -0.660924643278122,
            -0.6034614443778992
         ]
      },
      "10": {
         "type": 1,
         "values": [
            null,
            -0.3636787086725235
         ]
      },
      "11": {
         "type": 2,
         "values": [
            0.5,
            1.5
         ]
      },
      "12": {
         "type": 2,
         "values": [
            5.5,
            7.5
         ]
      },
      "13": {
         "type": 2,
         "values": [
            0.5,
            null
         ]
      }
   },
   "feature_bounds_compact": {
      "0": {
         "type": 2,
         "values": [
            0.5,
            null
         ]
      },
      "1": {
         "type": 2,
         "values": [
            0.5,
            null
         ]
      },
      "2": {
         "type": 2,
         "values": [
            2.5,
            3.5
         ]
      },
      "3": {
         "type": 2,
         "values": [
            1.5,
            2.5
         ]
      },
      "4": {
         "type": 1,
         "values": [
            -0.7275499999523163,
            -0.6109270751476288
         ]
      },
      "5": {
         "type": 1,
         "values": [
            -0.3716924488544464,
            -0.36721889674663544
         ]
      },
      "6": {
         "type": 2,
         "values": [
            null,
            0.5
         ]
      },
      "7": {
         "type": 2,
         "values": [
            5.5,
            null
         ]
      },
      "8": {
         "type": 2,
         "values": [
            null,
            2.5
         ]
      },
      "9": {
         "type": 1,
         "values": [
            -0.660924643278122,
            -0.6034614443778992
         ]
      },
      "10": {
         "type": 1,
         "values": [
            null,
            -0.3636787086725235
         ]
      },
      "11": {
         "type": 2,
         "values": [
            0.5,
            1.5
         ]
      },
      "12": {
         "type": 2,
         "values": [
            5.5,
            7.5
         ]
      },
      "13": {
         "type": 2,
         "values": [
            0.5,
            null
         ]
      }
   },
   "feature_bounds_compact_count": {
      "0": {
         "type": 2,
         "values": [
            0.5,
            null
         ]
      },
      "1": {
         "type": 2,
         "values": [
            0.5,
            null
         ]
      },
      "2": {
         "type": 2,