{
   "found": true,
   "num_iterations": 242,
   "num_foil": 88,
   "_observation": [
      1.0,
      1.0,
      3.0,
      3.0,
      0.35745965333100554,
      -0.2866947137607391,
      0.0,
      0.0,
      2.0,
      0.4596080264322378,
      -0.021171373288473145,
      0.0,
      0.0,
      0.0
   ],
   "_idx": 236,
   "factual_class": 1,
   "feature_bounds_splits": {
      "0": {
         "type": 2,
         "values": [
            null,
            null
         ]
      },
      "1": {
         "type": 2,
         "values": [
            null,
            null
         ]
      },
      "2": {
         "type": 2,
         "values": [
            null,
            null
         ]
      },
      "3": {
         "type": 2,
         "values": [
            null,
            null
         ]
      },
      "4": {
         "type": 1,
         "values": [
            0.3116435110569,
            0.3532945513725281
         ]
      },
      "5": {
         "type": 1,
         "values": [
            -0.36721889674663544,
            -0.2911682724952698
         ]
      },
      "6": {
         "type": 2,
         "values": [
            null,
            null
         ]
      },
      "7": {
         "type": 2,
         "values": [
            null,
            null
         ]
      },
      "8": {
         "type": 2,
         "values": [
            null,
            null
         ]
      },
      "9": {
         "type": 1,
         "values": [
            0.42866627871990204,
            0.47949913144111633
         ]
      },
      "10": {
         "type": 1,
         "values": [
            null,
            -0.1427062377333641
         ]
      },
      "11": {
         "type": 2,
         "values": [
            null,
            null
         ]
      },
      "12": {
         "type": 2,
         "values": [
            null,
            null
         ]
      },
      "13": {
         "type": 2,
         "values": [
            null,
            null
         ]
      }
   },
   "splits": [
      [
         4,
         -0.3485255092382431,
         false
      ],
      [
         9,
         1.4895256757736206,
         true
      ],
      [
         9,
         1.4895256161689758,
         true
      ],
      [
         9,
         1.3348169922828674,
         true
      ],
      [
         9,
         0.698301374912262,
         true
      ],
      [
         9,
         0.6784102618694305,
         true
      ],
      [
         9,
         0.6717799007892609,
         true
      ],
      [
         9,
         0.6209470629692078,
         true
      ],
      [
         9,
         0.5391724854707718,
         true
      ],
      [
         9,
         0.5325421094894409,
         true
      ],
      [
         9,
         0.5303319692611694,
         true
      ],
      [
         9,
         0.47949913144111633,
         true
      ],
      [
         9,
         0.2120741754770279,
         false
      ],
      [
         5,
         -0.16143488138914108,
         true
      ],
      [
         5,
         -0.16590844094753265,
         true
      ],
      [
         4,
         -0.15068305283784866,
         false
      ],
      [
         4,
         -0.14443539828062057,
         false
      ],
      [
         4,
         -0.01115206629037857,
         false
      ],
      [
         4,
         -0.002821858157403767,
         false
      ],
      [
         4,
         0.003425799310207367,
         false
      ],
      [
         4,
         0.09297554194927216,
         false
      ],
      [
         4,
         0.09922319278120995,
         false
      ],
      [
         4,
         0.1741950698196888,
         false
      ],
      [
         4,
         0.19502059370279312,
         false
      ],
      [
         4,
         0.30539584904909134,
         false
      ],
      [
         4,
         0.30956095457077026,
         false
      ],
      [
         5,
         -0.19274984300136566,
         true
      ],
      [
         5,
         -0.19722340255975723,
         true
      ],
      [
         5,
         -0.21959122270345688,
         true
      ],
      [
         5,
         -0.21959123015403748,
         true
      ],
      [
         5,
         -0.24643263220787048,
         true
      ],
      [
         4,
         0.3116435110569,
         false
      ],
      [
         4,
         0.5677974075078964,
         true
      ],
      [
         5,
         -0.36721889674663544,
         false
      ],
      [
         10,
         0.5423084497451782,
         true
      ],
      [
         10,
         0.5312598198652267,
         true
      ],
      [
         10,
         0.32133597880601883,
         true
      ],
      [
         10,
         0.31028734892606735,
         true
      ],
      [
         10,
         0.29923872649669647,
         true
      ],
      [
         10,
         0.023023121058940887,
         true
      ],
      [
         10,
         -0.12060898914933205,
         true
      ],
      [
         10,
         -0.1427062377333641,
         true
      ],
      [
         5,
         -0.2866947203874588,
         true
      ],
      [
         9,
         0.42866627871990204,
         false
      ],
      [
         4,
         0.35537709295749664,
         true
      ],
      [
         4,
         0.3532945513725281,
         true
      ],
      [
         5,
         -0.2911682724952698,
         true
      ]
   ],
   "remaining_rules": [
      318,
      2388,
      3663,
      5679,
      7851,
      9081,
      10985,
      12702,
      14956,
      16560
   ],
   "set_rules": [
      318,
      2388,
      3663,
      5679,
      7851,
      9081,
      10985,
      12702,
      14956,
      16560
   ],
   "foil_estimated_class": [
      0
   ],
   "distance": 0.0004577553575559936,
   "extraction_time": 0.24256587028503418,
   "feature_bounds": {
      "0": {
         "type": 2,
         "values": [
            0.5,
            null
         ]
      },
      "1": {
         "type": 2,
         "values": [
            0.5,
            null
         ]
      },
      "2": {
         "type": 2,
         "values": [
            2.5,
            3.5
         ]
      },
      "3": {
         "type": 2,
         "values": [
            2.5,
            3.5
         ]
      },
      "4": {
         "type": 1,
         "values": [
            0.3449643403291702,
            0.3532945513725281
         ]
      },
      "5": {
         "type": 1,
         "values": [
            -0.3001154065132141,
            -0.2911682724952698
         ]
      },
      "6": {
         "type": 2,
         "values": [
            null,
            0.5
         ]
      },
      "7": {
         "type": 2,
         "values": [
            null,
            0.5
         ]
      },
      "8": {
         "type": 2,
         "values": [
            1.5,
            2.5
         ]
      },
      "9": {
         "type": 1,
         "values": [
            0.4441371560096741,
            0.47286877036094666
         ]
      },
      "10": {
         "type": 1,
         "values": [
            -0.15375486016273499,
            -0.1427062377333641
         ]
      },
      "11": {
         "type": 2,
         "values": [
            null,
            0.5
         ]
      },
      "12": {
         "type": 2,
         "values": [
            null,
            0.5
         ]
      },
      "13": {
         "type": 2,
         "values": [
            null,
            0.5
         ]
      }
   },
   "feature_bounds_compact": {
      "0": {
         "type": 2,
         "values": [
            0.5,
            null
         ]
      },
      "1": {
         "type": 2,
         "values": [
            0.5,
            null
         ]
      },
      "2": {
         "type": 2,
         "values": [
            2.5,
            3.5
         ]
      },
      "3": {
         "type": 2,