{
   "found": true,
   "num_iterations": 170,
   "num_foil": 68,
   "_observation": [
      0.0,
      0.0,
      2.0,
      3.0,
      -0.4130846196304676,
      -0.15248774609174578,
      0.0,
      6.0,
      0.0,
      -0.3404567256375294,
      -0.2863383490338839,
      0.0,
      0.0,
      0.0
   ],
   "_idx": 586,
   "factual_class": 1,
   "feature_bounds_splits": {
      "0": {
         "type": 2,
         "values": [
            null,
            null
         ]
      },
      "1": {
         "type": 2,
         "values": [
            null,
            null
         ]
      },
      "2": {
         "type": 2,
         "values": [
            null,
            null
         ]
      },
      "3": {
         "type": 2,
         "values": [
            null,
            null
         ]
      },
      "4": {
         "type": 1,
         "values": [
            -0.40267185866832733,
            -0.3818463385105133
         ]
      },
      "5": {
         "type": 1,
         "values": [
            -0.15696130692958832,
            -0.1435406133532524
         ]
      },
      "6": {
         "type": 2,
         "values": [
            null,
            null
         ]
      },
      "7": {
         "type": 2,
         "values": [
            null,
            null
         ]
      },
      "8": {
         "type": 2,
         "values": [
            null,
            null
         ]
      },
      "9": {
         "type": 1,
         "values": [
            null,
            null
         ]
      },
      "10": {
         "type": 1,
         "values": [
            -0.18690072745084763,
            -0.16480348259210587
         ]
      },
      "11": {
         "type": 2,
         "values": [
            null,
            null
         ]
      },
      "12": {
         "type": 2,
         "values": [
            null,
            null
         ]
      },
      "13": {
         "type": 2,
         "values": [
            null,
            null
         ]
      }
   },
   "splits": [
      [
         10,
         0.03407174535095692,
         true
      ],
      [
         5,
         -0.3582717627286911,
         false
      ],
      [
         10,
         -0.28633834421634674,
         false
      ],
      [
         5,
         -0.2866947203874588,
         false
      ],
      [
         5,
         -0.2732740044593811,
         false
      ],
      [
         5,
         -0.2285383641719818,
         false
      ],
      [
         10,
         -0.2531924694776535,
         false
      ],
      [
         10,
         -0.23109522834420204,
         false
      ],
      [
         10,
         -0.20899797976016998,
         false
      ],
      [
         10,
         -0.18690072745084763,
         false
      ],
      [
         10,
         -0.16480348259210587,
         true
      ],
      [
         4,
         -0.40267185866832733,
         false
      ],
      [
         5,
         -0.1748555675148964,
         false
      ],
      [
         5,
         -0.16590844094753265,
         false
      ],
      [
         4,
         -0.3818463385105133,
         true
      ],
      [
         5,
         -0.15696130692958832,
         false
      ],
      [
         5,
         -0.13906705379486084,
         true
      ],
      [
         5,
         -0.1435406133532524,
         true
      ]
   ],
   "remaining_rules": [
      210,
      2055,
      4458,
      5502,
      8036,
      9407,
      11842,
      12804,
      14653,
      16208
   ],
   "set_rules": [
      210,
      2055,
      4458,
      5502,
      8036,
      9407,
      11842,
      12804,
      14653,
      16208
   ],
   "foil_estimated_class": [
      0
   ],
   "distance": 0.00040515449772718197,
   "extraction_time": 0.4514172077178955,
   "feature_bounds": {
      "0": {
         "type": 2,
         "values": [
            null,
            0.5
         ]
      },
      "1": {
         "type": 2,
         "values": [
            null,
            0.5
         ]
      },
      "2": {
         "type": 2,
         "values": [
            1.5,
            2.5
         ]
      },
      "3": {
         "type": 2,
         "values": [
            2.5,
            3.5
         ]
      },
      "4": {
         "type": 1,
         "values": [
            -0.40267185866832733,
            -0.3318651020526886
         ]
      },
      "5": {
         "type": 1,
         "values": [
            -0.15696130692958832,
            -0.1435406133532524
         ]
      },
      "6": {
         "type": 2,
         "values": [
            null,
            0.5
         ]
      },
      "7": {
         "type": 2,
         "values": [
            5.5,
            null
         ]
      },
      "8": {
         "type": 2,
         "values": [
            null,
            0.5
         ]
      },
      "9": {
         "type": 1,
         "values": [
            -0.40897056460380554,
            -0.2166898027062416
         ]
      },
      "10": {
         "type": 1,
         "values": [
            -0.18690072745084763,
            -0.16480348259210587
         ]
      },
      "11": {
         "type": 2,
         "values": [
            null,
            0.5
         ]
      },
      "12": {
         "type": 2,
         "values": [
            null,
            0.5
         ]
      },
      "13": {
         "type": 2,
         "values": [
            null,
            0.5
         ]
      }
   },
   "feature_bounds_compact": {
      "0": {
         "type": 2,
         "values": [
            null,
            0.5
         ]
      },
      "1": {
         "type": 2,
         "values": [
            null,
            0.5
         ]
      },
      "2": {
         "type": 2,
         "values": [
            1.5,
            2.5
         ]
      },
      "3": {
         "type": 2,
         "values": [
            null,
            3.5
         ]
      },
      "4": {
         "type": 1,
         "values": [
            -0.40267185866832733,
            -0.3318651020526886
         ]
      },
      "5": {
         "type": 1,
         "values": [
            -0.15696130692958832,
            -0.12564634904265404
         ]
      },
      "6": {
         "type": 2,
         "values": [
            null,
            0.5
         ]
      },
      "7": {
         "type": 2,
         "values": [
            5.5,
            null
         ]
      },
      "8": {
         "type": 2,
         "values": [
            null,
            0.5
         ]
      },
      "9": {
         "type": 1,
         "values": [
            -0.5592589676380157,
            -0.18353795260190964
         ]
      },
      "10": {
         "type": 1,
         "values": [
            -0.18690072745084763,
            -0.16480348259210587
         ]
      },
      "11": {
         "type": 2,
         "values": [
            null,
            0.5
         ]
      },
      "12": {
         "type": 2,
         "values": [
            null,
            0.5
         ]
      },
      "13": {
         "type": 2,
         "values": [
            null,
            0.5
         ]
      }
   },
   "feature_bounds_compact_count": {
      "0": {
         "type": 2,
         "values": [
            null,
            0.5
         ]
      },
      "1": {
         "type": 2,
         "values": [
            null,
            0.5
         ]
      },
      "2": {
         "type": 2,
         "values": [
            1.5,
            2.5
         ]
      },
      "3": {
         "type": 2,
         "values": [
            null,
            3.5
         ]
      },
      "4": {
         "type": 1,
         "values": [
            -0.40267185866832733,
            -0.3318651020526886
         ]
      },
      "5": {
         "type": 1,
         "values": [
            -0.15696130692958832,
            -0.12564634904265404
         ]
      },
      "6": {
         "type": 2,