{
   "found": true,
   "num_iterations": 253,
   "num_foil": 114,
   "_observation": [
      1.0,
      0.0,
      2.0,
      3.0,
      0.4824127786761093,
      -0.295641844938672,
      0.0,
      0.0,
      0.0,
      0.4861295099262633,
      -0.17585210913996274,
      0.0,
      0.0,
      0.0
   ],
   "_idx": 130,
   "factual_class": 1,
   "feature_bounds_splits": {
      "0": {
         "type": 2,
         "values": [
            null,
            null
         ]
      },
      "1": {
         "type": 2,
         "values": [
            null,
            null
         ]
      },
      "2": {
         "type": 2,
         "values": [
            null,
            null
         ]
      },
      "3": {
         "type": 2,
         "values": [
            null,
            null
         ]
      },
      "4": {
         "type": 1,
         "values": [
            0.47200001776218414,
            null
         ]
      },
      "5": {
         "type": 1,
         "values": [
            -0.3269568085670471,
            -0.3180096745491028
         ]
      },
      "6": {
         "type": 2,
         "values": [
            null,
            null
         ]
      },
      "7": {
         "type": 2,
         "values": [
            null,
            null
         ]
      },
      "8": {
         "type": 2,
         "values": [
            null,
            null
         ]
      },
      "9": {
         "type": 1,
         "values": [
            null,
            0.47949913144111633
         ]
      },
      "10": {
         "type": 1,
         "values": [
            -0.12060898914933205,
            null
         ]
      },
      "11": {
         "type": 2,
         "values": [
            null,
            null
         ]
      },
      "12": {
         "type": 2,
         "values": [
            null,
            null
         ]
      },
      "13": {
         "type": 2,
         "values": [
            null,
            null
         ]
      }
   },
   "splits": [
      [
         5,
         -0.16143488138914108,
         true
      ],
      [
         5,
         -0.21959122270345688,
         true
      ],
      [
         5,
         -0.21959123015403748,
         true
      ],
      [
         5,
         -0.3045889884233475,
         true
      ],
      [
         9,
         0.6364178955554962,
         true
      ],
      [
         9,
         0.5546433329582214,
         true
      ],
      [
         9,
         0.5524332076311111,
         true
      ],
      [
         5,
         -0.30906254053115845,
         true
      ],
      [
         9,
         0.5170712321996689,
         true
      ],
      [
         9,
         0.47949913144111633,
         true
      ],
      [
         10,
         -0.23109522834420204,
         false
      ],
      [
         5,
         -0.3135361075401306,
         true
      ],
      [
         5,
         -0.3180096745491028,
         true
      ],
      [
         5,
         -0.3582717627286911,
         false
      ],
      [
         10,
         -0.18690072745084763,
         false
      ],
      [
         10,
         -0.16480348259210587,
         false
      ],
      [
         10,
         -0.1427062340080738,
         false
      ],
      [
         10,
         -0.13165761157870293,
         false
      ],
      [
         5,
         -0.3269568085670471,
         false
      ],
      [
         4,
         0.47200001776218414,
         false
      ],
      [
         10,
         -0.12060898914933205,
         false
      ]
   ],
   "remaining_rules": [
      171,
      2093,
      3501,
      5522,
      7825,
      8975,
      10765,
      12634,
      14389,
      15993
   ],
   "set_rules": [
      171,
      2093,
      3501,
      5522,
      7825,
      8975,
      10765,
      12634,
      14389,
      15993
   ],
   "foil_estimated_class": [
      0
   ],
   "distance": 0.00028585098724742794,
   "extraction_time": 0.45026707649230957,
   "feature_bounds": {
      "0": {
         "type": 2,
         "values": [
            0.5,
            null
         ]
      },
      "1": {
         "type": 2,
         "values": [
            null,
            0.5
         ]
      },
      "2": {
         "type": 2,
         "values": [
            1.5,
            2.5
         ]
      },
      "3": {
         "type": 2,
         "values": [
            2.5,
            3.5
         ]
      },
      "4": {
         "type": 1,
         "values": [
            0.47200001776218414,
            0.5386416912078857
         ]
      },
      "5": {
         "type": 1,
         "values": [
            -0.3269568085670471,
            -0.3180096745491028
         ]
      },
      "6": {
         "type": 2,
         "values": [
            null,
            0.5
         ]
      },
      "7": {
         "type": 2,
         "values": [
            null,
            0.5
         ]
      },
      "8": {
         "type": 2,
         "values": [
            null,
            0.5
         ]
      },
      "9": {
         "type": 1,
         "values": [
            0.44855740666389465,
            0.47949913144111633
         ]
      },
      "10": {
         "type": 1,
         "values": [
            -0.12060898914933205,
            -0.09851174056529999
         ]
      },
      "11": {
         "type": 2,
         "values": [
            null,
            0.5
         ]
      },
      "12": {
         "type": 2,
         "values": [
            null,
            0.5
         ]
      },
      "13": {
         "type": 2,
         "values": [
            null,
            0.5
         ]
      }
   },
   "feature_bounds_compact": {
      "0": {
         "type": 2,
         "values": [
            0.5,
            null
         ]
      },
      "1": {
         "type": 2,
         "values": [
            null,
            0.5
         ]
      },
      "2": {
         "type": 2,
         "values": [
            1.5,
            2.5
         ]
      },
      "3": {
         "type": 2,
         "values": [
            2.5,
            3.5
         ]
      },
      "4": {
         "type": 1,
         "values": [
            0.47200001776218414,
            0.5386416912078857
         ]
      },
      "5": {
         "type": 1,
         "values": [
            -0.3269568085670471,
            -0.3180096745491028
         ]
      },
      "6": {
         "type": 2,
         "values": [
            null,
            0.5
         ]
      },
      "7": {
         "type": 2,
         "values": [
            null,
            0.5
         ]
      },
      "8": {
         "type": 2,
         "values": [
            null,
            0.5
         ]
      },
      "9": {
         "type": 1,
         "values": [
            0.44855740666389465,
            0.47949913144111633
         ]
      },
      "10": {
         "type": 1,
         "values": [
            -0.12060898914933205,
            -0.09851174056529999
         ]
      },
      "11": {
         "type": 2,
         "values": [
            null,
            0.5
         ]
      },
      "12": {
         "type": 2,
         "values": [
            null,
            0.5
         ]
      },
      "13": {
         "type": 2,
         "values": [
            null,
            0.5
         ]
      }
   },
   "feature_bounds_compact_count": {
      "0": {
         "type": 2,
         "values": [
            0.5,
            null
         ]
      },
      "1": {
         "type": 2,
         "values": [
            null,
            0.5
         ]
      },
      "2": {
         "type": 2,
         "values": [
            1.5,
            2.5
         ]
      },
      "3": {
         "type": 2,
         "values": [
            2.5,
            3.5
         ]
      },
      "4": {
         "type": 1,
         "values": [
            0.47200001776218414,
            0.5386416912078857
         ]
      },
      "5": {
         "type": 1,