{
   "found": true,
   "num_iterations": 151,
   "num_foil": 46,
   "_observation": [
      2.0,
      -1.2407887729191809,
      -1.087205925764117,
      -0.9448699866019972,
      -1.1874488345487089,
      -1.1506337590109743,
      -1.2143452344985868,
      -1.1195871228319736
   ],
   "_idx": 70,
   "factual_class": 1,
   "feature_bounds_splits": {
      "0": {
         "type": 2,
         "values": [
            null,
            null
         ]
      },
      "1": {
         "type": 1,
         "values": [
            -1.2616084814071655,
            -1.0117719769477844
         ]
      },
      "2": {
         "type": 1,
         "values": [
            -1.0620114207267761,
            null
         ]
      },
      "3": {
         "type": 1,
         "values": [
            -1.0046470761299133,
            -0.8850929141044617
         ]
      },
      "4": {
         "type": 1,
         "values": [
            -1.1915277242660522,
            -1.1772515773773193
         ]
      },
      "5": {
         "type": 1,
         "values": [
            -1.1652776002883911,
            -1.0931848883628845
         ]
      },
      "6": {
         "type": 1,
         "values": [
            -1.2668082118034363,
            -1.221188247203827
         ]
      },
      "7": {
         "type": 1,
         "values": [
            -1.150121808052063,
            -1.1231794357299805
         ]
      }
   },
   "splits": [
      [
         4,
         -1.3903732895851135,
         false
      ],
      [
         4,
         -1.373547911643982,
         false
      ],
      [
         7,
         -1.410564661026001,
         false
      ],
      [
         5,
         -0.8588834702968597,
         true
      ],
      [
         7,
         -1.3692530393600464,
         false
      ],
      [
         5,
         -0.9287233054637909,
         true
      ],
      [
         5,
         -0.9377349019050598,
         true
      ],
      [
         5,
         -0.9433671534061432,
         true
      ],
      [
         5,
         -0.9535051882266998,
         true
      ],
      [
         5,
         -1.0210921168327332,
         true
      ],
      [
         3,
         -0.22754502668976784,
         true
      ],
      [
         3,
         -0.28732210397720337,
         true
      ],
      [
         5,
         -1.0222185850143433,
         true
      ],
      [
         5,
         -1.0244714617729187,
         true
      ],
      [
         6,
         -1.2713702321052551,
         false
      ],
      [
         3,
         -1.2437554001808167,
         false
      ],
      [
         7,
         -1.1752679944038391,
         false
      ],
      [
         6,
         -1.2668082118034363,
         false
      ],
      [
         7,
         -1.171675682067871,
         false
      ],
      [
         7,
         -1.1591026186943054,
         false
      ],
      [
         7,
         -1.0513331294059753,
         true
      ],
      [
         5,
         -1.0560120344161987,
         true
      ],
      [
         5,
         -1.0627707242965698,
         true
      ],
      [
         5,
         -1.0762881636619568,
         true
      ],
      [
         5,
         -1.0920584201812744,
         true
      ],
      [
         5,
         -1.0931848883628845,
         true
      ],
      [
         1,
         -1.3448873162269592,
         false
      ],
      [
         5,
         -1.3770500421524048,
         false
      ],
      [
         6,
         -1.0774853229522705,
         true
      ],
      [
         4,
         -1.3195027112960815,
         false
      ],
      [
         3,
         -1.124201238155365,
         false
      ],
      [
         4,
         -1.2873814702033997,
         false
      ],
      [
         4,
         -1.2782039642333984,
         false
      ],
      [
         4,
         -1.2348658442497253,
         false
      ],
      [
         4,
         -1.2333362698554993,
         false
      ],
      [
         3,
         -0.8253158330917358,
         true
      ],
      [
         7,
         -1.0603139400482178,
         true
      ],
      [
         7,
         -1.0692946910858154,
         true
      ],
      [
         7,
         -1.0782754719257355,
         true
      ],
      [
         1,
         -1.30324786901474,
         false
      ],
      [
         1,
         -1.2616084814071655,
         false
      ],
      [
         4,
         -1.1915277242660522,
         false
      ],
      [
         4,
         -1.1772515773773193,
         true
      ],
      [
         6,
         -1.1710062623023987,
         true
      ],
      [
         5,
         -1.3286126852035522,
         false
      ],
      [
         5,
         -1.2035768628120422,
         false
      ],
      [
         2,
         -1.1627894639968872,
         false
      ],
      [
         3,
         -1.0046470761299133,
         false
      ],
      [
         6,
         -1.1892542243003845,
         true
      ],
      [
         1,
         -1.0117719769477844,
         true
      ],
      [
         5,
         -1.2024503946304321,
         false
      ],
      [
         5,
         -1.18893301486969,
         false
      ],
      [
         6,
         -1.1960972547531128,
         true
      ],
      [
         5,
         -1.1742891669273376,
         false
      ],
      [
         3,
         -0.8850929141044617,
         true
      ],
      [
         6,
         -1.1983782649040222,
         true
      ],
      [
         6,
         -1.2189072370529175,
         true
      ],
      [
         2,
         -1.0620114505290985,
         false
      ],
      [
         7,
         -1.0872562527656555,
         true
      ],
      [
         7,
         -1.114198625087738,
         true
      ],
      [
         7,
         -1.1231794357299805,
         true
      ],
      [
         6,
         -1.221188247203827,
         true
      ],
      [
         7,
         -1.150121808052063,
         false
      ],
      [
         2,
         -1.0620114207267761,
         false
      ],
      [
         5,
         -1.1697834134101868,
         false
      ],
      [
         5,
         -1.1652776002883911,
         false
      ]
   ],
   "remaining_rules": [
      57,
      644,
      1241,
      1850,
      2437,
      3020,
      3681,
      4214,
      4793,
      5454
   ],
   "set_rules": [
      57,
      644,
      1241,
      1850,
      2437,
      3020,
      3681,
      4214,
      4793,
      5454
   ],
   "foil_estimated_class": [
      0
   ],
   "distance": 0.0007137399505319343,
   "extraction_time": 0.13864850997924805,
   "feature_bounds": {
      "0": {
         "type": 2,
         "values": [
            1.5,
            null
         ]
      },
      "1": {
         "type": 1,
         "values": [
            -1.2616084814071655,
            -1.1783296465873718
         ]
      },
      "2": {
         "type": 1,
         "values": [
            -1.0620114207267761,
            -1.011622428894043
         ]
      },
      "3": {
         "type": 1,
         "values": [
            -1.0046470761299133,
            -0.8850929141044617
         ]
      },
      "4": {
         "type": 1,
         "values": [
            -1.2328264117240906,
            -1.1553276181221008
         ]
      },
      "5": {
         "type": 1,
         "values": [
            -1.1652776002883911,
            -1.121346116065979
         ]
      },
      "6": {
         "type": 1,
         "values": [
            -1.2668082118034363,
            -1.221188247203827
         ]
      },
      "7": {
         "type": 1,
         "values": [
            -1.150121808052063,
            -1.1231794357299805
         ]
      }
   },
   "feature_bounds_compact": {
      "0": {
         "type": 2,
         "values": [
            1.5,
            null
         ]
      },
      "1": {
         "type": 1,