{
   "found": true,
   "num_iterations": 572,
   "num_foil": 253,
   "_observation": [
      0.0,
      0.4664272415087847,
      0.575631409609941,
      0.13111745452028825,
      0.3217378901025617,
      0.4984875056428692,
      0.3184857007166919,
      0.08024614607656821
   ],
   "_idx": 294,
   "factual_class": 1,
   "feature_bounds_splits": {
      "0": {
         "type": 2,
         "values": [
            null,
            null
         ]
      },
      "1": {
         "type": 1,
         "values": [
            0.445607528090477,
            null
         ]
      },
      "2": {
         "type": 1,
         "values": [
            0.5504369139671326,
            0.8023819625377655
         ]
      },
      "3": {
         "type": 1,
         "values": [
            -0.04821378691121936,
            1.6255444884300232
         ]
      },
      "4": {
         "type": 1,
         "values": [
            0.28043921291828156,
            0.5267017483711243
         ]
      },
      "5": {
         "type": 1,
         "values": [
            0.4793378710746765,
            0.5131313502788544
         ]
      },
      "6": {
         "type": 1,
         "values": [
            null,
            0.30479971319437027
         ]
      },
      "7": {
         "type": 1,
         "values": [
            0.13053856045007706,
            0.38738909363746643
         ]
      }
   },
   "splits": [
      [
         7,
         0.4412738084793091,
         true
      ],
      [
         7,
         0.40894298255443573,
         true
      ],
      [
         5,
         0.8465602397918701,
         true
      ],
      [
         5,
         0.1256329007446766,
         false
      ],
      [
         5,
         0.12788581103086472,
         false
      ],
      [
         5,
         0.14590898156166077,
         false
      ],
      [
         7,
         0.3999621868133545,
         true
      ],
      [
         5,
         0.8003758192062378,
         true
      ],
      [
         4,
         0.6026709675788879,
         true
      ],
      [
         3,
         1.6255444884300232,
         true
      ],
      [
         4,
         0.5705497562885284,
         true
      ],
      [
         4,
         0.5277214646339417,
         true
      ],
      [
         5,
         0.7632029950618744,
         true
      ],
      [
         5,
         0.7508120536804199,
         true
      ],
      [
         5,
         0.7496856451034546,
         true
      ],
      [
         4,
         0.5267017483711243,
         true
      ],
      [
         7,
         0.38738909363746643,
         true
      ],
      [
         5,
         0.68885737657547,
         true
      ],
      [
         3,
         -0.40687626600265503,
         false
      ],
      [
         2,
         0.8023819625377655,
         true
      ],
      [
         7,
         0.07126535754650831,
         false
      ],
      [
         7,
         0.07665383070707321,
         false
      ],
      [
         7,
         0.0838384609669447,
         false
      ],
      [
         1,
         0.445607528090477,
         false
      ],
      [
         5,
         0.523269385099411,
         true
      ],
      [
         3,
         -0.04821378691121936,
         false
      ],
      [
         4,
         0.28043921291828156,
         false
      ],
      [
         2,
         0.5504369139671326,
         false
      ],
      [
         7,
         0.10359619557857513,
         false
      ],
      [
         6,
         0.332171693444252,
         true
      ],
      [
         5,
         0.5176371335983276,
         true
      ],
      [
         5,
         0.5131313502788544,
         true
      ],
      [
         5,
         0.4793378710746765,
         false
      ],
      [
         6,
         0.3139237016439438,
         true
      ],
      [
         7,
         0.12155776843428612,
         false
      ],
      [
         6,
         0.30479971319437027,
         true
      ],
      [
         7,
         0.13053856045007706,
         false
      ]
   ],
   "remaining_rules": [
      232,
      935,
      1525,
      2185,
      2785,
      3339,
      3901,
      4560,
      5134,
      5724
   ],
   "set_rules": [
      232,
      935,
      1525,
      2185,
      2785,
      3339,
      3901,
      4560,
      5134,
      5724
   ],
   "foil_estimated_class": [
      0
   ],
   "distance": 0.0011205899004159904,
   "extraction_time": 0.15040159225463867,
   "feature_bounds": {
      "0": {
         "type": 2,
         "values": [
            null,
            0.5
         ]
      },
      "1": {
         "type": 1,
         "values": [
            0.445607528090477,
            0.5080666393041611
         ]
      },
      "2": {
         "type": 1,
         "values": [
            0.5504368841648102,
            0.6008259057998657
         ]
      },
      "3": {
         "type": 1,
         "values": [
            -0.04821378691121936,
            0.19089453667402267
         ]
      },
      "4": {
         "type": 1,
         "values": [
            0.30797165632247925,
            0.3329548090696335
         ]
      },
      "5": {
         "type": 1,
         "values": [
            0.4793378710746765,
            0.5176371335983276
         ]
      },
      "6": {
         "type": 1,
         "values": [
            0.22496476769447327,
            0.30479971319437027
         ]
      },
      "7": {
         "type": 1,
         "values": [
            0.13053856045007706,
            0.13592703640460968
         ]
      }
   },
   "feature_bounds_compact": {
      "0": {
         "type": 2,
         "values": [
            null,
            0.5
         ]
      },
      "1": {
         "type": 1,
         "values": [
            0.445607528090477,
            0.5080666393041611
         ]
      },
      "2": {
         "type": 1,
         "values": [
            0.5504368841648102,
            0.6008259057998657
         ]
      },
      "3": {
         "type": 1,
         "values": [
            -0.04821378691121936,
            0.19089453667402267
         ]
      },
      "4": {
         "type": 1,
         "values": [
            0.30797165632247925,
            0.3329548090696335
         ]
      },
      "5": {
         "type": 1,
         "values": [
            0.4793378710746765,
            0.5176371335983276
         ]
      },
      "6": {
         "type": 1,
         "values": [
            0.22496476769447327,
            0.30479971319437027
         ]
      },
      "7": {
         "type": 1,
         "values": [
            0.13053856045007706,
            0.13592703640460968
         ]
      }
   },
   "feature_bounds_compact_count": {
      "0": {
         "type": 2,
         "values": [
            null,
            0.5
         ]
      },
      "1": {
         "type": 1,
         "values": [
            0.445607528090477,
            0.5080666393041611
         ]
      },
      "2": {
         "type": 1,
         "values": [
            0.5504368841648102,
            0.6008259057998657
         ]
      },
      "3": {
         "type": 1,
         "values": [
            -0.04821378691121936,
            0.19089453667402267
         ]
      },
      "4": {
         "type": 1,
         "values": [
            0.30797165632247925,
            0.3329548090696335
         ]
      },
      "5": {
         "type": 1,
         "values": [
            0.4793378710746765,
            0.5176371335983276
         ]
      },
      "6": {
         "type": 1,
         "values": [
            0.22496476769447327,
            0.30479971319437027
         ]
      },
      "7": {
         "type": 1,
         "values": [
            0.13053856045007706,
            0.13592703640460968
         ]
      }
   },