{
   "found": true,
   "num_iterations": 8626,
   "num_foil": 4279,
   "_observation": [
      0.0,
      0.8828213913692646,
      0.9283544807498924,
      0.9679965753931772,
      0.7500206092603544,
      0.6967425210657359,
      0.473593592970619,
      1.1543483838120594
   ],
   "_idx": 172,
   "factual_class": 0,
   "feature_bounds_splits": {
      "0": {
         "type": 2,
         "values": [
            null,
            null
         ]
      },
      "1": {
         "type": 1,
         "values": [
            0.8203622698783875,
            0.9244607985019684
         ]
      },
      "2": {
         "type": 1,
         "values": [
            null,
            0.9787434935569763
         ]
      },
      "3": {
         "type": 1,
         "values": [
            0.9082195162773132,
            null
         ]
      },
      "4": {
         "type": 1,
         "values": [
            0.8025362193584442,
            0.8769758343696594
         ]
      },
      "5": {
         "type": 1,
         "values": [
            0.7755939662456512,
            0.8623305261135101
         ]
      },
      "6": {
         "type": 1,
         "values": [
            0.49412259459495544,
            0.5169325619935989
         ]
      },
      "7": {
         "type": 1,
         "values": [
            0.9388094544410706,
            0.9765287935733795
         ]
      }
   },
   "splits": [
      [
         5,
         0.0456550270318985,
         false
      ],
      [
         5,
         0.1256329007446766,
         false
      ],
      [
         5,
         0.13689739257097244,
         false
      ],
      [
         5,
         0.14590898156166077,
         false
      ],
      [
         5,
         0.1842082440853119,
         false
      ],
      [
         5,
         0.24503649026155472,
         false
      ],
      [
         5,
         0.24954228848218918,
         false
      ],
      [
         5,
         0.2574274241924286,
         false
      ],
      [
         2,
         1.2810775637626648,
         true
      ],
      [
         2,
         1.2558830380439758,
         true
      ],
      [
         5,
         0.37908391654491425,
         false
      ],
      [
         5,
         0.38021036982536316,
         false
      ],
      [
         4,
         1.1747342944145203,
         true
      ],
      [
         4,
         1.1696356534957886,
         true
      ],
      [
         4,
         1.1594384908676147,
         true
      ],
      [
         4,
         1.1115115880966187,
         true
      ],
      [
         4,
         1.0911172032356262,
         true
      ],
      [
         3,
         -0.9448699951171875,
         false
      ],
      [
         3,
         -0.8850929141044617,
         false
      ],
      [
         3,
         -0.6459845900535583,
         false
      ],
      [
         4,
         1.090097427368164,
         true
      ],
      [
         2,
         1.2306885123252869,
         true
      ],
      [
         4,
         1.0697031021118164,
         true
      ],
      [
         3,
         -0.28732210397720337,
         false
      ],
      [
         2,
         1.1551049947738647,
         true
      ],
      [
         4,
         1.0457395911216736,
         true
      ],
      [
         4,
         1.0375818610191345,
         true
      ],
      [
         5,
         0.38584260642528534,
         false
      ],
      [
         4,
         1.0110691487789154,
         true
      ],
      [
         6,
         -0.450210765004158,
         false
      ],
      [
         4,
         1.008519858121872,
         true
      ],
      [
         2,
         1.0039379596710205,
         true
      ],
      [
         2,
         0.9787434935569763,
         true
      ],
      [
         5,
         0.4117509424686432,
         false
      ],
      [
         5,
         0.4185096323490143,
         false
      ],
      [
         7,
         1.211825430393219,
         true
      ],
      [
         7,
         1.197456181049347,
         true
      ],
      [
         7,
         1.1776984333992004,
         true
      ],
      [
         5,
         0.5097519904375076,
         false
      ],
      [
         7,
         1.0932790338993073,
         true
      ],
      [
         7,
         1.0878905057907104,
         true
      ],
      [
         1,
         1.0910184979438782,
         true
      ],
      [
         7,
         1.0681328177452087,
         true
      ],
      [
         1,
         1.0701987743377686,
         true
      ],
      [
         4,
         0.8963505327701569,
         true
      ],
      [
         4,
         0.8769758343696594,
         true
      ],
      [
         4,
         0.7240177392959595,
         false
      ],
      [
         7,
         1.017840415239334,
         true
      ],
      [
         1,
         0.7370834350585938,
         false
      ],
      [
         5,
         0.68885737657547,
         false
      ],
      [
         4,
         0.7454318702220917,
         false
      ],
      [
         5,
         0.6933631896972656,
         false
      ],
      [
         5,
         0.8623305261135101,
         true
      ],
      [
         4,
         0.7785727977752686,
         false
      ],
      [
         3,
         0.4897799491882324,
         false
      ],
      [
         3,
         0.5495570302009583,
         false
      ],
      [
         7,
         0.8813324272632599,
         false
      ],
      [
         3,
         0.7886653542518616,
         false
      ],
      [
         4,
         0.7938686013221741,
         false
      ],
      [
         5,
         0.7451798319816589,
         false
      ],
      [
         6,
         0.5169325619935989,
         true
      ],
      [
         6,
         0.3777916580438614,
         false
      ],
      [
         7,
         0.9388094544410706,
         false
      ],
      [
         1,
         0.8203622698783875,
         false
      ],
      [
         4,
         0.8025362193584442,
         false
      ],
      [
         1,
         0.9244607985019684,
         true
      ],
      [
         5,
         0.7710881531238556,
         false
      ],
      [
         3,
         0.9082195162773132,
         false
      ],
      [
         7,
         0.9765287935733795,
         true
      ],
      [
         5,
         0.7755939662456512,
         false
      ],
      [
         6,
         0.49412259459495544,
         false
      ]
   ],
   "remaining_rules": [
      507,
      1111,
      1696,
      2238,
      2869,
      3473,
      4053,
      4723,
      5308,
      5908
   ],
   "set_rules": [
      507,
      1111,
      1696,
      2238,
      2869,
      3473,
      4053,
      4723,
      5308,
      5908
   ],
   "foil_estimated_class": [
      1
   ],
   "distance": 0.006068124846178778,
   "extraction_time": 0.21969938278198242,
   "feature_bounds": {
      "0": {
         "type": 2,
         "values": [
            null,
            0.5
         ]
      },
      "1": {
         "type": 1,
         "values": [
            0.8620016872882843,
            0.9036411046981812
         ]
      },
      "2": {
         "type": 1,
         "values": [
            0.8527709543704987,
            1.003937989473343
         ]
      },
      "3": {
         "type": 1,
         "values": [
            0.9082195162773132,
            1.027773678302765
         ]
      },
      "4": {
         "type": 1,
         "values": [
            0.8025362193584442,
            0.8530124127864838
         ]
      },
      "5": {
         "type": 1,
         "values": [
            0.7755939662456512,
            0.8465602397918701
         ]
      },
      "6": {
         "type": 1,
         "values": [
            0.49412259459495544,
            0.5169325470924377
         ]
      },
      "7": {
         "type": 1,