{
   "found": true,
   "num_iterations": 98,
   "num_foil": 21,
   "_observation": [
      2.0,
      -1.4489858478494209,
      -1.5407070172297683,
      -1.3035324669760926,
      -1.2527109631822773,
      -1.168656942231235,
      -1.2234692281605823,
      -1.2848336209451259
   ],
   "_idx": 255,
   "factual_class": 1,
   "feature_bounds_splits": {
      "0": {
         "type": 2,
         "values": [
            null,
            null
         ]
      },
      "1": {
         "type": 1,
         "values": [
            -1.490625262260437,
            -1.428166151046753
         ]
      },
      "2": {
         "type": 1,
         "values": [
            -1.666679561138153,
            -1.4651235342025757
         ]
      },
      "3": {
         "type": 1,
         "values": [
            -1.3035324811935425,
            -1.1839783191680908
         ]
      },
      "4": {
         "type": 1,
         "values": [
            -1.2894209623336792,
            -0.9840145409107208
         ]
      },
      "5": {
         "type": 1,
         "values": [
            -1.1697834134101868,
            null
         ]
      },
      "6": {
         "type": 1,
         "values": [
            -1.221188247203827,
            -1.0387083292007446
         ]
      },
      "7": {
         "type": 1,
         "values": [
            -1.2830374836921692,
            -1.2758527994155884
         ]
      }
   },
   "splits": [
      [
         7,
         -1.442895531654358,
         false
      ],
      [
         7,
         -1.410564661026001,
         false
      ],
      [
         4,
         -1.3903732895851135,
         false
      ],
      [
         7,
         -1.3764376640319824,
         false
      ],
      [
         7,
         -1.3692530393600464,
         false
      ],
      [
         4,
         -1.373547911643982,
         false
      ],
      [
         7,
         -1.36745685338974,
         false
      ],
      [
         3,
         -0.8253158330917358,
         true
      ],
      [
         3,
         -0.8850929141044617,
         true
      ],
      [
         5,
         -1.2621521949768066,
         false
      ],
      [
         7,
         -1.0351676940917969,
         true
      ],
      [
         4,
         -0.9840145409107208,
         true
      ],
      [
         1,
         -1.365706980228424,
         true
      ],
      [
         6,
         -0.9816833734512329,
         true
      ],
      [
         6,
         -1.0295843482017517,
         true
      ],
      [
         6,
         -1.0387083292007446,
         true
      ],
      [
         3,
         -1.3035324811935425,
         false
      ],
      [
         7,
         -1.0872562527656555,
         true
      ],
      [
         4,
         -1.2975786328315735,
         false
      ],
      [
         3,
         -1.1839783191680908,
         true
      ],
      [
         6,
         -1.3489241003990173,
         false
      ],
      [
         1,
         -1.3865267634391785,
         true
      ],
      [
         1,
         -1.490625262260437,
         false
      ],
      [
         7,
         -1.1698795557022095,
         true
      ],
      [
         7,
         -1.2040064930915833,
         true
      ],
      [
         4,
         -1.2904406785964966,
         false
      ],
      [
         7,
         -1.2165796160697937,
         true
      ],
      [
         4,
         -1.2894209623336792,
         false
      ],
      [
         7,
         -1.2542989253997803,
         true
      ],
      [
         7,
         -1.2632797360420227,
         true
      ],
      [
         2,
         -1.666679561138153,
         false
      ],
      [
         2,
         -1.4651235342025757,
         true
      ],
      [
         6,
         -1.259965181350708,
         false
      ],
      [
         6,
         -1.221188247203827,
         false
      ],
      [
         7,
         -1.2650758624076843,
         true
      ],
      [
         7,
         -1.2668720483779907,
         true
      ],
      [
         1,
         -1.428166151046753,
         true
      ],
      [
         7,
         -1.2830374836921692,
         false
      ],
      [
         7,
         -1.2758527994155884,
         true
      ],
      [
         5,
         -1.1742891669273376,
         false
      ],
      [
         5,
         -1.1697834134101868,
         false
      ]
   ],
   "remaining_rules": [
      37,
      619,
      1222,
      1845,
      2430,
      3012,
      3678,
      4184,
      4794,
      5419
   ],
   "set_rules": [
      37,
      619,
      1222,
      1845,
      2430,
      3012,
      3678,
      4184,
      4794,
      5419
   ],
   "foil_estimated_class": [
      0
   ],
   "distance": 7.405462633650693e-05,
   "extraction_time": 0.13520431518554688,
   "feature_bounds": {
      "0": {
         "type": 2,
         "values": [
            1.5,
            null
         ]
      },
      "1": {
         "type": 1,
         "values": [
            -1.5114449858665466,
            -1.428166151046753
         ]
      },
      "2": {
         "type": 1,
         "values": [
            -1.565901517868042,
            -1.4651235342025757
         ]
      },
      "3": {
         "type": 1,
         "values": [
            -1.6621949672698975,
            -1.124201238155365
         ]
      },
      "4": {
         "type": 1,
         "values": [
            -1.2873814702033997,
            -0.9840145409107208
         ]
      },
      "5": {
         "type": 1,
         "values": [
            -1.1697834134101868,
            -1.0931848883628845
         ]
      },
      "6": {
         "type": 1,
         "values": [
            -1.221188247203827,
            -1.1504772305488586
         ]
      },
      "7": {
         "type": 1,
         "values": [
            -1.2830374836921692,
            -1.2758527994155884
         ]
      }
   },
   "feature_bounds_compact": {
      "0": {
         "type": 2,
         "values": [
            1.5,
            null
         ]
      },
      "1": {
         "type": 1,
         "values": [
            -1.5114449858665466,
            -1.428166151046753
         ]
      },
      "2": {
         "type": 1,
         "values": [
            -1.565901517868042,
            -1.4651235342025757
         ]
      },
      "3": {
         "type": 1,
         "values": [
            -1.6621949672698975,
            -1.124201238155365
         ]
      },
      "4": {
         "type": 1,
         "values": [
            -1.2873814702033997,
            -0.9840145409107208
         ]
      },
      "5": {
         "type": 1,
         "values": [
            -1.1697834134101868,
            -1.0931848883628845
         ]
      },
      "6": {
         "type": 1,
         "values": [
            -1.221188247203827,
            -1.1504772305488586
         ]
      },
      "7": {
         "type": 1,
         "values": [
            -1.2830374836921692,
            -1.2758527994155884
         ]
      }
   },
   "feature_bounds_compact_count": {
      "0": {
         "type": 2,
         "values": [
            1.5,
            null
         ]
      },
      "1": {
         "type": 1,
         "values": [
            -1.5114449858665466,
            -1.428166151046753
         ]
      },
      "2": {
         "type": 1,
         "values": [
            -1.565901517868042,
            -1.4651235342025757
         ]
      },
      "3": {
         "type": 1,
         "values": [
            -1.6621949672698975,
            -1.124201238155365
         ]
      },
      "4": {
         "type": 1,
         "values": [
            -1.2873814702033997,
            -0.9840145409107208
         ]
      },
      "5": {
         "type": 1,
         "values": [
            -1.1697834134101868,
            -1.0931848883628845
         ]
      },
      "6": {
         "type": 1,