{
   "found": true,
   "num_iterations": 580,
   "num_foil": 261,
   "_observation": [
      1.0,
      -0.3663610582121741,
      -0.482537803809914,
      -0.3470991859785052,
      -0.5847938654481001,
      -0.35986659522204106,
      -0.7125255830888231,
      -0.659770780256245
   ],
   "_idx": 158,
   "factual_class": 1,
   "feature_bounds_splits": {
      "0": {
         "type": 2,
         "values": [
            null,
            null
         ]
      },
      "1": {
         "type": 1,
         "values": [
            -0.3455413430929184,
            -0.13734427466988564
         ]
      },
      "2": {
         "type": 1,
         "values": [
            -0.48253779113292694,
            -0.45734329521656036
         ]
      },
      "3": {
         "type": 1,
         "values": [
            -0.40687626600265503,
            -0.28732210397720337
         ]
      },
      "4": {
         "type": 1,
         "values": [
            -0.6113066077232361,
            null
         ]
      },
      "5": {
         "type": 1,
         "values": [
            -0.3418434113264084,
            null
         ]
      },
      "6": {
         "type": 1,
         "values": [
            -0.753583550453186,
            -0.7421785593032837
         ]
      },
      "7": {
         "type": 1,
         "values": [
            -0.6112745106220245,
            null
         ]
      }
   },
   "splits": [
      [
         7,
         -0.7459863722324371,
         false
      ],
      [
         7,
         -0.7459863424301147,
         false
      ],
      [
         7,
         -0.7136555314064026,
         false
      ],
      [
         7,
         -0.6921016275882721,
         false
      ],
      [
         7,
         -0.6687515676021576,
         false
      ],
      [
         1,
         -0.05406544357538223,
         true
      ],
      [
         1,
         -0.05406544543802738,
         true
      ],
      [
         1,
         -0.11652456782758236,
         true
      ],
      [
         1,
         -0.13734427466988564,
         true
      ],
      [
         3,
         -0.9448699951171875,
         false
      ],
      [
         3,
         -0.8850929141044617,
         false
      ],
      [
         7,
         -0.6615669429302216,
         false
      ],
      [
         7,
         -0.6364207565784454,
         false
      ],
      [
         7,
         -0.6148668229579926,
         false
      ],
      [
         3,
         -0.28732210397720337,
         true
      ],
      [
         7,
         -0.6130706965923309,
         false
      ],
      [
         6,
         -0.6395336389541626,
         true
      ],
      [
         6,
         -0.6463766396045685,
         true
      ],
      [
         7,
         -0.6112745106220245,
         false
      ],
      [
         6,
         -0.7398975789546967,
         true
      ],
      [
         6,
         -0.7558645606040955,
         false
      ],
      [
         2,
         -0.5329268276691437,
         false
      ],
      [
         1,
         -0.4288201779127121,
         false
      ],
      [
         3,
         -0.6459845900535583,
         false
      ],
      [
         4,
         -0.6469968259334564,
         false
      ],
      [
         4,
         -0.640368640422821,
         false
      ],
      [
         1,
         -0.3455413430929184,
         false
      ],
      [
         2,
         -0.48253779113292694,
         false
      ],
      [
         2,
         -0.45734329521656036,
         true
      ],
      [
         4,
         -0.6113066077232361,
         false
      ],
      [
         5,
         -0.3418434113264084,
         false
      ],
      [
         6,
         -0.7421785593032837,
         true
      ],
      [
         3,
         -0.40687626600265503,
         false
      ],
      [
         6,
         -0.753583550453186,
         false
      ]
   ],
   "remaining_rules": [
      106,
      736,
      1357,
      1944,
      2549,
      3122,
      3711,
      4332,
      4888,
      5527
   ],
   "set_rules": [
      106,
      736,
      1357,
      1944,
      2549,
      3122,
      3711,
      4332,
      4888,
      5527
   ],
   "foil_estimated_class": [
      0
   ],
   "distance": 0.002139002059925886,
   "extraction_time": 0.15347886085510254,
   "feature_bounds": {
      "0": {
         "type": 2,
         "values": [
            0.5,
            1.5
         ]
      },
      "1": {
         "type": 1,
         "values": [
            -0.3455413430929184,
            -0.22062310576438904
         ]
      },
      "2": {
         "type": 1,
         "values": [
            -0.48253779113292694,
            -0.45734329521656036
         ]
      },
      "3": {
         "type": 1,
         "values": [
            -0.40687626600265503,
            -0.28732210397720337
         ]
      },
      "4": {
         "type": 1,
         "values": [
            -0.6113066077232361,
            -0.5067852139472961
         ]
      },
      "5": {
         "type": 1,
         "values": [
            -0.3418434113264084,
            null
         ]
      },
      "6": {
         "type": 1,
         "values": [
            -0.753583550453186,
            -0.7421785593032837
         ]
      },
      "7": {
         "type": 1,
         "values": [
            -0.6112745106220245,
            -0.498116597533226
         ]
      }
   },
   "feature_bounds_compact": {
      "0": {
         "type": 2,
         "values": [
            0.5,
            1.5
         ]
      },
      "1": {
         "type": 1,
         "values": [
            -0.3455413430929184,
            -0.22062310576438904
         ]
      },
      "2": {
         "type": 1,
         "values": [
            -0.48253779113292694,
            -0.45734329521656036
         ]
      },
      "3": {
         "type": 1,
         "values": [
            -0.40687626600265503,
            -0.28732210397720337
         ]
      },
      "4": {
         "type": 1,
         "values": [
            -0.6113066077232361,
            -0.5067852139472961
         ]
      },
      "5": {
         "type": 1,
         "values": [
            -0.3418434113264084,
            null
         ]
      },
      "6": {
         "type": 1,
         "values": [
            -0.753583550453186,
            -0.7421785593032837
         ]
      },
      "7": {
         "type": 1,
         "values": [
            -0.6112745106220245,
            -0.498116597533226
         ]
      }
   },
   "feature_bounds_compact_count": {
      "0": {
         "type": 2,
         "values": [
            0.5,
            1.5
         ]
      },
      "1": {
         "type": 1,
         "values": [
            -0.3455413430929184,
            -0.22062310576438904
         ]
      },
      "2": {
         "type": 1,
         "values": [
            -0.48253779113292694,
            -0.45734329521656036
         ]
      },
      "3": {
         "type": 1,
         "values": [
            -0.40687626600265503,
            -0.28732210397720337
         ]
      },
      "4": {
         "type": 1,
         "values": [
            -0.6113066077232361,
            -0.5067852139472961
         ]
      },
      "5": {
         "type": 1,
         "values": [
            -0.3418434113264084,
            null
         ]
      },
      "6": {
         "type": 1,
         "values": [
            -0.753583550453186,
            -0.7421785593032837
         ]
      },
      "7": {
         "type": 1,
         "values": [
            -0.6112745106220245,
            -0.498116597533226
         ]
      }
   },
   "counterfactual_sample": [
      1.0,
      -0.3405413430929184,
      -0.47753779113292694,
      -0.3470991859785052,
      -0.5847938654481001,
      -0.3368434113264084,
      -0.7471785593032837,
      -0.6062745106220245
   ],
   "counterfactual_distance": 0.002134243956084116,
   "counterfactual_class": 0,
   "valid_": true
}