{
   "found": true,
   "num_iterations": 648,
   "num_foil": 311,
   "_observation": [
      48.0,
      0.0,
      3.0,
      9.0,
      3.0,
      2.0,
      2.0,
      0.0,
      -0.1473664551602441,
      -0.21637494832950374,
      36.0
   ],
   "_idx": 147,
   "factual_class": 0,
   "feature_bounds_splits": {
      "0": {
         "type": 2,
         "values": [
            null,
            null
         ]
      },
      "1": {
         "type": 2,
         "values": [
            null,
            null
         ]
      },
      "2": {
         "type": 2,
         "values": [
            null,
            null
         ]
      },
      "3": {
         "type": 2,
         "values": [
            null,
            null
         ]
      },
      "4": {
         "type": 2,
         "values": [
            2.5,
            null
         ]
      },
      "5": {
         "type": 2,
         "values": [
            null,
            null
         ]
      },
      "6": {
         "type": 2,
         "values": [
            null,
            null
         ]
      },
      "7": {
         "type": 2,
         "values": [
            null,
            null
         ]
      },
      "8": {
         "type": 1,
         "values": [
            0.5538242757320404,
            0.5570580959320068
         ]
      },
      "9": {
         "type": 1,
         "values": [
            null,
            null
         ]
      },
      "10": {
         "type": 2,
         "values": [
            35.5,
            null
         ]
      }
   },
   "splits": [
      [
         8,
         0.820374459028244,
         true
      ],
      [
         8,
         0.8173470497131348,
         true
      ],
      [
         8,
         0.5570580959320068,
         true
      ],
      [
         4,
         2.5,
         false
      ],
      [
         8,
         0.5538242757320404,
         false
      ],
      [
         10,
         35.5,
         false
      ]
   ],
   "remaining_rules": [
      645,
      1791,
      3637,
      4578,
      6513,
      7299,
      8405,
      10717,
      12640,
      13237
   ],
   "set_rules": [
      645,
      1791,
      3637,
      4578,
      6513,
      7299,
      8405,
      10717,
      12640,
      13237
   ],
   "foil_estimated_class": [
      1
   ],
   "distance": 0.004632649445721182,
   "extraction_time": 0.3528437614440918,
   "feature_bounds": {
      "0": {
         "type": 2,
         "values": [
            39.5,
            48.5
         ]
      },
      "1": {
         "type": 2,
         "values": [
            null,
            0.5
         ]
      },
      "2": {
         "type": 2,
         "values": [
            1.5,
            3.5
         ]
      },
      "3": {
         "type": 2,
         "values": [
            8.0,
            9.5
         ]
      },
      "4": {
         "type": 2,
         "values": [
            2.5,
            3.5
         ]
      },
      "5": {
         "type": 2,
         "values": [
            1.0,
            2.5
         ]
      },
      "6": {
         "type": 2,
         "values": [
            1.0,
            2.5
         ]
      },
      "7": {
         "type": 2,
         "values": [
            null,
            0.5
         ]
      },
      "8": {
         "type": 1,
         "values": [
            0.5538242757320404,
            0.5570580959320068
         ]
      },
      "9": {
         "type": 1,
         "values": [
            null,
            4.145115375518799
         ]
      },
      "10": {
         "type": 2,
         "values": [
            35.5,
            37.5
         ]
      }
   },
   "feature_bounds_compact": {
      "0": {
         "type": 2,
         "values": [
            30.5,
            70.5
         ]
      },
      "1": {
         "type": 2,
         "values": [
            null,
            null
         ]
      },
      "2": {
         "type": 2,
         "values": [
            0.5,
            null
         ]
      },
      "3": {
         "type": 2,
         "values": [
            7.5,
            11.5
         ]
      },
      "4": {
         "type": 2,
         "values": [
            null,
            null
         ]
      },
      "5": {
         "type": 2,
         "values": [
            0.5,
            2.5
         ]
      },
      "6": {
         "type": 2,
         "values": [
            null,
            9.5
         ]
      },
      "7": {
         "type": 2,
         "values": [
            null,
            0.5
         ]
      },
      "8": {
         "type": 1,
         "values": [
            0.5538242757320404,
            4.074571013450623
         ]
      },
      "9": {
         "type": 1,
         "values": [
            null,
            4.145115375518799
         ]
      },
      "10": {
         "type": 2,
         "values": [
            35.5,
            40.5
         ]
      }
   },
   "feature_bounds_compact_count": {
      "0": {
         "type": 2,
         "values": [
            30.5,
            70.5
         ]
      },
      "1": {
         "type": 2,
         "values": [
            null,
            null
         ]
      },
      "2": {
         "type": 2,
         "values": [
            0.5,
            null
         ]
      },
      "3": {
         "type": 2,
         "values": [
            7.5,
            11.5
         ]
      },
      "4": {
         "type": 2,
         "values": [
            null,
            null
         ]
      },
      "5": {
         "type": 2,
         "values": [
            0.5,
            2.5
         ]
      },
      "6": {
         "type": 2,
         "values": [
            null,
            9.5
         ]
      },
      "7": {
         "type": 2,
         "values": [
            null,
            0.5
         ]
      },
      "8": {
         "type": 1,
         "values": [
            0.5538242757320404,
            4.074571013450623
         ]
      },
      "9": {
         "type": 1,
         "values": [
            null,
            4.145115375518799
         ]
      },
      "10": {
         "type": 2,
         "values": [
            35.5,
            40.5
         ]
      }
   },
   "counterfactual_sample": [
      48.0,
      0.0,
      3.0,
      9.0,
      3.0,
      2.0,
      2.0,
      0.0,
      0.5588242757320404,
      -0.21637494832950374,
      36.0
   ],
   "counterfactual_distance": 0.004632319127669075,
   "counterfactual_class": 1,
   "valid_": true
}