{
   "found": true,
   "num_iterations": 109,
   "num_foil": 42,
   "_observation": [
      31.0,
      0.0,
      2.0,
      13.0,
      5.0,
      2.0,
      3.0,
      5.0,
      -0.1473664551602441,
      -0.21637494832950374,
      50.0
   ],
   "_idx": 946,
   "factual_class": 1,
   "feature_bounds_splits": {
      "0": {
         "type": 2,
         "values": [
            27.5,
            28.5
         ]
      },
      "1": {
         "type": 2,
         "values": [
            null,
            null
         ]
      },
      "2": {
         "type": 2,
         "values": [
            null,
            null
         ]
      },
      "3": {
         "type": 2,
         "values": [
            12.5,
            null
         ]
      },
      "4": {
         "type": 2,
         "values": [
            null,
            null
         ]
      },
      "5": {
         "type": 2,
         "values": [
            null,
            null
         ]
      },
      "6": {
         "type": 2,
         "values": [
            1.5,
            null
         ]
      },
      "7": {
         "type": 2,
         "values": [
            null,
            null
         ]
      },
      "8": {
         "type": 1,
         "values": [
            -0.13952269405126572,
            0.06613514572381973
         ]
      },
      "9": {
         "type": 1,
         "values": [
            null,
            null
         ]
      },
      "10": {
         "type": 2,
         "values": [
            46.5,
            49.5
         ]
      }
   },
   "splits": [
      [
         8,
         0.8260164558887482,
         true
      ],
      [
         8,
         0.6747144907712936,
         true
      ],
      [
         8,
         0.5570580959320068,
         true
      ],
      [
         6,
         1.5,
         false
      ],
      [
         3,
         12.5,
         false
      ],
      [
         0,
         30.5,
         true
      ],
      [
         0,
         28.5,
         true
      ],
      [
         10,
         44.5,
         false
      ],
      [
         0,
         25.5,
         false
      ],
      [
         10,
         51.5,
         true
      ],
      [
         0,
         26.5,
         false
      ],
      [
         10,
         50.5,
         true
      ],
      [
         8,
         0.06847450882196426,
         true
      ],
      [
         10,
         46.5,
         false
      ],
      [
         10,
         49.5,
         true
      ],
      [
         0,
         27.5,
         false
      ],
      [
         8,
         0.06613514572381973,
         true
      ],
      [
         8,
         -0.13952269405126572,
         false
      ]
   ],
   "remaining_rules": [
      988,
      2802,
      4035,
      5605,
      6855,
      8339,
      9777,
      10984,
      11459,
      14047
   ],
   "set_rules": [
      988,
      2802,
      4035,
      5605,
      6855,
      8339,
      9777,
      10984,
      11459,
      14047
   ],
   "foil_estimated_class": [
      0
   ],
   "distance": 0.004715782858012774,
   "extraction_time": 0.3770272731781006,
   "feature_bounds": {
      "0": {
         "type": 2,
         "values": [
            27.5,
            28.5
         ]
      },
      "1": {
         "type": 2,
         "values": [
            null,
            0.5
         ]
      },
      "2": {
         "type": 2,
         "values": [
            1.5,
            2.5
         ]
      },
      "3": {
         "type": 2,
         "values": [
            12.5,
            13.5
         ]
      },
      "4": {
         "type": 2,
         "values": [
            4.5,
            5.5
         ]
      },
      "5": {
         "type": 2,
         "values": [
            null,
            2.5
         ]
      },
      "6": {
         "type": 2,
         "values": [
            2.5,
            5.0
         ]
      },
      "7": {
         "type": 2,
         "values": [
            4.5,
            null
         ]
      },
      "8": {
         "type": 1,
         "values": [
            -0.13952269405126572,
            0.06613514572381973
         ]
      },
      "9": {
         "type": 1,
         "values": [
            null,
            2.0922176465392113
         ]
      },
      "10": {
         "type": 2,
         "values": [
            46.5,
            49.0
         ]
      }
   },
   "feature_bounds_compact": {
      "0": {
         "type": 2,
         "values": [
            27.5,
            28.5
         ]
      },
      "1": {
         "type": 2,
         "values": [
            null,
            0.5
         ]
      },
      "2": {
         "type": 2,
         "values": [
            1.5,
            2.5
         ]
      },
      "3": {
         "type": 2,
         "values": [
            12.5,
            13.5
         ]
      },
      "4": {
         "type": 2,
         "values": [
            4.5,
            5.5
         ]
      },
      "5": {
         "type": 2,
         "values": [
            null,
            2.5
         ]
      },
      "6": {
         "type": 2,
         "values": [
            2.5,
            5.0
         ]
      },
      "7": {
         "type": 2,
         "values": [
            4.5,
            null
         ]
      },
      "8": {
         "type": 1,
         "values": [
            -0.13952269405126572,
            0.06613514572381973
         ]
      },
      "9": {
         "type": 1,
         "values": [
            null,
            4.884060859680176
         ]
      },
      "10": {
         "type": 2,
         "values": [
            46.5,
            49.0
         ]
      }
   },
   "feature_bounds_compact_count": {
      "0": {
         "type": 2,
         "values": [
            27.5,
            28.5
         ]
      },
      "1": {
         "type": 2,
         "values": [
            null,
            0.5
         ]
      },
      "2": {
         "type": 2,
         "values": [
            1.5,
            2.5
         ]
      },
      "3": {
         "type": 2,
         "values": [
            12.5,
            13.5
         ]
      },
      "4": {
         "type": 2,
         "values": [
            4.5,
            5.5
         ]
      },
      "5": {
         "type": 2,
         "values": [
            null,
            2.5
         ]
      },
      "6": {
         "type": 2,
         "values": [
            2.5,
            5.0
         ]
      },
      "7": {
         "type": 2,
         "values": [
            4.5,
            null
         ]
      },
      "8": {
         "type": 1,
         "values": [
            -0.13952269405126572,
            0.06613514572381973
         ]
      },
      "9": {
         "type": 1,
         "values": [
            null,
            4.884060859680176
         ]
      },
      "10": {
         "type": 2,
         "values": [
            46.5,
            49.0
         ]
      }
   },
   "counterfactual_sample": [
      28.0,
      0.0,
      2.0,
      13.0,
      5.0,
      2.0,
      3.0,
      5.0,
      -0.1345226940512657,
      -0.21637494832950374,
      49.0
   ],
   "counterfactual_distance": 0.004715452539960667,
   "counterfactual_class": 0,
   "valid_": true
}