{
   "found": true,
   "num_iterations": 2763,
   "num_foil": 1344,
   "_observation": [
      56.0,
      0.0,
      4.0,
      9.0,
      3.0,
      2.0,
      7.0,
      0.0,
      -0.1473664551602441,
      4.4375127613576195,
      60.0
   ],
   "_idx": 689,
   "factual_class": 1,
   "feature_bounds_splits": {
      "0": {
         "type": 2,
         "values": [
            55.5,
            56.5
         ]
      },
      "1": {
         "type": 2,
         "values": [
            null,
            null
         ]
      },
      "2": {
         "type": 2,
         "values": [
            3.5,
            null
         ]
      },
      "3": {
         "type": 2,
         "values": [
            8.5,
            9.5
         ]
      },
      "4": {
         "type": 2,
         "values": [
            2.5,
            3.5
         ]
      },
      "5": {
         "type": 2,
         "values": [
            null,
            2.5
         ]
      },
      "6": {
         "type": 2,
         "values": [
            5.5,
            8.5
         ]
      },
      "7": {
         "type": 2,
         "values": [
            null,
            0.5
         ]
      },
      "8": {
         "type": 1,
         "values": [
            null,
            -0.13952269405126572
         ]
      },
      "9": {
         "type": 1,
         "values": [
            4.651611089706421,
            4.700547933578491
         ]
      },
      "10": {
         "type": 2,
         "values": [
            51.5,
            73.5
         ]
      }
   },
   "splits": [
      [
         8,
         1.3093020915985107,
         true
      ],
      [
         8,
         1.0137162059545517,
         true
      ],
      [
         8,
         0.9574337601661682,
         true
      ],
      [
         8,
         0.9165636599063873,
         true
      ],
      [
         8,
         0.8260164558887482,
         true
      ],
      [
         8,
         0.06613514572381973,
         true
      ],
      [
         7,
         0.5,
         true
      ],
      [
         10,
         25.5,
         false
      ],
      [
         3,
         5.5,
         false
      ],
      [
         10,
         28.5,
         false
      ],
      [
         3,
         6.5,
         false
      ],
      [
         10,
         29.5,
         false
      ],
      [
         10,
         31.5,
         false
      ],
      [
         3,
         7.5,
         false
      ],
      [
         9,
         4.023997068405151,
         false
      ],
      [
         9,
         4.1377750635147095,
         false
      ],
      [
         0,
         40.5,
         false
      ],
      [
         0,
         41.5,
         false
      ],
      [
         9,
         4.1732542514801025,
         false
      ],
      [
         9,
         4.387352705001831,
         false
      ],
      [
         9,
         4.419161558151245,
         false
      ],
      [
         9,
         4.525599002838135,
         false
      ],
      [
         9,
         4.532939434051514,
         false
      ],
      [
         9,
         4.624695777893066,
         false
      ],
      [
         9,
         5.4040141105651855,
         true
      ],
      [
         9,
         4.651611089706421,
         false
      ],
      [
         9,
         5.357524394989014,
         true
      ],
      [
         9,
         4.903635501861572,
         true
      ],
      [
         5,
         2.5,
         true
      ],
      [
         0,
         55.5,
         false
      ],
      [
         10,
         50.5,
         false
      ],
      [
         6,
         8.5,
         true
      ],
      [
         9,
         4.884060859680176,
         true
      ],
      [
         0,
         56.5,
         true
      ],
      [
         10,
         51.5,
         false
      ],
      [
         9,
         4.700547933578491,
         true
      ],
      [
         4,
         2.5,
         false
      ],
      [
         4,
         3.5,
         true
      ],
      [
         6,
         5.5,
         false
      ],
      [
         8,
         -0.13952269405126572,
         true
      ],
      [
         3,
         9.5,
         true
      ],
      [
         2,
         3.5,
         false
      ],
      [
         10,
         73.5,
         true
      ],
      [
         3,
         8.5,
         false
      ]
   ],
   "remaining_rules": [
      649,
      1944,
      3628,
      4839,
      6528,
      7868,
      9392,
      10454,
      12287,
      13501
   ],
   "set_rules": [
      649,
      1944,
      3628,
      4839,
      6528,
      7868,
      9392,
      10454,
      12287,
      13501
   ],
   "foil_estimated_class": [
      0
   ],
   "distance": 0.0018265381380094166,
   "extraction_time": 0.26122593879699707,
   "feature_bounds": {
      "0": {
         "type": 2,
         "values": [
            52.0,
            62.0
         ]
      },
      "1": {
         "type": 2,
         "values": [
            null,
            0.5
         ]
      },
      "2": {
         "type": 2,
         "values": [
            3.5,
            null
         ]
      },
      "3": {
         "type": 2,
         "values": [
            8.5,
            9.5
         ]
      },
      "4": {
         "type": 2,
         "values": [
            2.5,
            3.5
         ]
      },
      "5": {
         "type": 2,
         "values": [
            0.5,
            2.5
         ]
      },
      "6": {
         "type": 2,
         "values": [
            5.5,
            8.0
         ]
      },
      "7": {
         "type": 2,
         "values": [
            null,
            0.5
         ]
      },
      "8": {
         "type": 1,
         "values": [
            null,
            -0.13952269405126572
         ]
      },
      "9": {
         "type": 1,
         "values": [
            4.651611089706421,
            4.700547933578491
         ]
      },
      "10": {
         "type": 2,
         "values": [
            51.0,
            73.0
         ]
      }
   },
   "feature_bounds_compact": {
      "0": {
         "type": 2,
         "values": [
            52.0,
            62.0
         ]
      },
      "1": {
         "type": 2,
         "values": [
            null,
            0.5
         ]
      },
      "2": {
         "type": 2,
         "values": [
            3.5,
            null
         ]
      },
      "3": {
         "type": 2,
         "values": [
            8.5,
            9.5
         ]
      },
      "4": {
         "type": 2,
         "values": [
            2.5,
            3.5
         ]
      },
      "5": {
         "type": 2,
         "values": [
            0.5,
            2.5
         ]
      },
      "6": {
         "type": 2,
         "values": [
            5.5,
            8.0
         ]
      },
      "7": {
         "type": 2,
         "values": [
            null,
            0.5
         ]
      },
      "8": {
         "type": 1,
         "values": [
            null,
            -0.13952269405126572
         ]
      },
      "9": {
         "type": 1,
         "values": [
            4.651611089706421,
            4.700547933578491
         ]
      },
      "10": {
         "type": 2,
         "values": [
            51.0,
            73.0
         ]
      }
   },
   "feature_bounds_compact_count": {
      "0": {
         "type": 2,
         "values": [
            52.0,
            62.0
         ]
      },
      "1": {
         "type": 2,
         "values": [
            null,
            0.5
         ]
      },
      "2": {
         "type": 2,
         "values": [
            3.5,
            null
         ]
      },
      "3": {
         "type": 2,
         "values": [
            8.5,
            9.5
         ]
      },
      "4": {
         "type": 2,
         "values": [
            2.5,
            3.5
         ]
      },
      "5": {
         "type": 2,