{
   "found": true,
   "num_iterations": 78,
   "num_foil": 30,
   "_observation": [
      30.0,
      0.0,
      2.0,
      10.0,
      4.0,
      2.0,
      12.0,
      0.0,
      -0.1473664551602441,
      -0.21637494832950374,
      45.0
   ],
   "_idx": 967,
   "factual_class": 0,
   "feature_bounds_splits": {
      "0": {
         "type": 2,
         "values": [
            29.5,
            30.5
         ]
      },
      "1": {
         "type": 2,
         "values": [
            null,
            null
         ]
      },
      "2": {
         "type": 2,
         "values": [
            null,
            null
         ]
      },
      "3": {
         "type": 2,
         "values": [
            null,
            null
         ]
      },
      "4": {
         "type": 2,
         "values": [
            null,
            null
         ]
      },
      "5": {
         "type": 2,
         "values": [
            null,
            null
         ]
      },
      "6": {
         "type": 2,
         "values": [
            11.5,
            null
         ]
      },
      "7": {
         "type": 2,
         "values": [
            null,
            null
         ]
      },
      "8": {
         "type": 1,
         "values": [
            null,
            0.01824694126844406
         ]
      },
      "9": {
         "type": 1,
         "values": [
            null,
            null
         ]
      },
      "10": {
         "type": 2,
         "values": [
            41.5,
            42.5
         ]
      }
   },
   "splits": [
      [
         8,
         0.5538242757320404,
         true
      ],
      [
         6,
         11.5,
         false
      ],
      [
         10,
         43.5,
         true
      ],
      [
         8,
         0.2819761037826538,
         true
      ],
      [
         0,
         30.5,
         true
      ],
      [
         10,
         42.5,
         true
      ],
      [
         8,
         0.09097371250391006,
         true
      ],
      [
         10,
         40.5,
         false
      ],
      [
         8,
         0.03015018254518509,
         true
      ],
      [
         0,
         29.5,
         false
      ],
      [
         8,
         0.01824694126844406,
         true
      ],
      [
         10,
         41.5,
         false
      ]
   ],
   "remaining_rules": [
      152,
      1655,
      3145,
      4644,
      5947,
      7286,
      8569,
      9855,
      11297,
      12794
   ],
   "set_rules": [
      152,
      1655,
      3145,
      4644,
      5947,
      7286,
      8569,
      9855,
      11297,
      12794
   ],
   "foil_estimated_class": [
      1
   ],
   "distance": 0.0027829313543599257,
   "extraction_time": 0.33501195907592773,
   "feature_bounds": {
      "0": {
         "type": 2,
         "values": [
            29.0,
            30.5
         ]
      },
      "1": {
         "type": 2,
         "values": [
            null,
            0.5
         ]
      },
      "2": {
         "type": 2,
         "values": [
            1.5,
            2.5
         ]
      },
      "3": {
         "type": 2,
         "values": [
            9.5,
            10.5
         ]
      },
      "4": {
         "type": 2,
         "values": [
            3.5,
            4.5
         ]
      },
      "5": {
         "type": 2,
         "values": [
            0.5,
            2.5
         ]
      },
      "6": {
         "type": 2,
         "values": [
            11.5,
            12.5
         ]
      },
      "7": {
         "type": 2,
         "values": [
            null,
            0.5
         ]
      },
      "8": {
         "type": 1,
         "values": [
            null,
            0.01824694126844406
         ]
      },
      "9": {
         "type": 1,
         "values": [
            null,
            1.6004030331969261
         ]
      },
      "10": {
         "type": 2,
         "values": [
            41.0,
            42.0
         ]
      }
   },
   "feature_bounds_compact": {
      "0": {
         "type": 2,
         "values": [
            29.0,
            30.5
         ]
      },
      "1": {
         "type": 2,
         "values": [
            null,
            0.5
         ]
      },
      "2": {
         "type": 2,
         "values": [
            1.5,
            2.5
         ]
      },
      "3": {
         "type": 2,
         "values": [
            9.5,
            10.5
         ]
      },
      "4": {
         "type": 2,
         "values": [
            3.5,
            4.5
         ]
      },
      "5": {
         "type": 2,
         "values": [
            0.5,
            2.5
         ]
      },
      "6": {
         "type": 2,
         "values": [
            11.5,
            12.5
         ]
      },
      "7": {
         "type": 2,
         "values": [
            null,
            0.5
         ]
      },
      "8": {
         "type": 1,
         "values": [
            null,
            0.03015018254518509
         ]
      },
      "9": {
         "type": 1,
         "values": [
            null,
            1.829182468354702
         ]
      },
      "10": {
         "type": 2,
         "values": [
            40.5,
            42.0
         ]
      }
   },
   "feature_bounds_compact_count": {
      "0": {
         "type": 2,
         "values": [
            29.0,
            30.5
         ]
      },
      "1": {
         "type": 2,
         "values": [
            null,
            0.5
         ]
      },
      "2": {
         "type": 2,
         "values": [
            1.5,
            2.5
         ]
      },
      "3": {
         "type": 2,
         "values": [
            9.5,
            10.5
         ]
      },
      "4": {
         "type": 2,
         "values": [
            3.5,
            4.5
         ]
      },
      "5": {
         "type": 2,
         "values": [
            0.5,
            2.5
         ]
      },
      "6": {
         "type": 2,
         "values": [
            11.5,
            12.5
         ]
      },
      "7": {
         "type": 2,
         "values": [
            null,
            0.5
         ]
      },
      "8": {
         "type": 1,
         "values": [
            null,
            0.03015018254518509
         ]
      },
      "9": {
         "type": 1,
         "values": [
            null,
            1.829182468354702
         ]
      },
      "10": {
         "type": 2,
         "values": [
            40.5,
            42.0
         ]
      }
   },
   "counterfactual_sample": [
      30.0,
      0.0,
      2.0,
      10.0,
      4.0,
      2.0,
      12.0,
      0.0,
      -0.1473664551602441,
      -0.21637494832950374,
      42.0
   ],
   "counterfactual_distance": 0.0027829313543599257,
   "counterfactual_class": 1,
   "valid_": true
}