{
   "found": true,
   "num_iterations": 131,
   "num_foil": 33,
   "_observation": [
      47.0,
      0.0,
      2.0,
      12.0,
      9.0,
      0.0,
      11.0,
      3.0,
      -0.1473664551602441,
      -0.21637494832950374,
      44.0
   ],
   "_idx": 36,
   "factual_class": 0,
   "feature_bounds_splits": {
      "0": {
         "type": 2,
         "values": [
            46.5,
            null
         ]
      },
      "1": {
         "type": 2,
         "values": [
            null,
            null
         ]
      },
      "2": {
         "type": 2,
         "values": [
            null,
            null
         ]
      },
      "3": {
         "type": 2,
         "values": [
            null,
            null
         ]
      },
      "4": {
         "type": 2,
         "values": [
            null,
            null
         ]
      },
      "5": {
         "type": 2,
         "values": [
            null,
            null
         ]
      },
      "6": {
         "type": 2,
         "values": [
            null,
            null
         ]
      },
      "7": {
         "type": 2,
         "values": [
            null,
            null
         ]
      },
      "8": {
         "type": 1,
         "values": [
            0.501945361495018,
            0.5268527567386627
         ]
      },
      "9": {
         "type": 1,
         "values": [
            null,
            null
         ]
      },
      "10": {
         "type": 2,
         "values": [
            43.5,
            44.5
         ]
      }
   },
   "splits": [
      [
         8,
         0.1322566494345665,
         false
      ],
      [
         8,
         0.26615098118782043,
         false
      ],
      [
         8,
         0.2942233756184578,
         false
      ],
      [
         8,
         0.32484155893325806,
         false
      ],
      [
         8,
         0.3514690399169922,
         false
      ],
      [
         8,
         0.3736242353916168,
         false
      ],
      [
         8,
         0.43403492867946625,
         false
      ],
      [
         8,
         0.4950648844242096,
         false
      ],
      [
         10,
         43.5,
         false
      ],
      [
         8,
         0.559122234582901,
         true
      ],
      [
         8,
         0.5570580959320068,
         true
      ],
      [
         8,
         0.5268527567386627,
         true
      ],
      [
         8,
         0.501945361495018,
         false
      ],
      [
         0,
         46.5,
         false
      ],
      [
         10,
         44.5,
         true
      ]
   ],
   "remaining_rules": [
      904,
      2667,
      2914,
      5550,
      6923,
      7858,
      8839,
      10865,
      11983,
      13964
   ],
   "set_rules": [
      904,
      2667,
      2914,
      5550,
      6923,
      7858,
      8839,
      10865,
      11983,
      13964
   ],
   "foil_estimated_class": [
      1
   ],
   "distance": 0.004289918607797741,
   "extraction_time": 0.19678521156311035,
   "feature_bounds": {
      "0": {
         "type": 2,
         "values": [
            43.5,
            50.0
         ]
      },
      "1": {
         "type": 2,
         "values": [
            null,
            null
         ]
      },
      "2": {
         "type": 2,
         "values": [
            null,
            2.5
         ]
      },
      "3": {
         "type": 2,
         "values": [
            10.5,
            12.5
         ]
      },
      "4": {
         "type": 2,
         "values": [
            8.5,
            null
         ]
      },
      "5": {
         "type": 2,
         "values": [
            null,
            0.5
         ]
      },
      "6": {
         "type": 2,
         "values": [
            8.5,
            null
         ]
      },
      "7": {
         "type": 2,
         "values": [
            2.5,
            3.5
         ]
      },
      "8": {
         "type": 1,
         "values": [
            0.501945361495018,
            0.5268527567386627
         ]
      },
      "9": {
         "type": 1,
         "values": [
            null,
            4.172030687332153
         ]
      },
      "10": {
         "type": 2,
         "values": [
            43.5,
            44.5
         ]
      }
   },
   "feature_bounds_compact": {
      "0": {
         "type": 2,
         "values": [
            41.5,
            55.5
         ]
      },
      "1": {
         "type": 2,
         "values": [
            null,
            null
         ]
      },
      "2": {
         "type": 2,
         "values": [
            null,
            2.5
         ]
      },
      "3": {
         "type": 2,
         "values": [
            10.5,
            12.5
         ]
      },
      "4": {
         "type": 2,
         "values": [
            8.5,
            null
         ]
      },
      "5": {
         "type": 2,
         "values": [
            null,
            0.5
         ]
      },
      "6": {
         "type": 2,
         "values": [
            8.5,
            null
         ]
      },
      "7": {
         "type": 2,
         "values": [
            2.5,
            3.5
         ]
      },
      "8": {
         "type": 1,
         "values": [
            0.501945361495018,
            0.5538242757320404
         ]
      },
      "9": {
         "type": 1,
         "values": [
            null,
            4.172030687332153
         ]
      },
      "10": {
         "type": 2,
         "values": [
            43.5,
            44.5
         ]
      }
   },
   "feature_bounds_compact_count": {
      "0": {
         "type": 2,
         "values": [
            41.5,
            55.5
         ]
      },
      "1": {
         "type": 2,
         "values": [
            null,
            null
         ]
      },
      "2": {
         "type": 2,
         "values": [
            null,
            2.5
         ]
      },
      "3": {
         "type": 2,
         "values": [
            10.5,
            12.5
         ]
      },
      "4": {
         "type": 2,
         "values": [
            8.5,
            null
         ]
      },
      "5": {
         "type": 2,
         "values": [
            null,
            0.5
         ]
      },
      "6": {
         "type": 2,
         "values": [
            8.5,
            null
         ]
      },
      "7": {
         "type": 2,
         "values": [
            2.5,
            3.5
         ]
      },
      "8": {
         "type": 1,
         "values": [
            0.501945361495018,
            0.5538242757320404
         ]
      },
      "9": {
         "type": 1,
         "values": [
            null,
            4.172030687332153
         ]
      },
      "10": {
         "type": 2,
         "values": [
            43.5,
            44.5
         ]
      }
   },
   "counterfactual_sample": [
      47.0,
      0.0,
      2.0,
      12.0,
      9.0,
      0.0,
      11.0,
      3.0,
      0.506945361495018,
      -0.21637494832950374,
      44.0
   ],
   "counterfactual_distance": 0.004289588289745634,
   "counterfactual_class": 1,
   "valid_": true
}