{
   "found": true,
   "num_iterations": 166,
   "num_foil": 65,
   "_observation": [
      57.0,
      0.0,
      5.0,
      16.0,
      7.0,
      2.0,
      9.0,
      0.0,
      -0.1473664551602441,
      -0.21637494832950374,
      40.0
   ],
   "_idx": 999,
   "factual_class": 1,
   "feature_bounds_splits": {
      "0": {
         "type": 2,
         "values": [
            null,
            57.5
         ]
      },
      "1": {
         "type": 2,
         "values": [
            null,
            null
         ]
      },
      "2": {
         "type": 2,
         "values": [
            null,
            null
         ]
      },
      "3": {
         "type": 2,
         "values": [
            15.5,
            null
         ]
      },
      "4": {
         "type": 2,
         "values": [
            null,
            null
         ]
      },
      "5": {
         "type": 2,
         "values": [
            null,
            2.5
         ]
      },
      "6": {
         "type": 2,
         "values": [
            null,
            null
         ]
      },
      "7": {
         "type": 2,
         "values": [
            null,
            null
         ]
      },
      "8": {
         "type": 1,
         "values": [
            0.34575824439525604,
            0.3547717109322548
         ]
      },
      "9": {
         "type": 1,
         "values": [
            null,
            null
         ]
      },
      "10": {
         "type": 2,
         "values": [
            42.5,
            44.5
         ]
      }
   },
   "splits": [
      [
         8,
         0.8260164558887482,
         true
      ],
      [
         8,
         0.8017971217632294,
         true
      ],
      [
         8,
         0.5538242757320404,
         true
      ],
      [
         10,
         32.5,
         false
      ],
      [
         5,
         2.5,
         true
      ],
      [
         10,
         58.5,
         true
      ],
      [
         0,
         57.5,
         true
      ],
      [
         10,
         57.5,
         true
      ],
      [
         10,
         55.5,
         true
      ],
      [
         10,
         49.5,
         true
      ],
      [
         8,
         0.2448214665055275,
         false
      ],
      [
         10,
         38.5,
         false
      ],
      [
         8,
         0.26615098118782043,
         false
      ],
      [
         8,
         0.3044753074645996,
         false
      ],
      [
         8,
         0.3288322389125824,
         false
      ],
      [
         10,
         39.5,
         false
      ],
      [
         10,
         46.5,
         true
      ],
      [
         3,
         15.5,
         false
      ],
      [
         10,
         41.5,
         false
      ],
      [
         8,
         0.4742858111858368,
         true
      ],
      [
         8,
         0.43479177355766296,
         true
      ],
      [
         10,
         42.5,
         false
      ],
      [
         10,
         44.5,
         true
      ],
      [
         8,
         0.3547717109322548,
         true
      ],
      [
         8,
         0.34575824439525604,
         false
      ]
   ],
   "remaining_rules": [
      1314,
      2204,
      3926,
      5119,
      6498,
      8156,
      9082,
      10709,
      11891,
      13827
   ],
   "set_rules": [
      1314,
      2204,
      3926,
      5119,
      6498,
      8156,
      9082,
      10709,
      11891,
      13827
   ],
   "foil_estimated_class": [
      0
   ],
   "distance": 0.006041021476467287,
   "extraction_time": 0.2040843963623047,
   "feature_bounds": {
      "0": {
         "type": 2,
         "values": [
            52.5,
            62.5
         ]
      },
      "1": {
         "type": 2,
         "values": [
            null,
            0.5
         ]
      },
      "2": {
         "type": 2,
         "values": [
            4.5,
            null
         ]
      },
      "3": {
         "type": 2,
         "values": [
            15.5,
            null
         ]
      },
      "4": {
         "type": 2,
         "values": [
            5.5,
            7.5
         ]
      },
      "5": {
         "type": 2,
         "values": [
            1.0,
            2.5
         ]
      },
      "6": {
         "type": 2,
         "values": [
            6.5,
            10.0
         ]
      },
      "7": {
         "type": 2,
         "values": [
            null,
            0.5
         ]
      },
      "8": {
         "type": 1,
         "values": [
            0.34575824439525604,
            0.3547717109322548
         ]
      },
      "9": {
         "type": 1,
         "values": [
            null,
            1.829182468354702
         ]
      },
      "10": {
         "type": 2,
         "values": [
            42.5,
            44.5
         ]
      }
   },
   "feature_bounds_compact": {
      "0": {
         "type": 2,
         "values": [
            52.5,
            62.5
         ]
      },
      "1": {
         "type": 2,
         "values": [
            null,
            0.5
         ]
      },
      "2": {
         "type": 2,
         "values": [
            4.5,
            null
         ]
      },
      "3": {
         "type": 2,
         "values": [
            15.5,
            null
         ]
      },
      "4": {
         "type": 2,
         "values": [
            5.5,
            7.5
         ]
      },
      "5": {
         "type": 2,
         "values": [
            1.0,
            2.5
         ]
      },
      "6": {
         "type": 2,
         "values": [
            6.0,
            10.0
         ]
      },
      "7": {
         "type": 2,
         "values": [
            null,
            0.5
         ]
      },
      "8": {
         "type": 1,
         "values": [
            0.34575824439525604,
            0.3547717109322548
         ]
      },
      "9": {
         "type": 1,
         "values": [
            null,
            1.829182468354702
         ]
      },
      "10": {
         "type": 2,
         "values": [
            42.5,
            44.5
         ]
      }
   },
   "feature_bounds_compact_count": {
      "0": {
         "type": 2,
         "values": [
            52.5,
            62.5
         ]
      },
      "1": {
         "type": 2,
         "values": [
            null,
            0.5
         ]
      },
      "2": {
         "type": 2,
         "values": [
            4.5,
            null
         ]
      },
      "3": {
         "type": 2,
         "values": [
            15.5,
            null
         ]
      },
      "4": {
         "type": 2,
         "values": [
            5.5,
            7.5
         ]
      },
      "5": {
         "type": 2,
         "values": [
            1.0,
            2.5
         ]
      },
      "6": {
         "type": 2,
         "values": [
            6.0,
            10.0
         ]
      },
      "7": {
         "type": 2,
         "values": [
            null,
            0.5
         ]
      },
      "8": {
         "type": 1,
         "values": [
            0.34575824439525604,
            0.3547717109322548
         ]
      },
      "9": {
         "type": 1,
         "values": [
            null,
            1.829182468354702
         ]
      },
      "10": {
         "type": 2,
         "values": [
            42.5,
            44.5
         ]
      }
   },
   "counterfactual_sample": [
      57.0,
      0.0,
      5.0,
      16.0,
      7.0,
      2.0,
      9.0,
      0.0,
      0.35075824439525605,
      -0.21637494832950374,
      43.0
   ],
   "counterfactual_distance": 0.00604069115841518,
   "counterfactual_class": 0,
   "valid_": true
}