{
   "found": true,
   "num_iterations": 4773,
   "num_foil": 2345,
   "_observation": [
      36.0,
      0.0,
      2.0,
      13.0,
      5.0,
      2.0,
      11.0,
      0.0,
      -0.1473664551602441,
      4.400810176896363,
      35.0
   ],
   "_idx": 404,
   "factual_class": 1,
   "feature_bounds_splits": {
      "0": {
         "type": 2,
         "values": [
            35.5,
            39.5
         ]
      },
      "1": {
         "type": 2,
         "values": [
            null,
            null
         ]
      },
      "2": {
         "type": 2,
         "values": [
            null,
            null
         ]
      },
      "3": {
         "type": 2,
         "values": [
            12.5,
            null
         ]
      },
      "4": {
         "type": 2,
         "values": [
            null,
            null
         ]
      },
      "5": {
         "type": 2,
         "values": [
            null,
            2.5
         ]
      },
      "6": {
         "type": 2,
         "values": [
            null,
            null
         ]
      },
      "7": {
         "type": 2,
         "values": [
            null,
            0.5
         ]
      },
      "8": {
         "type": 1,
         "values": [
            null,
            0.05464472621679306
         ]
      },
      "9": {
         "type": 1,
         "values": [
            3.6459604501724243,
            4.1732542514801025
         ]
      },
      "10": {
         "type": 2,
         "values": [
            34.5,
            36.5
         ]
      }
   },
   "splits": [
      [
         8,
         1.3093020915985107,
         true
      ],
      [
         8,
         1.1048827022314072,
         true
      ],
      [
         7,
         0.5,
         true
      ],
      [
         8,
         0.8304887861013412,
         true
      ],
      [
         8,
         0.8260164558887482,
         true
      ],
      [
         8,
         0.820374459028244,
         true
      ],
      [
         8,
         0.8173470497131348,
         true
      ],
      [
         8,
         0.6174688041210175,
         true
      ],
      [
         8,
         0.5706126689910889,
         true
      ],
      [
         8,
         0.5570580959320068,
         true
      ],
      [
         8,
         0.5538242757320404,
         true
      ],
      [
         0,
         24.5,
         false
      ],
      [
         0,
         27.5,
         false
      ],
      [
         3,
         12.5,
         false
      ],
      [
         0,
         47.5,
         true
      ],
      [
         0,
         45.5,
         true
      ],
      [
         0,
         44.5,
         true
      ],
      [
         10,
         56.5,
         true
      ],
      [
         10,
         54.5,
         true
      ],
      [
         10,
         53.5,
         true
      ],
      [
         10,
         36.5,
         true
      ],
      [
         0,
         31.5,
         false
      ],
      [
         10,
         5.5,
         false
      ],
      [
         10,
         11.5,
         false
      ],
      [
         10,
         14.5,
         false
      ],
      [
         10,
         15.5,
         false
      ],
      [
         5,
         3.5,
         true
      ],
      [
         10,
         20.5,
         false
      ],
      [
         10,
         28.5,
         false
      ],
      [
         10,
         29.5,
         false
      ],
      [
         10,
         31.5,
         false
      ],
      [
         9,
         4.71155858039856,
         true
      ],
      [
         9,
         4.700547933578491,
         true
      ],
      [
         9,
         4.651611089706421,
         true
      ],
      [
         5,
         2.5,
         true
      ],
      [
         9,
         4.532939434051514,
         true
      ],
      [
         9,
         4.529269218444824,
         true
      ],
      [
         9,
         4.387352705001831,
         true
      ],
      [
         9,
         4.220967531204224,
         true
      ],
      [
         9,
         4.1732542514801025,
         true
      ],
      [
         8,
         0.2942233756184578,
         true
      ],
      [
         8,
         0.2819761037826538,
         true
      ],
      [
         8,
         0.06613514572381973,
         true
      ],
      [
         10,
         33.5,
         false
      ],
      [
         8,
         0.05464472621679306,
         true
      ],
      [
         0,
         39.5,
         true
      ],
      [
         9,
         3.570108413696289,
         false
      ],
      [
         9,
         3.6459604501724243,
         false
      ],
      [
         10,
         34.5,
         false
      ],
      [
         0,
         35.5,
         false
      ]
   ],
   "remaining_rules": [
      1263,
      1985,
      3669,
      4909,
      6273,
      7905,
      8923,
      10465,
      11509,
      13778
   ],
   "set_rules": [
      1263,
      1985,
      3669,
      4909,
      6273,
      7905,
      8923,
      10465,
      11509,
      13778
   ],
   "foil_estimated_class": [
      0
   ],
   "distance": 0.0019413221966999952,
   "extraction_time": 0.5394001007080078,
   "feature_bounds": {
      "0": {
         "type": 2,
         "values": [
            35.5,
            39.5
         ]
      },
      "1": {
         "type": 2,
         "values": [
            null,
            0.5
         ]
      },
      "2": {
         "type": 2,
         "values": [
            1.5,
            2.5
         ]
      },
      "3": {
         "type": 2,
         "values": [
            12.5,
            13.5
         ]
      },
      "4": {
         "type": 2,
         "values": [
            4.5,
            5.5
         ]
      },
      "5": {
         "type": 2,
         "values": [
            1.5,
            2.5
         ]
      },
      "6": {
         "type": 2,
         "values": [
            10.5,
            11.5
         ]
      },
      "7": {
         "type": 2,
         "values": [
            null,
            0.5
         ]
      },
      "8": {
         "type": 1,
         "values": [
            null,
            0.05464472621679306
         ]
      },
      "9": {
         "type": 1,
         "values": [
            3.6459604501724243,
            4.1732542514801025
         ]
      },
      "10": {
         "type": 2,
         "values": [
            33.5,
            36.0
         ]
      }
   },
   "feature_bounds_compact": {
      "0": {
         "type": 2,
         "values": [
            35.5,
            39.5
         ]
      },
      "1": {
         "type": 2,
         "values": [
            null,
            0.5
         ]
      },
      "2": {
         "type": 2,
         "values": [
            1.5,
            2.5
         ]
      },
      "3": {
         "type": 2,
         "values": [
            12.5,
            13.5
         ]
      },
      "4": {
         "type": 2,
         "values": [
            4.5,
            5.5
         ]
      },
      "5": {
         "type": 2,
         "values": [
            1.5,
            2.5
         ]
      },
      "6": {
         "type": 2,
         "values": [
            5.0,
            null
         ]
      },
      "7": {
         "type": 2,
         "values": [
            null,
            0.5
         ]
      },
      "8": {
         "type": 1,
         "values": [
            null,
            0.05464472621679306
         ]
      },
      "9": {
         "type": 1,
         "values": [
            3.6459604501724243,
            4.1732542514801025
         ]
      },
      "10": {
         "type": 2,
         "values": [
            33.5,
            36.0
         ]
      }
   },
   "feature_bounds_compact_count": {
      "0": {
         "type": 2,
         "values": [
            35.5,
            39.5
         ]
      },
      "1": {
         "type": 2,