{
   "factual_sample": {
      "Temperature": 1.2318400233007647,
      "Humidity": 2.3858009532898263,
      "Light": 0.9904402172013186,
      "CO2": 2.2124660515917904,
      "HumidityRatio": 2.1263422591826,
      "y": 0
   },
   "counterfactual_sample": {
      "Temperature": 1.134547790925902,
      "Humidity": 1.9572288562239182,
      "Light": -0.7724036570242273,
      "CO2": 1.6654097575956244,
      "HumidityRatio": 1.7802599509541197,
      "y": 1
   },
   "counterfactual_found": true,
   "counterfactual_plausible": true,
   "counterfactual_distance": 0.13221512555690135,
   "counterfactual_time": 0.33613061904907227,
   "counterfactual_class": 1,
   "factual_class": 0,
   "valid_": true
}