{
   "factual_sample": {
      "sex": 2.0,
      "length": 0.3415089965506408,
      "diameter": 0.27329734863283944,
      "height": 0.2506716146449868,
      "whole_weight": 0.3288759354218581,
      "shucked_weight": 0.991872146297503,
      "viscera_weight": 0.01739390987083355,
      "shell_weight": -0.2358775894442451,
      "y": true
   },
   "counterfactual_sample": {
      "sex": 2,
      "length": 0.34129195442579596,
      "diameter": 0.27246596336533047,
      "height": 0.7888823963767064,
      "whole_weight": 0.32865889329701325,
      "shucked_weight": 0.9916551041726581,
      "viscera_weight": 0.01717686774598868,
      "shell_weight": -0.23531234120319444,
      "y": true
   },
   "counterfactual_found": true,
   "counterfactual_plausible": true,
   "counterfactual_distance": 0.0025341516613650796,
   "counterfactual_time": 115.65196585655212,
   "counterfactual_class": 0,
   "factual_class": 1,
   "valid_": true
}