{
   "factual_sample": {
      "sex": 2.0,
      "length": -0.3663610582121741,
      "diameter": -0.2809817631585129,
      "height": -0.2275450258538067,
      "whole_weight": -0.4308160307032745,
      "shucked_weight": -0.2674977812182057,
      "viscera_weight": -0.35212783343999265,
      "shell_weight": -0.4586011303793638,
      "y": false
   },
   "counterfactual_sample": {
      "sex": 2,
      "length": -0.36643198301787616,
      "diameter": -0.281052687964215,
      "height": -0.22893477670652645,
      "whole_weight": -0.4308869555089766,
      "shucked_weight": -0.2821416109800339,
      "viscera_weight": -0.35219875824569474,
      "shell_weight": -0.4587408392758814,
      "y": true
   },
   "counterfactual_found": true,
   "counterfactual_plausible": true,
   "counterfactual_distance": 0.0002877887073213209,
   "counterfactual_time": 24.905946254730225,
   "counterfactual_class": 1,
   "factual_class": 0,
   "valid_": true
}