{
   "factual_sample": {
      "sex": 2.0,
      "length": -0.5745581331424137,
      "diameter": -0.5833158241356144,
      "height": -0.7057616663526005,
      "whole_weight": -0.7561069531112175,
      "shucked_weight": -0.7180773617247204,
      "viscera_weight": -0.6349716369618594,
      "shell_weight": -0.77831718107655,
      "y": true
   },
   "counterfactual_sample": {
      "sex": 2,
      "length": -0.5745581331424137,
      "diameter": -0.5842732801939571,
      "height": -0.7067191224109431,
      "whole_weight": -0.7220085592805551,
      "shucked_weight": -0.7180773617247204,
      "viscera_weight": -0.6344929089326881,
      "shell_weight": -0.7980749309062958,
      "y": true
   },
   "counterfactual_found": true,
   "counterfactual_plausible": true,
   "counterfactual_distance": 0.0011157685254379731,
   "counterfactual_time": 85.29489398002625,
   "counterfactual_class": 0,
   "factual_class": 1,
   "valid_": true
}