{
   "factual_sample": {
      "sex": 1.0,
      "length": -0.07488515330983822,
      "diameter": -0.1802037428328124,
      "height": 0.011563294395590387,
      "whole_weight": -0.5572614049308136,
      "shucked_weight": -0.7180773617247204,
      "viscera_weight": -0.6121616528068702,
      "shell_weight": -0.11014655827119438,
      "y": false
   },
   "counterfactual_sample": {
      "sex": 1,
      "length": -0.0751767768970186,
      "diameter": -0.2557872533798218,
      "height": -0.04821378691121936,
      "whole_weight": -0.557398464801901,
      "shucked_weight": -0.7182144215958078,
      "viscera_weight": -0.6123983772769602,
      "shell_weight": -0.11075819861938098,
      "y": true
   },
   "counterfactual_found": true,
   "counterfactual_plausible": true,
   "counterfactual_distance": 0.0018785007473581053,
   "counterfactual_time": 83.62020373344421,
   "counterfactual_class": 1,
   "factual_class": 0,
   "valid_": true
}