{
   "factual_sample": {
      "sex": 0.0,
      "length": -1.157509942947085,
      "diameter": -1.0368169156012663,
      "height": -0.3470991859785052,
      "whole_weight": -1.0497865319622752,
      "shucked_weight": -0.9613903351982384,
      "viscera_weight": -1.1413532852026214,
      "shell_weight": -1.141141013890211,
      "y": true
   },
   "counterfactual_sample": {
      "sex": 0,
      "length": -1.1575589938277921,
      "diameter": -1.0369518131749789,
      "height": -0.5264304280281067,
      "whole_weight": -1.0497865319622752,
      "shucked_weight": -0.9615480771127487,
      "viscera_weight": -1.1070892252194515,
      "shell_weight": -1.142937183380127,
      "y": true
   },
   "counterfactual_found": true,
   "counterfactual_plausible": true,
   "counterfactual_distance": 0.0014856049101551324,
   "counterfactual_time": 110.92621445655823,
   "counterfactual_class": 0,
   "factual_class": 1,
   "valid_": true
}