{
   "factual_sample": {
      "sex": 0.0,
      "length": 0.7579031464111207,
      "diameter": 0.676409429935641,
      "height": 0.3702257747696853,
      "whole_weight": 0.35742811669904434,
      "shucked_weight": 0.3971071000289036,
      "viscera_weight": 0.11319584332178854,
      "shell_weight": 0.3640390450100256,
      "y": false
   },
   "counterfactual_sample": {
      "sex": 0,
      "length": 0.7578732187387522,
      "diameter": 0.6763795022632726,
      "height": 0.31044870615005493,
      "whole_weight": 0.35739818902667597,
      "shucked_weight": 0.3971220638650878,
      "viscera_weight": 0.11316591564942016,
      "shell_weight": 0.3638406161676444,
      "y": true
   },
   "counterfactual_found": true,
   "counterfactual_plausible": true,
   "counterfactual_distance": 0.0002826884853399303,
   "counterfactual_time": 20.838459253311157,
   "counterfactual_class": 1,
   "factual_class": 0,
   "valid_": true
}