{
   "factual_sample": {
      "sex": 1.0,
      "length": -0.1581639832819342,
      "diameter": -0.23059275299566265,
      "height": -0.3470991859785052,
      "whole_weight": -0.4746640233789535,
      "shucked_weight": -0.5153165504967888,
      "viscera_weight": -0.7627075482297995,
      "shell_weight": -0.2071390680332622,
      "y": 1
   },
   "counterfactual_sample": {
      "sex": 1.0,
      "length": -0.1581639832819342,
      "diameter": -0.029036712344261587,
      "height": -0.2275450258538067,
      "whole_weight": -0.4685456988195564,
      "shucked_weight": -0.6076853645006243,
      "viscera_weight": -0.5756656781588875,
      "shell_weight": -0.09936961274207573,
      "y": 0
   },
   "counterfactual_found": true,
   "counterfactual_plausible": true,
   "counterfactual_distance": 0.011853250832255118,
   "counterfactual_time": 0.45940423011779785,
   "counterfactual_class": 0,
   "factual_class": 1,
   "valid_": true
}