{
   "found": true,
   "num_iterations": 10,
   "num_foil": 0,
   "_observation": [
      0.5620754834051039,
      -0.011991516958229705,
      -1.0235044645796183,
      0.568818494505054
   ],
   "_idx": 88,
   "factual_class": 0,
   "feature_bounds_splits": {
      "0": {
         "type": 1,
         "values": [
            0.557184100151062,
            0.5576767325401306
         ]
      },
      "1": {
         "type": 1,
         "values": [
            -0.016397586092352867,
            null
         ]
      },
      "2": {
         "type": 1,
         "values": [
            -1.03443643450737,
            -0.9274492263793945
         ]
      },
      "3": {
         "type": 1,
         "values": [
            null,
            null
         ]
      }
   },
   "splits": [
      [
         2,
         -1.111006736755371,
         false
      ],
      [
         2,
         -1.03443643450737,
         false
      ],
      [
         1,
         -0.016925973817706108,
         false
      ],
      [
         2,
         -0.9274492263793945,
         true
      ],
      [
         1,
         -0.016397586092352867,
         false
      ],
      [
         0,
         0.46102775633335114,
         false
      ],
      [
         0,
         0.5576767325401306,
         true
      ],
      [
         0,
         0.557184100151062,
         false
      ]
   ],
   "remaining_rules": [
      25,
      44,
      71,
      93,
      115,
      138,
      171,
      208,
      232,
      257
   ],
   "set_rules": [
      25,
      44,
      71,
      93,
      115,
      138,
      171,
      208,
      232,
      257
   ],
   "foil_estimated_class": [
      1
   ],
   "distance": 0.00022791923218828028,
   "extraction_time": 0.012312650680541992,
   "feature_bounds": {
      "0": {
         "type": 1,
         "values": [
            0.557184100151062,
            0.5576767325401306
         ]
      },
      "1": {
         "type": 1,
         "values": [
            -0.016397586092352867,
            0.30737605690956116
         ]
      },
      "2": {
         "type": 1,
         "values": [
            -1.03443643450737,
            -0.9274492263793945
         ]
      },
      "3": {
         "type": 1,
         "values": [
            -0.4141147881746292,
            0.8175544142723083
         ]
      }
   },
   "feature_bounds_compact": {
      "0": {
         "type": 1,
         "values": [
            0.4158615469932556,
            0.557184100151062
         ]
      },
      "1": {
         "type": 1,
         "values": [
            null,
            0.30737605690956116
         ]
      },
      "2": {
         "type": 1,
         "values": [
            -1.111006736755371,
            -0.9274492263793945
         ]
      },
      "3": {
         "type": 1,
         "values": [
            -0.5560504496097565,
            0.8175544142723083
         ]
      }
   },
   "feature_bounds_compact_count": {
      "0": {
         "type": 1,
         "values": [
            0.4158615469932556,
            0.557184100151062
         ]
      },
      "1": {
         "type": 1,
         "values": [
            null,
            0.30737605690956116
         ]
      },
      "2": {
         "type": 1,
         "values": [
            -1.111006736755371,
            -0.9274492263793945
         ]
      },
      "3": {
         "type": 1,
         "values": [
            -0.5560504496097565,
            0.8175544142723083
         ]
      }
   },
   "counterfactual_sample": [
      0.562184100151062,
      -0.011397586092352866,
      -1.0235044645796183,
      0.568818494505054
   ],
   "counterfactual_distance": 0.00022535762288371404,
   "counterfactual_class": 0,
   "valid_": false
}