{
   "found": true,
   "num_iterations": 130,
   "num_foil": 40,
   "_observation": [
      0.29132457699081793,
      0.42747339792298616,
      -0.633898815849991,
      -0.2666559666426419
   ],
   "_idx": 34,
   "factual_class": 0,
   "feature_bounds_splits": {
      "0": {
         "type": 1,
         "values": [
            0.14669418334960938,
            0.4076271206140518
         ]
      },
      "1": {
         "type": 1,
         "values": [
            0.30737605690956116,
            0.5128335207700729
         ]
      },
      "2": {
         "type": 1,
         "values": [
            -0.8305816650390625,
            -0.7436828315258026
         ]
      },
      "3": {
         "type": 1,
         "values": [
            null,
            null
         ]
      }
   },
   "splits": [
      [
         1,
         0.997092068195343,
         true
      ],
      [
         1,
         0.8688814043998718,
         true
      ],
      [
         1,
         0.828152984380722,
         true
      ],
      [
         2,
         -0.01998560130596161,
         true
      ],
      [
         1,
         0.7002917230129242,
         true
      ],
      [
         1,
         -0.27440403401851654,
         false
      ],
      [
         2,
         -0.20205533131957054,
         true
      ],
      [
         0,
         -0.31399935483932495,
         false
      ],
      [
         2,
         -0.21527235209941864,
         true
      ],
      [
         2,
         -0.24530745297670364,
         true
      ],
      [
         1,
         -0.14936371892690659,
         false
      ],
      [
         2,
         -0.26986263692379,
         true
      ],
      [
         0,
         -0.038751181215047836,
         false
      ],
      [
         2,
         -0.2803095281124115,
         true
      ],
      [
         2,
         -1.3586010336875916,
         false
      ],
      [
         1,
         0.6338086873292923,
         true
      ],
      [
         1,
         0.5867225527763367,
         true
      ],
      [
         2,
         -1.3557114005088806,
         false
      ],
      [
         1,
         0.55198535323143,
         true
      ],
      [
         1,
         0.5274749845266342,
         true
      ],
      [
         0,
         0.04670567251741886,
         false
      ],
      [
         1,
         0.5242961347103119,
         true
      ],
      [
         2,
         -1.3422959446907043,
         false
      ],
      [
         1,
         0.30737605690956116,
         false
      ],
      [
         0,
         1.0061013102531433,
         true
      ],
      [
         2,
         -0.5042352974414825,
         true
      ],
      [
         2,
         -0.5266098731663078,
         true
      ],
      [
         0,
         0.5576767325401306,
         true
      ],
      [
         2,
         -0.6966590583324432,
         true
      ],
      [
         0,
         0.4618019312620163,
         true
      ],
      [
         0,
         0.46102775633335114,
         true
      ],
      [
         0,
         0.4158615469932556,
         true
      ],
      [
         0,
         0.14669418334960938,
         false
      ],
      [
         0,
         0.4098352901637554,
         true
      ],
      [
         0,
         0.4076271206140518,
         true
      ],
      [
         1,
         0.5128335207700729,
         true
      ],
      [
         2,
         -0.8517725169658661,
         false
      ],
      [
         2,
         -0.8305816650390625,
         false
      ],
      [
         2,
         -0.7436828315258026,
         true
      ]
   ],
   "remaining_rules": [
      23,
      45,
      67,
      93,
      119,
      138,
      171,
      201,
      222,
      254
   ],
   "set_rules": [
      23,
      45,
      67,
      93,
      119,
      138,
      171,
      201,
      222,
      254
   ],
   "foil_estimated_class": [
      1
   ],
   "distance": 0.005096337945293824,
   "extraction_time": 0.014761924743652344,
   "feature_bounds": {
      "0": {
         "type": 1,
         "values": [
            0.14669418334960938,
            0.39473001658916473
         ]
      },
      "1": {
         "type": 1,
         "values": [
            0.30737605690956116,
            0.5128335207700729
         ]
      },
      "2": {
         "type": 1,
         "values": [
            -0.8305816650390625,
            -0.7436828315258026
         ]
      },
      "3": {
         "type": 1,
         "values": [
            -0.3423851430416107,
            0.13476580753922462
         ]
      }
   },
   "feature_bounds_compact": {
      "0": {
         "type": 1,
         "values": [
            0.14669418334960938,
            0.39473001658916473
         ]
      },
      "1": {
         "type": 1,
         "values": [
            0.30737605690956116,
            0.5128335207700729
         ]
      },
      "2": {
         "type": 1,
         "values": [
            -0.8305816650390625,
            -0.7436828315258026
         ]
      },
      "3": {
         "type": 1,
         "values": [
            -0.3423851430416107,
            0.13476580753922462
         ]
      }
   },
   "feature_bounds_compact_count": {
      "0": {
         "type": 1,
         "values": [
            0.14669418334960938,
            0.39473001658916473
         ]
      },
      "1": {
         "type": 1,
         "values": [
            0.30737605690956116,
            0.5128335207700729
         ]
      },
      "2": {
         "type": 1,
         "values": [
            -0.8305816650390625,
            -0.7436828315258026
         ]
      },
      "3": {
         "type": 1,
         "values": [
            -0.3423851430416107,
            0.13476580753922462
         ]
      }
   },
   "counterfactual_sample": [
      0.29132457699081793,
      0.42747339792298616,
      -0.7486828315258026,
      -0.2666559666426419
   ],
   "counterfactual_distance": 0.005094017927258458,
   "counterfactual_class": 1,
   "valid_": true
}