{
   "found": true,
   "num_iterations": 124,
   "num_foil": 51,
   "_observation": [
      -0.4451326682039856,
      -0.3209605954016908,
      -0.3119298775315995,
      0.457377809639865
   ],
   "_idx": 114,
   "factual_class": 1,
   "feature_bounds_splits": {
      "0": {
         "type": 1,
         "values": [
            -0.038751181215047836,
            null
         ]
      },
      "1": {
         "type": 1,
         "values": [
            -0.3137299418449402,
            null
         ]
      },
      "2": {
         "type": 1,
         "values": [
            -0.26986263692379,
            0.05279680714011192
         ]
      },
      "3": {
         "type": 1,
         "values": [
            null,
            null
         ]
      }
   },
   "splits": [
      [
         0,
         -0.8073913156986237,
         false
      ],
      [
         2,
         -0.7114671468734741,
         false
      ],
      [
         0,
         -0.6871123313903809,
         false
      ],
      [
         2,
         -0.6966590583324432,
         false
      ],
      [
         0,
         -0.31399935483932495,
         false
      ],
      [
         0,
         -0.11158014833927155,
         false
      ],
      [
         0,
         -0.056242309510707855,
         false
      ],
      [
         0,
         -0.04299508035182953,
         false
      ],
      [
         2,
         0.05279680714011192,
         true
      ],
      [
         0,
         -0.04276810586452484,
         false
      ],
      [
         2,
         -0.2803095281124115,
         false
      ],
      [
         0,
         -0.03996523283421993,
         false
      ],
      [
         0,
         -0.038751181215047836,
         false
      ],
      [
         2,
         -0.26986263692379,
         false
      ],
      [
         1,
         -0.3137299418449402,
         false
      ]
   ],
   "remaining_rules": [
      22,
      40,
      53,
      84,
      120,
      144,
      173,
      200,
      223,
      244
   ],
   "set_rules": [
      22,
      40,
      53,
      84,
      120,
      144,
      173,
      200,
      223,
      244
   ],
   "foil_estimated_class": [
      0
   ],
   "distance": 0.023176211522123846,
   "extraction_time": 0.014876604080200195,
   "feature_bounds": {
      "0": {
         "type": 1,
         "values": [
            -0.038751181215047836,
            -0.019583256915211678
         ]
      },
      "1": {
         "type": 1,
         "values": [
            -0.3137299418449402,
            -0.27440403401851654
         ]
      },
      "2": {
         "type": 1,
         "values": [
            -0.26986263692379,
            -0.24530745297670364
         ]
      },
      "3": {
         "type": 1,
         "values": [
            0.3905785381793976,
            0.4989395886659622
         ]
      }
   },
   "feature_bounds_compact": {
      "0": {
         "type": 1,
         "values": [
            -0.038751181215047836,
            0.04670567251741886
         ]
      },
      "1": {
         "type": 1,
         "values": [
            -0.3137299418449402,
            -0.27440403401851654
         ]
      },
      "2": {
         "type": 1,
         "values": [
            -0.26986263692379,
            -0.24530745297670364
         ]
      },
      "3": {
         "type": 1,
         "values": [
            0.3905785381793976,
            0.4989395886659622
         ]
      }
   },
   "feature_bounds_compact_count": {
      "0": {
         "type": 1,
         "values": [
            -0.038751181215047836,
            0.04670567251741886
         ]
      },
      "1": {
         "type": 1,
         "values": [
            -0.3137299418449402,
            -0.27440403401851654
         ]
      },
      "2": {
         "type": 1,
         "values": [
            -0.26986263692379,
            -0.24530745297670364
         ]
      },
      "3": {
         "type": 1,
         "values": [
            0.3905785381793976,
            0.4989395886659622
         ]
      }
   },
   "counterfactual_sample": [
      -0.03375118121504784,
      -0.3087299418449402,
      -0.26486263692379,
      0.457377809639865
   ],
   "counterfactual_distance": 0.023168585753835475,
   "counterfactual_class": 0,
   "valid_": true
}