{
   "found": true,
   "num_iterations": 202,
   "num_foil": 84,
   "_observation": [
      -0.05889562653230381,
      -0.20280413880643336,
      -0.4819674673441368,
      0.5842104912734652
   ],
   "_idx": 107,
   "factual_class": 1,
   "feature_bounds_splits": {
      "0": {
         "type": 1,
         "values": [
            -0.038751181215047836,
            0.04670567251741886
         ]
      },
      "1": {
         "type": 1,
         "values": [
            null,
            null
         ]
      },
      "2": {
         "type": 1,
         "values": [
            -0.26986263692379,
            -0.20205533131957054
         ]
      },
      "3": {
         "type": 1,
         "values": [
            0.4989395886659622,
            0.5672793090343475
         ]
      }
   },
   "splits": [
      [
         0,
         -0.31399935483932495,
         false
      ],
      [
         0,
         -0.11158014833927155,
         false
      ],
      [
         0,
         0.46102775633335114,
         true
      ],
      [
         0,
         0.4158615469932556,
         true
      ],
      [
         2,
         -0.8517725169658661,
         false
      ],
      [
         0,
         0.4098352901637554,
         true
      ],
      [
         0,
         -0.056242309510707855,
         false
      ],
      [
         0,
         0.40928104519844055,
         true
      ],
      [
         2,
         -0.7436828315258026,
         false
      ],
      [
         0,
         0.4076623022556305,
         true
      ],
      [
         2,
         -0.7114671468734741,
         false
      ],
      [
         2,
         0.05279680714011192,
         true
      ],
      [
         2,
         -0.6966590583324432,
         false
      ],
      [
         0,
         -0.04299508035182953,
         false
      ],
      [
         2,
         -0.08909499272704124,
         true
      ],
      [
         2,
         -0.20205533131957054,
         true
      ],
      [
         0,
         -0.04276810586452484,
         false
      ],
      [
         2,
         -0.5042352974414825,
         false
      ],
      [
         2,
         -0.40480299293994904,
         false
      ],
      [
         0,
         -0.03996523283421993,
         false
      ],
      [
         2,
         -0.2803095281124115,
         false
      ],
      [
         2,
         -0.26986263692379,
         false
      ],
      [
         0,
         0.04670567251741886,
         true
      ],
      [
         3,
         0.4989395886659622,
         false
      ],
      [
         0,
         -0.038751181215047836,
         false
      ],
      [
         3,
         0.5672793090343475,
         true
      ]
   ],
   "remaining_rules": [
      22,
      41,
      53,
      84,
      120,
      144,
      173,
      201,
      223,
      244
   ],
   "set_rules": [
      22,
      41,
      53,
      84,
      120,
      144,
      173,
      201,
      223,
      244
   ],
   "foil_estimated_class": [
      0
   ],
   "distance": 0.011689396720772911,
   "extraction_time": 0.01568913459777832,
   "feature_bounds": {
      "0": {
         "type": 1,
         "values": [
            -0.038751181215047836,
            -0.019583256915211678
         ]
      },
      "1": {
         "type": 1,
         "values": [
            -0.27440403401851654,
            -0.09452221915125847
         ]
      },
      "2": {
         "type": 1,
         "values": [
            -0.26986263692379,
            -0.24530745297670364
         ]
      },
      "3": {
         "type": 1,
         "values": [
            0.4989395886659622,
            0.5672793090343475
         ]
      }
   },
   "feature_bounds_compact": {
      "0": {
         "type": 1,
         "values": [
            -0.038751181215047836,
            -0.019583256915211678
         ]
      },
      "1": {
         "type": 1,
         "values": [
            -0.27440403401851654,
            -0.09452221915125847
         ]
      },
      "2": {
         "type": 1,
         "values": [
            -0.26986263692379,
            -0.24530745297670364
         ]
      },
      "3": {
         "type": 1,
         "values": [
            0.3905785381793976,
            0.5672793090343475
         ]
      }
   },
   "feature_bounds_compact_count": {
      "0": {
         "type": 1,
         "values": [
            -0.038751181215047836,
            -0.019583256915211678
         ]
      },
      "1": {
         "type": 1,
         "values": [
            -0.27440403401851654,
            -0.09452221915125847
         ]
      },
      "2": {
         "type": 1,
         "values": [
            -0.26986263692379,
            -0.24530745297670364
         ]
      },
      "3": {
         "type": 1,
         "values": [
            0.3905785381793976,
            0.5672793090343475
         ]
      }
   },
   "counterfactual_sample": [
      -0.03375118121504784,
      -0.20280413880643336,
      -0.26486263692379,
      0.5622793090343475
   ],
   "counterfactual_distance": 0.011682127949618308,
   "counterfactual_class": 0,
   "valid_": true
}