{
   "found": true,
   "num_iterations": 98,
   "num_foil": 37,
   "_observation": [
      -1.0227005850076032,
      -0.3960865456356822,
      0.020395431599562124,
      1.1001354437388162
   ],
   "_idx": 115,
   "factual_class": 1,
   "feature_bounds_splits": {
      "0": {
         "type": 1,
         "values": [
            null,
            0.25878801569342613
         ]
      },
      "1": {
         "type": 1,
         "values": [
            0.37016040086746216,
            0.828152984380722
         ]
      },
      "2": {
         "type": 1,
         "values": [
            -0.5042352974414825,
            1.2573806047439575
         ]
      },
      "3": {
         "type": 1,
         "values": [
            null,
            null
         ]
      }
   },
   "splits": [
      [
         2,
         1.4404507279396057,
         true
      ],
      [
         0,
         0.5576767325401306,
         true
      ],
      [
         0,
         0.4098352901637554,
         true
      ],
      [
         1,
         1.0626973509788513,
         true
      ],
      [
         0,
         0.40928104519844055,
         true
      ],
      [
         2,
         1.2663280963897705,
         true
      ],
      [
         0,
         0.4076623022556305,
         true
      ],
      [
         1,
         0.9505428373813629,
         true
      ],
      [
         1,
         0.9154391586780548,
         true
      ],
      [
         2,
         1.2573806047439575,
         true
      ],
      [
         1,
         0.8688814043998718,
         true
      ],
      [
         2,
         -0.7114671468734741,
         false
      ],
      [
         0,
         0.4076271206140518,
         true
      ],
      [
         2,
         -0.6966590583324432,
         false
      ],
      [
         1,
         0.828152984380722,
         true
      ],
      [
         2,
         -0.5042352974414825,
         false
      ],
      [
         0,
         0.405339777469635,
         true
      ],
      [
         0,
         0.25878801569342613,
         true
      ],
      [
         1,
         0.37016040086746216,
         false
      ]
   ],
   "remaining_rules": [
      12,
      36,
      53,
      81,
      110,
      137,
      159,
      184,
      210,
      233
   ],
   "set_rules": [
      12,
      36,
      53,
      81,
      110,
      137,
      159,
      184,
      210,
      233
   ],
   "foil_estimated_class": [
      0
   ],
   "distance": 0.04205653659131308,
   "extraction_time": 0.015217304229736328,
   "feature_bounds": {
      "0": {
         "type": 1,
         "values": [
            -1.9416314363479614,
            -0.8073913156986237
         ]
      },
      "1": {
         "type": 1,
         "values": [
            0.37016040086746216,
            0.55198535323143
         ]
      },
      "2": {
         "type": 1,
         "values": [
            null,
            0.5852841772139072
         ]
      },
      "3": {
         "type": 1,
         "values": [
            0.8677342236042023,
            null
         ]
      }
   },
   "feature_bounds_compact": {
      "0": {
         "type": 1,
         "values": [
            -1.9416314363479614,
            -0.31399935483932495
         ]
      },
      "1": {
         "type": 1,
         "values": [
            0.37016040086746216,
            0.55198535323143
         ]
      },
      "2": {
         "type": 1,
         "values": [
            null,
            0.7047120481729507
         ]
      },
      "3": {
         "type": 1,
         "values": [
            0.8677342236042023,
            null
         ]
      }
   },
   "feature_bounds_compact_count": {
      "0": {
         "type": 1,
         "values": [
            -1.9416314363479614,
            -0.31399935483932495
         ]
      },
      "1": {
         "type": 1,
         "values": [
            0.37016040086746216,
            0.55198535323143
         ]
      },
      "2": {
         "type": 1,
         "values": [
            null,
            0.7047120481729507
         ]
      },
      "3": {
         "type": 1,
         "values": [
            0.8677342236042023,
            null
         ]
      }
   },
   "counterfactual_sample": [
      -1.0227005850076032,
      0.37516040086746216,
      0.020395431599562124,
      1.1001354437388162
   ],
   "counterfactual_distance": 0.042053792450364634,
   "counterfactual_class": 0,
   "valid_": true
}