{
   "factual_sample": {
      "sex": 2.0,
      "length": 0.7162637314250726,
      "diameter": 0.9283544807498924,
      "height": 2.4026464968895582,
      "whole_weight": 1.6585918063308152,
      "shucked_weight": 0.7778468455569086,
      "viscera_weight": 1.4042409464941812,
      "shell_weight": 3.2414835012847023,
      "y": 0
   },
   "counterfactual_sample": {
      "sex": 2.0,
      "length": 1.0077396363274085,
      "diameter": 1.0291325010755927,
      "height": 1.2071048956425745,
      "whole_weight": 1.3169853517644805,
      "shucked_weight": 1.106769939326664,
      "viscera_weight": 1.5000428799451355,
      "shell_weight": 1.7327111272080928,
      "y": 1
   },
   "counterfactual_found": true,
   "counterfactual_plausible": true,
   "counterfactual_distance": 0.05498249029330449,
   "counterfactual_time": 0.43614983558654785,
   "counterfactual_class": 1,
   "factual_class": 0,
   "valid_": true
}