{
   "factual_sample": {
      "sex": 1.0,
      "length": -1.7821011677378042,
      "diameter": -1.9438190985325705,
      "height": -1.5426407872254897,
      "whole_weight": -1.4301423754047915,
      "shucked_weight": -1.364659059751569,
      "viscera_weight": -1.3968251077385008,
      "shell_weight": -1.4572647494110242,
      "y": 1
   },
   "counterfactual_sample": {
      "sex": 1.0,
      "length": -1.6988223377657083,
      "diameter": -1.641485037555469,
      "height": -1.4230866271007911,
      "whole_weight": -1.3669196882910222,
      "shucked_weight": -1.333118489116113,
      "viscera_weight": -1.3512051394285225,
      "shell_weight": -1.3566799244725836,
      "y": 0
   },
   "counterfactual_found": true,
   "counterfactual_plausible": true,
   "counterfactual_distance": 0.013072456930564691,
   "counterfactual_time": 0.7864439487457275,
   "counterfactual_class": 0,
   "factual_class": 1,
   "valid_": true
}