{
   "factual_sample": {
      "sex": 0.0,
      "length": 0.9661002213413604,
      "diameter": 1.0795215112384429,
      "height": 0.6093340950190824,
      "whole_weight": 0.9845563840372414,
      "shucked_weight": 0.6088795028669655,
      "viscera_weight": 0.6834454471965202,
      "shell_weight": 1.2297870025158897,
      "y": 0
   },
   "counterfactual_sample": {
      "sex": 0.0,
      "length": 1.1326578812855526,
      "diameter": 0.9283544807498924,
      "height": 0.8484424152684789,
      "whole_weight": 1.0171874483540253,
      "shucked_weight": 0.8859859448784723,
      "viscera_weight": 0.9115452887464132,
      "shell_weight": 1.219010056986771,
      "y": 1
   },
   "counterfactual_found": true,
   "counterfactual_plausible": true,
   "counterfactual_distance": 0.01781537434547924,
   "counterfactual_time": 0.7855494022369385,
   "counterfactual_class": 1,
   "factual_class": 0,
   "valid_": true
}