{
   "factual_sample": {
      "variance_wti": -0.7292522085338926,
      "skewness_wti": 0.2447706704431835,
      "curtosis_wty": -0.7259734976390075,
      "entropy": -1.1298400215024431,
      "y": 1
   },
   "counterfactual_sample": {
      "variance_wti": -0.2802962507584699,
      "skewness_wti": 1.0852645779678174,
      "curtosis_wty": -0.7703281023525973,
      "entropy": -1.0196625212020638,
      "y": 0
   },
   "counterfactual_found": true,
   "counterfactual_plausible": true,
   "counterfactual_distance": 0.07644793057155877,
   "counterfactual_time": 0.25458860397338867,
   "counterfactual_class": 0,
   "factual_class": 1,
   "valid_": true
}