{
   "factual_sample": {
      "variance_wti": 1.095131725979006,
      "skewness_wti": 1.2697399599543744,
      "curtosis_wty": -1.2609443422457742,
      "entropy": -1.3163894796601296,
      "y": 0
   },
   "counterfactual_sample": {
      "variance_wti": 0.2794655887582192,
      "skewness_wti": 0.3593966469616715,
      "curtosis_wty": -1.4021549205176111,
      "entropy": -1.2954871794734977,
      "y": 1
   },
   "counterfactual_found": true,
   "counterfactual_plausible": true,
   "counterfactual_distance": 0.0993007242765364,
   "counterfactual_time": 0.2088327407836914,
   "counterfactual_class": 1,
   "factual_class": 0,
   "valid_": true
}