{
   "factual_sample": {
      "sex": 0.0,
      "length": -0.3247216432261261,
      "diameter": -0.1802037428328124,
      "height": -0.9448699866019972,
      "whole_weight": -0.5552219634110145,
      "shucked_weight": -0.6212027519158196,
      "viscera_weight": -0.5939136654828787,
      "shell_weight": -0.38675482685190615
   },
   "counterfactual_sample": {
      "sex": 0.0,
      "length": -0.3247216432261261,
      "diameter": -0.1802037428328124,
      "height": -0.9448699866019972,
      "whole_weight": -0.5552219634110145,
      "shucked_weight": -0.6212027519158196,
      "viscera_weight": -0.5939136654828787,
      "shell_weight": -0.38675482685190615
   },
   "factual_class": 0,
   "counterfactual_class": 0,
   "counterfactual_found": false,
   "counterfactual_rule_id": 122,
   "counterfactual_rule": {
      "7": [
         null,
         -0.3167
      ],
      "0": [
         null,
         1.5
      ],
      "5": [
         -0.85663,
         -0.18076
      ],
      "3": [
         null,
         -0.64598
      ],
      "4": [
         null,
         -0.12796
      ],
      "1": [
         -0.7203,
         null
      ],
      "6": [
         null,
         -0.47758
      ],
      "2": [
         -0.2054,
         null
      ]
   },
   "counterfactual_distance": 0.0,
   "counterfactual_time": 0.8975310325622559
}