{
   "factual_sample": {
      "sex": 1.0,
      "length": -0.24144281325403014,
      "diameter": -0.23059275299566265,
      "height": -0.3470991859785052,
      "whole_weight": -0.6449573902821713,
      "shucked_weight": -0.6842838931867318,
      "viscera_weight": -0.5939136654828787,
      "shell_weight": -0.4801550214376011
   },
   "counterfactual_sample": {
      "sex": 1.0,
      "length": -0.24144281325403014,
      "diameter": -0.23059275299566265,
      "height": -0.3470991859785052,
      "whole_weight": -0.6449573902821713,
      "shucked_weight": -0.6842838931867318,
      "viscera_weight": -0.5939136654828787,
      "shell_weight": -0.4801550214376011
   },
   "factual_class": 0,
   "counterfactual_class": 0,
   "counterfactual_found": false,
   "counterfactual_rule_id": 132,
   "counterfactual_rule": {
      "7": [
         null,
         -0.3167
      ],
      "0": [
         null,
         1.5
      ],
      "5": [
         -1.05489,
         -0.18076
      ],
      "3": [
         -0.64598,
         -0.28732
      ],
      "4": [
         null,
         -0.12796
      ],
      "1": [
         -0.7203,
         null
      ],
      "2": [
         -0.35657,
         -0.2054
      ],
      "6": [
         null,
         -0.47758
      ]
   },
   "counterfactual_distance": 0.0,
   "counterfactual_time": 0.5251975059509277
}