{
   "factual_sample": {
      "sex": 0.0,
      "length": -0.9076734530307976,
      "diameter": -0.8352608749498652,
      "height": -0.8253158264772991,
      "whole_weight": -0.9151833916555404,
      "shucked_weight": -0.9005620918298588,
      "viscera_weight": -0.93150143097672,
      "shell_weight": -0.8537557997803805
   },
   "counterfactual_sample": {
      "sex": 0.0,
      "length": -0.9076734530307976,
      "diameter": -0.8352608749498652,
      "height": -0.8253158264772991,
      "whole_weight": -0.9151833916555404,
      "shucked_weight": -0.9005620918298588,
      "viscera_weight": -0.93150143097672,
      "shell_weight": -0.8537557997803805
   },
   "factual_class": 1,
   "counterfactual_class": 1,
   "counterfactual_found": false,
   "counterfactual_rule_id": 115,
   "counterfactual_rule": {
      "7": [
         null,
         -0.3167
      ],
      "0": [
         null,
         1.5
      ],
      "5": [
         -0.91521,
         -0.18076
      ],
      "3": [
         null,
         -0.64598
      ],
      "4": [
         -1.27667,
         -0.12796
      ],
      "1": [
         null,
         -0.7203
      ],
      "2": [
         null,
         -0.35657
      ],
      "6": [
         null,
         0.14057
      ]
   },
   "counterfactual_distance": 0.0,
   "counterfactual_time": 0.720552921295166
}