{
   "factual_sample": {
      "sex": 1.0,
      "length": -0.07488515330983822,
      "diameter": -0.482537803809914,
      "height": -0.3470991859785052,
      "whole_weight": -0.7265350510741317,
      "shucked_weight": -0.8014345841184256,
      "viscera_weight": -0.5072357256939196,
      "shell_weight": -0.7244324534309567
   },
   "counterfactual_sample": {
      "sex": 1.0,
      "length": -0.07488515330983822,
      "diameter": -0.482537803809914,
      "height": -0.28232,
      "whole_weight": -0.7265350510741317,
      "shucked_weight": -0.8014345841184256,
      "viscera_weight": -0.5072357256939196,
      "shell_weight": -0.7244324534309567
   },
   "factual_class": 0,
   "counterfactual_class": 1,
   "counterfactual_found": true,
   "counterfactual_rule_id": 237,
   "counterfactual_rule": {
      "7": [
         null,
         -0.3167
      ],
      "0": [
         null,
         1.5
      ],
      "5": [
         null,
         -0.07262
      ],
      "3": [
         -0.28732,
         null
      ],
      "1": [
         -0.67866,
         null
      ],
      "6": [
         null,
         -0.45021
      ]
   },
   "counterfactual_distance": 0.00029969007976970915,
   "counterfactual_time": 0.8958916664123535
}