{
   "factual_sample": {
      "sex": 2.0,
      "length": 0.2165907515924977,
      "diameter": 0.021352297818588117,
      "height": -0.3470991859785052,
      "whole_weight": -0.1391758933720157,
      "shucked_weight": -0.4905346735689304,
      "viscera_weight": -0.1559619697070848,
      "shell_weight": -0.3149085233244485,
      "y": false
   },
   "counterfactual_sample": {
      "sex": 2.0,
      "length": 0.2165907515924977,
      "diameter": 0.021352297818588117,
      "height": 0.04579771892425022,
      "whole_weight": 0.13604261601401735,
      "shucked_weight": 0.20978740647429162,
      "viscera_weight": -0.1559619697070848,
      "shell_weight": -0.4241763610309228,
      "y": 1.0
   },
   "counterfactual_found": true,
   "counterfactual_plausible": true,
   "counterfactual_distance": 0.022751911887621965,
   "counterfactual_time": 0.5205397605895996,
   "counterfactual_class": 1,
   "factual_class": 0,
   "valid_": true
}