{
   "factual_sample": {
      "sex": 0.0,
      "length": 0.9244608063553126,
      "diameter": 0.9787434909127426,
      "height": 0.6093340950190824,
      "whole_weight": 0.8611701720894006,
      "shucked_weight": 0.9806076567848404,
      "viscera_weight": 0.4234116278296424,
      "shell_weight": 1.0322096678153814,
      "y": false
   },
   "counterfactual_sample": {
      "sex": 0.0,
      "length": 0.9244608063553126,
      "diameter": 0.9787434909127426,
      "height": 1.0533163414776663,
      "whole_weight": 0.9319346609158652,
      "shucked_weight": 1.1098201204835765,
      "viscera_weight": 0.4234116278296424,
      "shell_weight": 0.11227919495760053,
      "y": 1.0
   },
   "counterfactual_found": true,
   "counterfactual_plausible": true,
   "counterfactual_distance": 0.0219501298399888,
   "counterfactual_time": 1.2914791107177734,
   "counterfactual_class": 1,
   "factual_class": 0,
   "valid_": true
}