{
   "factual_sample": {
      "sex": 1.0,
      "length": 0.6329849014529767,
      "diameter": 0.37407536895854,
      "height": 0.8484424152684789,
      "whole_weight": 0.46551851724839205,
      "shucked_weight": 0.10648327060220134,
      "viscera_weight": 0.32304769754769,
      "shell_weight": 0.8346323331148728,
      "y": false
   },
   "counterfactual_sample": {
      "sex": 1.0,
      "length": 0.6329849014529767,
      "diameter": 0.37407536895854,
      "height": -0.261779440802302,
      "whole_weight": 0.30225710446072984,
      "shucked_weight": 0.37312249884003335,
      "viscera_weight": 0.32304769754769,
      "shell_weight": -0.42597251719890683,
      "y": 1.0
   },
   "counterfactual_found": true,
   "counterfactual_plausible": true,
   "counterfactual_distance": 0.03551061085897637,
   "counterfactual_time": 0.521014928817749,
   "counterfactual_class": 1,
   "factual_class": 0,
   "valid_": true
}