{
   "factual_sample": {
      "sex": 1.0,
      "length": -1.2407887729191809,
      "diameter": -1.3391509765783671,
      "height": -0.9448699866019972,
      "whole_weight": -1.2160010158258951,
      "shucked_weight": -1.09431131144766,
      "viscera_weight": -1.264527199639563,
      "shell_weight": -1.2489104691813973
   },
   "counterfactual_sample": {
      "sex": 1.0,
      "length": -1.2407887729191809,
      "diameter": 0.45466,
      "height": -0.9448699866019972,
      "whole_weight": -1.2160010158258951,
      "shucked_weight": -1.09431131144766,
      "viscera_weight": -1.264527199639563,
      "shell_weight": -1.2489104691813973
   },
   "factual_class": 1,
   "counterfactual_class": 0,
   "counterfactual_found": true,
   "counterfactual_rule_id": 12,
   "counterfactual_rule": {
      "2": [
         0.44966,
         null
      ],
      "7": [
         null,
         -0.06524
      ],
      "1": [
         null,
         -0.05407
      ],
      "5": [
         null,
         -0.21681
      ],
      "4": [
         null,
         -0.36504
      ],
      "3": [
         -1.00465,
         null
      ]
   },
   "counterfactual_distance": 0.03739417030437065,
   "counterfactual_time": 0.3436007499694824
}