{
   "factual_sample": {
      "sex": 1.0,
      "length": -1.5322646778215163,
      "diameter": -1.4903180070669182,
      "height": -1.1839783068513945,
      "whole_weight": -1.3251111371351425,
      "shucked_weight": -1.2767960415527986,
      "viscera_weight": -1.1687252661886085,
      "shell_weight": -1.320756772708855
   },
   "counterfactual_sample": {
      "sex": 1.0,
      "length": -1.5322646778215163,
      "diameter": 0.45466,
      "height": -1.1839783068513945,
      "whole_weight": -1.3251111371351425,
      "shucked_weight": -1.2767960415527986,
      "viscera_weight": -1.1687252661886085,
      "shell_weight": -1.320756772708855
   },
   "factual_class": 1,
   "counterfactual_class": 1,
   "counterfactual_found": false,
   "counterfactual_rule_id": 0,
   "counterfactual_rule": {
      "2": [
         0.44966,
         null
      ],
      "7": [
         null,
         -0.06524
      ],
      "1": [
         null,
         -1.32407
      ],
      "5": [
         null,
         -0.21681
      ],
      "4": [
         null,
         -0.49557
      ],
      "3": [
         null,
         -1.00465
      ],
      "6": [
         null,
         -0.44565
      ]
   },
   "counterfactual_distance": 0.04054543080857234,
   "counterfactual_time": 0.20055484771728516
}