{
   "factual_sample": {
      "sex": 1.0,
      "length": -0.3663610582121741,
      "diameter": -0.1802037428328124,
      "height": 0.13111745452028825,
      "whole_weight": -0.5021964838962399,
      "shucked_weight": -0.5761447938651681,
      "viscera_weight": -0.5437317003419024,
      "shell_weight": 0.11616929784029704
   },
   "counterfactual_sample": {
      "sex": 1.0,
      "length": -0.3663610582121741,
      "diameter": -0.1802037428328124,
      "height": 0.13111745452028825,
      "whole_weight": -0.5021964838962399,
      "shucked_weight": -0.5761447938651681,
      "viscera_weight": -0.5437317003419024,
      "shell_weight": 0.11616929784029704
   },
   "factual_class": 0,
   "counterfactual_class": 0,
   "counterfactual_found": false,
   "counterfactual_rule_id": 0,
   "counterfactual_rule": {
      "2": [
         null,
         0.44966
      ]
   },
   "counterfactual_distance": 0.0,
   "counterfactual_time": 0.13651394844055176
}