{
   "factual_sample": {
      "sex": 0.0,
      "length": 1.4241337861878876,
      "diameter": 1.5330226027040954,
      "height": 1.924429856390765,
      "whole_weight": 2.0501645781322257,
      "shucked_weight": 2.1904138304448324,
      "viscera_weight": 2.2025903919188057,
      "shell_weight": 1.553095368389449
   },
   "counterfactual_sample": {
      "sex": 0.0,
      "length": 1.4241337861878876,
      "diameter": 1.5330226027040954,
      "height": -0.65098,
      "whole_weight": 2.0501645781322257,
      "shucked_weight": 2.1904138304448324,
      "viscera_weight": 2.2025903919188057,
      "shell_weight": 1.553095368389449
   },
   "factual_class": 0,
   "counterfactual_class": 0,
   "counterfactual_found": false,
   "counterfactual_rule_id": 252,
   "counterfactual_rule": {
      "2": [
         0.44966,
         null
      ],
      "7": [
         0.51312,
         null
      ],
      "1": [
         1.0702,
         null
      ],
      "3": [
         null,
         -0.64598
      ],
      "6": [
         1.58672,
         null
      ]
   },
   "counterfactual_distance": 0.011914703367182599,
   "counterfactual_time": 0.2373828887939453
}