{
   "factual_sample": {
      "Temperature": 1.5431751669003317,
      "Humidity": 0.9038239523583634,
      "Light": 0.966455946803692,
      "CO2": 1.1095823371782694,
      "HumidityRatio": 1.2601580335891172,
      "y": false
   },
   "counterfactual_sample": {
      "Temperature": 1.5422942008712492,
      "Humidity": 0.9036175990560329,
      "Light": 0.6999640762805939,
      "CO2": 1.06811885535717,
      "HumidityRatio": 1.2599516802867865,
      "y": true
   },
   "counterfactual_found": true,
   "counterfactual_plausible": true,
   "counterfactual_distance": 0.010411276494798408,
   "counterfactual_time": 1.9038238525390625,
   "counterfactual_class": 1,
   "factual_class": 0,
   "valid_": true
}