{
   "factual_sample": {
      "Temperature": -0.2275434623222056,
      "Humidity": 0.6756170064985367,
      "Light": -0.7724036570242273,
      "CO2": -0.08648035661868192,
      "HumidityRatio": 0.286834105718347,
      "y": true
   },
   "counterfactual_sample": {
      "Temperature": -0.22759747857474222,
      "Humidity": 0.6755629902460001,
      "Light": 0.057106390138645026,
      "CO2": -0.08653437287121854,
      "HumidityRatio": 0.2865513660507653,
      "y": true
   },
   "counterfactual_found": true,
   "counterfactual_plausible": true,
   "counterfactual_distance": 0.024478241769643014,
   "counterfactual_time": 2.089705467224121,
   "counterfactual_class": 0,
   "factual_class": 1,
   "valid_": true
}