{
   "factual_sample": {
      "Temperature": -0.5023940187811972,
      "Humidity": -0.09396576955753724,
      "Light": -0.7724036570242273,
      "CO2": -0.5404715819641821,
      "HumidityRatio": -0.3050423069282245,
      "y": true
   },
   "counterfactual_sample": {
      "Temperature": -0.5023940187811972,
      "Humidity": -0.09396576955753724,
      "Light": -0.03647156255196416,
      "CO2": -0.5407195055295809,
      "HumidityRatio": -0.3052902304936233,
      "y": true
   },
   "counterfactual_found": true,
   "counterfactual_plausible": true,
   "counterfactual_distance": 0.021723828129156367,
   "counterfactual_time": 1.7296953201293945,
   "counterfactual_class": 0,
   "factual_class": 1,
   "valid_": true
}