{
   "factual_sample": {
      "Temperature": 1.2318400233007647,
      "Humidity": 0.4478205047859389,
      "Light": 0.9924389064011208,
      "CO2": 0.8011120729113976,
      "HumidityRatio": 0.7952370738556016,
      "y": 0
   },
   "counterfactual_sample": {
      "Temperature": 1.718301185175088,
      "Humidity": 0.12151740773816287,
      "Light": 1.777923761923388,
      "CO2": 0.7529847883276642,
      "HumidityRatio": 0.7934042874090816,
      "y": 1
   },
   "counterfactual_found": true,
   "counterfactual_plausible": true,
   "counterfactual_distance": 0.06687950259903835,
   "counterfactual_time": 0.5778300762176514,
   "counterfactual_class": 1,
   "factual_class": 0,
   "valid_": true
}