{
   "factual_sample": {
      "sex": 2.0,
      "length": 0.4664272415087847,
      "diameter": 0.42446437912139023,
      "height": 0.4897799348943839,
      "whole_weight": 0.07904434924647903,
      "shucked_weight": 0.15379412655538566,
      "viscera_weight": 0.3686676658576684,
      "shell_weight": -0.1712159162695334,
      "y": true
   },
   "counterfactual_sample": {
      "sex": 2.0,
      "length": 0.4664272415087847,
      "diameter": 0.39527546578201656,
      "height": 0.8153306746846223,
      "whole_weight": 0.09428584605059742,
      "shucked_weight": 0.16045711487559366,
      "viscera_weight": 0.018013645724755056,
      "shell_weight": 0.5187073659978059,
      "y": 0.0
   },
   "counterfactual_found": true,
   "counterfactual_plausible": true,
   "counterfactual_distance": 0.020856566593416948,
   "counterfactual_time": 0.9087986946105957,
   "counterfactual_class": 0,
   "factual_class": 1,
   "valid_": true
}