{
   "factual_sample": {
      "sex": 0.0,
      "length": 0.9661002213413604,
      "diameter": 0.9283544807498924,
      "height": 0.7288882551437809,
      "whole_weight": 0.8887026326066875,
      "shucked_weight": 0.926538107124058,
      "viscera_weight": 1.4316129274801683,
      "shell_weight": 0.5472471190050426,
      "y": false
   },
   "counterfactual_sample": {
      "sex": 0.0,
      "length": 0.23702334603798436,
      "diameter": 0.39527546578201656,
      "height": 0.16422922369184256,
      "whole_weight": 0.8887026326066875,
      "shucked_weight": 0.7768161043521972,
      "viscera_weight": 1.0249754890637581,
      "shell_weight": 0.5668060823448751,
      "y": 1.0
   },
   "counterfactual_found": true,
   "counterfactual_plausible": true,
   "counterfactual_distance": 0.038980690674360476,
   "counterfactual_time": 0.8519172668457031,
   "counterfactual_class": 1,
   "factual_class": 0,
   "valid_": true
}