{
   "factual_sample": {
      "sex": 0.0,
      "length": 0.3831484115366887,
      "diameter": 0.4748533892842405,
      "height": 0.6093340950190824,
      "whole_weight": 0.4706171210478899,
      "shucked_weight": 0.36331363149091495,
      "viscera_weight": 0.35498167536467473,
      "shell_weight": 0.3317082084226696,
      "y": false
   },
   "counterfactual_sample": {
      "sex": 0.0,
      "length": 0.3831484115366887,
      "diameter": 0.39527546578201656,
      "height": 0.6093340950190824,
      "whole_weight": 0.09428584605059742,
      "shucked_weight": 0.36331363149091495,
      "viscera_weight": 0.018013645724755056,
      "shell_weight": -0.022333587788715636,
      "y": 1.0
   },
   "counterfactual_found": true,
   "counterfactual_plausible": true,
   "counterfactual_distance": 0.02204470912330663,
   "counterfactual_time": 0.42970800399780273,
   "counterfactual_class": 1,
   "factual_class": 0,
   "valid_": true
}