{
   "factual_sample": {
      "sex": 1.0,
      "length": -0.5745581331424137,
      "diameter": -0.6337048342984648,
      "height": -0.7057616663526005,
      "whole_weight": -0.8050535495863937,
      "shucked_weight": -0.6865367910892644,
      "viscera_weight": -0.8676334753427499,
      "shell_weight": -0.8429788542512618,
      "y": true
   },
   "counterfactual_sample": {
      "sex": 1.0,
      "length": -0.5745581331424137,
      "diameter": -0.5117267373844683,
      "height": 0.09800570253191232,
      "whole_weight": -0.8050535495863937,
      "shucked_weight": -0.6977055475118547,
      "viscera_weight": -0.9080717220740502,
      "shell_weight": -1.1844475523463633,
      "y": 0.0
   },
   "counterfactual_found": true,
   "counterfactual_plausible": true,
   "counterfactual_distance": 0.01311932295827661,
   "counterfactual_time": 1.8156766891479492,
   "counterfactual_class": 0,
   "factual_class": 1,
   "valid_": true
}