{
   "factual_sample": {
      "sex": 1.0,
      "length": -0.6161975481284616,
      "diameter": -0.5329268139727642,
      "height": -0.586207506227902,
      "whole_weight": -0.7958760627472982,
      "shucked_weight": -0.7901700946057627,
      "viscera_weight": -0.6623436179478465,
      "shell_weight": -0.9076405274259736,
      "y": true
   },
   "counterfactual_sample": {
      "sex": 1.0,
      "length": -0.6161975481284616,
      "diameter": -0.5117267373844683,
      "height": 0.09800570253191232,
      "whole_weight": -0.7958760627472982,
      "shucked_weight": -0.6977055475118547,
      "viscera_weight": -0.9080717220740502,
      "shell_weight": -1.1844475523463633,
      "y": 0.0
   },
   "counterfactual_found": true,
   "counterfactual_plausible": true,
   "counterfactual_distance": 0.014564088903477813,
   "counterfactual_time": 1.7594127655029297,
   "counterfactual_class": 0,
   "factual_class": 1,
   "valid_": true
}