{
   "factual_sample": {
      "Temperature": 1.718301185175088,
      "Humidity": 0.05995078565367756,
      "Light": 1.6196275772990532,
      "CO2": 0.5067667395046062,
      "HumidityRatio": 0.7498756864223932,
      "y": false
   },
   "counterfactual_sample": {
      "Temperature": 1.7178024230375604,
      "Humidity": 0.05986904629647206,
      "Light": 1.6840671514780245,
      "CO2": 0.5066850001474007,
      "HumidityRatio": 0.7523755645067416,
      "y": true
   },
   "counterfactual_found": true,
   "counterfactual_plausible": true,
   "counterfactual_distance": 0.0020802486503969505,
   "counterfactual_time": 2.3191490173339844,
   "counterfactual_class": 1,
   "factual_class": 0,
   "valid_": true
}