{
   "factual_sample": {
      "Temperature": -0.6439542168866272,
      "Humidity": -0.1452712879612755,
      "Light": -0.7724036570242273,
      "CO2": -0.6886124898958903,
      "HumidityRatio": -0.3926815964526868,
      "y": true
   },
   "counterfactual_sample": {
      "Temperature": -0.6439542168866272,
      "Humidity": -0.1452712879612755,
      "Light": 0.05602441088904649,
      "CO2": -0.6886124898958903,
      "HumidityRatio": -0.3926815964526868,
      "y": true
   },
   "counterfactual_found": true,
   "counterfactual_plausible": true,
   "counterfactual_distance": 0.024421015638090404,
   "counterfactual_time": 1.210143804550171,
   "counterfactual_class": 0,
   "factual_class": 1,
   "valid_": true
}