{
   "factual_sample": {
      "Temperature": 0.3114555050345467,
      "Humidity": -0.4120599836607139,
      "Light": -0.7724036570242273,
      "CO2": -0.1691795485897856,
      "HumidityRatio": -0.17743825985081735,
      "y": true
   },
   "counterfactual_sample": {
      "Temperature": 0.31134368270545615,
      "Humidity": -0.41217180598980446,
      "Light": 0.05589834629707193,
      "CO2": -0.17994411289691925,
      "HumidityRatio": -0.2307158187031746,
      "y": true
   },
   "counterfactual_found": true,
   "counterfactual_plausible": true,
   "counterfactual_distance": 0.028210550771227513,
   "counterfactual_time": 1.3938133716583252,
   "counterfactual_class": 1,
   "factual_class": 1,
   "valid_": false
}