{
   "factual_sample": {
      "Temperature": -0.7140046241965291,
      "Humidity": -0.1452712879612755,
      "Light": -0.7724036570242273,
      "CO2": -0.7719951462634491,
      "HumidityRatio": -0.4203002170763961,
      "y": true
   },
   "counterfactual_sample": {
      "Temperature": -0.7141806738676167,
      "Humidity": -0.14544733763236317,
      "Light": 0.13464430709830325,
      "CO2": -0.643099956312265,
      "HumidityRatio": -0.42047626674748373,
      "y": true
   },
   "counterfactual_found": true,
   "counterfactual_plausible": true,
   "counterfactual_distance": 0.03450579334353933,
   "counterfactual_time": 1.7285935878753662,
   "counterfactual_class": 0,
   "factual_class": 1,
   "valid_": true
}