{
   "factual_sample": {
      "Temperature": 1.2318400233007647,
      "Humidity": 2.2654040034356937,
      "Light": 0.9584611900044832,
      "CO2": 2.027361110885141,
      "HumidityRatio": 2.043546824719272,
      "y": false
   },
   "counterfactual_sample": {
      "Temperature": 1.2318120697909334,
      "Humidity": 2.2653760499258624,
      "Light": 0.38476601243019104,
      "CO2": 2.0272308556933556,
      "HumidityRatio": 2.0435188712094408,
      "y": true
   },
   "counterfactual_found": true,
   "counterfactual_plausible": true,
   "counterfactual_distance": 0.016924095663194996,
   "counterfactual_time": 2.6165149211883545,
   "counterfactual_class": 1,
   "factual_class": 0,
   "valid_": true
}