{
   "factual_sample": {
      "Temperature": -0.7140046241965291,
      "Humidity": -0.30944894685323737,
      "Light": -0.7724036570242273,
      "CO2": -0.8386329249178508,
      "HumidityRatio": -0.5197120437925993,
      "y": true
   },
   "counterfactual_sample": {
      "Temperature": -0.7140779163286533,
      "Humidity": -0.30978892007754194,
      "Light": 0.41602362024377276,
      "CO2": -0.8386329249178508,
      "HumidityRatio": -0.5197853359247234,
      "y": true
   },
   "counterfactual_found": true,
   "counterfactual_plausible": true,
   "counterfactual_distance": 0.03505890772006654,
   "counterfactual_time": 3.0679733753204346,
   "counterfactual_class": 0,
   "factual_class": 1,
   "valid_": true
}