{
   "factual_sample": {
      "Temperature": -1.0156105445586083,
      "Humidity": -1.1713816560360408,
      "Light": -0.7724036570242273,
      "CO2": -0.9756675364071588,
      "HumidityRatio": -1.147092310750708,
      "y": true
   },
   "counterfactual_sample": {
      "Temperature": -1.0156308100914393,
      "Humidity": -1.1714527183403227,
      "Light": 0.1344885229600465,
      "CO2": -0.9756675364071588,
      "HumidityRatio": -1.147092310750708,
      "y": true
   },
   "counterfactual_found": true,
   "counterfactual_plausible": true,
   "counterfactual_distance": 0.02673872325259076,
   "counterfactual_time": 1.6762325763702393,
   "counterfactual_class": 0,
   "factual_class": 1,
   "valid_": true
}