{
   "found": true,
   "num_iterations": 69,
   "num_foil": 14,
   "_observation": [
      0.4572448426190163,
      0.3463574094841037,
      -1.4248312411901267,
      -0.6237567670976316
   ],
   "_idx": 114,
   "factual_class": 1,
   "feature_bounds_splits": {
      "0": {
         "type": 1,
         "values": [
            0.43940357863903046,
            0.5567266047000885
         ]
      },
      "1": {
         "type": 1,
         "values": [
            0.3015637844800949,
            0.5754304081201553
         ]
      },
      "2": {
         "type": 1,
         "values": [
            -1.3557114005088806,
            -1.3555141687393188
         ]
      },
      "3": {
         "type": 1,
         "values": [
            null,
            null
         ]
      }
   },
   "splits": [
      [
         1,
         0.995685875415802,
         true
      ],
      [
         1,
         0.9632326662540436,
         true
      ],
      [
         1,
         0.9618264734745026,
         true
      ],
      [
         1,
         0.8981643319129944,
         true
      ],
      [
         1,
         0.8711825013160706,
         true
      ],
      [
         1,
         0.8704751431941986,
         true
      ],
      [
         1,
         0.8142103850841522,
         true
      ],
      [
         1,
         0.7988700717687607,
         true
      ],
      [
         2,
         -1.4389430284500122,
         false
      ],
      [
         1,
         0.6255249381065369,
         true
      ],
      [
         0,
         -0.04797444865107536,
         false
      ],
      [
         2,
         -0.12956535816192627,
         true
      ],
      [
         2,
         -0.21527235209941864,
         true
      ],
      [
         2,
         -0.21527699381113052,
         true
      ],
      [
         1,
         0.599949300289154,
         true
      ],
      [
         1,
         0.5754304081201553,
         true
      ],
      [
         2,
         -1.4379565715789795,
         false
      ],
      [
         2,
         -1.3557114005088806,
         false
      ],
      [
         0,
         0.40928104519844055,
         false
      ],
      [
         1,
         0.3015637844800949,
         false
      ],
      [
         0,
         0.43940357863903046,
         false
      ],
      [
         0,
         0.5600168704986572,
         true
      ],
      [
         0,
         0.557184100151062,
         true
      ],
      [
         0,
         0.5567266047000885,
         true
      ],
      [
         2,
         -1.245846152305603,
         true
      ],
      [
         2,
         -1.3555141687393188,
         true
      ]
   ],
   "remaining_rules": [
      26,
      43,
      83,
      116,
      134,
      160,
      196,
      224,
      227,
      274
   ],
   "set_rules": [
      26,
      43,
      83,
      116,
      134,
      160,
      196,
      224,
      227,
      274
   ],
   "foil_estimated_class": [
      0
   ],
   "distance": 0.003209505557679397,
   "extraction_time": 0.015156030654907227,
   "feature_bounds": {
      "0": {
         "type": 1,
         "values": [
            0.43940357863903046,
            0.5567266047000885
         ]
      },
      "1": {
         "type": 1,
         "values": [
            0.3015637844800949,
            0.5126545578241348
         ]
      },
      "2": {
         "type": 1,
         "values": [
            -1.3557114005088806,
            -1.3555141687393188
         ]
      },
      "3": {
         "type": 1,
         "values": [
            -1.4198535084724426,
            -0.43720731139183044
         ]
      }
   },
   "feature_bounds_compact": {
      "0": {
         "type": 1,
         "values": [
            0.43940357863903046,
            0.5567266047000885
         ]
      },
      "1": {
         "type": 1,
         "values": [
            0.3015637844800949,
            0.5126545578241348
         ]
      },
      "2": {
         "type": 1,
         "values": [
            -1.3555141687393188,
            -1.3422959446907043
         ]
      },
      "3": {
         "type": 1,
         "values": [
            null,
            -0.43720731139183044
         ]
      }
   },
   "feature_bounds_compact_count": {
      "0": {
         "type": 1,
         "values": [
            0.43940357863903046,
            0.5567266047000885
         ]
      },
      "1": {
         "type": 1,
         "values": [
            0.3015637844800949,
            0.5126545578241348
         ]
      },
      "2": {
         "type": 1,
         "values": [
            -1.3555141687393188,
            -1.3422959446907043
         ]
      },
      "3": {
         "type": 1,
         "values": [
            null,
            -0.43720731139183044
         ]
      }
   },
   "counterfactual_sample": [
      0.4572448426190163,
      0.3463574094841037,
      -1.3507114005088807,
      -0.6237567670976316
   ],
   "counterfactual_distance": 0.003207185539644025,
   "counterfactual_class": 0,
   "valid_": true
}