{
   "found": true,
   "num_iterations": 282,
   "num_foil": 126,
   "_observation": [
      -0.2512153371815572,
      0.19610789528180309,
      -1.1102176007439153,
      -0.8207811820686648
   ],
   "_idx": 76,
   "factual_class": 1,
   "feature_bounds_splits": {
      "0": {
         "type": 1,
         "values": [
            -0.24391167610883713,
            -0.24318324774503708
         ]
      },
      "1": {
         "type": 1,
         "values": [
            0.5242961347103119,
            0.5440424680709839
         ]
      },
      "2": {
         "type": 1,
         "values": [
            -1.3422959446907043,
            -0.7242907583713531
         ]
      },
      "3": {
         "type": 1,
         "values": [
            -1.0932253003120422,
            -0.3109840899705887
         ]
      }
   },
   "splits": [
      [
         1,
         1.0826226472854614,
         true
      ],
      [
         1,
         0.9618264734745026,
         true
      ],
      [
         1,
         0.9154391586780548,
         true
      ],
      [
         1,
         0.8711825013160706,
         true
      ],
      [
         1,
         0.8704751431941986,
         true
      ],
      [
         1,
         0.7988700717687607,
         true
      ],
      [
         2,
         -1.4389430284500122,
         false
      ],
      [
         1,
         0.6255249381065369,
         true
      ],
      [
         1,
         0.6018838584423065,
         true
      ],
      [
         2,
         -1.4379565715789795,
         false
      ],
      [
         1,
         0.599949300289154,
         true
      ],
      [
         0,
         -0.04299508035182953,
         true
      ],
      [
         1,
         -0.27775417268276215,
         false
      ],
      [
         1,
         -0.1416083537042141,
         false
      ],
      [
         1,
         0.01710387971252203,
         false
      ],
      [
         1,
         0.30791296251118183,
         false
      ],
      [
         1,
         0.367169052362442,
         false
      ],
      [
         1,
         0.36733949184417725,
         false
      ],
      [
         1,
         0.4937775135040283,
         false
      ],
      [
         1,
         0.5071831941604614,
         false
      ],
      [
         1,
         0.5108904242515564,
         false
      ],
      [
         2,
         -1.3557114005088806,
         false
      ],
      [
         2,
         -1.3555141687393188,
         false
      ],
      [
         0,
         -0.7797320783138275,
         false
      ],
      [
         0,
         -0.38878487050533295,
         false
      ],
      [
         2,
         -1.3422959446907043,
         false
      ],
      [
         1,
         0.5440424680709839,
         true
      ],
      [
         0,
         -0.3720855265855789,
         false
      ],
      [
         0,
         -0.24391167610883713,
         false
      ],
      [
         0,
         -0.04797444865107536,
         true
      ],
      [
         3,
         -1.306557297706604,
         false
      ],
      [
         3,
         -1.241898238658905,
         false
      ],
      [
         3,
         -1.0932253003120422,
         false
      ],
      [
         2,
         -0.7242907583713531,
         true
      ],
      [
         0,
         -0.057041119784116745,
         true
      ],
      [
         0,
         -0.1112036183476448,
         true
      ],
      [
         3,
         -0.3109840899705887,
         true
      ],
      [
         1,
         0.5242961347103119,
         false
      ],
      [
         0,
         -0.24318324774503708,
         true
      ]
   ],
   "remaining_rules": [
      19,
      54,
      74,
      85,
      125,
      148,
      179,
      200,
      250,
      260
   ],
   "set_rules": [
      19,
      54,
      74,
      85,
      125,
      148,
      179,
      200,
      250,
      260
   ],
   "foil_estimated_class": [
      0
   ],
   "distance": 0.018391384005738403,
   "extraction_time": 0.017220735549926758,
   "feature_bounds": {
      "0": {
         "type": 1,
         "values": [
            -0.24391167610883713,
            -0.24318324774503708
         ]
      },
      "1": {
         "type": 1,
         "values": [
            0.5242961347103119,
            0.5440424680709839
         ]
      },
      "2": {
         "type": 1,
         "values": [
            -1.3422959446907043,
            -0.1688404381275177
         ]
      },
      "3": {
         "type": 1,
         "values": [
            -1.210211455821991,
            0.8566522300243378
         ]
      }
   },
   "feature_bounds_compact": {
      "0": {
         "type": 1,
         "values": [
            -0.24318324774503708,
            -0.1112036183476448
         ]
      },
      "1": {
         "type": 1,
         "values": [
            0.5242961347103119,
            0.5440424680709839
         ]
      },
      "2": {
         "type": 1,
         "values": [
            -1.3422959446907043,
            -0.1688404381275177
         ]
      },
      "3": {
         "type": 1,
         "values": [
            -1.210211455821991,
            0.8566522300243378
         ]
      }
   },
   "feature_bounds_compact_count": {
      "0": {
         "type": 1,
         "values": [
            -0.24318324774503708,
            -0.1112036183476448
         ]
      },
      "1": {
         "type": 1,
         "values": [
            0.5242961347103119,
            0.5440424680709839
         ]
      },
      "2": {
         "type": 1,
         "values": [
            -1.3422959446907043,
            -0.1688404381275177
         ]
      },
      "3": {
         "type": 1,
         "values": [
            -1.210211455821991,
            0.8566522300243378
         ]
      }
   },
   "counterfactual_sample": [
      -0.23891167610883712,
      0.5292961347103119,
      -1.1102176007439153,
      -0.8207811820686648
   ],
   "counterfactual_distance": 0.0183860782554854,
   "counterfactual_class": 0,
   "valid_": true
}