{
   "found": true,
   "num_iterations": 709,
   "num_foil": 340,
   "_observation": [
      0.29449166583631897,
      1.0418856768169549,
      -0.3700016833889525,
      -0.47477431314781005
   ],
   "_idx": 38,
   "factual_class": 0,
   "feature_bounds_splits": {
      "0": {
         "type": 1,
         "values": [
            null,
            0.16048862226307392
         ]
      },
      "1": {
         "type": 1,
         "values": [
            0.3015637844800949,
            0.5071831941604614
         ]
      },
      "2": {
         "type": 1,
         "values": [
            null,
            -0.3666199594736099
         ]
      },
      "3": {
         "type": 1,
         "values": [
            null,
            -0.3109840899705887
         ]
      }
   },
   "splits": [
      [
         2,
         0.5946378707885742,
         true
      ],
      [
         2,
         0.49281489849090576,
         true
      ],
      [
         1,
         1.0826226472854614,
         true
      ],
      [
         2,
         0.34683579578995705,
         true
      ],
      [
         1,
         1.067452847957611,
         true
      ],
      [
         1,
         0.995685875415802,
         true
      ],
      [
         1,
         0.9618264734745026,
         true
      ],
      [
         1,
         0.9154391586780548,
         true
      ],
      [
         1,
         0.8981643319129944,
         true
      ],
      [
         1,
         0.8711825013160706,
         true
      ],
      [
         1,
         0.8704751431941986,
         true
      ],
      [
         1,
         0.8378429114818573,
         true
      ],
      [
         1,
         0.8142103850841522,
         true
      ],
      [
         2,
         0.10897698998451233,
         true
      ],
      [
         1,
         0.7988700717687607,
         true
      ],
      [
         2,
         0.10680681467056274,
         true
      ],
      [
         1,
         0.6255249381065369,
         true
      ],
      [
         1,
         0.6018838584423065,
         true
      ],
      [
         1,
         0.599949300289154,
         true
      ],
      [
         1,
         0.5754304081201553,
         true
      ],
      [
         0,
         0.5648202896118164,
         true
      ],
      [
         1,
         0.5440424680709839,
         true
      ],
      [
         1,
         0.5242961347103119,
         true
      ],
      [
         0,
         0.5297359973192215,
         true
      ],
      [
         2,
         -0.21527235209941864,
         true
      ],
      [
         0,
         0.43940357863903046,
         true
      ],
      [
         2,
         -0.21527699381113052,
         true
      ],
      [
         0,
         0.40928104519844055,
         true
      ],
      [
         2,
         -0.2803095281124115,
         true
      ],
      [
         1,
         0.5126545578241348,
         true
      ],
      [
         1,
         0.5108904242515564,
         true
      ],
      [
         1,
         0.5071831941604614,
         true
      ],
      [
         2,
         -0.33409906923770905,
         true
      ],
      [
         0,
         0.4076623022556305,
         true
      ],
      [
         0,
         0.3568481355905533,
         true
      ],
      [
         0,
         0.3226611614227295,
         true
      ],
      [
         1,
         0.3015637844800949,
         false
      ],
      [
         0,
         0.2128916233778,
         true
      ],
      [
         0,
         0.18611564859747887,
         true
      ],
      [
         2,
         -0.3666199594736099,
         true
      ],
      [
         0,
         0.16048862226307392,
         true
      ],
      [
         3,
         -0.3109840899705887,
         true
      ]
   ],
   "remaining_rules": [
      21,
      22,
      37,
      74,
      83,
      107,
      126,
      172,
      185,
      221,
      243,
      269
   ],
   "set_rules": [
      22,
      37,
      83,
      107,
      126,
      172,
      185,
      221,
      243,
      269
   ],
   "foil_estimated_class": [
      1
   ],
   "distance": 0.036216554173232086,
   "extraction_time": 0.022206544876098633,
   "feature_bounds": {
      "0": {
         "type": 1,
         "values": [
            0.029911303892731667,
            0.16048862226307392
         ]
      },
      "1": {
         "type": 1,
         "values": [
            0.40207670629024506,
            0.5071831941604614
         ]
      },
      "2": {
         "type": 1,
         "values": [
            -0.6827213764190674,
            -0.3666199594736099
         ]
      },
      "3": {
         "type": 1,
         "values": [
            null,
            -0.3109840899705887
         ]
      }
   },
   "feature_bounds_compact": {
      "0": {
         "type": 1,
         "values": [
            -0.019583256915211678,
            0.16048862226307392
         ]
      },
      "1": {
         "type": 1,
         "values": [
            0.40207670629024506,
            0.5071831941604614
         ]
      },
      "2": {
         "type": 1,
         "values": [
            -0.6827213764190674,
            -0.3666199594736099
         ]
      },
      "3": {
         "type": 1,
         "values": [
            null,
            -0.3109840899705887
         ]
      }
   },
   "feature_bounds_compact_count": {
      "0": {
         "type": 1,
         "values": [
            -0.019583256915211678,
            0.16048862226307392
         ]
      },
      "1": {
         "type": 1,
         "values": [
            0.40207670629024506,
            0.5071831941604614
         ]
      },
      "2": {
         "type": 1,
         "values": [
            -0.6827213764190674,
            -0.3666199594736099
         ]
      },
      "3": {
         "type": 1,
         "values": [
            null,
            -0.3109840899705887
         ]
      }
   },
   "counterfactual_sample": [
      0.15548862226307392,
      0.5021831941604614,
      -0.37161995947360993,
      -0.47477431314781005
   ],
   "counterfactual_distance": 0.03621124842297908,
   "counterfactual_class": 1,
   "valid_": true
}