{
   "factual_sample": {
      "Temperature": -0.5291493826842849,
      "Humidity": -0.1904201441565649,
      "Light": 1.0000339253603692,
      "CO2": -0.061192173949832174,
      "HumidityRatio": -0.3748480481835647,
      "y": 0
   },
   "counterfactual_sample": {
      "Temperature": -0.4649365093168752,
      "Humidity": 0.01480192945838812,
      "Light": 1.0024323524001315,
      "CO2": -0.0003638426653016419,
      "HumidityRatio": -0.22310153762645804,
      "y": 1
   },
   "counterfactual_found": true,
   "counterfactual_plausible": true,
   "counterfactual_distance": 0.026460122274828836,
   "counterfactual_time": 0.5863819122314453,
   "counterfactual_class": 1,
   "factual_class": 0,
   "valid_": true
}