{
   "factual_sample": {
      "Temperature": -0.27618957850963866,
      "Humidity": 0.5524837623295645,
      "Light": -0.7724036570242273,
      "CO2": -0.15944018094029605,
      "HumidityRatio": 0.1888414164436804,
      "y": 1
   },
   "counterfactual_sample": {
      "Temperature": -0.2056527100378602,
      "Humidity": 0.4806560365643307,
      "Light": 1.0424061363961759,
      "CO2": 0.5274415374973819,
      "HumidityRatio": 0.17433614273514758,
      "y": 0
   },
   "counterfactual_found": true,
   "counterfactual_plausible": true,
   "counterfactual_distance": 0.10277323301951931,
   "counterfactual_time": 0.1904294490814209,
   "counterfactual_class": 0,
   "factual_class": 1,
   "valid_": true
}