{
   "factual_sample": {
      "Temperature": 1.3018904306106664,
      "Humidity": 0.6485276927813634,
      "Light": 0.9784480820025052,
      "CO2": 0.9407666312537858,
      "HumidityRatio": 0.9661321275592352,
      "y": 0
   },
   "counterfactual_sample": {
      "Temperature": 0.9302341029386854,
      "Humidity": 0.7854108158825359,
      "Light": 1.5760561527433652,
      "CO2": 1.1869846800768438,
      "HumidityRatio": 0.8836086836471124,
      "y": 1
   },
   "counterfactual_found": true,
   "counterfactual_plausible": true,
   "counterfactual_distance": 0.06252795588297859,
   "counterfactual_time": 0.33013129234313965,
   "counterfactual_class": 1,
   "factual_class": 0,
   "valid_": true
}