{
   "factual_sample": {
      "variance_wti": -0.9705139988089568,
      "skewness_wti": 1.6354863100114323,
      "curtosis_wty": 0.09875291224481544,
      "entropy": -1.991833740360728,
      "y": 0
   },
   "counterfactual_sample": {
      "variance_wti": -1.6892672173574093,
      "skewness_wti": 0.7068198855306442,
      "curtosis_wty": -0.1916107590727936,
      "entropy": -2.0355428783364187,
      "y": 1
   },
   "counterfactual_found": true,
   "counterfactual_plausible": true,
   "counterfactual_distance": 0.10335090895635532,
   "counterfactual_time": 0.20441842079162598,
   "counterfactual_class": 1,
   "factual_class": 0,
   "valid_": true
}