{
   "counterfactual_sample": {
      "shucked_weight": 0.7936171308746364, 
      "diameter": 0.7771874502613415, 
      "whole_weight": 0.8723871004482954, 
      "shell_weight": 1.0573558740499915, 
      "viscera_weight": 1.2901910257192348, 
      "height": -0.301215, 
      "length": 1.2159367112576485, 
      "y": 1, 
      "sex": 1.0
   }, 
   "factual_class": 0, 
   "factual_sample": {
      "shucked_weight": 0.7936171308746364, 
      "diameter": 0.7771874502613415, 
      "whole_weight": 0.8723871004482954, 
      "shell_weight": 1.0573558740499915, 
      "viscera_weight": 1.2901910257192348, 
      "height": 0.8484424152684789, 
      "length": 1.2159367112576485, 
      "y": 0, 
      "sex": 1.0
   }, 
   "counterfactual_distance": 0.005318697931832186, 
   "counterfactual_class": 1, 
   "counterfactual_rule": {
      "shell_weight": ">0.134131", 
      "height": "<=-0.301215"
   }, 
   "counterfactual_time": 15.985899925231934, 
   "counterfactual_found": true
}