{
   "counterfactual_sample": {
      "shucked_weight": 0.4241418748592945, 
      "diameter": 0.7771874502613415, 
      "whole_weight": 0.2503574369095961, 
      "shell_weight": 0.210823, 
      "viscera_weight": 0.11319584332178854, 
      "height": 0.6093340950190824, 
      "length": 0.6746243164390247, 
      "y": 0, 
      "sex": 0.0
   }, 
   "factual_class": 0, 
   "factual_sample": {
      "shucked_weight": 0.4241418748592945, 
      "diameter": 0.7771874502613415, 
      "whole_weight": 0.2503574369095961, 
      "shell_weight": 0.270638850424331, 
      "viscera_weight": 0.11319584332178854, 
      "height": 0.6093340950190824, 
      "length": 0.6746243164390247, 
      "y": 0, 
      "sex": 0.0
   }, 
   "counterfactual_distance": 0.0010370614459234771, 
   "counterfactual_class": 0, 
   "counterfactual_rule": {
      "shucked_weight": ">-0.113459", 
      "shell_weight": "-0.817833< shell_weight <=0.210823"
   }, 
   "counterfactual_time": 17.59665083885193, 
   "counterfactual_found": false
}