{
   "counterfactual_sample": {
      "shucked_weight": -0.06023117418520876, 
      "diameter": -0.029036712344261587, 
      "whole_weight": -0.1157223158943269, 
      "shell_weight": 0.04432299431283939, 
      "viscera_weight": -0.24720190632704195, 
      "height": 0.3702257747696853, 
      "length": -0.19980339826798216, 
      "y": 1, 
      "sex": 2.0
   }, 
   "factual_class": 1, 
   "factual_sample": {
      "shucked_weight": -0.06023117418520876, 
      "diameter": -0.029036712344261587, 
      "whole_weight": -0.1157223158943269, 
      "shell_weight": 0.04432299431283939, 
      "viscera_weight": -0.24720190632704195, 
      "height": 0.3702257747696853, 
      "length": -0.19980339826798216, 
      "y": 1, 
      "sex": 2.0
   }, 
   "counterfactual_distance": 0.0, 
   "counterfactual_class": 1, 
   "counterfactual_rule": {}, 
   "counterfactual_time": 15.084156036376953, 
   "counterfactual_found": false
}