{
   "counterfactual_sample": {
      "shucked_weight": -0.5040520609841259, 
      "diameter": -0.12981473266996213, 
      "whole_weight": -0.3441397661118165, 
      "shell_weight": -0.494524, 
      "viscera_weight": -0.4798637447079324, 
      "height": 0.4897799348943839, 
      "length": -0.3247216432261261, 
      "y": 1, 
      "sex": 0.0
   }, 
   "factual_class": 0, 
   "factual_sample": {
      "shucked_weight": -0.5040520609841259, 
      "diameter": -0.12981473266996213, 
      "whole_weight": -0.3441397661118165, 
      "shell_weight": -0.02752330921461827, 
      "viscera_weight": -0.4798637447079324, 
      "height": 0.4897799348943839, 
      "length": -0.3247216432261261, 
      "y": 0, 
      "sex": 0.0
   }, 
   "counterfactual_distance": 0.008096656792430238, 
   "counterfactual_class": 1, 
   "counterfactual_rule": {
      "shell_weight": "-0.634625< shell_weight <=-0.494524", 
      "viscera_weight": ">-0.541304"
   }, 
   "counterfactual_time": 11.478405952453613, 
   "counterfactual_found": true
}