{
   "found": true,
   "num_iterations": 7,
   "num_foil": 2,
   "_observation": [
      44.0,
      0.0,
      2.0,
      10.0,
      4.0,
      2.0,
      3.0,
      0.0,
      -0.1473664551602441,
      -0.21637494832950374,
      40.0
   ],
   "_idx": 659,
   "factual_class": 0,
   "feature_bounds_splits": {
      "0": {
         "type": 2,
         "values": [
            44.5,
            45.5
         ]
      },
      "1": {
         "type": 2,
         "values": [
            null,
            0.5
         ]
      },
      "2": {
         "type": 2,
         "values": [
            1.5,
            2.5
         ]
      },
      "3": {
         "type": 2,
         "values": [
            9.5,
            10.5
         ]
      },
      "4": {
         "type": 2,
         "values": [
            3.5,
            4.5
         ]
      },
      "5": {
         "type": 2,
         "values": [
            1.5,
            2.5
         ]
      },
      "6": {
         "type": 2,
         "values": [
            2.5,
            3.5
         ]
      },
      "7": {
         "type": 2,
         "values": [
            null,
            0.5
         ]
      },
      "8": {
         "type": 1,
         "values": [
            null,
            0.06613514572381973
         ]
      },
      "9": {
         "type": 1,
         "values": [
            null,
            1.6004030331969261
         ]
      },
      "10": {
         "type": 2,
         "values": [
            39.0,
            40.5
         ]
      }
   },
   "remaining_rules": [
      418,
      10516,
      1633,
      3106,
      7662,
      11967,
      4731,
      9277,
      13449
   ],
   "set_rules": [
      418,
      10516,
      1633,
      3106,
      7662,
      11967,
      4731,
      9277,
      13449
   ],
   "foil_estimated_class": 1,
   "distance": 0.0012453300124533001,
   "extraction_time": 0.34792542457580566,
   "feature_bounds": {
      "0": {
         "type": 2,
         "values": [
            44.5,
            45.5
         ]
      },
      "1": {
         "type": 2,
         "values": [
            null,
            0.5
         ]
      },
      "2": {
         "type": 2,
         "values": [
            1.5,
            2.5
         ]
      },
      "3": {
         "type": 2,
         "values": [
            9.5,
            10.5
         ]
      },
      "4": {
         "type": 2,
         "values": [
            3.5,
            4.5
         ]
      },
      "5": {
         "type": 2,
         "values": [
            1.5,
            2.5
         ]
      },
      "6": {
         "type": 2,
         "values": [
            2.5,
            3.5
         ]
      },
      "7": {
         "type": 2,
         "values": [
            null,
            0.5
         ]
      },
      "8": {
         "type": 1,
         "values": [
            null,
            0.06613514572381973
         ]
      },
      "9": {
         "type": 1,
         "values": [
            null,
            1.6004030331969261
         ]
      },
      "10": {
         "type": 2,
         "values": [
            39.0,
            40.5
         ]
      }
   },
   "feature_bounds_compact": {
      "0": {
         "type": 2,
         "values": [
            44.5,
            45.5
         ]
      },
      "1": {
         "type": 2,
         "values": [
            null,
            0.5
         ]
      },
      "2": {
         "type": 2,
         "values": [
            1.5,
            2.5
         ]
      },
      "3": {
         "type": 2,
         "values": [
            9.5,
            10.5
         ]
      },
      "4": {
         "type": 2,
         "values": [
            3.5,
            4.5
         ]
      },
      "5": {
         "type": 2,
         "values": [
            1.5,
            2.5
         ]
      },
      "6": {
         "type": 2,
         "values": [
            2.5,
            3.5
         ]
      },
      "7": {
         "type": 2,
         "values": [
            null,
            0.5
         ]
      },
      "8": {
         "type": 1,
         "values": [
            null,
            0.06613514572381973
         ]
      },
      "9": {
         "type": 1,
         "values": [
            null,
            1.6004030331969261
         ]
      },
      "10": {
         "type": 2,
         "values": [
            39.0,
            40.5
         ]
      }
   },
   "feature_bounds_compact_count": {
      "0": {
         "type": 2,
         "values": [
            44.5,
            45.5
         ]
      },
      "1": {
         "type": 2,
         "values": [
            null,
            0.5
         ]
      },
      "2": {
         "type": 2,
         "values": [
            1.5,
            2.5
         ]
      },
      "3": {
         "type": 2,
         "values": [
            9.5,
            10.5
         ]
      },
      "4": {
         "type": 2,
         "values": [
            3.5,
            4.5
         ]
      },
      "5": {
         "type": 2,
         "values": [
            1.5,
            2.5
         ]
      },
      "6": {
         "type": 2,
         "values": [
            2.5,
            3.5
         ]
      },
      "7": {
         "type": 2,
         "values": [
            null,
            0.5
         ]
      },
      "8": {
         "type": 1,
         "values": [
            null,
            0.06613514572381973
         ]
      },
      "9": {
         "type": 1,
         "values": [
            null,
            1.6004030331969261
         ]
      },
      "10": {
         "type": 2,
         "values": [
            39.0,
            40.5
         ]
      }
   },
   "counterfactual_sample": [
      45.0,
      0.0,
      2.0,
      10.0,
      4.0,
      2.0,
      3.0,
      0.0,
      -0.1473664551602441,
      -0.21637494832950374,
      40.0
   ],
   "counterfactual_distance": 0.0012453300124533001,
   "counterfactual_class": 1,
   "valid_": true
}