{
   "found": true,
   "num_iterations": 6655,
   "num_foil": 3282,
   "_observation": [
      58.0,
      1.0,
      2.0,
      12.0,
      9.0,
      2.0,
      8.0,
      2.0,
      -0.1473664551602441,
      -0.21637494832950374,
      35.0
   ],
   "_idx": 652,
   "factual_class": 0,
   "feature_bounds_splits": {
      "0": {
         "type": 2,
         "values": [
            56.5,
            null
         ]
      },
      "1": {
         "type": 2,
         "values": [
            null,
            null
         ]
      },
      "2": {
         "type": 2,
         "values": [
            null,
            null
         ]
      },
      "3": {
         "type": 2,
         "values": [
            11.5,
            12.5
         ]
      },
      "4": {
         "type": 2,
         "values": [
            null,
            null
         ]
      },
      "5": {
         "type": 2,
         "values": [
            null,
            null
         ]
      },
      "6": {
         "type": 2,
         "values": [
            null,
            null
         ]
      },
      "7": {
         "type": 2,
         "values": [
            null,
            null
         ]
      },
      "8": {
         "type": 1,
         "values": [
            0.5538242757320404,
            0.5842360258102417
         ]
      },
      "9": {
         "type": 1,
         "values": [
            null,
            null
         ]
      },
      "10": {
         "type": 2,
         "values": [
            34.5,
            37.5
         ]
      }
   },
   "splits": [
      [
         8,
         0.3927519917488098,
         false
      ],
      [
         8,
         0.8260164558887482,
         true
      ],
      [
         8,
         0.4993307888507843,
         false
      ],
      [
         8,
         0.501945361495018,
         false
      ],
      [
         8,
         0.51907779276371,
         false
      ],
      [
         8,
         0.5538242757320404,
         false
      ],
      [
         8,
         0.7391846477985382,
         true
      ],
      [
         3,
         11.5,
         false
      ],
      [
         3,
         12.5,
         true
      ],
      [
         10,
         39.5,
         true
      ],
      [
         10,
         34.5,
         false
      ],
      [
         10,
         37.5,
         true
      ],
      [
         0,
         56.5,
         false
      ],
      [
         8,
         0.7301024198532104,
         true
      ],
      [
         8,
         0.5842360258102417,
         true
      ]
   ],
   "remaining_rules": [
      1181,
      2322,
      3610,
      5594,
      7262,
      8751,
      10035,
      10956,
      12589,
      14229
   ],
   "set_rules": [
      1181,
      2322,
      3610,
      5594,
      7262,
      8751,
      10035,
      10956,
      12589,
      14229
   ],
   "foil_estimated_class": [
      1
   ],
   "distance": 0.004632649445721182,
   "extraction_time": 0.5538396835327148,
   "feature_bounds": {
      "0": {
         "type": 2,
         "values": [
            56.0,
            64.5
         ]
      },
      "1": {
         "type": 2,
         "values": [
            0.5,
            null
         ]
      },
      "2": {
         "type": 2,
         "values": [
            1.5,
            3.5
         ]
      },
      "3": {
         "type": 2,
         "values": [
            11.5,
            12.5
         ]
      },
      "4": {
         "type": 2,
         "values": [
            5.5,
            null
         ]
      },
      "5": {
         "type": 2,
         "values": [
            1.5,
            2.5
         ]
      },
      "6": {
         "type": 2,
         "values": [
            2.5,
            10.0
         ]
      },
      "7": {
         "type": 2,
         "values": [
            0.5,
            2.5
         ]
      },
      "8": {
         "type": 1,
         "values": [
            0.5538242757320404,
            0.5842360258102417
         ]
      },
      "9": {
         "type": 1,
         "values": [
            null,
            4.200169563293457
         ]
      },
      "10": {
         "type": 2,
         "values": [
            34.0,
            37.5
         ]
      }
   },
   "feature_bounds_compact": {
      "0": {
         "type": 2,
         "values": [
            56.0,
            64.5
         ]
      },
      "1": {
         "type": 2,
         "values": [
            0.5,
            null
         ]
      },
      "2": {
         "type": 2,
         "values": [
            null,
            3.5
         ]
      },
      "3": {
         "type": 2,
         "values": [
            11.5,
            12.5
         ]
      },
      "4": {
         "type": 2,
         "values": [
            5.5,
            null
         ]
      },
      "5": {
         "type": 2,
         "values": [
            1.5,
            2.5
         ]
      },
      "6": {
         "type": 2,
         "values": [
            2.5,
            10.0
         ]
      },
      "7": {
         "type": 2,
         "values": [
            0.5,
            2.5
         ]
      },
      "8": {
         "type": 1,
         "values": [
            0.5538242757320404,
            0.5842360258102417
         ]
      },
      "9": {
         "type": 1,
         "values": [
            null,
            4.200169563293457
         ]
      },
      "10": {
         "type": 2,
         "values": [
            34.0,
            37.5
         ]
      }
   },
   "feature_bounds_compact_count": {
      "0": {
         "type": 2,
         "values": [
            56.0,
            64.5
         ]
      },
      "1": {
         "type": 2,
         "values": [
            0.5,
            null
         ]
      },
      "2": {
         "type": 2,
         "values": [
            null,
            3.5
         ]
      },
      "3": {
         "type": 2,
         "values": [
            11.5,
            12.5
         ]
      },
      "4": {
         "type": 2,
         "values": [
            5.5,
            null
         ]
      },
      "5": {
         "type": 2,
         "values": [
            1.5,
            2.5
         ]
      },
      "6": {
         "type": 2,
         "values": [
            2.5,
            10.0
         ]
      },
      "7": {
         "type": 2,
         "values": [
            0.5,
            2.5
         ]
      },
      "8": {
         "type": 1,
         "values": [
            0.5538242757320404,
            0.5842360258102417
         ]
      },
      "9": {
         "type": 1,
         "values": [
            null,
            4.200169563293457
         ]
      },
      "10": {
         "type": 2,
         "values": [
            34.0,
            37.5
         ]
      }
   },
   "counterfactual_sample": [
      58.0,
      1.0,
      2.0,
      12.0,
      9.0,
      2.0,
      8.0,
      2.0,
      0.5588242757320404,
      -0.21637494832950374,
      35.0
   ],
   "counterfactual_distance": 0.004632319127669075,
   "counterfactual_class": 1,
   "valid_": true
}