{
   "found": true,
   "num_iterations": 79809,
   "num_foil": 39868,
   "_observation": [
      24.0,
      0.0,
      5.0,
      10.0,
      4.0,
      4.0,
      12.0,
      1.0,
      -0.1473664551602441,
      -0.21637494832950374,
      50.0
   ],
   "_idx": 952,
   "factual_class": 0,
   "feature_bounds_splits": {
      "0": {
         "type": 2,
         "values": [
            23.5,
            25.5
         ]
      },
      "1": {
         "type": 2,
         "values": [
            null,
            null
         ]
      },
      "2": {
         "type": 2,
         "values": [
            null,
            null
         ]
      },
      "3": {
         "type": 2,
         "values": [
            null,
            null
         ]
      },
      "4": {
         "type": 2,
         "values": [
            null,
            null
         ]
      },
      "5": {
         "type": 2,
         "values": [
            null,
            null
         ]
      },
      "6": {
         "type": 2,
         "values": [
            null,
            null
         ]
      },
      "7": {
         "type": 2,
         "values": [
            null,
            null
         ]
      },
      "8": {
         "type": 1,
         "values": [
            0.957571417093277,
            1.0683473199605942
         ]
      },
      "9": {
         "type": 1,
         "values": [
            null,
            null
         ]
      },
      "10": {
         "type": 2,
         "values": [
            49.5,
            null
         ]
      }
   },
   "splits": [
      [
         8,
         0.17512210458517075,
         false
      ],
      [
         8,
         0.18200258165597916,
         false
      ],
      [
         8,
         0.19211692363023758,
         false
      ],
      [
         8,
         0.27874227799475193,
         false
      ],
      [
         8,
         0.43403492867946625,
         false
      ],
      [
         8,
         0.4950648844242096,
         false
      ],
      [
         8,
         0.4993307888507843,
         false
      ],
      [
         8,
         0.501945361495018,
         false
      ],
      [
         8,
         0.5402697026729584,
         false
      ],
      [
         8,
         0.5538242757320404,
         false
      ],
      [
         8,
         0.7652616947889328,
         false
      ],
      [
         8,
         0.7800547480583191,
         false
      ],
      [
         8,
         0.8260164558887482,
         false
      ],
      [
         8,
         1.1416244953870773,
         true
      ],
      [
         8,
         1.1038506031036377,
         true
      ],
      [
         8,
         1.0923602283000946,
         true
      ],
      [
         8,
         0.957571417093277,
         false
      ],
      [
         10,
         49.5,
         false
      ],
      [
         0,
         23.5,
         false
      ],
      [
         0,
         25.5,
         true
      ],
      [
         8,
         1.0683473199605942,
         true
      ]
   ],
   "remaining_rules": [
      1234,
      2434,
      4219,
      5629,
      7264,
      8755,
      10202,
      11572,
      13029,
      14495
   ],
   "set_rules": [
      1234,
      2434,
      4219,
      5629,
      7264,
      8755,
      10202,
      11572,
      13029,
      14495
   ],
   "foil_estimated_class": [
      1
   ],
   "distance": 0.007299948831281195,
   "extraction_time": 1.3203482627868652,
   "feature_bounds": {
      "0": {
         "type": 2,
         "values": [
            23.5,
            25.5
         ]
      },
      "1": {
         "type": 2,
         "values": [
            null,
            0.5
         ]
      },
      "2": {
         "type": 2,
         "values": [
            3.5,
            null
         ]
      },
      "3": {
         "type": 2,
         "values": [
            null,
            11.5
         ]
      },
      "4": {
         "type": 2,
         "values": [
            3.5,
            5.0
         ]
      },
      "5": {
         "type": 2,
         "values": [
            3.5,
            4.5
         ]
      },
      "6": {
         "type": 2,
         "values": [
            6.5,
            null
         ]
      },
      "7": {
         "type": 2,
         "values": [
            0.5,
            1.5
         ]
      },
      "8": {
         "type": 1,
         "values": [
            0.957571417093277,
            1.0683473199605942
         ]
      },
      "9": {
         "type": 1,
         "values": [
            null,
            1.6970531567931175
         ]
      },
      "10": {
         "type": 2,
         "values": [
            49.5,
            56.5
         ]
      }
   },
   "feature_bounds_compact": {
      "0": {
         "type": 2,
         "values": [
            23.5,
            28.5
         ]
      },
      "1": {
         "type": 2,
         "values": [
            null,
            null
         ]
      },
      "2": {
         "type": 2,
         "values": [
            3.5,
            null
         ]
      },
      "3": {
         "type": 2,
         "values": [
            null,
            11.5
         ]
      },
      "4": {
         "type": 2,
         "values": [
            3.5,
            5.0
         ]
      },
      "5": {
         "type": 2,
         "values": [
            3.5,
            4.5
         ]
      },
      "6": {
         "type": 2,
         "values": [
            6.5,
            null
         ]
      },
      "7": {
         "type": 2,
         "values": [
            0.5,
            4.5
         ]
      },
      "8": {
         "type": 1,
         "values": [
            0.957571417093277,
            1.0683473199605942
         ]
      },
      "9": {
         "type": 1,
         "values": [
            null,
            5.284119129180908
         ]
      },
      "10": {
         "type": 2,
         "values": [
            49.5,
            81.0
         ]
      }
   },
   "feature_bounds_compact_count": {
      "0": {
         "type": 2,
         "values": [
            23.5,
            28.5
         ]
      },
      "1": {
         "type": 2,
         "values": [
            null,
            null
         ]
      },
      "2": {
         "type": 2,
         "values": [
            3.5,
            null
         ]
      },
      "3": {
         "type": 2,
         "values": [
            null,
            11.5
         ]
      },
      "4": {
         "type": 2,
         "values": [
            3.5,
            5.0
         ]
      },
      "5": {
         "type": 2,
         "values": [
            3.5,
            4.5
         ]
      },
      "6": {
         "type": 2,
         "values": [
            6.5,
            null
         ]
      },
      "7": {
         "type": 2,
         "values": [
            0.5,
            4.5
         ]
      },
      "8": {
         "type": 1,
         "values": [
            0.957571417093277,
            1.0683473199605942
         ]
      },
      "9": {
         "type": 1,
         "values": [
            null,
            5.284119129180908
         ]
      },
      "10": {
         "type": 2,
         "values": [
            49.5,
            81.0
         ]
      }
   },
   "counterfactual_sample": [
      24.0,
      0.0,
      5.0,
      10.0,
      4.0,
      4.0,
      12.0,
      1.0,
      0.962571417093277,
      -0.21637494832950374,
      50.0
   ],
   "counterfactual_distance": 0.007299618513229087,
   "counterfactual_class": 1,
   "valid_": true
}