{
   "found": true,
   "num_iterations": 619,
   "num_foil": 285,
   "_observation": [
      45.0,
      0.0,
      4.0,
      10.0,
      4.0,
      2.0,
      7.0,
      5.0,
      -0.1473664551602441,
      -0.21637494832950374,
      99.0
   ],
   "_idx": 237,
   "factual_class": 0,
   "feature_bounds_splits": {
      "0": {
         "type": 2,
         "values": [
            null,
            null
         ]
      },
      "1": {
         "type": 2,
         "values": [
            null,
            null
         ]
      },
      "2": {
         "type": 2,
         "values": [
            null,
            null
         ]
      },
      "3": {
         "type": 2,
         "values": [
            null,
            9.5
         ]
      },
      "4": {
         "type": 2,
         "values": [
            null,
            null
         ]
      },
      "5": {
         "type": 2,
         "values": [
            null,
            null
         ]
      },
      "6": {
         "type": 2,
         "values": [
            null,
            null
         ]
      },
      "7": {
         "type": 2,
         "values": [
            null,
            null
         ]
      },
      "8": {
         "type": 1,
         "values": [
            0.8260164558887482,
            null
         ]
      },
      "9": {
         "type": 1,
         "values": [
            null,
            null
         ]
      },
      "10": {
         "type": 2,
         "values": [
            null,
            null
         ]
      }
   },
   "splits": [
      [
         8,
         0.3679134249687195,
         false
      ],
      [
         8,
         0.425640732049942,
         false
      ],
      [
         8,
         0.5106835961341858,
         false
      ],
      [
         8,
         0.5538242757320404,
         false
      ],
      [
         8,
         0.8260164558887482,
         false
      ],
      [
         3,
         9.5,
         true
      ]
   ],
   "remaining_rules": [
      1193,
      2324,
      4344,
      5128,
      7267,
      8755,
      10202,
      11149,
      12450,
      13934
   ],
   "set_rules": [
      1193,
      2324,
      4344,
      5128,
      7267,
      8755,
      10202,
      11149,
      12450,
      13934
   ],
   "foil_estimated_class": [
      1
   ],
   "distance": 0.012491455321286803,
   "extraction_time": 0.20443296432495117,
   "feature_bounds": {
      "0": {
         "type": 2,
         "values": [
            null,
            58.0
         ]
      },
      "1": {
         "type": 2,
         "values": [
            null,
            null
         ]
      },
      "2": {
         "type": 2,
         "values": [
            3.5,
            null
         ]
      },
      "3": {
         "type": 2,
         "values": [
            null,
            9.5
         ]
      },
      "4": {
         "type": 2,
         "values": [
            3.5,
            4.5
         ]
      },
      "5": {
         "type": 2,
         "values": [
            1.5,
            2.5
         ]
      },
      "6": {
         "type": 2,
         "values": [
            3.5,
            null
         ]
      },
      "7": {
         "type": 2,
         "values": [
            4.5,
            null
         ]
      },
      "8": {
         "type": 1,
         "values": [
            0.8260164558887482,
            4.609666705131531
         ]
      },
      "9": {
         "type": 1,
         "values": [
            null,
            4.387352705001831
         ]
      },
      "10": {
         "type": 2,
         "values": [
            81.0,
            null
         ]
      }
   },
   "feature_bounds_compact": {
      "0": {
         "type": 2,
         "values": [
            null,
            58.0
         ]
      },
      "1": {
         "type": 2,
         "values": [
            null,
            null
         ]
      },
      "2": {
         "type": 2,
         "values": [
            null,
            null
         ]
      },
      "3": {
         "type": 2,
         "values": [
            null,
            9.5
         ]
      },
      "4": {
         "type": 2,
         "values": [
            null,
            4.5
         ]
      },
      "5": {
         "type": 2,
         "values": [
            1.5,
            2.5
         ]
      },
      "6": {
         "type": 2,
         "values": [
            1.0,
            null
         ]
      },
      "7": {
         "type": 2,
         "values": [
            4.5,
            null
         ]
      },
      "8": {
         "type": 1,
         "values": [
            0.8260164558887482,
            4.609666705131531
         ]
      },
      "9": {
         "type": 1,
         "values": [
            null,
            4.387352705001831
         ]
      },
      "10": {
         "type": 2,
         "values": [
            81.0,
            null
         ]
      }
   },
   "feature_bounds_compact_count": {
      "0": {
         "type": 2,
         "values": [
            null,
            58.0
         ]
      },
      "1": {
         "type": 2,
         "values": [
            null,
            null
         ]
      },
      "2": {
         "type": 2,
         "values": [
            null,
            null
         ]
      },
      "3": {
         "type": 2,
         "values": [
            null,
            9.5
         ]
      },
      "4": {
         "type": 2,
         "values": [
            null,
            4.5
         ]
      },
      "5": {
         "type": 2,
         "values": [
            1.5,
            2.5
         ]
      },
      "6": {
         "type": 2,
         "values": [
            1.0,
            null
         ]
      },
      "7": {
         "type": 2,
         "values": [
            4.5,
            null
         ]
      },
      "8": {
         "type": 1,
         "values": [
            0.8260164558887482,
            4.609666705131531
         ]
      },
      "9": {
         "type": 1,
         "values": [
            null,
            4.387352705001831
         ]
      },
      "10": {
         "type": 2,
         "values": [
            81.0,
            null
         ]
      }
   },
   "counterfactual_sample": [
      45.0,
      0.0,
      4.0,
      9.0,
      4.0,
      2.0,
      7.0,
      5.0,
      0.8310164558887482,
      -0.21637494832950374,
      99.0
   ],
   "counterfactual_distance": 0.012491125003234696,
   "counterfactual_class": 1,
   "valid_": true
}