{
   "found": true,
   "num_iterations": 177999,
   "num_foil": 88985,
   "_observation": [
      25.0,
      0.0,
      2.0,
      10.0,
      4.0,
      4.0,
      0.0,
      1.0,
      -0.1473664551602441,
      -0.21637494832950374,
      40.0
   ],
   "_idx": 302,
   "factual_class": 0,
   "feature_bounds_splits": {
      "0": {
         "type": 2,
         "values": [
            23.5,
            28.5
         ]
      },
      "1": {
         "type": 2,
         "values": [
            null,
            null
         ]
      },
      "2": {
         "type": 2,
         "values": [
            null,
            null
         ]
      },
      "3": {
         "type": 2,
         "values": [
            9.5,
            10.5
         ]
      },
      "4": {
         "type": 2,
         "values": [
            null,
            4.5
         ]
      },
      "5": {
         "type": 2,
         "values": [
            null,
            null
         ]
      },
      "6": {
         "type": 2,
         "values": [
            null,
            null
         ]
      },
      "7": {
         "type": 2,
         "values": [
            null,
            null
         ]
      },
      "8": {
         "type": 1,
         "values": [
            1.2865964472293854,
            null
         ]
      },
      "9": {
         "type": 1,
         "values": [
            null,
            null
         ]
      },
      "10": {
         "type": 2,
         "values": [
            44.5,
            45.5
         ]
      }
   },
   "splits": [
      [
         8,
         0.3547717109322548,
         false
      ],
      [
         8,
         0.3606889024376869,
         false
      ],
      [
         8,
         0.370252788066864,
         false
      ],
      [
         8,
         0.4145631492137909,
         false
      ],
      [
         8,
         0.425640732049942,
         false
      ],
      [
         8,
         0.44531891494989395,
         false
      ],
      [
         8,
         0.4950648844242096,
         false
      ],
      [
         8,
         0.501945361495018,
         false
      ],
      [
         8,
         0.5167384147644043,
         false
      ],
      [
         8,
         0.5268527567386627,
         false
      ],
      [
         8,
         0.5402697026729584,
         false
      ],
      [
         8,
         0.5538242757320404,
         false
      ],
      [
         8,
         0.7652616947889328,
         false
      ],
      [
         8,
         0.7800547480583191,
         false
      ],
      [
         8,
         0.7849399223923683,
         false
      ],
      [
         8,
         0.8260164558887482,
         false
      ],
      [
         8,
         0.8829180598258972,
         false
      ],
      [
         8,
         0.9165636599063873,
         false
      ],
      [
         8,
         0.9574337601661682,
         false
      ],
      [
         10,
         47.5,
         true
      ],
      [
         3,
         11.5,
         true
      ],
      [
         0,
         32.5,
         true
      ],
      [
         4,
         4.5,
         true
      ],
      [
         10,
         46.5,
         true
      ],
      [
         3,
         9.5,
         false
      ],
      [
         3,
         10.5,
         true
      ],
      [
         8,
         0.957571417093277,
         false
      ],
      [
         0,
         28.5,
         true
      ],
      [
         8,
         1.2865964472293854,
         false
      ],
      [
         10,
         44.5,
         false
      ],
      [
         0,
         23.5,
         false
      ],
      [
         10,
         45.5,
         true
      ]
   ],
   "remaining_rules": [
      1194,
      2346,
      4214,
      5629,
      7254,
      8755,
      10202,
      11488,
      13029,
      14439
   ],
   "set_rules": [
      1194,
      2346,
      4214,
      5629,
      7254,
      8755,
      10202,
      11488,
      13029,
      14439
   ],
   "foil_estimated_class": [
      1
   ],
   "distance": 0.014111825896191064,
   "extraction_time": 5.0025551319122314,
   "feature_bounds": {
      "0": {
         "type": 2,
         "values": [
            23.5,
            28.5
         ]
      },
      "1": {
         "type": 2,
         "values": [
            null,
            0.5
         ]
      },
      "2": {
         "type": 2,
         "values": [
            1.5,
            3.5
         ]
      },
      "3": {
         "type": 2,
         "values": [
            9.5,
            10.5
         ]
      },
      "4": {
         "type": 2,
         "values": [
            3.5,
            4.5
         ]
      },
      "5": {
         "type": 2,
         "values": [
            2.5,
            4.5
         ]
      },
      "6": {
         "type": 2,
         "values": [
            null,
            1.0
         ]
      },
      "7": {
         "type": 2,
         "values": [
            0.5,
            1.5
         ]
      },
      "8": {
         "type": 1,
         "values": [
            1.2865964472293854,
            4.609666705131531
         ]
      },
      "9": {
         "type": 1,
         "values": [
            null,
            5.22172474861145
         ]
      },
      "10": {
         "type": 2,
         "values": [
            44.5,
            45.5
         ]
      }
   },
   "feature_bounds_compact": {
      "0": {
         "type": 2,
         "values": [
            23.5,
            28.5
         ]
      },
      "1": {
         "type": 2,
         "values": [
            null,
            null
         ]
      },
      "2": {
         "type": 2,
         "values": [
            0.5,
            3.5
         ]
      },
      "3": {
         "type": 2,
         "values": [
            9.5,
            10.5
         ]
      },
      "4": {
         "type": 2,
         "values": [
            1.5,
            4.5
         ]
      },
      "5": {
         "type": 2,
         "values": [
            2.5,
            4.5
         ]
      },
      "6": {
         "type": 2,
         "values": [
            null,
            1.0
         ]
      },
      "7": {
         "type": 2,
         "values": [
            0.5,
            2.5
         ]
      },
      "8": {
         "type": 1,
         "values": [
            1.2865964472293854,
            4.609666705131531
         ]
      },
      "9": {
         "type": 1,
         "values": [
            null,
            5.22172474861145
         ]
      },
      "10": {
         "type": 2,
         "values": [
            44.5,
            46.5
         ]
      }
   },
   "feature_bounds_compact_count": {
      "0": {
         "type": 2,
         "values": [
            23.5,
            28.5
         ]
      },
      "1": {
         "type": 2,
         "values": [
            null,
            null
         ]
      },
      "2": {
         "type": 2,
         "values": [
            0.5,
            3.5
         ]
      },
      "3": {
         "type": 2,
         "values": [
            9.5,
            10.5
         ]
      },
      "4": {
         "type": 2,
         "values": [
            1.5,
            4.5
         ]
      },
      "5": {
         "type": 2,
         "values": [
            2.5,
            4.5
         ]
      },
      "6": {
         "type": 2,
         "values": [
            null,
            1.0
         ]
      },
      "7": {
         "type": 2,
         "values": [
            0.5,
            2.5
         ]
      },
      "8": {
         "type": 1,
         "values": [
            1.2865964472293854,
            4.609666705131531
         ]
      },
      "9": {
         "type": 1,
         "values": [
            null,
            5.22172474861145
         ]
      },
      "10": {
         "type": 2,
         "values": [
            44.5,
            46.5
         ]
      }
   },