{
   "factual_sample": {
      "sex": 1.0,
      "length": -0.19980339826798216,
      "diameter": -0.3313707733213632,
      "height": -0.4666533461032038,
      "whole_weight": -0.6113066052054873,
      "shucked_weight": -0.6121911603056894,
      "viscera_weight": -0.5254837130179109,
      "shell_weight": -0.5663705856705501
   },
   "counterfactual_sample": {
      "sex": 1.0,
      "length": -0.19980339826798216,
      "diameter": -0.3313707733213632,
      "height": -0.4666533461032038,
      "whole_weight": -0.6113066052054873,
      "shucked_weight": -0.6121911603056894,
      "viscera_weight": -0.5254837130179109,
      "shell_weight": -0.5663705856705501
   },
   "factual_class": 1,
   "counterfactual_class": 1,
   "counterfactual_found": false,
   "counterfactual_rule_id": 814,
   "counterfactual_rule": {
      "3": [
         null,
         -0.28732
      ],
      "0": [
         0.5,
         null
      ],
      "1": [
         null,
         0.15413
      ],
      "4": [
         null,
         -0.41399
      ],
      "5": [
         null,
         -0.56375
      ]
   },
   "counterfactual_distance": 0.0,
   "counterfactual_time": 1.571124792098999
}