{
   "factual_sample": {
      "sex": 1.0,
      "length": -2.7814471274029557,
      "diameter": -2.6996542509753234,
      "height": -2.6186282283477755,
      "whole_weight": -1.6259287613054967,
      "shucked_weight": -1.5629140751744357,
      "viscera_weight": -1.6021149651334043,
      "shell_weight": -1.640472823406041
   },
   "counterfactual_sample": {
      "sex": 1.0,
      "length": -2.7814471274029557,
      "diameter": -2.6996542509753234,
      "height": -2.6186282283477755,
      "whole_weight": -1.6259287613054967,
      "shucked_weight": -1.5629140751744357,
      "viscera_weight": -1.6021149651334043,
      "shell_weight": -1.640472823406041
   },
   "factual_class": 1,
   "counterfactual_class": 1,
   "counterfactual_found": false,
   "counterfactual_rule_id": 814,
   "counterfactual_rule": {
      "3": [
         null,
         -0.28732
      ],
      "0": [
         0.5,
         null
      ],
      "1": [
         null,
         0.15413
      ],
      "4": [
         null,
         -0.41399
      ],
      "5": [
         null,
         -0.56375
      ]
   },
   "counterfactual_distance": 0.0,
   "counterfactual_time": 1.0803608894348145
}