{
   "factual_sample": {
      "sex": 1.0,
      "length": 0.13331192162040173,
      "diameter": 0.12213031814428865,
      "height": 0.011563294395590387,
      "whole_weight": -0.208516905045182,
      "shucked_weight": -0.1751289672143701,
      "viscera_weight": -0.3293178492850033,
      "shell_weight": -0.07063109133109287
   },
   "counterfactual_sample": {
      "sex": 1.0,
      "length": 0.13331192162040173,
      "diameter": 0.12213031814428865,
      "height": 0.011563294395590387,
      "whole_weight": -0.208516905045182,
      "shucked_weight": -0.1751289672143701,
      "viscera_weight": -0.3293178492850033,
      "shell_weight": -0.07063109133109287
   },
   "factual_class": 1,
   "counterfactual_class": 1,
   "counterfactual_found": false,
   "counterfactual_rule_id": 1389,
   "counterfactual_rule": {
      "3": [
         -0.28732,
         null
      ],
      "7": [
         -0.2718,
         -0.02932
      ],
      "4": [
         -1.02225,
         -0.07697
      ],
      "0": [
         null,
         1.5
      ],
      "6": [
         -0.48214,
         -0.24264
      ],
      "2": [
         -0.2054,
         null
      ]
   },
   "counterfactual_distance": 0.0,
   "counterfactual_time": 1.5720176696777344
}