{
   "factual_sample": {
      "sex": 0.0,
      "length": 0.9244608063553126,
      "diameter": 0.8275764604241918,
      "height": 0.8484424152684789,
      "whole_weight": 0.8458743606909084,
      "shucked_weight": 0.996377942102568,
      "viscera_weight": 1.2080750827612734,
      "shell_weight": 0.475400815477585
   },
   "counterfactual_sample": {
      "sex": 0.0,
      "length": 0.9244608063553126,
      "diameter": 0.8275764604241918,
      "height": 0.8484424152684789,
      "whole_weight": 0.8458743606909084,
      "shucked_weight": 0.996377942102568,
      "viscera_weight": 1.2080750827612734,
      "shell_weight": 0.475400815477585
   },
   "factual_class": 1,
   "counterfactual_class": 1,
   "counterfactual_found": false,
   "counterfactual_rule_id": 1649,
   "counterfactual_rule": {
      "3": [
         -0.28732,
         null
      ],
      "7": [
         -0.02932,
         null
      ],
      "1": [
         null,
         1.36167
      ],
      "4": [
         -0.77395,
         null
      ],
      "5": [
         0.60888,
         null
      ],
      "0": [
         null,
         0.5
      ],
      "2": [
         0.09694,
         null
      ],
      "6": [
         0.10179,
         null
      ]
   },
   "counterfactual_distance": 0.0,
   "counterfactual_time": 1.646869421005249
}