{
   "factual_sample": {
      "sex": 2.0,
      "length": 1.3408549562157923,
      "diameter": 1.432244582378395,
      "height": 1.2071048956425745,
      "whole_weight": 2.154176095641976,
      "shucked_weight": 2.3909217437702317,
      "viscera_weight": 2.0931024679748567,
      "shell_weight": 1.8009651155591773
   },
   "counterfactual_sample": {
      "sex": 2.0,
      "length": 1.3408549562157923,
      "diameter": 1.432244582378395,
      "height": -0.29232,
      "whole_weight": 2.154176095641976,
      "shucked_weight": 2.3909217437702317,
      "viscera_weight": 2.0931024679748567,
      "shell_weight": 1.8009651155591773
   },
   "factual_class": 0,
   "counterfactual_class": 0,
   "counterfactual_found": false,
   "counterfactual_rule_id": 798,
   "counterfactual_rule": {
      "3": [
         null,
         -0.28732
      ],
      "0": [
         0.5,
         null
      ],
      "1": [
         0.15413,
         null
      ],
      "7": [
         0.16107,
         null
      ],
      "5": [
         -0.30016,
         null
      ],
      "6": [
         -0.18105,
         null
      ],
      "2": [
         -0.1802,
         null
      ],
      "4": [
         -0.41399,
         null
      ]
   },
   "counterfactual_distance": 0.0069368387360242085,
   "counterfactual_time": 0.778052568435669
}