{
   "factual_sample": {
      "sex": 1.0,
      "length": -0.1165245682958862,
      "diameter": -0.029036712344261587,
      "height": -0.3470991859785052,
      "whole_weight": -0.3043706564757357,
      "shucked_weight": -0.057978276282676426,
      "viscera_weight": -0.3749378175949817,
      "shell_weight": -0.40830871791014345
   },
   "counterfactual_sample": {
      "sex": 1.0,
      "length": -0.1165245682958862,
      "diameter": -0.029036712344261587,
      "height": -0.28232,
      "whole_weight": -0.3043706564757357,
      "shucked_weight": -0.057978276282676426,
      "viscera_weight": -0.3749378175949817,
      "shell_weight": -0.40830871791014345
   },
   "factual_class": 1,
   "counterfactual_class": 1,
   "counterfactual_found": false,
   "counterfactual_rule_id": 1385,
   "counterfactual_rule": {
      "3": [
         -0.28732,
         null
      ],
      "7": [
         null,
         -0.2718
      ],
      "4": [
         -1.02225,
         -0.07697
      ],
      "0": [
         null,
         1.5
      ],
      "2": [
         -0.2054,
         null
      ]
   },
   "counterfactual_distance": 0.00029969007976970915,
   "counterfactual_time": 1.556572437286377
}