{
   "factual_sample": {
      "sex": 2.0,
      "length": 0.9244608063553126,
      "diameter": 0.676409429935641,
      "height": 0.7288882551437809,
      "whole_weight": 0.7439022847009575,
      "shucked_weight": 0.7260301937986591,
      "viscera_weight": 0.8111813584644603,
      "shell_weight": 0.9172555821714492
   },
   "counterfactual_sample": {
      "sex": 2.0,
      "length": 0.9244608063553126,
      "diameter": 0.676409429935641,
      "height": -0.29232,
      "whole_weight": 0.7439022847009575,
      "shucked_weight": 0.7260301937986591,
      "viscera_weight": 0.8111813584644603,
      "shell_weight": 0.9172555821714492
   },
   "factual_class": 0,
   "counterfactual_class": 0,
   "counterfactual_found": false,
   "counterfactual_rule_id": 798,
   "counterfactual_rule": {
      "3": [
         null,
         -0.28732
      ],
      "0": [
         0.5,
         null
      ],
      "1": [
         0.15413,
         null
      ],
      "7": [
         0.16107,
         null
      ],
      "5": [
         -0.30016,
         null
      ],
      "6": [
         -0.18105,
         null
      ],
      "2": [
         -0.1802,
         null
      ],
      "4": [
         -0.41399,
         null
      ]
   },
   "counterfactual_distance": 0.004724449355493234,
   "counterfactual_time": 0.8585536479949951
}