{
   "factual_sample": {
      "sex": 2.0,
      "length": 0.3831484115366887,
      "diameter": 0.6260204197727908,
      "height": 0.3702257747696853,
      "whole_weight": 0.7286064733024649,
      "shucked_weight": 1.244196711381151,
      "viscera_weight": 0.4644695993086234,
      "shell_weight": 0.2742311656007035
   },
   "counterfactual_sample": {
      "sex": 2.0,
      "length": 0.3831484115366887,
      "diameter": 0.6260204197727908,
      "height": 0.3702257747696853,
      "whole_weight": 0.7286064733024649,
      "shucked_weight": 1.244196711381151,
      "viscera_weight": 0.4644695993086234,
      "shell_weight": 0.2742311656007035
   },
   "factual_class": 1,
   "counterfactual_class": 1,
   "counterfactual_found": false,
   "counterfactual_rule_id": 1650,
   "counterfactual_rule": {
      "3": [
         -0.28732,
         null
      ],
      "7": [
         -0.02932,
         null
      ],
      "1": [
         null,
         1.36167
      ],
      "4": [
         -0.77395,
         null
      ],
      "5": [
         0.60888,
         null
      ],
      "0": [
         0.5,
         null
      ]
   },
   "counterfactual_distance": 0.0,
   "counterfactual_time": 1.1173546314239502
}