{
   "factual_sample": {
      "sex": 0.0,
      "length": 1.0493790513134569,
      "diameter": 1.5834116128669449,
      "height": 1.4462132158919714,
      "whole_weight": 1.7044792405262934,
      "shucked_weight": 1.7736277184763058,
      "viscera_weight": 1.7007707405090418,
      "shell_weight": 1.3734796095708048
   },
   "counterfactual_sample": {
      "sex": 0.0,
      "length": 1.0493790513134569,
      "diameter": 1.5834116128669449,
      "height": -0.29232,
      "whole_weight": 1.7044792405262934,
      "shucked_weight": 1.7736277184763058,
      "viscera_weight": 1.7007707405090418,
      "shell_weight": 1.3734796095708048
   },
   "factual_class": 0,
   "counterfactual_class": 0,
   "counterfactual_found": false,
   "counterfactual_rule_id": 541,
   "counterfactual_rule": {
      "3": [
         null,
         -0.28732
      ],
      "0": [
         null,
         0.5
      ],
      "4": [
         -0.41399,
         null
      ],
      "7": [
         0.11078,
         null
      ],
      "5": [
         0.06818,
         null
      ],
      "1": [
         0.6538,
         null
      ],
      "6": [
         -0.48671,
         null
      ],
      "2": [
         -0.1802,
         null
      ]
   },
   "counterfactual_distance": 0.008043033426289694,
   "counterfactual_time": 0.8724138736724854
}