{
   "found": true,
   "num_iterations": 21633,
   "num_foil": 10789,
   "_observation": [
      59.0,
      0.0,
      3.0,
      13.0,
      5.0,
      2.0,
      3.0,
      0.0,
      -0.1473664551602441,
      4.621025683663893,
      50.0
   ],
   "_idx": 494,
   "factual_class": 1,
   "feature_bounds_splits": {
      "0": {
         "type": 2,
         "values": [
            null,
            60.5
         ]
      },
      "1": {
         "type": 2,
         "values": [
            null,
            null
         ]
      },
      "2": {
         "type": 2,
         "values": [
            null,
            null
         ]
      },
      "3": {
         "type": 2,
         "values": [
            12.5,
            null
         ]
      },
      "4": {
         "type": 2,
         "values": [
            null,
            null
         ]
      },
      "5": {
         "type": 2,
         "values": [
            null,
            null
         ]
      },
      "6": {
         "type": 2,
         "values": [
            null,
            null
         ]
      },
      "7": {
         "type": 2,
         "values": [
            null,
            0.5
         ]
      },
      "8": {
         "type": 1,
         "values": [
            null,
            0.2819761037826538
         ]
      },
      "9": {
         "type": 1,
         "values": [
            3.6459604501724243,
            4.090061783790588
         ]
      },
      "10": {
         "type": 2,
         "values": [
            50.5,
            53.5
         ]
      }
   },
   "splits": [
      [
         8,
         1.1021993160247803,
         true
      ],
      [
         8,
         1.0810074135661125,
         true
      ],
      [
         8,
         1.0477057993412018,
         true
      ],
      [
         8,
         0.957571417093277,
         true
      ],
      [
         8,
         0.9574337601661682,
         true
      ],
      [
         8,
         0.9165636599063873,
         true
      ],
      [
         9,
         5.7612526416778564,
         true
      ],
      [
         8,
         0.8937204480171204,
         true
      ],
      [
         3,
         12.5,
         false
      ],
      [
         7,
         0.5,
         true
      ],
      [
         8,
         0.6391423344612122,
         true
      ],
      [
         8,
         0.6343948096036911,
         true
      ],
      [
         8,
         0.5538242757320404,
         true
      ],
      [
         9,
         4.220967531204224,
         true
      ],
      [
         9,
         4.1732542514801025,
         true
      ],
      [
         8,
         0.2819761037826538,
         true
      ],
      [
         10,
         53.5,
         true
      ],
      [
         10,
         49.5,
         false
      ],
      [
         0,
         60.5,
         true
      ],
      [
         9,
         4.1377750635147095,
         true
      ],
      [
         10,
         50.5,
         false
      ],
      [
         9,
         4.090061783790588,
         true
      ],
      [
         9,
         3.6459604501724243,
         false
      ]
   ],
   "remaining_rules": [
      806,
      2399,
      4231,
      5628,
      6986,
      8127,
      9586,
      11134,
      12778,
      14096
   ],
   "set_rules": [
      806,
      2399,
      4231,
      5628,
      6986,
      8127,
      9586,
      11134,
      12778,
      14096
   ],
   "foil_estimated_class": [
      0
   ],
   "distance": 0.005456827586548191,
   "extraction_time": 0.47330427169799805,
   "feature_bounds": {
      "0": {
         "type": 2,
         "values": [
            53.5,
            60.5
         ]
      },
      "1": {
         "type": 2,
         "values": [
            null,
            0.5
         ]
      },
      "2": {
         "type": 2,
         "values": [
            2.5,
            3.5
         ]
      },
      "3": {
         "type": 2,
         "values": [
            12.5,
            13.5
         ]
      },
      "4": {
         "type": 2,
         "values": [
            4.5,
            5.5
         ]
      },
      "5": {
         "type": 2,
         "values": [
            1.5,
            2.5
         ]
      },
      "6": {
         "type": 2,
         "values": [
            2.5,
            3.5
         ]
      },
      "7": {
         "type": 2,
         "values": [
            null,
            0.5
         ]
      },
      "8": {
         "type": 1,
         "values": [
            null,
            0.2819761037826538
         ]
      },
      "9": {
         "type": 1,
         "values": [
            3.6459604501724243,
            4.090061783790588
         ]
      },
      "10": {
         "type": 2,
         "values": [
            50.5,
            53.0
         ]
      }
   },
   "feature_bounds_compact": {
      "0": {
         "type": 2,
         "values": [
            53.5,
            60.5
         ]
      },
      "1": {
         "type": 2,
         "values": [
            null,
            0.5
         ]
      },
      "2": {
         "type": 2,
         "values": [
            2.5,
            3.5
         ]
      },
      "3": {
         "type": 2,
         "values": [
            12.5,
            13.5
         ]
      },
      "4": {
         "type": 2,
         "values": [
            4.5,
            5.5
         ]
      },
      "5": {
         "type": 2,
         "values": [
            1.5,
            2.5
         ]
      },
      "6": {
         "type": 2,
         "values": [
            2.5,
            3.5
         ]
      },
      "7": {
         "type": 2,
         "values": [
            null,
            0.5
         ]
      },
      "8": {
         "type": 1,
         "values": [
            null,
            0.2819761037826538
         ]
      },
      "9": {
         "type": 1,
         "values": [
            3.6459604501724243,
            4.090061783790588
         ]
      },
      "10": {
         "type": 2,
         "values": [
            50.5,
            53.0
         ]
      }
   },
   "feature_bounds_compact_count": {
      "0": {
         "type": 2,
         "values": [
            53.5,
            60.5
         ]
      },
      "1": {
         "type": 2,
         "values": [
            null,
            0.5
         ]
      },
      "2": {
         "type": 2,
         "values": [
            2.5,
            3.5
         ]
      },
      "3": {
         "type": 2,
         "values": [
            12.5,
            13.5
         ]
      },
      "4": {
         "type": 2,
         "values": [
            4.5,
            5.5
         ]
      },
      "5": {
         "type": 2,
         "values": [
            1.5,
            2.5
         ]
      },
      "6": {
         "type": 2,
         "values": [
            2.5,
            3.5
         ]
      },
      "7": {
         "type": 2,
         "values": [
            null,
            0.5
         ]
      },
      "8": {
         "type": 1,
         "values": [
            null,
            0.2819761037826538
         ]
      },
      "9": {
         "type": 1,
         "values": [
            3.6459604501724243,
            4.090061783790588
         ]
      },
      "10": {
         "type": 2,
         "values": [
            50.5,
            53.0
         ]
      }
   },
   "counterfactual_sample": [
      59.0,
      0.0,
      3.0,
      13.0,
      5.0,
      2.0,
      3.0,
      0.0,
      -0.1473664551602441,
      4.0850617837905885,
      51.0
   ],
   "counterfactual_distance": 0.0054564011208942005,
   "counterfactual_class": 0,
   "valid_": true
}