{
   "found": true,
   "num_iterations": 1069,
   "num_foil": 509,
   "_observation": [
      29.0,
      0.0,
      0.0,
      13.0,
      5.0,
      4.0,
      9.0,
      1.0,
      -0.1473664551602441,
      -0.21637494832950374,
      48.0
   ],
   "_idx": 769,
   "factual_class": 0,
   "feature_bounds_splits": {
      "0": {
         "type": 2,
         "values": [
            28.5,
            29.5
         ]
      },
      "1": {
         "type": 2,
         "values": [
            null,
            null
         ]
      },
      "2": {
         "type": 2,
         "values": [
            null,
            null
         ]
      },
      "3": {
         "type": 2,
         "values": [
            12.5,
            13.5
         ]
      },
      "4": {
         "type": 2,
         "values": [
            null,
            null
         ]
      },
      "5": {
         "type": 2,
         "values": [
            null,
            null
         ]
      },
      "6": {
         "type": 2,
         "values": [
            null,
            null
         ]
      },
      "7": {
         "type": 2,
         "values": [
            null,
            null
         ]
      },
      "8": {
         "type": 1,
         "values": [
            0.501945361495018,
            0.5167384147644043
         ]
      },
      "9": {
         "type": 1,
         "values": [
            null,
            null
         ]
      },
      "10": {
         "type": 2,
         "values": [
            44.5,
            49.5
         ]
      }
   },
   "splits": [
      [
         8,
         0.06613514572381973,
         false
      ],
      [
         8,
         0.08732705563306808,
         false
      ],
      [
         8,
         0.18200258165597916,
         false
      ],
      [
         8,
         0.19211692363023758,
         false
      ],
      [
         8,
         0.2700728625059128,
         false
      ],
      [
         8,
         0.41077886521816254,
         false
      ],
      [
         8,
         0.43403492867946625,
         false
      ],
      [
         8,
         0.43479177355766296,
         false
      ],
      [
         8,
         0.4376816004514694,
         false
      ],
      [
         8,
         0.4950648844242096,
         false
      ],
      [
         8,
         0.501945361495018,
         false
      ],
      [
         0,
         32.5,
         true
      ],
      [
         8,
         0.5370358824729919,
         true
      ],
      [
         0,
         26.5,
         false
      ],
      [
         0,
         27.5,
         false
      ],
      [
         0,
         28.5,
         false
      ],
      [
         10,
         49.5,
         true
      ],
      [
         8,
         0.5167384147644043,
         true
      ],
      [
         0,
         30.5,
         true
      ],
      [
         0,
         29.5,
         true
      ],
      [
         10,
         41.5,
         false
      ],
      [
         10,
         43.5,
         false
      ],
      [
         3,
         12.5,
         false
      ],
      [
         10,
         44.5,
         false
      ],
      [
         3,
         13.5,
         true
      ]
   ],
   "remaining_rules": [
      1494,
      2723,
      4316,
      5401,
      7229,
      8730,
      10251,
      11394,
      13176,
      14651
   ],
   "set_rules": [
      1494,
      2723,
      4316,
      5401,
      7229,
      8730,
      10251,
      11394,
      13176,
      14651
   ],
   "foil_estimated_class": [
      1
   ],
   "distance": 0.004289918607797741,
   "extraction_time": 0.17705368995666504,
   "feature_bounds": {
      "0": {
         "type": 2,
         "values": [
            28.5,
            29.5
         ]
      },
      "1": {
         "type": 2,
         "values": [
            null,
            0.5
         ]
      },
      "2": {
         "type": 2,
         "values": [
            null,
            1.5
         ]
      },
      "3": {
         "type": 2,
         "values": [
            12.5,
            13.5
         ]
      },
      "4": {
         "type": 2,
         "values": [
            4.5,
            5.5
         ]
      },
      "5": {
         "type": 2,
         "values": [
            3.5,
            4.5
         ]
      },
      "6": {
         "type": 2,
         "values": [
            2.5,
            11.5
         ]
      },
      "7": {
         "type": 2,
         "values": [
            0.5,
            1.5
         ]
      },
      "8": {
         "type": 1,
         "values": [
            0.501945361495018,
            0.5167384147644043
         ]
      },
      "9": {
         "type": 1,
         "values": [
            null,
            4.387352705001831
         ]
      },
      "10": {
         "type": 2,
         "values": [
            44.5,
            49.0
         ]
      }
   },
   "feature_bounds_compact": {
      "0": {
         "type": 2,
         "values": [
            28.5,
            29.5
         ]
      },
      "1": {
         "type": 2,
         "values": [
            null,
            null
         ]
      },
      "2": {
         "type": 2,
         "values": [
            null,
            1.5
         ]
      },
      "3": {
         "type": 2,
         "values": [
            12.5,
            13.5
         ]
      },
      "4": {
         "type": 2,
         "values": [
            4.5,
            5.5
         ]
      },
      "5": {
         "type": 2,
         "values": [
            3.5,
            4.5
         ]
      },
      "6": {
         "type": 2,
         "values": [
            2.5,
            11.5
         ]
      },
      "7": {
         "type": 2,
         "values": [
            0.5,
            1.5
         ]
      },
      "8": {
         "type": 1,
         "values": [
            0.501945361495018,
            0.5167384147644043
         ]
      },
      "9": {
         "type": 1,
         "values": [
            null,
            4.841241359710693
         ]
      },
      "10": {
         "type": 2,
         "values": [
            44.5,
            49.0
         ]
      }
   },
   "feature_bounds_compact_count": {
      "0": {
         "type": 2,
         "values": [
            28.5,
            29.5
         ]
      },
      "1": {
         "type": 2,
         "values": [
            null,
            null
         ]
      },
      "2": {
         "type": 2,
         "values": [
            null,
            1.5
         ]
      },
      "3": {
         "type": 2,
         "values": [
            12.5,
            13.5
         ]
      },
      "4": {
         "type": 2,
         "values": [
            4.5,
            5.5
         ]
      },
      "5": {
         "type": 2,
         "values": [
            3.5,
            4.5
         ]
      },
      "6": {
         "type": 2,
         "values": [
            2.5,
            11.5
         ]
      },
      "7": {
         "type": 2,
         "values": [
            0.5,
            1.5
         ]
      },
      "8": {
         "type": 1,
         "values": [
            0.501945361495018,
            0.5167384147644043
         ]
      },
      "9": {
         "type": 1,
         "values": [
            null,
            4.841241359710693
         ]
      },
      "10": {
         "type": 2,
         "values": [
            44.5,
            49.0
         ]
      }
   },
   "counterfactual_sample": [
      29.0,
      0.0,
      0.0,
      13.0,
      5.0,
      4.0,
      9.0,
      1.0,
      0.506945361495018,
      -0.21637494832950374,
      48.0
   ],
   "counterfactual_distance": 0.004289588289745634,
   "counterfactual_class": 1,
   "valid_": true
}