{
   "factual_sample": {
      "Temperature": -0.9620998167524331,
      "Humidity": -0.6306214920606399,
      "Light": -0.7724036570242273,
      "CO2": -0.849739221360251,
      "HumidityRatio": -0.8064387834453758,
      "y": 1
   },
   "counterfactual_sample": {
      "Temperature": -1.0156105445586083,
      "Humidity": -0.6788486793601537,
      "Light": 0.4737790590524482,
      "CO2": -0.8309439504577275,
      "HumidityRatio": -0.8548085739273285,
      "y": 0
   },
   "counterfactual_found": true,
   "counterfactual_plausible": true,
   "counterfactual_distance": 0.04583239618078834,
   "counterfactual_time": 0.3331422805786133,
   "counterfactual_class": 0,
   "factual_class": 1,
   "valid_": true
}