{
   "counterfactual_sample": {
      "y": 1, 
      "skewness_wti": 0.36541, 
      "variance_wti": -0.2810950609450574, 
      "entropy": -0.8897254432765079, 
      "curtosis_wty": -1.170656842331664
   }, 
   "factual_class": 1, 
   "factual_sample": {
      "y": 1, 
      "entropy": -0.8897254432765079, 
      "variance_wti": -0.2810950609450574, 
      "skewness_wti": 0.16541029175618266, 
      "curtosis_wty": -1.170656842331664
   }, 
   "counterfactual_distance": 0.010976547781367847, 
   "counterfactual_class": 1, 
   "counterfactual_rule": {
      "skewness_wti": ">0.36441"
   }, 
   "counterfactual_time": 15.627218961715698, 
   "counterfactual_found": false
}