{
   "counterfactual_sample": {
      "y": 0, 
      "skewness_wti": -0.15165623838462236, 
      "variance_wti": -0.065237, 
      "entropy": 0.37056898572126, 
      "curtosis_wty": 0.814671
   }, 
   "factual_class": 0, 
   "factual_sample": {
      "y": 0, 
      "entropy": 0.37056898572126, 
      "variance_wti": 0.3141276166784261, 
      "skewness_wti": -0.15165623838462236, 
      "curtosis_wty": 0.9885141742518609
   }, 
   "counterfactual_distance": 0.027502064629931516, 
   "counterfactual_class": 0, 
   "counterfactual_rule": {
      "variance_wti": "<=-0.065237", 
      "skewness_wti": "<=0.854956", 
      "curtosis_wty": "-0.854605< curtosis_wty <=0.814671"
   }, 
   "counterfactual_time": 17.390431880950928, 
   "counterfactual_found": false
}