{
   "factual_sample": {
      "sex": 2.0,
      "length": 0.4247878265227367,
      "diameter": 0.42446437912139023,
      "height": -0.2275450258538067,
      "whole_weight": -0.0892095761369397,
      "shucked_weight": -0.18639345672703295,
      "viscera_weight": 0.11319584332178854,
      "shell_weight": -0.08859266721295707,
      "y": 1
   },
   "counterfactual_sample": {
      "sex": 2.0,
      "length": 0.5913454864669286,
      "diameter": 0.575631409609941,
      "height": -0.3470991859785052,
      "whole_weight": -0.06065739485975346,
      "shucked_weight": -0.15710578399410952,
      "viscera_weight": 0.17706379895575858,
      "shell_weight": -0.0634464609783469,
      "y": 0
   },
   "counterfactual_found": true,
   "counterfactual_plausible": true,
   "counterfactual_distance": 0.009836984325995288,
   "counterfactual_time": 0.4540109634399414,
   "counterfactual_class": 0,
   "factual_class": 1,
   "valid_": true
}