{
   "factual_sample": {
      "sex": 2.0,
      "length": -0.24144281325403014,
      "diameter": -0.23059275299566265,
      "height": -0.10799086572910817,
      "whole_weight": -0.2442071316416647,
      "shucked_weight": -0.6685136078690036,
      "viscera_weight": -0.3931858049189732,
      "shell_weight": 0.1664617103095174
   },
   "counterfactual_sample": {
      "sex": 2.0,
      "length": -0.04907,
      "diameter": -0.23059275299566265,
      "height": -0.10799086572910817,
      "whole_weight": -0.2442071316416647,
      "shucked_weight": -0.6685136078690036,
      "viscera_weight": -0.3931858049189732,
      "shell_weight": 0.1664617103095174
   },
   "factual_class": 0,
   "counterfactual_class": 0,
   "counterfactual_found": false,
   "counterfactual_rule_id": 274,
   "counterfactual_rule": {
      "1": [
         -0.05407,
         0.82036
      ],
      "3": [
         null,
         -0.04821
      ],
      "4": [
         null,
         -0.14784
      ],
      "6": [
         null,
         -0.18561
      ]
   },
   "counterfactual_distance": 0.0039020009833411486,
   "counterfactual_time": 0.606550931930542
}