{
   "factual_sample": {
      "sex": 0.0,
      "length": -0.4080004731982221,
      "diameter": -0.5833158241356144,
      "height": -0.586207506227902,
      "whole_weight": -0.6969631490370459,
      "shucked_weight": -0.7451121365551113,
      "viscera_weight": -0.3201938556230077,
      "shell_weight": -0.8178326480166517
   },
   "counterfactual_sample": {
      "sex": 0.0,
      "length": -0.4080004731982221,
      "diameter": -0.5833158241356144,
      "height": -0.40188,
      "whole_weight": -0.73612,
      "shucked_weight": -0.74561,
      "viscera_weight": -0.3201938556230077,
      "shell_weight": -0.8178326480166517
   },
   "factual_class": 0,
   "counterfactual_class": 0,
   "counterfactual_found": false,
   "counterfactual_rule_id": 14,
   "counterfactual_rule": {
      "1": [
         null,
         -0.05407
      ],
      "4": [
         null,
         -0.73112
      ],
      "0": [
         null,
         0.5
      ],
      "5": [
         -0.8341,
         -0.74061
      ],
      "7": [
         null,
         -0.3203
      ],
      "3": [
         -0.40688,
         -0.04821
      ],
      "6": [
         -0.36353,
         -0.27685
      ],
      "2": [
         null,
         -0.30618
      ]
   },
   "counterfactual_distance": 0.0017120483428384216,
   "counterfactual_time": 0.6013228893280029
}