{
   "factual_sample": {
      "sex": 1.0,
      "length": -2.656528882444812,
      "diameter": -2.548487220486773,
      "height": -2.25996574797368,
      "whole_weight": -1.5892188139491148,
      "shucked_weight": -1.5133503213187187,
      "viscera_weight": -1.54737100316143,
      "shell_weight": -1.6153266171714311
   },
   "counterfactual_sample": {
      "sex": 1.0,
      "length": -2.656528882444812,
      "diameter": -2.548487220486773,
      "height": -2.25996574797368,
      "whole_weight": -1.5892188139491148,
      "shucked_weight": -1.5133503213187187,
      "viscera_weight": -1.54737100316143,
      "shell_weight": -1.6153266171714311
   },
   "factual_class": 1,
   "counterfactual_class": 1,
   "counterfactual_found": false,
   "counterfactual_rule_id": 0,
   "counterfactual_rule": {
      "1": [
         null,
         -0.05407
      ],
      "4": [
         null,
         -0.73928
      ],
      "0": [
         null,
         1.5
      ],
      "5": [
         null,
         -0.92309
      ],
      "7": [
         null,
         -0.47656
      ],
      "3": [
         null,
         -0.04821
      ],
      "6": [
         null,
         -0.45021
      ],
      "2": [
         null,
         -0.05423
      ]
   },
   "counterfactual_distance": 0.0,
   "counterfactual_time": 1.0564754009246826
}