{
   "factual_sample": {
      "sex": 0.0,
      "length": 1.0910184662995046,
      "diameter": 1.0291325010755927,
      "height": 0.8484424152684789,
      "whole_weight": 1.6800059422887053,
      "shucked_weight": 2.2174486052752234,
      "viscera_weight": 1.4224889338181728,
      "shell_weight": 1.1794945900466691
   },
   "counterfactual_sample": {
      "sex": 0.0,
      "length": -0.05907,
      "diameter": 1.0291325010755927,
      "height": 0.06634,
      "whole_weight": 1.6800059422887053,
      "shucked_weight": 2.2174486052752234,
      "viscera_weight": 1.4224889338181728,
      "shell_weight": 1.1794945900466691
   },
   "factual_class": 0,
   "counterfactual_class": 0,
   "counterfactual_found": false,
   "counterfactual_rule_id": 269,
   "counterfactual_rule": {
      "1": [
         null,
         -0.05407
      ],
      "4": [
         -0.61641,
         null
      ],
      "5": [
         0.07494,
         null
      ],
      "7": [
         0.1036,
         null
      ],
      "3": [
         null,
         0.07134
      ],
      "6": [
         -0.17649,
         null
      ],
      "2": [
         -0.10462,
         null
      ]
   },
   "counterfactual_distance": 0.02694612754916282,
   "counterfactual_time": 0.6398282051086426
}