{
   "found": true,
   "num_iterations": 45358,
   "num_foil": 22642,
   "_observation": [
      59.0,
      0.0,
      2.0,
      9.0,
      3.0,
      0.0,
      5.0,
      1.0,
      -0.1473664551602441,
      -0.21637494832950374,
      40.0
   ],
   "_idx": 239,
   "factual_class": 0,
   "feature_bounds_splits": {
      "0": {
         "type": 2,
         "values": [
            58.5,
            59.5
         ]
      },
      "1": {
         "type": 2,
         "values": [
            null,
            null
         ]
      },
      "2": {
         "type": 2,
         "values": [
            null,
            null
         ]
      },
      "3": {
         "type": 2,
         "values": [
            8.5,
            9.5
         ]
      },
      "4": {
         "type": 2,
         "values": [
            2.5,
            3.5
         ]
      },
      "5": {
         "type": 2,
         "values": [
            null,
            null
         ]
      },
      "6": {
         "type": 2,
         "values": [
            4.5,
            5.5
         ]
      },
      "7": {
         "type": 2,
         "values": [
            null,
            null
         ]
      },
      "8": {
         "type": 1,
         "values": [
            0.5538242757320404,
            0.5570580959320068
         ]
      },
      "9": {
         "type": 1,
         "values": [
            null,
            1.1195990666747093
         ]
      },
      "10": {
         "type": 2,
         "values": [
            39.5,
            40.5
         ]
      }
   },
   "splits": [
      [
         8,
         0.34906088560819626,
         false
      ],
      [
         8,
         0.4102972447872162,
         false
      ],
      [
         8,
         0.44359882175922394,
         false
      ],
      [
         8,
         0.4950648844242096,
         false
      ],
      [
         8,
         0.6740951985120773,
         true
      ],
      [
         6,
         5.5,
         true
      ],
      [
         6,
         4.5,
         false
      ],
      [
         0,
         51.5,
         false
      ],
      [
         0,
         52.5,
         false
      ],
      [
         0,
         53.5,
         false
      ],
      [
         10,
         30.5,
         false
      ],
      [
         0,
         59.5,
         true
      ],
      [
         9,
         1.1195990666747093,
         true
      ],
      [
         10,
         35.5,
         false
      ],
      [
         10,
         36.5,
         false
      ],
      [
         3,
         9.5,
         true
      ],
      [
         3,
         8.5,
         false
      ],
      [
         0,
         56.5,
         false
      ],
      [
         4,
         3.5,
         true
      ],
      [
         4,
         2.5,
         false
      ],
      [
         10,
         38.5,
         false
      ],
      [
         10,
         40.5,
         true
      ],
      [
         8,
         0.501945361495018,
         false
      ],
      [
         0,
         58.5,
         false
      ],
      [
         8,
         0.5538242757320404,
         false
      ],
      [
         8,
         0.5570580959320068,
         true
      ],
      [
         10,
         39.5,
         false
      ]
   ],
   "remaining_rules": [
      16,
      1818,
      4439,
      4566,
      6109,
      7584,
      10305,
      11302,
      13047,
      14736
   ],
   "set_rules": [
      16,
      1818,
      4439,
      4566,
      6109,
      7584,
      10305,
      11302,
      13047,
      14736
   ],
   "foil_estimated_class": [
      1
   ],
   "distance": 0.004632649445721182,
   "extraction_time": 1.565256118774414,
   "feature_bounds": {
      "0": {
         "type": 2,
         "values": [
            50.5,
            62.5
         ]
      },
      "1": {
         "type": 2,
         "values": [
            null,
            0.5
         ]
      },
      "2": {
         "type": 2,
         "values": [
            1.5,
            2.5
         ]
      },
      "3": {
         "type": 2,
         "values": [
            7.5,
            9.5
         ]
      },
      "4": {
         "type": 2,
         "values": [
            2.5,
            4.5
         ]
      },
      "5": {
         "type": 2,
         "values": [
            null,
            0.5
         ]
      },
      "6": {
         "type": 2,
         "values": [
            3.5,
            8.5
         ]
      },
      "7": {
         "type": 2,
         "values": [
            0.5,
            1.5
         ]
      },
      "8": {
         "type": 1,
         "values": [
            0.5538242757320404,
            0.5570580959320068
         ]
      },
      "9": {
         "type": 1,
         "values": [
            null,
            1.1195990666747093
         ]
      },
      "10": {
         "type": 2,
         "values": [
            39.0,
            43.5
         ]
      }
   },
   "feature_bounds_compact": {
      "0": {
         "type": 2,
         "values": [
            31.5,
            62.5
         ]
      },
      "1": {
         "type": 2,
         "values": [
            null,
            null
         ]
      },
      "2": {
         "type": 2,
         "values": [
            null,
            2.5
         ]
      },
      "3": {
         "type": 2,
         "values": [
            7.5,
            12.5
         ]
      },
      "4": {
         "type": 2,
         "values": [
            2.5,
            6.0
         ]
      },
      "5": {
         "type": 2,
         "values": [
            null,
            0.5
         ]
      },
      "6": {
         "type": 2,
         "values": [
            null,
            9.5
         ]
      },
      "7": {
         "type": 2,
         "values": [
            0.5,
            4.5
         ]
      },
      "8": {
         "type": 1,
         "values": [
            0.5538242757320404,
            0.5570580959320068
         ]
      },
      "9": {
         "type": 1,
         "values": [
            null,
            4.300489902496338
         ]
      },
      "10": {
         "type": 2,
         "values": [
            35.5,
            87.0
         ]
      }
   },
   "feature_bounds_compact_count": {
      "0": {
         "type": 2,
         "values": [
            31.5,
            62.5
         ]
      },
      "1": {
         "type": 2,
         "values": [
            null,
            null
         ]
      },
      "2": {
         "type": 2,
         "values": [
            null,
            2.5
         ]
      },
      "3": {
         "type": 2,
         "values": [
            7.5,
            12.5
         ]
      },
      "4": {
         "type": 2,
         "values": [
            2.5,
            6.0
         ]
      },
      "5": {
         "type": 2,
         "values": [
            null,
            0.5
         ]
      },
      "6": {
         "type": 2,
         "values": [
            null,
            9.5
         ]
      },
      "7": {
         "type": 2,
         "values": [
            0.5,
            4.5
         ]
      },
      "8": {
         "type": 1,
         "values": [
            0.5538242757320404,
            0.5570580959320068
         ]
      },
      "9": {
         "type": 1,
         "values": [
            null,
            4.300489902496338
         ]
      },
      "10": {
         "type": 2,
         "values": [
            35.5,
            87.0
         ]
      }
   },
   "counterfactual_sample": [
      59.0,
      0.0,
      2.0,
      9.0,
      3.0,
      0.0,
      5.0,
      1.0,
      0.5588242757320404,
      -0.21637494832950374,
      40.0
   ],
   "counterfactual_distance": 0.004632319127669075,
   "counterfactual_class": 0,
   "valid_": false
}