{
   "found": true,
   "num_iterations": 10004,
   "num_foil": 4971,
   "_observation": [
      26.0,
      1.0,
      2.0,
      13.0,
      5.0,
      4.0,
      0.0,
      3.0,
      -0.1473664551602441,
      -0.21637494832950374,
      40.0
   ],
   "_idx": 688,
   "factual_class": 0,
   "feature_bounds_splits": {
      "0": {
         "type": 2,
         "values": [
            25.5,
            28.5
         ]
      },
      "1": {
         "type": 2,
         "values": [
            null,
            null
         ]
      },
      "2": {
         "type": 2,
         "values": [
            null,
            null
         ]
      },
      "3": {
         "type": 2,
         "values": [
            12.5,
            13.5
         ]
      },
      "4": {
         "type": 2,
         "values": [
            null,
            null
         ]
      },
      "5": {
         "type": 2,
         "values": [
            null,
            null
         ]
      },
      "6": {
         "type": 2,
         "values": [
            null,
            null
         ]
      },
      "7": {
         "type": 2,
         "values": [
            null,
            null
         ]
      },
      "8": {
         "type": 1,
         "values": [
            0.8260164558887482,
            0.9165636599063873
         ]
      },
      "9": {
         "type": 1,
         "values": [
            null,
            null
         ]
      },
      "10": {
         "type": 2,
         "values": [
            35.5,
            41.5
         ]
      }
   },
   "splits": [
      [
         0,
         20.5,
         false
      ],
      [
         8,
         0.41077886521816254,
         false
      ],
      [
         8,
         0.42089320719242096,
         false
      ],
      [
         8,
         0.43658071756362915,
         false
      ],
      [
         8,
         0.4959593564271927,
         false
      ],
      [
         8,
         0.501945361495018,
         false
      ],
      [
         8,
         0.5167384147644043,
         false
      ],
      [
         8,
         0.5268527567386627,
         false
      ],
      [
         8,
         0.5538242757320404,
         false
      ],
      [
         8,
         0.8260164558887482,
         false
      ],
      [
         8,
         0.9817907512187958,
         true
      ],
      [
         8,
         0.9574337601661682,
         true
      ],
      [
         3,
         13.5,
         true
      ],
      [
         10,
         50.5,
         true
      ],
      [
         8,
         0.9165636599063873,
         true
      ],
      [
         10,
         49.5,
         true
      ],
      [
         10,
         43.5,
         true
      ],
      [
         3,
         12.5,
         false
      ],
      [
         0,
         25.5,
         false
      ],
      [
         10,
         35.5,
         false
      ],
      [
         10,
         41.5,
         true
      ],
      [
         0,
         28.5,
         true
      ]
   ],
   "remaining_rules": [
      1432,
      1648,
      4451,
      5707,
      7357,
      8839,
      10309,
      11358,
      11421,
      13094,
      13100,
      14739
   ],
   "set_rules": [
      1432,
      1648,
      4451,
      5707,
      7357,
      8839,
      10309,
      11421,
      13100,
      14739
   ],
   "foil_estimated_class": [
      1
   ],
   "distance": 0.006430849260680742,
   "extraction_time": 0.3032095432281494,
   "feature_bounds": {
      "0": {
         "type": 2,
         "values": [
            24.5,
            28.5
         ]
      },
      "1": {
         "type": 2,
         "values": [
            0.5,
            null
         ]
      },
      "2": {
         "type": 2,
         "values": [
            1.5,
            3.5
         ]
      },
      "3": {
         "type": 2,
         "values": [
            12.5,
            14.5
         ]
      },
      "4": {
         "type": 2,
         "values": [
            4.5,
            9.5
         ]
      },
      "5": {
         "type": 2,
         "values": [
            3.5,
            4.5
         ]
      },
      "6": {
         "type": 2,
         "values": [
            null,
            3.5
         ]
      },
      "7": {
         "type": 2,
         "values": [
            1.5,
            4.5
         ]
      },
      "8": {
         "type": 1,
         "values": [
            0.8260164558887482,
            0.9165636599063873
         ]
      },
      "9": {
         "type": 1,
         "values": [
            null,
            4.96847677230835
         ]
      },
      "10": {
         "type": 2,
         "values": [
            39.5,
            44.0
         ]
      }
   },
   "feature_bounds_compact": {
      "0": {
         "type": 2,
         "values": [
            20.5,
            28.5
         ]
      },
      "1": {
         "type": 2,
         "values": [
            null,
            null
         ]
      },
      "2": {
         "type": 2,
         "values": [
            1.5,
            3.5
         ]
      },
      "3": {
         "type": 2,
         "values": [
            12.5,
            null
         ]
      },
      "4": {
         "type": 2,
         "values": [
            null,
            null
         ]
      },
      "5": {
         "type": 2,
         "values": [
            null,
            5.5
         ]
      },
      "6": {
         "type": 2,
         "values": [
            null,
            3.5
         ]
      },
      "7": {
         "type": 2,
         "values": [
            0.5,
            4.5
         ]
      },
      "8": {
         "type": 1,
         "values": [
            0.8260164558887482,
            1.3831297159194946
         ]
      },
      "9": {
         "type": 1,
         "values": [
            null,
            null
         ]
      },
      "10": {
         "type": 2,
         "values": [
            35.5,
            87.0
         ]
      }
   },
   "feature_bounds_compact_count": {
      "0": {
         "type": 2,
         "values": [
            20.5,
            28.5
         ]
      },
      "1": {
         "type": 2,
         "values": [
            null,
            null
         ]
      },
      "2": {
         "type": 2,
         "values": [
            1.5,
            3.5
         ]
      },
      "3": {
         "type": 2,
         "values": [
            12.5,
            null
         ]
      },
      "4": {
         "type": 2,
         "values": [
            null,
            null
         ]
      },
      "5": {
         "type": 2,
         "values": [
            null,
            5.5
         ]
      },
      "6": {
         "type": 2,
         "values": [
            null,
            3.5
         ]
      },
      "7": {
         "type": 2,
         "values": [
            0.5,
            4.5
         ]
      },
      "8": {
         "type": 1,
         "values": [
            0.8260164558887482,
            1.3831297159194946
         ]
      },
      "9": {
         "type": 1,
         "values": [
            null,
            null
         ]
      },
      "10": {
         "type": 2,
         "values": [
            35.5,
            87.0
         ]
      }
   },
   "counterfactual_sample": [
      26.0,
      1.0,
      2.0,
      13.0,
      5.0,
      4.0,
      0.0,
      3.0,
      0.8310164558887482,
      -0.21637494832950374,
      40.0
   ],
   "counterfactual_distance": 0.0064305189426286345,
   "counterfactual_class": 1,
   "valid_": true
}