{
   "found": true,
   "num_iterations": 108,
   "num_foil": 43,
   "_observation": [
      42.0,
      0.0,
      2.0,
      10.0,
      4.0,
      4.0,
      11.0,
      1.0,
      -0.1473664551602441,
      -0.21637494832950374,
      45.0
   ],
   "_idx": 522,
   "factual_class": 0,
   "feature_bounds_splits": {
      "0": {
         "type": 2,
         "values": [
            null,
            null
         ]
      },
      "1": {
         "type": 2,
         "values": [
            null,
            null
         ]
      },
      "2": {
         "type": 2,
         "values": [
            null,
            null
         ]
      },
      "3": {
         "type": 2,
         "values": [
            null,
            null
         ]
      },
      "4": {
         "type": 2,
         "values": [
            null,
            null
         ]
      },
      "5": {
         "type": 2,
         "values": [
            null,
            null
         ]
      },
      "6": {
         "type": 2,
         "values": [
            null,
            null
         ]
      },
      "7": {
         "type": 2,
         "values": [
            null,
            null
         ]
      },
      "8": {
         "type": 1,
         "values": [
            0.5268527567386627,
            0.5425402596592903
         ]
      },
      "9": {
         "type": 1,
         "values": [
            null,
            null
         ]
      },
      "10": {
         "type": 2,
         "values": [
            44.5,
            null
         ]
      }
   },
   "splits": [
      [
         8,
         0.19211692363023758,
         false
      ],
      [
         8,
         0.3615833818912506,
         false
      ],
      [
         8,
         0.42089320719242096,
         false
      ],
      [
         8,
         0.44359882175922394,
         false
      ],
      [
         8,
         0.4959593564271927,
         false
      ],
      [
         8,
         0.501945361495018,
         false
      ],
      [
         8,
         0.6465044617652893,
         true
      ],
      [
         10,
         44.5,
         false
      ],
      [
         8,
         0.5425402596592903,
         true
      ],
      [
         8,
         0.5268527567386627,
         false
      ]
   ],
   "remaining_rules": [
      1372,
      2998,
      3807,
      5913,
      6833,
      8826,
      10018,
      11404,
      13132,
      14455
   ],
   "set_rules": [
      1372,
      2998,
      3807,
      5913,
      6833,
      8826,
      10018,
      11404,
      13132,
      14455
   ],
   "foil_estimated_class": [
      1
   ],
   "distance": 0.004454465853396277,
   "extraction_time": 0.19786858558654785,
   "feature_bounds": {
      "0": {
         "type": 2,
         "values": [
            39.5,
            46.5
         ]
      },
      "1": {
         "type": 2,
         "values": [
            null,
            0.5
         ]
      },
      "2": {
         "type": 2,
         "values": [
            null,
            2.5
         ]
      },
      "3": {
         "type": 2,
         "values": [
            9.5,
            12.5
         ]
      },
      "4": {
         "type": 2,
         "values": [
            3.5,
            4.5
         ]
      },
      "5": {
         "type": 2,
         "values": [
            2.5,
            4.5
         ]
      },
      "6": {
         "type": 2,
         "values": [
            8.5,
            11.5
         ]
      },
      "7": {
         "type": 2,
         "values": [
            0.5,
            2.5
         ]
      },
      "8": {
         "type": 1,
         "values": [
            0.5268527567386627,
            0.5538242757320404
         ]
      },
      "9": {
         "type": 1,
         "values": [
            null,
            4.387352705001831
         ]
      },
      "10": {
         "type": 2,
         "values": [
            44.5,
            46.0
         ]
      }
   },
   "feature_bounds_compact": {
      "0": {
         "type": 2,
         "values": [
            36.5,
            null
         ]
      },
      "1": {
         "type": 2,
         "values": [
            null,
            null
         ]
      },
      "2": {
         "type": 2,
         "values": [
            null,
            3.5
         ]
      },
      "3": {
         "type": 2,
         "values": [
            9.5,
            12.5
         ]
      },
      "4": {
         "type": 2,
         "values": [
            3.5,
            4.5
         ]
      },
      "5": {
         "type": 2,
         "values": [
            2.5,
            null
         ]
      },
      "6": {
         "type": 2,
         "values": [
            8.5,
            11.5
         ]
      },
      "7": {
         "type": 2,
         "values": [
            0.5,
            4.5
         ]
      },
      "8": {
         "type": 1,
         "values": [
            0.5268527567386627,
            0.5570580959320068
         ]
      },
      "9": {
         "type": 1,
         "values": [
            null,
            4.994168758392334
         ]
      },
      "10": {
         "type": 2,
         "values": [
            44.5,
            49.5
         ]
      }
   },
   "feature_bounds_compact_count": {
      "0": {
         "type": 2,
         "values": [
            36.5,
            null
         ]
      },
      "1": {
         "type": 2,
         "values": [
            null,
            null
         ]
      },
      "2": {
         "type": 2,
         "values": [
            null,
            3.5
         ]
      },
      "3": {
         "type": 2,
         "values": [
            9.5,
            12.5
         ]
      },
      "4": {
         "type": 2,
         "values": [
            3.5,
            4.5
         ]
      },
      "5": {
         "type": 2,
         "values": [
            2.5,
            null
         ]
      },
      "6": {
         "type": 2,
         "values": [
            8.5,
            11.5
         ]
      },
      "7": {
         "type": 2,
         "values": [
            0.5,
            4.5
         ]
      },
      "8": {
         "type": 1,
         "values": [
            0.5268527567386627,
            0.5570580959320068
         ]
      },
      "9": {
         "type": 1,
         "values": [
            null,
            4.994168758392334
         ]
      },
      "10": {
         "type": 2,
         "values": [
            44.5,
            49.5
         ]
      }
   },
   "counterfactual_sample": [
      42.0,
      0.0,
      2.0,
      10.0,
      4.0,
      4.0,
      11.0,
      1.0,
      0.5318527567386627,
      -0.21637494832950374,
      45.0
   ],
   "counterfactual_distance": 0.00445413553534417,
   "counterfactual_class": 1,
   "valid_": true
}