{
   "found": true,
   "num_iterations": 19,
   "num_foil": 5,
   "_observation": [
      48.0,
      0.0,
      1.0,
      14.0,
      6.0,
      2.0,
      9.0,
      0.0,
      -0.1473664551602441,
      -0.21637494832950374,
      40.0
   ],
   "_idx": 417,
   "factual_class": 0,
   "feature_bounds_splits": {
      "0": {
         "type": 2,
         "values": [
            47.5,
            null
         ]
      },
      "1": {
         "type": 2,
         "values": [
            null,
            null
         ]
      },
      "2": {
         "type": 2,
         "values": [
            null,
            null
         ]
      },
      "3": {
         "type": 2,
         "values": [
            null,
            null
         ]
      },
      "4": {
         "type": 2,
         "values": [
            null,
            null
         ]
      },
      "5": {
         "type": 2,
         "values": [
            null,
            null
         ]
      },
      "6": {
         "type": 2,
         "values": [
            null,
            null
         ]
      },
      "7": {
         "type": 2,
         "values": [
            null,
            null
         ]
      },
      "8": {
         "type": 1,
         "values": [
            null,
            0.01824694126844406
         ]
      },
      "9": {
         "type": 1,
         "values": [
            null,
            null
         ]
      },
      "10": {
         "type": 2,
         "values": [
            null,
            39.5
         ]
      }
   },
   "splits": [
      [
         0,
         46.5,
         false
      ],
      [
         8,
         0.06613514572381973,
         true
      ],
      [
         8,
         0.05464472621679306,
         true
      ],
      [
         8,
         0.01824694126844406,
         true
      ],
      [
         10,
         39.5,
         true
      ],
      [
         0,
         47.5,
         false
      ]
   ],
   "remaining_rules": [
      798,
      800,
      2220,
      4000,
      5417,
      6986,
      7041,
      8438,
      9664,
      11091,
      12239,
      14010
   ],
   "set_rules": [
      800,
      2220,
      4000,
      5417,
      6986,
      8438,
      9664,
      11091,
      12239,
      14010
   ],
   "foil_estimated_class": [
      1
   ],
   "distance": 0.0009276437847866418,
   "extraction_time": 0.17555475234985352,
   "feature_bounds": {
      "0": {
         "type": 2,
         "values": [
            47.5,
            50.0
         ]
      },
      "1": {
         "type": 2,
         "values": [
            null,
            0.5
         ]
      },
      "2": {
         "type": 2,
         "values": [
            0.5,
            1.5
         ]
      },
      "3": {
         "type": 2,
         "values": [
            13.5,
            14.5
         ]
      },
      "4": {
         "type": 2,
         "values": [
            5.5,
            6.5
         ]
      },
      "5": {
         "type": 2,
         "values": [
            0.5,
            2.5
         ]
      },
      "6": {
         "type": 2,
         "values": [
            8.5,
            9.5
         ]
      },
      "7": {
         "type": 2,
         "values": [
            null,
            0.5
         ]
      },
      "8": {
         "type": 1,
         "values": [
            null,
            -0.04374627582728863
         ]
      },
      "9": {
         "type": 1,
         "values": [
            null,
            1.32268675416708
         ]
      },
      "10": {
         "type": 2,
         "values": [
            38.5,
            39.0
         ]
      }
   },
   "feature_bounds_compact": {
      "0": {
         "type": 2,
         "values": [
            47.5,
            50.0
         ]
      },
      "1": {
         "type": 2,
         "values": [
            null,
            0.5
         ]
      },
      "2": {
         "type": 2,
         "values": [
            0.5,
            1.5
         ]
      },
      "3": {
         "type": 2,
         "values": [
            13.5,
            14.5
         ]
      },
      "4": {
         "type": 2,
         "values": [
            5.5,
            6.5
         ]
      },
      "5": {
         "type": 2,
         "values": [
            null,
            2.5
         ]
      },
      "6": {
         "type": 2,
         "values": [
            8.5,
            9.5
         ]
      },
      "7": {
         "type": 2,
         "values": [
            null,
            0.5
         ]
      },
      "8": {
         "type": 1,
         "values": [
            null,
            -0.04374627582728863
         ]
      },
      "9": {
         "type": 1,
         "values": [
            null,
            1.32268675416708
         ]
      },
      "10": {
         "type": 2,
         "values": [
            37.5,
            39.0
         ]
      }
   },
   "feature_bounds_compact_count": {
      "0": {
         "type": 2,
         "values": [
            47.5,
            52.5
         ]
      },
      "1": {
         "type": 2,
         "values": [
            null,
            0.5
         ]
      },
      "2": {
         "type": 2,
         "values": [
            0.5,
            1.5
         ]
      },
      "3": {
         "type": 2,
         "values": [
            13.5,
            14.5
         ]
      },
      "4": {
         "type": 2,
         "values": [
            5.5,
            6.5
         ]
      },
      "5": {
         "type": 2,
         "values": [
            null,
            2.5
         ]
      },
      "6": {
         "type": 2,
         "values": [
            8.5,
            9.5
         ]
      },
      "7": {
         "type": 2,
         "values": [
            null,
            0.5
         ]
      },
      "8": {
         "type": 1,
         "values": [
            null,
            -0.04374627582728863
         ]
      },
      "9": {
         "type": 1,
         "values": [
            null,
            1.32268675416708
         ]
      },
      "10": {
         "type": 2,
         "values": [
            37.5,
            39.0
         ]
      }
   },
   "counterfactual_sample": [
      48.0,
      0.0,
      1.0,
      14.0,
      6.0,
      2.0,
      9.0,
      0.0,
      -0.1473664551602441,
      -0.21637494832950374,
      39.0
   ],
   "counterfactual_distance": 0.0009276437847866418,
   "counterfactual_class": 1,
   "valid_": true
}