{
   "found": true,
   "num_iterations": 32,
   "num_foil": 13,
   "_observation": [
      57.0,
      1.0,
      2.0,
      13.0,
      5.0,
      2.0,
      3.0,
      0.0,
      0.4729785084702658,
      -0.21637494832950374,
      40.0
   ],
   "_idx": 304,
   "factual_class": 0,
   "feature_bounds_splits": {
      "0": {
         "type": 2,
         "values": [
            null,
            null
         ]
      },
      "1": {
         "type": 2,
         "values": [
            null,
            null
         ]
      },
      "2": {
         "type": 2,
         "values": [
            null,
            null
         ]
      },
      "3": {
         "type": 2,
         "values": [
            null,
            null
         ]
      },
      "4": {
         "type": 2,
         "values": [
            null,
            null
         ]
      },
      "5": {
         "type": 2,
         "values": [
            null,
            null
         ]
      },
      "6": {
         "type": 2,
         "values": [
            null,
            null
         ]
      },
      "7": {
         "type": 2,
         "values": [
            null,
            null
         ]
      },
      "8": {
         "type": 1,
         "values": [
            0.5538242757320404,
            0.5570580959320068
         ]
      },
      "9": {
         "type": 1,
         "values": [
            null,
            null
         ]
      },
      "10": {
         "type": 2,
         "values": [
            null,
            null
         ]
      }
   },
   "splits": [
      [
         8,
         0.579832524061203,
         true
      ],
      [
         8,
         0.5570580959320068,
         true
      ],
      [
         8,
         0.2819761037826538,
         false
      ],
      [
         8,
         0.5538242757320404,
         false
      ]
   ],
   "remaining_rules": [
      945,
      1255,
      2151,
      4449,
      5408,
      5534,
      6856,
      6886,
      8483,
      10305,
      11225,
      13047,
      14735
   ],
   "set_rules": [
      945,
      2151,
      4449,
      5408,
      6886,
      8483,
      10305,
      11225,
      13047,
      14735
   ],
   "foil_estimated_class": [
      1
   ],
   "distance": 0.0005344266453113602,
   "extraction_time": 0.18902325630187988,
   "feature_bounds": {
      "0": {
         "type": 2,
         "values": [
            38.5,
            62.5
         ]
      },
      "1": {
         "type": 2,
         "values": [
            0.5,
            null
         ]
      },
      "2": {
         "type": 2,
         "values": [
            1.5,
            3.0
         ]
      },
      "3": {
         "type": 2,
         "values": [
            12.5,
            13.5
         ]
      },
      "4": {
         "type": 2,
         "values": [
            4.5,
            5.5
         ]
      },
      "5": {
         "type": 2,
         "values": [
            0.5,
            2.5
         ]
      },
      "6": {
         "type": 2,
         "values": [
            1.5,
            4.0
         ]
      },
      "7": {
         "type": 2,
         "values": [
            null,
            0.5
         ]
      },
      "8": {
         "type": 1,
         "values": [
            0.5538242757320404,
            0.5570580959320068
         ]
      },
      "9": {
         "type": 1,
         "values": [
            null,
            1.6004030331969261
         ]
      },
      "10": {
         "type": 2,
         "values": [
            37.5,
            41.5
         ]
      }
   },
   "feature_bounds_compact": {
      "0": {
         "type": 2,
         "values": [
            38.5,
            62.5
         ]
      },
      "1": {
         "type": 2,
         "values": [
            0.5,
            null
         ]
      },
      "2": {
         "type": 2,
         "values": [
            1.5,
            3.0
         ]
      },
      "3": {
         "type": 2,
         "values": [
            12.5,
            null
         ]
      },
      "4": {
         "type": 2,
         "values": [
            4.5,
            5.5
         ]
      },
      "5": {
         "type": 2,
         "values": [
            0.5,
            2.5
         ]
      },
      "6": {
         "type": 2,
         "values": [
            1.5,
            4.0
         ]
      },
      "7": {
         "type": 2,
         "values": [
            null,
            0.5
         ]
      },
      "8": {
         "type": 1,
         "values": [
            0.5538242757320404,
            0.5570580959320068
         ]
      },
      "9": {
         "type": 1,
         "values": [
            null,
            1.6004030331969261
         ]
      },
      "10": {
         "type": 2,
         "values": [
            36.0,
            41.5
         ]
      }
   },
   "feature_bounds_compact_count": {
      "0": {
         "type": 2,
         "values": [
            38.5,
            62.5
         ]
      },
      "1": {
         "type": 2,
         "values": [
            0.5,
            null
         ]
      },
      "2": {
         "type": 2,
         "values": [
            1.5,
            3.0
         ]
      },
      "3": {
         "type": 2,
         "values": [
            12.5,
            null
         ]
      },
      "4": {
         "type": 2,
         "values": [
            4.5,
            5.5
         ]
      },
      "5": {
         "type": 2,
         "values": [
            0.5,
            2.5
         ]
      },
      "6": {
         "type": 2,
         "values": [
            1.5,
            4.0
         ]
      },
      "7": {
         "type": 2,
         "values": [
            null,
            0.5
         ]
      },
      "8": {
         "type": 1,
         "values": [
            0.5538242757320404,
            0.5570580959320068
         ]
      },
      "9": {
         "type": 1,
         "values": [
            null,
            1.6004030331969261
         ]
      },
      "10": {
         "type": 2,
         "values": [
            36.0,
            41.5
         ]
      }
   },
   "counterfactual_sample": [
      57.0,
      1.0,
      2.0,
      13.0,
      5.0,
      2.0,
      3.0,
      0.0,
      0.5588242757320404,
      -0.21637494832950374,
      40.0
   ],
   "counterfactual_distance": 0.0005340963272592537,
   "counterfactual_class": 1,
   "valid_": true
}