{
   "found": true,
   "num_iterations": 289,
   "num_foil": 128,
   "_observation": [
      49.0,
      0.0,
      1.0,
      14.0,
      6.0,
      2.0,
      3.0,
      0.0,
      -0.1473664551602441,
      -0.21637494832950374,
      47.0
   ],
   "_idx": 619,
   "factual_class": 1,
   "feature_bounds_splits": {
      "0": {
         "type": 2,
         "values": [
            null,
            null
         ]
      },
      "1": {
         "type": 2,
         "values": [
            null,
            null
         ]
      },
      "2": {
         "type": 2,
         "values": [
            null,
            null
         ]
      },
      "3": {
         "type": 2,
         "values": [
            null,
            null
         ]
      },
      "4": {
         "type": 2,
         "values": [
            null,
            null
         ]
      },
      "5": {
         "type": 2,
         "values": [
            null,
            null
         ]
      },
      "6": {
         "type": 2,
         "values": [
            null,
            null
         ]
      },
      "7": {
         "type": 2,
         "values": [
            null,
            0.5
         ]
      },
      "8": {
         "type": 1,
         "values": [
            0.05464472621679306,
            0.5570580959320068
         ]
      },
      "9": {
         "type": 1,
         "values": [
            null,
            null
         ]
      },
      "10": {
         "type": 2,
         "values": [
            null,
            46.5
         ]
      }
   },
   "splits": [
      [
         8,
         0.5949007645249367,
         true
      ],
      [
         8,
         0.579832524061203,
         true
      ],
      [
         10,
         48.5,
         true
      ],
      [
         10,
         47.5,
         true
      ],
      [
         8,
         0.5570580959320068,
         true
      ],
      [
         7,
         0.5,
         true
      ],
      [
         10,
         46.5,
         true
      ],
      [
         8,
         0.01824694126844406,
         false
      ],
      [
         8,
         0.05464472621679306,
         false
      ]
   ],
   "remaining_rules": [
      1121,
      2756,
      4055,
      5480,
      7120,
      8373,
      9742,
      11109,
      12909,
      14044
   ],
   "set_rules": [
      1121,
      2756,
      4055,
      5480,
      7120,
      8373,
      9742,
      11109,
      12909,
      14044
   ],
   "foil_estimated_class": [
      0
   ],
   "distance": 0.0022625329015625566,
   "extraction_time": 0.18827390670776367,
   "feature_bounds": {
      "0": {
         "type": 2,
         "values": [
            48.5,
            51.5
         ]
      },
      "1": {
         "type": 2,
         "values": [
            null,
            0.5
         ]
      },
      "2": {
         "type": 2,
         "values": [
            null,
            1.0
         ]
      },
      "3": {
         "type": 2,
         "values": [
            13.5,
            null
         ]
      },
      "4": {
         "type": 2,
         "values": [
            5.5,
            6.5
         ]
      },
      "5": {
         "type": 2,
         "values": [
            1.0,
            2.5
         ]
      },
      "6": {
         "type": 2,
         "values": [
            2.5,
            3.5
         ]
      },
      "7": {
         "type": 2,
         "values": [
            null,
            0.5
         ]
      },
      "8": {
         "type": 1,
         "values": [
            0.05464472621679306,
            0.26078420132398605
         ]
      },
      "9": {
         "type": 1,
         "values": [
            null,
            1.32268675416708
         ]
      },
      "10": {
         "type": 2,
         "values": [
            44.5,
            46.5
         ]
      }
   },
   "feature_bounds_compact": {
      "0": {
         "type": 2,
         "values": [
            48.5,
            51.5
         ]
      },
      "1": {
         "type": 2,
         "values": [
            null,
            0.5
         ]
      },
      "2": {
         "type": 2,
         "values": [
            null,
            1.0
         ]
      },
      "3": {
         "type": 2,
         "values": [
            13.5,
            null
         ]
      },
      "4": {
         "type": 2,
         "values": [
            5.5,
            6.5
         ]
      },
      "5": {
         "type": 2,
         "values": [
            1.0,
            2.5
         ]
      },
      "6": {
         "type": 2,
         "values": [
            2.5,
            3.5
         ]
      },
      "7": {
         "type": 2,
         "values": [
            null,
            0.5
         ]
      },
      "8": {
         "type": 1,
         "values": [
            0.05464472621679306,
            0.26078420132398605
         ]
      },
      "9": {
         "type": 1,
         "values": [
            null,
            1.32268675416708
         ]
      },
      "10": {
         "type": 2,
         "values": [
            44.5,
            46.5
         ]
      }
   },
   "feature_bounds_compact_count": {
      "0": {
         "type": 2,
         "values": [
            48.5,
            51.5
         ]
      },
      "1": {
         "type": 2,
         "values": [
            null,
            0.5
         ]
      },
      "2": {
         "type": 2,
         "values": [
            null,
            1.0
         ]
      },
      "3": {
         "type": 2,
         "values": [
            13.5,
            null
         ]
      },
      "4": {
         "type": 2,
         "values": [
            5.5,
            6.5
         ]
      },
      "5": {
         "type": 2,
         "values": [
            1.0,
            2.5
         ]
      },
      "6": {
         "type": 2,
         "values": [
            2.5,
            3.5
         ]
      },
      "7": {
         "type": 2,
         "values": [
            null,
            0.5
         ]
      },
      "8": {
         "type": 1,
         "values": [
            0.05464472621679306,
            0.26078420132398605
         ]
      },
      "9": {
         "type": 1,
         "values": [
            null,
            1.32268675416708
         ]
      },
      "10": {
         "type": 2,
         "values": [
            44.5,
            46.5
         ]
      }
   },
   "counterfactual_sample": [
      49.0,
      0.0,
      1.0,
      14.0,
      6.0,
      2.0,
      3.0,
      0.0,
      0.05964472621679306,
      -0.21637494832950374,
      46.0
   ],
   "counterfactual_distance": 0.0022622025835104496,
   "counterfactual_class": 0,
   "valid_": true
}