{
   "found": true,
   "num_iterations": 10506,
   "num_foil": 5227,
   "_observation": [
      32.0,
      0.0,
      2.0,
      10.0,
      4.0,
      0.0,
      11.0,
      4.0,
      -0.1473664551602441,
      -0.21637494832950374,
      40.0
   ],
   "_idx": 549,
   "factual_class": 0,
   "feature_bounds_splits": {
      "0": {
         "type": 2,
         "values": [
            31.5,
            32.5
         ]
      },
      "1": {
         "type": 2,
         "values": [
            null,
            null
         ]
      },
      "2": {
         "type": 2,
         "values": [
            1.5,
            2.5
         ]
      },
      "3": {
         "type": 2,
         "values": [
            9.5,
            null
         ]
      },
      "4": {
         "type": 2,
         "values": [
            null,
            4.5
         ]
      },
      "5": {
         "type": 2,
         "values": [
            null,
            0.5
         ]
      },
      "6": {
         "type": 2,
         "values": [
            10.5,
            11.5
         ]
      },
      "7": {
         "type": 2,
         "values": [
            null,
            null
         ]
      },
      "8": {
         "type": 1,
         "values": [
            0.5538242757320404,
            0.5570580959320068
         ]
      },
      "9": {
         "type": 1,
         "values": [
            null,
            null
         ]
      },
      "10": {
         "type": 2,
         "values": [
            39.5,
            42.5
         ]
      }
   },
   "splits": [
      [
         8,
         0.15441183000802994,
         false
      ],
      [
         8,
         0.19211692363023758,
         false
      ],
      [
         8,
         0.2646372765302658,
         false
      ],
      [
         8,
         0.3615833818912506,
         false
      ],
      [
         8,
         0.36385393887758255,
         false
      ],
      [
         8,
         0.3799542784690857,
         false
      ],
      [
         8,
         0.3816056028008461,
         false
      ],
      [
         8,
         0.4102972447872162,
         false
      ],
      [
         8,
         0.41077886521816254,
         false
      ],
      [
         8,
         0.4233013689517975,
         false
      ],
      [
         8,
         0.42791129648685455,
         false
      ],
      [
         8,
         0.43658071756362915,
         false
      ],
      [
         8,
         0.469056636095047,
         false
      ],
      [
         8,
         0.4950648844242096,
         false
      ],
      [
         8,
         0.501945361495018,
         false
      ],
      [
         8,
         0.8260164558887482,
         true
      ],
      [
         0,
         23.5,
         false
      ],
      [
         0,
         25.5,
         false
      ],
      [
         0,
         26.5,
         false
      ],
      [
         8,
         0.51907779276371,
         false
      ],
      [
         8,
         0.5425402596592903,
         false
      ],
      [
         6,
         11.5,
         true
      ],
      [
         8,
         0.5538242757320404,
         false
      ],
      [
         0,
         41.5,
         true
      ],
      [
         0,
         34.5,
         true
      ],
      [
         0,
         33.5,
         true
      ],
      [
         0,
         32.5,
         true
      ],
      [
         3,
         9.5,
         false
      ],
      [
         10,
         43.5,
         true
      ],
      [
         4,
         4.5,
         true
      ],
      [
         6,
         9.5,
         false
      ],
      [
         10,
         38.5,
         false
      ],
      [
         0,
         28.5,
         false
      ],
      [
         2,
         1.5,
         false
      ],
      [
         10,
         42.5,
         true
      ],
      [
         5,
         0.5,
         true
      ],
      [
         2,
         2.5,
         true
      ],
      [
         6,
         10.5,
         false
      ],
      [
         0,
         31.5,
         false
      ],
      [
         10,
         39.5,
         false
      ],
      [
         8,
         0.6996906697750092,
         true
      ],
      [
         8,
         0.5570580959320068,
         true
      ]
   ],
   "remaining_rules": [
      55,
      1723,
      4440,
      4566,
      6109,
      7584,
      10307,
      11337,
      13047,
      14736
   ],
   "set_rules": [
      55,
      1723,
      4440,
      4566,
      6109,
      7584,
      10307,
      11337,
      13047,
      14736
   ],
   "foil_estimated_class": [
      1
   ],
   "distance": 0.004632649445721182,
   "extraction_time": 0.35508012771606445,
   "feature_bounds": {
      "0": {
         "type": 2,
         "values": [
            31.5,
            32.5
         ]
      },
      "1": {
         "type": 2,
         "values": [
            null,
            null
         ]
      },
      "2": {
         "type": 2,
         "values": [
            1.5,
            2.5
         ]
      },
      "3": {
         "type": 2,
         "values": [
            9.5,
            12.5
         ]
      },
      "4": {
         "type": 2,
         "values": [
            2.5,
            4.5
         ]
      },
      "5": {
         "type": 2,
         "values": [
            null,
            0.5
         ]
      },
      "6": {
         "type": 2,
         "values": [
            10.0,
            11.5
         ]
      },
      "7": {
         "type": 2,
         "values": [
            0.5,
            4.5
         ]
      },
      "8": {
         "type": 1,
         "values": [
            0.5538242757320404,
            0.5570580959320068
         ]
      },
      "9": {
         "type": 1,
         "values": [
            null,
            4.300489902496338
         ]
      },
      "10": {
         "type": 2,
         "values": [
            39.0,
            44.5
         ]
      }
   },
   "feature_bounds_compact": {
      "0": {
         "type": 2,
         "values": [
            31.5,
            62.5
         ]
      },
      "1": {
         "type": 2,
         "values": [
            null,
            null
         ]
      },
      "2": {
         "type": 2,
         "values": [
            null,
            2.5
         ]
      },
      "3": {
         "type": 2,
         "values": [
            7.5,
            12.5
         ]
      },
      "4": {
         "type": 2,
         "values": [
            2.5,
            6.0
         ]
      },
      "5": {
         "type": 2,
         "values": [
            null,
            0.5
         ]
      },
      "6": {
         "type": 2,
         "values": [
            9.5,
            null
         ]
      },
      "7": {
         "type": 2,
         "values": [
            0.5,
            4.5
         ]
      },
      "8": {
         "type": 1,
         "values": [
            0.5538242757320404,
            0.5570580959320068
         ]
      },
      "9": {
         "type": 1,
         "values": [
            null,
            4.300489902496338
         ]
      },
      "10": {
         "type": 2,
         "values": [
            35.5,
            87.0
         ]
      }
   },
   "feature_bounds_compact_count": {
      "0": {
         "type": 2,
         "values": [
            31.5,
            62.5
         ]
      },
      "1": {
         "type": 2,
         "values": [
            null,
            null
         ]
      },
      "2": {
         "type": 2,
         "values": [
            null,
            2.5
         ]
      },
      "3": {
         "type": 2,
         "values": [
            7.5,
            12.5
         ]
      },
      "4": {
         "type": 2,
         "values": [
            2.5,
            6.0
         ]
      },
      "5": {
         "type": 2,
         "values": [
            null,
            0.5
         ]
      },
      "6": {
         "type": 2,