{
   "found": true,
   "num_iterations": 1453,
   "num_foil": 707,
   "_observation": [
      24.0,
      0.0,
      1.0,
      13.0,
      5.0,
      4.0,
      9.0,
      1.0,
      -0.1473664551602441,
      -0.21637494832950374,
      50.0
   ],
   "_idx": 994,
   "factual_class": 0,
   "feature_bounds_splits": {
      "0": {
         "type": 2,
         "values": [
            20.5,
            24.5
         ]
      },
      "1": {
         "type": 2,
         "values": [
            null,
            null
         ]
      },
      "2": {
         "type": 2,
         "values": [
            null,
            null
         ]
      },
      "3": {
         "type": 2,
         "values": [
            12.5,
            13.5
         ]
      },
      "4": {
         "type": 2,
         "values": [
            4.5,
            5.5
         ]
      },
      "5": {
         "type": 2,
         "values": [
            null,
            null
         ]
      },
      "6": {
         "type": 2,
         "values": [
            8.5,
            null
         ]
      },
      "7": {
         "type": 2,
         "values": [
            null,
            null
         ]
      },
      "8": {
         "type": 1,
         "values": [
            0.8260164558887482,
            0.8923443257808685
         ]
      },
      "9": {
         "type": 1,
         "values": [
            null,
            null
         ]
      },
      "10": {
         "type": 2,
         "values": [
            49.5,
            50.5
         ]
      }
   },
   "splits": [
      [
         8,
         0.18200258165597916,
         false
      ],
      [
         8,
         0.3615833818912506,
         false
      ],
      [
         8,
         0.41077886521816254,
         false
      ],
      [
         8,
         0.42089320719242096,
         false
      ],
      [
         8,
         0.44359882175922394,
         false
      ],
      [
         8,
         0.4959593564271927,
         false
      ],
      [
         8,
         0.501945361495018,
         false
      ],
      [
         8,
         0.5268527567386627,
         false
      ],
      [
         0,
         20.5,
         false
      ],
      [
         8,
         0.8260164558887482,
         false
      ],
      [
         8,
         0.9817907512187958,
         true
      ],
      [
         8,
         0.9574337601661682,
         true
      ],
      [
         8,
         0.9165636599063873,
         true
      ],
      [
         0,
         28.5,
         true
      ],
      [
         10,
         52.5,
         true
      ],
      [
         10,
         50.5,
         true
      ],
      [
         3,
         13.5,
         true
      ],
      [
         8,
         0.8923443257808685,
         true
      ],
      [
         0,
         27.5,
         true
      ],
      [
         10,
         40.5,
         false
      ],
      [
         0,
         26.5,
         true
      ],
      [
         10,
         41.5,
         false
      ],
      [
         4,
         4.5,
         false
      ],
      [
         4,
         5.5,
         true
      ],
      [
         0,
         25.5,
         true
      ],
      [
         10,
         44.5,
         false
      ],
      [
         3,
         12.5,
         false
      ],
      [
         6,
         8.5,
         false
      ],
      [
         0,
         24.5,
         true
      ],
      [
         10,
         49.5,
         false
      ]
   ],
   "remaining_rules": [
      1407,
      1648,
      4454,
      5711,
      7354,
      8839,
      10312,
      11520,
      13076,
      14739
   ],
   "set_rules": [
      1407,
      1648,
      4454,
      5711,
      7354,
      8839,
      10312,
      11520,
      13076,
      14739
   ],
   "foil_estimated_class": [
      1
   ],
   "distance": 0.006430849260680742,
   "extraction_time": 0.18697643280029297,
   "feature_bounds": {
      "0": {
         "type": 2,
         "values": [
            20.5,
            25.5
         ]
      },
      "1": {
         "type": 2,
         "values": [
            null,
            0.5
         ]
      },
      "2": {
         "type": 2,
         "values": [
            0.5,
            1.5
         ]
      },
      "3": {
         "type": 2,
         "values": [
            12.5,
            13.5
         ]
      },
      "4": {
         "type": 2,
         "values": [
            null,
            5.5
         ]
      },
      "5": {
         "type": 2,
         "values": [
            3.5,
            5.5
         ]
      },
      "6": {
         "type": 2,
         "values": [
            8.0,
            10.5
         ]
      },
      "7": {
         "type": 2,
         "values": [
            0.5,
            1.5
         ]
      },
      "8": {
         "type": 1,
         "values": [
            0.8260164558887482,
            0.9165636599063873
         ]
      },
      "9": {
         "type": 1,
         "values": [
            null,
            4.994168758392334
         ]
      },
      "10": {
         "type": 2,
         "values": [
            49.5,
            52.5
         ]
      }
   },
   "feature_bounds_compact": {
      "0": {
         "type": 2,
         "values": [
            20.5,
            27.5
         ]
      },
      "1": {
         "type": 2,
         "values": [
            null,
            null
         ]
      },
      "2": {
         "type": 2,
         "values": [
            null,
            1.5
         ]
      },
      "3": {
         "type": 2,
         "values": [
            12.5,
            13.5
         ]
      },
      "4": {
         "type": 2,
         "values": [
            null,
            null
         ]
      },
      "5": {
         "type": 2,
         "values": [
            2.5,
            5.5
         ]
      },
      "6": {
         "type": 2,
         "values": [
            5.0,
            null
         ]
      },
      "7": {
         "type": 2,
         "values": [
            0.5,
            2.0
         ]
      },
      "8": {
         "type": 1,
         "values": [
            0.8260164558887482,
            4.609666705131531
         ]
      },
      "9": {
         "type": 1,
         "values": [
            null,
            null
         ]
      },
      "10": {
         "type": 2,
         "values": [
            49.0,
            52.5
         ]
      }
   },
   "feature_bounds_compact_count": {
      "0": {
         "type": 2,
         "values": [
            20.5,
            27.5
         ]
      },
      "1": {
         "type": 2,
         "values": [
            null,
            null
         ]
      },
      "2": {
         "type": 2,
         "values": [
            null,
            1.5
         ]
      },
      "3": {
         "type": 2,
         "values": [
            12.5,
            13.5
         ]
      },
      "4": {
         "type": 2,
         "values": [
            null,
            null
         ]
      },
      "5": {
         "type": 2,
         "values": [
            2.5,
            5.5
         ]
      },
      "6": {
         "type": 2,
         "values": [
            5.0,
            null
         ]
      },
      "7": {
         "type": 2,
         "values": [
            0.5,
            2.0
         ]
      },
      "8": {
         "type": 1,
         "values": [
            0.8260164558887482,
            4.609666705131531
         ]
      },
      "9": {
         "type": 1,
         "values": [
            null,
            null
         ]
      },
      "10": {
         "type": 2,
         "values": [
            49.0,
            52.5
         ]
      }
   },
   "counterfactual_sample": [
      24.0,
      0.0,
      1.0,
      13.0,
      5.0,
      4.0,
      9.0,
      1.0,
      0.8310164558887482,
      -0.21637494832950374,
      50.0
   ],
   "counterfactual_distance": 0.0064305189426286345,
   "counterfactual_class": 1,