{
   "factual_sample": {
      "sex": 0.0,
      "length": 0.09167250663435374,
      "diameter": 0.5252423994470907,
      "height": 0.13111745452028825,
      "whole_weight": -0.08411097233744226,
      "shucked_weight": -0.08951884691813224,
      "viscera_weight": 0.1816257957867564,
      "shell_weight": -0.2789853715607197,
      "y": true
   },
   "counterfactual_sample": {
      "sex": 0.0,
      "length": -0.13565604025758193,
      "diameter": 0.5252423994470907,
      "height": -0.3140070362735822,
      "whole_weight": -0.2222745615038949,
      "shucked_weight": -0.5991093804599781,
      "viscera_weight": 0.1723586203765226,
      "shell_weight": -0.39982126481486113,
      "y": 0.0
   },
   "counterfactual_found": true,
   "counterfactual_plausible": true,
   "counterfactual_distance": 0.021438798557108216,
   "counterfactual_time": 0.43926262855529785,
   "counterfactual_class": 0,
   "factual_class": 1,
   "valid_": true
}