{
   "factual_sample": {
      "sex": 2.0,
      "length": -0.07488515330983822,
      "diameter": 0.12213031814428865,
      "height": 0.011563294395590387,
      "whole_weight": -0.12184064045372395,
      "shucked_weight": -0.4905346735689304,
      "viscera_weight": -0.2426399094960441,
      "shell_weight": 0.3676313601863985,
      "y": false
   },
   "counterfactual_sample": {
      "sex": 2.0,
      "length": -0.07488515330983822,
      "diameter": 0.49842228864179594,
      "height": -0.5531153598588242,
      "whole_weight": 0.14941362561845006,
      "shucked_weight": -0.6497995843650837,
      "viscera_weight": 0.3528438476610827,
      "shell_weight": -0.35671348698092253,
      "y": 1.0
   },
   "counterfactual_found": true,
   "counterfactual_plausible": true,
   "counterfactual_distance": 0.042616164879926095,
   "counterfactual_time": 0.439225435256958,
   "counterfactual_class": 1,
   "factual_class": 0,
   "valid_": true
}