{
   "counterfactual_sample": {
      "y": 0, 
      "skewness_wti": -1.2090616964184426, 
      "variance_wti": -0.01898, 
      "entropy": 0.8409516827685846, 
      "curtosis_wty": 1.2072698777712667
   }, 
   "factual_class": 0, 
   "factual_sample": {
      "y": 0, 
      "entropy": 0.8409516827685846, 
      "variance_wti": 0.9572929814475843, 
      "skewness_wti": -1.2090616964184426, 
      "curtosis_wty": 1.2072698777712667
   }, 
   "counterfactual_distance": 0.050016599061460644, 
   "counterfactual_class": 0, 
   "counterfactual_rule": {
      "variance_wti": "<=-0.01898"
   }, 
   "counterfactual_time": 12.748840093612671, 
   "counterfactual_found": false
}