{
   "found": true,
   "num_iterations": 61947,
   "num_foil": 30927,
   "_observation": [
      24.0,
      0.0,
      0.0,
      10.0,
      4.0,
      4.0,
      0.0,
      3.0,
      -0.1473664551602441,
      -0.21637494832950374,
      40.0
   ],
   "_idx": 499,
   "factual_class": 0,
   "feature_bounds_splits": {
      "0": {
         "type": 2,
         "values": [
            null,
            null
         ]
      },
      "1": {
         "type": 2,
         "values": [
            null,
            null
         ]
      },
      "2": {
         "type": 2,
         "values": [
            null,
            null
         ]
      },
      "3": {
         "type": 2,
         "values": [
            null,
            null
         ]
      },
      "4": {
         "type": 2,
         "values": [
            null,
            null
         ]
      },
      "5": {
         "type": 2,
         "values": [
            null,
            null
         ]
      },
      "6": {
         "type": 2,
         "values": [
            null,
            null
         ]
      },
      "7": {
         "type": 2,
         "values": [
            null,
            null
         ]
      },
      "8": {
         "type": 1,
         "values": [
            0.9165636599063873,
            0.9574337601661682
         ]
      },
      "9": {
         "type": 1,
         "values": [
            null,
            null
         ]
      },
      "10": {
         "type": 2,
         "values": [
            null,
            null
         ]
      }
   },
   "splits": [
      [
         8,
         0.370252788066864,
         false
      ],
      [
         8,
         0.425640732049942,
         false
      ],
      [
         8,
         0.43403492867946625,
         false
      ],
      [
         8,
         0.43479177355766296,
         false
      ],
      [
         8,
         0.44359882175922394,
         false
      ],
      [
         8,
         0.4742858111858368,
         false
      ],
      [
         8,
         0.4950648844242096,
         false
      ],
      [
         8,
         0.4959593564271927,
         false
      ],
      [
         8,
         0.501945361495018,
         false
      ],
      [
         8,
         0.54721899330616,
         false
      ],
      [
         8,
         0.5538242757320404,
         false
      ],
      [
         8,
         0.6649441868066788,
         false
      ],
      [
         8,
         0.6996906697750092,
         false
      ],
      [
         8,
         0.7923708558082581,
         false
      ],
      [
         8,
         0.7927148938179016,
         false
      ],
      [
         8,
         0.8260164558887482,
         false
      ],
      [
         8,
         1.9961125701665878,
         true
      ],
      [
         8,
         1.1698344945907593,
         true
      ],
      [
         8,
         1.0885758996009827,
         true
      ],
      [
         8,
         0.9165636599063873,
         false
      ],
      [
         8,
         0.9574337601661682,
         true
      ]
   ],
   "remaining_rules": [
      842,
      1980,
      3562,
      5373,
      6043,
      8737,
      9444,
      11477,
      12515,
      14536
   ],
   "set_rules": [
      842,
      1980,
      3562,
      5373,
      6043,
      8737,
      9444,
      11477,
      12515,
      14536
   ],
   "foil_estimated_class": [
      1
   ],
   "distance": 0.007029036781776622,
   "extraction_time": 1.8300199508666992,
   "feature_bounds": {
      "0": {
         "type": 2,
         "values": [
            null,
            28.5
         ]
      },
      "1": {
         "type": 2,
         "values": [
            null,
            null
         ]
      },
      "2": {
         "type": 2,
         "values": [
            null,
            1.5
         ]
      },
      "3": {
         "type": 2,
         "values": [
            8.5,
            10.5
         ]
      },
      "4": {
         "type": 2,
         "values": [
            3.5,
            5.5
         ]
      },
      "5": {
         "type": 2,
         "values": [
            2.5,
            4.5
         ]
      },
      "6": {
         "type": 2,
         "values": [
            null,
            null
         ]
      },
      "7": {
         "type": 2,
         "values": [
            2.5,
            3.5
         ]
      },
      "8": {
         "type": 1,
         "values": [
            0.9165636599063873,
            0.9574337601661682
         ]
      },
      "9": {
         "type": 1,
         "values": [
            null,
            5.243746280670166
         ]
      },
      "10": {
         "type": 2,
         "values": [
            37.5,
            41.5
         ]
      }
   },
   "feature_bounds_compact": {
      "0": {
         "type": 2,
         "values": [
            null,
            30.5
         ]
      },
      "1": {
         "type": 2,
         "values": [
            null,
            null
         ]
      },
      "2": {
         "type": 2,
         "values": [
            null,
            1.5
         ]
      },
      "3": {
         "type": 2,
         "values": [
            8.5,
            12.5
         ]
      },
      "4": {
         "type": 2,
         "values": [
            3.5,
            5.5
         ]
      },
      "5": {
         "type": 2,
         "values": [
            2.5,
            4.5
         ]
      },
      "6": {
         "type": 2,
         "values": [
            null,
            null
         ]
      },
      "7": {
         "type": 2,
         "values": [
            2.5,
            3.5
         ]
      },
      "8": {
         "type": 1,
         "values": [
            0.9165636599063873,
            0.9574337601661682
         ]
      },
      "9": {
         "type": 1,
         "values": [
            null,
            5.243746280670166
         ]
      },
      "10": {
         "type": 2,
         "values": [
            21.5,
            42.5
         ]
      }
   },
   "feature_bounds_compact_count": {
      "0": {
         "type": 2,
         "values": [
            null,
            30.5
         ]
      },
      "1": {
         "type": 2,
         "values": [
            null,
            null
         ]
      },
      "2": {
         "type": 2,
         "values": [
            null,
            1.5
         ]
      },
      "3": {
         "type": 2,
         "values": [
            8.5,
            12.5
         ]
      },
      "4": {
         "type": 2,
         "values": [
            3.5,
            5.5
         ]
      },
      "5": {
         "type": 2,
         "values": [
            2.5,
            4.5
         ]
      },
      "6": {
         "type": 2,
         "values": [
            null,
            null
         ]
      },
      "7": {
         "type": 2,
         "values": [
            2.5,
            3.5
         ]
      },
      "8": {
         "type": 1,
         "values": [
            0.9165636599063873,
            0.9574337601661682
         ]
      },
      "9": {
         "type": 1,
         "values": [
            null,
            5.243746280670166
         ]
      },
      "10": {
         "type": 2,
         "values": [
            21.5,
            42.5
         ]
      }
   },
   "counterfactual_sample": [
      24.0,
      0.0,
      0.0,
      10.0,
      4.0,
      4.0,
      0.0,
      3.0,
      0.9215636599063873,
      -0.21637494832950374,
      40.0
   ],
   "counterfactual_distance": 0.007028706463724514,
   "counterfactual_class": 1,
   "valid_": true
}