{
   "found": true,
   "num_iterations": 79,
   "num_foil": 32,
   "_observation": [
      43.0,
      0.0,
      2.0,
      13.0,
      5.0,
      4.0,
      9.0,
      1.0,
      -0.1473664551602441,
      -0.21637494832950374,
      45.0
   ],
   "_idx": 57,
   "factual_class": 0,
   "feature_bounds_splits": {
      "0": {
         "type": 2,
         "values": [
            40.5,
            41.5
         ]
      },
      "1": {
         "type": 2,
         "values": [
            null,
            null
         ]
      },
      "2": {
         "type": 2,
         "values": [
            null,
            null
         ]
      },
      "3": {
         "type": 2,
         "values": [
            null,
            null
         ]
      },
      "4": {
         "type": 2,
         "values": [
            null,
            null
         ]
      },
      "5": {
         "type": 2,
         "values": [
            null,
            null
         ]
      },
      "6": {
         "type": 2,
         "values": [
            null,
            null
         ]
      },
      "7": {
         "type": 2,
         "values": [
            null,
            null
         ]
      },
      "8": {
         "type": 1,
         "values": [
            null,
            -0.06817201431840658
         ]
      },
      "9": {
         "type": 1,
         "values": [
            null,
            null
         ]
      },
      "10": {
         "type": 2,
         "values": [
            42.5,
            44.5
         ]
      }
   },
   "splits": [
      [
         8,
         0.9165636599063873,
         true
      ],
      [
         8,
         0.8260164558887482,
         true
      ],
      [
         0,
         43.5,
         true
      ],
      [
         0,
         42.5,
         true
      ],
      [
         10,
         46.5,
         true
      ],
      [
         10,
         45.5,
         true
      ],
      [
         0,
         40.5,
         false
      ],
      [
         10,
         44.5,
         true
      ],
      [
         10,
         42.5,
         false
      ],
      [
         0,
         41.5,
         true
      ],
      [
         8,
         -0.06817201431840658,
         true
      ]
   ],
   "remaining_rules": [
      1414,
      2848,
      3767,
      5642,
      7059,
      8634,
      9387,
      11528,
      13088,
      14398
   ],
   "set_rules": [
      1414,
      2848,
      3767,
      5642,
      7059,
      8634,
      9387,
      11528,
      13088,
      14398
   ],
   "foil_estimated_class": [
      1
   ],
   "distance": 0.003418303809693242,
   "extraction_time": 0.34522342681884766,
   "feature_bounds": {
      "0": {
         "type": 2,
         "values": [
            40.5,
            41.0
         ]
      },
      "1": {
         "type": 2,
         "values": [
            null,
            0.5
         ]
      },
      "2": {
         "type": 2,
         "values": [
            1.5,
            2.5
         ]
      },
      "3": {
         "type": 2,
         "values": [
            12.5,
            13.5
         ]
      },
      "4": {
         "type": 2,
         "values": [
            4.5,
            5.5
         ]
      },
      "5": {
         "type": 2,
         "values": [
            3.5,
            4.5
         ]
      },
      "6": {
         "type": 2,
         "values": [
            8.0,
            9.5
         ]
      },
      "7": {
         "type": 2,
         "values": [
            0.5,
            1.5
         ]
      },
      "8": {
         "type": 1,
         "values": [
            null,
            -0.06817201431840658
         ]
      },
      "9": {
         "type": 1,
         "values": [
            null,
            1.6970531567931175
         ]
      },
      "10": {
         "type": 2,
         "values": [
            43.5,
            44.5
         ]
      }
   },
   "feature_bounds_compact": {
      "0": {
         "type": 2,
         "values": [
            38.5,
            41.0
         ]
      },
      "1": {
         "type": 2,
         "values": [
            null,
            0.5
         ]
      },
      "2": {
         "type": 2,
         "values": [
            1.5,
            2.5
         ]
      },
      "3": {
         "type": 2,
         "values": [
            12.5,
            13.5
         ]
      },
      "4": {
         "type": 2,
         "values": [
            4.5,
            5.5
         ]
      },
      "5": {
         "type": 2,
         "values": [
            3.5,
            4.5
         ]
      },
      "6": {
         "type": 2,
         "values": [
            8.0,
            10.0
         ]
      },
      "7": {
         "type": 2,
         "values": [
            0.5,
            1.5
         ]
      },
      "8": {
         "type": 1,
         "values": [
            null,
            -0.06817201431840658
         ]
      },
      "9": {
         "type": 1,
         "values": [
            null,
            1.6970531567931175
         ]
      },
      "10": {
         "type": 2,
         "values": [
            43.5,
            44.5
         ]
      }
   },
   "feature_bounds_compact_count": {
      "0": {
         "type": 2,
         "values": [
            38.5,
            41.0
         ]
      },
      "1": {
         "type": 2,
         "values": [
            null,
            0.5
         ]
      },
      "2": {
         "type": 2,
         "values": [
            1.5,
            2.5
         ]
      },
      "3": {
         "type": 2,
         "values": [
            12.5,
            13.5
         ]
      },
      "4": {
         "type": 2,
         "values": [
            4.5,
            5.5
         ]
      },
      "5": {
         "type": 2,
         "values": [
            3.5,
            4.5
         ]
      },
      "6": {
         "type": 2,
         "values": [
            8.0,
            10.0
         ]
      },
      "7": {
         "type": 2,
         "values": [
            0.5,
            1.5
         ]
      },
      "8": {
         "type": 1,
         "values": [
            null,
            -0.06817201431840658
         ]
      },
      "9": {
         "type": 1,
         "values": [
            null,
            1.6970531567931175
         ]
      },
      "10": {
         "type": 2,
         "values": [
            43.5,
            44.5
         ]
      }
   },
   "counterfactual_sample": [
      41.0,
      0.0,
      2.0,
      13.0,
      5.0,
      4.0,
      9.0,
      1.0,
      -0.1473664551602441,
      -0.21637494832950374,
      44.0
   ],
   "counterfactual_distance": 0.0034183038096932423,
   "counterfactual_class": 1,
   "valid_": true
}