{
   "found": true,
   "num_iterations": 4648,
   "num_foil": 2307,
   "_observation": [
      63.0,
      1.0,
      2.0,
      1.0,
      1.0,
      2.0,
      9.0,
      0.0,
      -0.1473664551602441,
      -0.21637494832950374,
      30.0
   ],
   "_idx": 904,
   "factual_class": 0,
   "feature_bounds_splits": {
      "0": {
         "type": 2,
         "values": [
            null,
            null
         ]
      },
      "1": {
         "type": 2,
         "values": [
            null,
            null
         ]
      },
      "2": {
         "type": 2,
         "values": [
            null,
            null
         ]
      },
      "3": {
         "type": 2,
         "values": [
            null,
            null
         ]
      },
      "4": {
         "type": 2,
         "values": [
            null,
            3.5
         ]
      },
      "5": {
         "type": 2,
         "values": [
            null,
            null
         ]
      },
      "6": {
         "type": 2,
         "values": [
            8.5,
            null
         ]
      },
      "7": {
         "type": 2,
         "values": [
            null,
            0.5
         ]
      },
      "8": {
         "type": 1,
         "values": [
            0.5538242757320404,
            0.9165636599063873
         ]
      },
      "9": {
         "type": 1,
         "values": [
            null,
            null
         ]
      },
      "10": {
         "type": 2,
         "values": [
            28.5,
            41.5
         ]
      }
   },
   "splits": [
      [
         8,
         0.06613514572381973,
         false
      ],
      [
         8,
         0.30585141479969025,
         false
      ],
      [
         8,
         0.39323362708091736,
         false
      ],
      [
         8,
         0.4145631492137909,
         false
      ],
      [
         8,
         0.4233013689517975,
         false
      ],
      [
         8,
         0.425640732049942,
         false
      ],
      [
         8,
         0.42791129648685455,
         false
      ],
      [
         8,
         0.43403492867946625,
         false
      ],
      [
         8,
         0.43658071756362915,
         false
      ],
      [
         8,
         0.44531891494989395,
         false
      ],
      [
         8,
         0.4950648844242096,
         false
      ],
      [
         8,
         0.5538242757320404,
         false
      ],
      [
         8,
         1.2322405949234962,
         true
      ],
      [
         8,
         1.1698344945907593,
         true
      ],
      [
         8,
         0.9574337601661682,
         true
      ],
      [
         8,
         0.9165636599063873,
         true
      ],
      [
         10,
         49.5,
         true
      ],
      [
         7,
         0.5,
         true
      ],
      [
         10,
         42.5,
         true
      ],
      [
         10,
         41.5,
         true
      ],
      [
         6,
         5.5,
         false
      ],
      [
         6,
         8.5,
         false
      ],
      [
         4,
         3.5,
         true
      ],
      [
         10,
         28.5,
         false
      ]
   ],
   "remaining_rules": [
      73,
      1447,
      1464,
      1465,
      1470,
      1474,
      1475,
      1476,
      1977,
      1979,
      2009,
      2031,
      3297,
      5363,
      5367,
      6080,
      6853,
      6859,
      7257,
      7258,
      7785,
      7786,
      7790,
      9047,
      10250,
      10762,
      11695,
      14531,
      14536,
      14537
   ],
   "set_rules": [
      73,
      1470,
      3297,
      5363,
      6853,
      7785,
      9047,
      10250,
      11695,
      14531
   ],
   "foil_estimated_class": [
      1
   ],
   "distance": 0.004632649445721182,
   "extraction_time": 0.24086833000183105,
   "feature_bounds": {
      "0": {
         "type": 2,
         "values": [
            54.5,
            null
         ]
      },
      "1": {
         "type": 2,
         "values": [
            0.5,
            null
         ]
      },
      "2": {
         "type": 2,
         "values": [
            1.5,
            null
         ]
      },
      "3": {
         "type": 2,
         "values": [
            null,
            6.5
         ]
      },
      "4": {
         "type": 2,
         "values": [
            null,
            2.5
         ]
      },
      "5": {
         "type": 2,
         "values": [
            null,
            2.5
         ]
      },
      "6": {
         "type": 2,
         "values": [
            8.0,
            10.5
         ]
      },
      "7": {
         "type": 2,
         "values": [
            null,
            0.5
         ]
      },
      "8": {
         "type": 1,
         "values": [
            0.5538242757320404,
            0.579832524061203
         ]
      },
      "9": {
         "type": 1,
         "values": [
            null,
            4.145115375518799
         ]
      },
      "10": {
         "type": 2,
         "values": [
            27.5,
            41.5
         ]
      }
   },
   "feature_bounds_compact": {
      "0": {
         "type": 2,
         "values": [
            54.5,
            null
         ]
      },
      "1": {
         "type": 2,
         "values": [
            0.5,
            null
         ]
      },
      "2": {
         "type": 2,
         "values": [
            null,
            null
         ]
      },
      "3": {
         "type": 2,
         "values": [
            null,
            6.5
         ]
      },
      "4": {
         "type": 2,
         "values": [
            null,
            2.5
         ]
      },
      "5": {
         "type": 2,
         "values": [
            null,
            3.0
         ]
      },
      "6": {
         "type": 2,
         "values": [
            8.0,
            10.5
         ]
      },
      "7": {
         "type": 2,
         "values": [
            null,
            0.5
         ]
      },
      "8": {
         "type": 1,
         "values": [
            0.5538242757320404,
            0.579832524061203
         ]
      },
      "9": {
         "type": 1,
         "values": [
            null,
            4.145115375518799
         ]
      },
      "10": {
         "type": 2,
         "values": [
            27.5,
            44.5
         ]
      }
   },
   "feature_bounds_compact_count": {
      "0": {
         "type": 2,
         "values": [
            54.5,
            null
         ]
      },
      "1": {
         "type": 2,
         "values": [
            0.5,
            null
         ]
      },
      "2": {
         "type": 2,
         "values": [
            null,
            null
         ]
      },
      "3": {
         "type": 2,
         "values": [
            null,
            6.5
         ]
      },
      "4": {
         "type": 2,
         "values": [
            null,
            2.5
         ]
      },
      "5": {
         "type": 2,
         "values": [
            null,
            3.0
         ]
      },
      "6": {
         "type": 2,
         "values": [
            8.0,
            10.5
         ]
      },
      "7": {
         "type": 2,
         "values": [
            null,
            0.5
         ]
      },
      "8": {
         "type": 1,
         "values": [
            0.5538242757320404,
            0.579832524061203
         ]
      },
      "9": {
         "type": 1,
         "values": [
            null,
            4.145115375518799
         ]
      },
      "10": {
         "type": 2,
         "values": [
            27.5,
            44.5
         ]
      }
   },
   "counterfactual_sample": [
      63.0,
      1.0,
      2.0,
      1.0,
      1.0,
      2.0,
      9.0,
      0.0,
      0.5588242757320404,
      -0.21637494832950374,
      30.0
   ],
   "counterfactual_distance": 0.004632319127669075,
   "counterfactual_class": 1,
   "valid_": true
}