{
   "found": true,
   "num_iterations": 103837,
   "num_foil": 51887,
   "_observation": [
      44.0,
      1.0,
      1.0,
      8.0,
      2.0,
      2.0,
      7.0,
      2.0,
      -0.1473664551602441,
      -0.21637494832950374,
      35.0
   ],
   "_idx": 457,
   "factual_class": 0,
   "feature_bounds_splits": {
      "0": {
         "type": 2,
         "values": [
            null,
            null
         ]
      },
      "1": {
         "type": 2,
         "values": [
            null,
            null
         ]
      },
      "2": {
         "type": 2,
         "values": [
            null,
            null
         ]
      },
      "3": {
         "type": 2,
         "values": [
            null,
            null
         ]
      },
      "4": {
         "type": 2,
         "values": [
            null,
            null
         ]
      },
      "5": {
         "type": 2,
         "values": [
            null,
            null
         ]
      },
      "6": {
         "type": 2,
         "values": [
            null,
            null
         ]
      },
      "7": {
         "type": 2,
         "values": [
            null,
            null
         ]
      },
      "8": {
         "type": 1,
         "values": [
            0.8260164558887482,
            0.9165636599063873
         ]
      },
      "9": {
         "type": 1,
         "values": [
            null,
            null
         ]
      },
      "10": {
         "type": 2,
         "values": [
            null,
            35.5
         ]
      }
   },
   "splits": [
      [
         8,
         0.15441183000802994,
         false
      ],
      [
         8,
         0.19755250960588455,
         false
      ],
      [
         8,
         0.24489025585353374,
         false
      ],
      [
         8,
         0.370252788066864,
         false
      ],
      [
         8,
         0.425640732049942,
         false
      ],
      [
         8,
         0.42791129648685455,
         false
      ],
      [
         8,
         0.43403492867946625,
         false
      ],
      [
         8,
         0.43479177355766296,
         false
      ],
      [
         8,
         0.44359882175922394,
         false
      ],
      [
         8,
         0.4950648844242096,
         false
      ],
      [
         8,
         0.5504528135061264,
         false
      ],
      [
         8,
         0.9574337601661682,
         true
      ],
      [
         8,
         0.5538242757320404,
         false
      ],
      [
         8,
         0.9165636599063873,
         true
      ],
      [
         8,
         0.6612287014722824,
         false
      ],
      [
         8,
         0.8260164558887482,
         false
      ],
      [
         10,
         35.5,
         true
      ]
   ],
   "remaining_rules": [
      74,
      1843,
      3688,
      5363,
      7257,
      8737,
      9305,
      11398,
      12509,
      14536
   ],
   "set_rules": [
      74,
      1843,
      3688,
      5363,
      7257,
      8737,
      9305,
      11398,
      12509,
      14536
   ],
   "foil_estimated_class": [
      1
   ],
   "distance": 0.006430849260680742,
   "extraction_time": 2.97491717338562,
   "feature_bounds": {
      "0": {
         "type": 2,
         "values": [
            35.5,
            54.0
         ]
      },
      "1": {
         "type": 2,
         "values": [
            null,
            null
         ]
      },
      "2": {
         "type": 2,
         "values": [
            null,
            1.5
         ]
      },
      "3": {
         "type": 2,
         "values": [
            7.0,
            8.5
         ]
      },
      "4": {
         "type": 2,
         "values": [
            null,
            3.5
         ]
      },
      "5": {
         "type": 2,
         "values": [
            null,
            2.0
         ]
      },
      "6": {
         "type": 2,
         "values": [
            5.5,
            8.5
         ]
      },
      "7": {
         "type": 2,
         "values": [
            0.5,
            2.5
         ]
      },
      "8": {
         "type": 1,
         "values": [
            0.8260164558887482,
            0.9165636599063873
         ]
      },
      "9": {
         "type": 1,
         "values": [
            null,
            2.5314252004027367
         ]
      },
      "10": {
         "type": 2,
         "values": [
            null,
            35.5
         ]
      }
   },
   "feature_bounds_compact": {
      "0": {
         "type": 2,
         "values": [
            35.5,
            62.5
         ]
      },
      "1": {
         "type": 2,
         "values": [
            null,
            null
         ]
      },
      "2": {
         "type": 2,
         "values": [
            null,
            null
         ]
      },
      "3": {
         "type": 2,
         "values": [
            6.5,
            8.5
         ]
      },
      "4": {
         "type": 2,
         "values": [
            null,
            null
         ]
      },
      "5": {
         "type": 2,
         "values": [
            null,
            2.5
         ]
      },
      "6": {
         "type": 2,
         "values": [
            null,
            null
         ]
      },
      "7": {
         "type": 2,
         "values": [
            0.5,
            2.5
         ]
      },
      "8": {
         "type": 1,
         "values": [
            0.8260164558887482,
            null
         ]
      },
      "9": {
         "type": 1,
         "values": [
            null,
            null
         ]
      },
      "10": {
         "type": 2,
         "values": [
            null,
            35.5
         ]
      }
   },
   "feature_bounds_compact_count": {
      "0": {
         "type": 2,
         "values": [
            35.5,
            62.5
         ]
      },
      "1": {
         "type": 2,
         "values": [
            null,
            null
         ]
      },
      "2": {
         "type": 2,
         "values": [
            null,
            1.5
         ]
      },
      "3": {
         "type": 2,
         "values": [
            null,
            9.5
         ]
      },
      "4": {
         "type": 2,
         "values": [
            null,
            null
         ]
      },
      "5": {
         "type": 2,
         "values": [
            null,
            2.5
         ]
      },
      "6": {
         "type": 2,
         "values": [
            null,
            null
         ]
      },
      "7": {
         "type": 2,
         "values": [
            0.5,
            2.5
         ]
      },
      "8": {
         "type": 1,
         "values": [
            0.8260164558887482,
            null
         ]
      },
      "9": {
         "type": 1,
         "values": [
            null,
            null
         ]
      },
      "10": {
         "type": 2,
         "values": [
            null,
            35.5
         ]
      }
   },
   "counterfactual_sample": [
      44.0,
      1.0,
      1.0,
      8.0,
      2.0,
      2.0,
      7.0,
      2.0,
      0.8310164558887482,
      -0.21637494832950374,
      35.0
   ],
   "counterfactual_distance": 0.0064305189426286345,
   "counterfactual_class": 1,
   "valid_": true
}