{
   "found": true,
   "num_iterations": 807,
   "num_foil": 390,
   "_observation": [
      42.0,
      0.0,
      2.0,
      9.0,
      3.0,
      0.0,
      13.0,
      1.0,
      -0.1473664551602441,
      -0.21637494832950374,
      50.0
   ],
   "_idx": 994,
   "factual_class": 0,
   "feature_bounds_splits": {
      "0": {
         "type": 2,
         "values": [
            null,
            null
         ]
      },
      "1": {
         "type": 2,
         "values": [
            null,
            null
         ]
      },
      "2": {
         "type": 2,
         "values": [
            null,
            null
         ]
      },
      "3": {
         "type": 2,
         "values": [
            null,
            null
         ]
      },
      "4": {
         "type": 2,
         "values": [
            null,
            null
         ]
      },
      "5": {
         "type": 2,
         "values": [
            null,
            null
         ]
      },
      "6": {
         "type": 2,
         "values": [
            null,
            null
         ]
      },
      "7": {
         "type": 2,
         "values": [
            null,
            null
         ]
      },
      "8": {
         "type": 1,
         "values": [
            0.5538242757320404,
            0.5567828863859177
         ]
      },
      "9": {
         "type": 1,
         "values": [
            null,
            null
         ]
      },
      "10": {
         "type": 2,
         "values": [
            49.5,
            52.5
         ]
      }
   },
   "splits": [
      [
         8,
         0.06613514572381973,
         false
      ],
      [
         8,
         0.08732705563306808,
         false
      ],
      [
         8,
         0.15441183000802994,
         false
      ],
      [
         8,
         0.17512210458517075,
         false
      ],
      [
         8,
         0.26078420132398605,
         false
      ],
      [
         8,
         0.27874227799475193,
         false
      ],
      [
         8,
         0.29573709703981876,
         false
      ],
      [
         8,
         0.8260164558887482,
         true
      ],
      [
         10,
         41.5,
         false
      ],
      [
         8,
         0.42791129648685455,
         false
      ],
      [
         8,
         0.44359882175922394,
         false
      ],
      [
         8,
         0.4950648844242096,
         false
      ],
      [
         10,
         52.5,
         true
      ],
      [
         10,
         49.5,
         false
      ],
      [
         8,
         0.5567828863859177,
         true
      ],
      [
         8,
         0.5538242757320404,
         false
      ]
   ],
   "remaining_rules": [
      315,
      2221,
      4158,
      5363,
      7035,
      8438,
      9846,
      11396,
      12509,
      14532
   ],
   "set_rules": [
      315,
      2221,
      4158,
      5363,
      7035,
      8438,
      9846,
      11396,
      12509,
      14532
   ],
   "foil_estimated_class": [
      1
   ],
   "distance": 0.004632649445721182,
   "extraction_time": 0.1812882423400879,
   "feature_bounds": {
      "0": {
         "type": 2,
         "values": [
            39.5,
            42.5
         ]
      },
      "1": {
         "type": 2,
         "values": [
            null,
            0.5
         ]
      },
      "2": {
         "type": 2,
         "values": [
            null,
            3.5
         ]
      },
      "3": {
         "type": 2,
         "values": [
            8.5,
            9.5
         ]
      },
      "4": {
         "type": 2,
         "values": [
            2.5,
            4.5
         ]
      },
      "5": {
         "type": 2,
         "values": [
            null,
            1.0
         ]
      },
      "6": {
         "type": 2,
         "values": [
            12.5,
            null
         ]
      },
      "7": {
         "type": 2,
         "values": [
            0.5,
            1.5
         ]
      },
      "8": {
         "type": 1,
         "values": [
            0.5538242757320404,
            0.5842360258102417
         ]
      },
      "9": {
         "type": 1,
         "values": [
            null,
            1.1195990666747093
         ]
      },
      "10": {
         "type": 2,
         "values": [
            49.0,
            67.5
         ]
      }
   },
   "feature_bounds_compact": {
      "0": {
         "type": 2,
         "values": [
            39.5,
            54.0
         ]
      },
      "1": {
         "type": 2,
         "values": [
            null,
            null
         ]
      },
      "2": {
         "type": 2,
         "values": [
            null,
            3.5
         ]
      },
      "3": {
         "type": 2,
         "values": [
            8.5,
            9.5
         ]
      },
      "4": {
         "type": 2,
         "values": [
            2.5,
            4.5
         ]
      },
      "5": {
         "type": 2,
         "values": [
            null,
            1.0
         ]
      },
      "6": {
         "type": 2,
         "values": [
            12.5,
            null
         ]
      },
      "7": {
         "type": 2,
         "values": [
            0.5,
            2.5
         ]
      },
      "8": {
         "type": 1,
         "values": [
            0.5538242757320404,
            0.5842360258102417
         ]
      },
      "9": {
         "type": 1,
         "values": [
            null,
            1.1195990666747093
         ]
      },
      "10": {
         "type": 2,
         "values": [
            49.0,
            67.5
         ]
      }
   },
   "feature_bounds_compact_count": {
      "0": {
         "type": 2,
         "values": [
            39.5,
            54.0
         ]
      },
      "1": {
         "type": 2,
         "values": [
            null,
            null
         ]
      },
      "2": {
         "type": 2,
         "values": [
            null,
            3.5
         ]
      },
      "3": {
         "type": 2,
         "values": [
            8.5,
            9.5
         ]
      },
      "4": {
         "type": 2,
         "values": [
            2.5,
            4.5
         ]
      },
      "5": {
         "type": 2,
         "values": [
            null,
            1.0
         ]
      },
      "6": {
         "type": 2,
         "values": [
            12.5,
            null
         ]
      },
      "7": {
         "type": 2,
         "values": [
            0.5,
            2.5
         ]
      },
      "8": {
         "type": 1,
         "values": [
            0.5538242757320404,
            0.5842360258102417
         ]
      },
      "9": {
         "type": 1,
         "values": [
            null,
            1.1195990666747093
         ]
      },
      "10": {
         "type": 2,
         "values": [
            49.0,
            67.5
         ]
      }
   },
   "counterfactual_sample": [
      42.0,
      0.0,
      2.0,
      9.0,
      3.0,
      0.0,
      13.0,
      1.0,
      0.5588242757320404,
      -0.21637494832950374,
      50.0
   ],
   "counterfactual_distance": 0.004632319127669075,
   "counterfactual_class": 1,
   "valid_": true
}