{
   "counterfactual_sample": {
      "CO2": -0.5558495308844286, 
      "Temperature": -0.5291493826842849, 
      "Light": -0.067865, 
      "Humidity": -0.1350101842805284, 
      "HumidityRatio": -0.34089435841508825, 
      "y": 1
   }, 
   "factual_class": 1, 
   "factual_sample": {
      "CO2": -0.5558495308844286, 
      "Temperature": -0.5291493826842849, 
      "Light": -0.7724036570242273, 
      "Humidity": -0.1350101842805284, 
      "HumidityRatio": -0.34089435841508825, 
      "y": 1
   }, 
   "counterfactual_distance": 0.020768911903440088, 
   "counterfactual_class": 1, 
   "counterfactual_rule": {
      "Light": ">-0.068865"
   }, 
   "counterfactual_time": 12.767461061477661, 
   "counterfactual_found": false
}