{
   "counterfactual_sample": {
      "CO2": -0.20899134968331265, 
      "Temperature": -0.3248356946970682, 
      "Light": -0.042083, 
      "Humidity": 0.5114393476065748, 
      "HumidityRatio": 0.14239738904717686, 
      "y": 1
   }, 
   "factual_class": 1, 
   "factual_sample": {
      "CO2": -0.20899134968331265, 
      "Temperature": -0.3248356946970682, 
      "Light": -0.7724036570242273, 
      "Humidity": 0.5114393476065748, 
      "HumidityRatio": 0.14239738904717686, 
      "y": 1
   }, 
   "counterfactual_distance": 0.02152893277859851, 
   "counterfactual_class": 1, 
   "counterfactual_rule": {
      "Light": ">-0.043083"
   }, 
   "counterfactual_time": 16.11250615119934, 
   "counterfactual_found": false
}