{
   "counterfactual_sample": {
      "CO2": -0.5985660556628911, 
      "Temperature": -0.5291493826842849, 
      "Light": -0.02599, 
      "Humidity": -0.1452712879612755, 
      "HumidityRatio": -0.3471822484332708, 
      "y": 1
   }, 
   "factual_class": 1, 
   "factual_sample": {
      "CO2": -0.5985660556628911, 
      "Temperature": -0.5291493826842849, 
      "Light": -0.7724036570242273, 
      "Humidity": -0.1452712879612755, 
      "HumidityRatio": -0.3471822484332708, 
      "y": 1
   }, 
   "counterfactual_distance": 0.022003334141717137, 
   "counterfactual_class": 1, 
   "counterfactual_rule": {
      "Light": ">-0.02699"
   }, 
   "counterfactual_time": 15.98860788345337, 
   "counterfactual_found": false
}