{
   "factual_sample": {
      "variance_wti": 1.2469408513066935,
      "skewness_wti": -0.2705246543909099,
      "curtosis_wty": 0.19936893078663215,
      "entropy": 1.5970293042119192,
      "y": 0
   },
   "counterfactual_sample": {
      "variance_wti": 0.3207081235018562,
      "skewness_wti": -0.2874535049304136,
      "curtosis_wty": -0.7603941563466233,
      "entropy": 1.1986476512243327,
      "y": 1
   },
   "counterfactual_found": true,
   "counterfactual_plausible": true,
   "counterfactual_distance": 0.11193526992702484,
   "counterfactual_time": 0.2069411277770996,
   "counterfactual_class": 1,
   "factual_class": 0,
   "valid_": true
}