{
   "factual_sample": {
      "variance_wti": -0.7996671505322012,
      "skewness_wti": -1.4016503817243753,
      "curtosis_wty": 0.9871215649986872,
      "entropy": 0.660553881066736,
      "y": 1
   },
   "counterfactual_sample": {
      "variance_wti": -0.7783420856391602,
      "skewness_wti": -0.18199590205791727,
      "curtosis_wty": 1.3305622169855988,
      "entropy": 0.5805166405935588,
      "y": 0
   },
   "counterfactual_found": true,
   "counterfactual_plausible": true,
   "counterfactual_distance": 0.08778758390962552,
   "counterfactual_time": 0.25330018997192383,
   "counterfactual_class": 0,
   "factual_class": 1,
   "valid_": true
}