{
   "factual_sample": {
      "variance_wti": -0.7629641098004489,
      "skewness_wti": 0.0162175523559856,
      "curtosis_wty": 1.4771343408821551,
      "entropy": 1.0127266904754468,
      "y": 0
   },
   "counterfactual_sample": {
      "variance_wti": -0.7394924624676794,
      "skewness_wti": -1.5469569170136108,
      "curtosis_wty": 1.5075628530640055,
      "entropy": 1.02812011564706,
      "y": 1
   },
   "counterfactual_found": true,
   "counterfactual_plausible": true,
   "counterfactual_distance": 0.08914074555788534,
   "counterfactual_time": 0.19931530952453613,
   "counterfactual_class": 1,
   "factual_class": 0,
   "valid_": true
}