{
   "factual_sample": {
      "variance_wti": -0.9747015940602304,
      "skewness_wti": 1.7109604845874715,
      "curtosis_wty": 0.3912936960282197,
      "entropy": -2.024448946802284,
      "y": 0
   },
   "counterfactual_sample": {
      "variance_wti": -1.6393679731027355,
      "skewness_wti": 0.7410287085600279,
      "curtosis_wty": -0.2876683033258876,
      "entropy": -2.0731098825442835,
      "y": 1
   },
   "counterfactual_found": true,
   "counterfactual_plausible": true,
   "counterfactual_distance": 0.12111219640766725,
   "counterfactual_time": 0.11983823776245117,
   "counterfactual_class": 1,
   "factual_class": 0,
   "valid_": true
}