{
   "factual_sample": {
      "variance_wti": -2.0813176265543887,
      "skewness_wti": 1.0669244217248597,
      "curtosis_wty": -0.2598254023240968,
      "entropy": -1.828662481272828,
      "y": 1
   },
   "counterfactual_sample": {
      "variance_wti": -1.0844236276188142,
      "skewness_wti": 1.4002346032592878,
      "curtosis_wty": -0.6333185619945019,
      "entropy": -2.0373998024987845,
      "y": 0
   },
   "counterfactual_found": true,
   "counterfactual_plausible": true,
   "counterfactual_distance": 0.09666199865597142,
   "counterfactual_time": 0.2570531368255615,
   "counterfactual_class": 0,
   "factual_class": 1,
   "valid_": true
}