{
   "found": true,
   "num_iterations": 2409,
   "num_foil": 1181,
   "_observation": [
      2.1074701146745487,
      1.0770313824893856,
      1.1063641907898467,
      1.0829272257165088,
      1.668114892218966
   ],
   "_idx": 1,
   "factual_class": 0,
   "feature_bounds_splits": {
      "0": {
         "type": 1,
         "values": [
            null,
            null
         ]
      },
      "1": {
         "type": 1,
         "values": [
            null,
            null
         ]
      },
      "2": {
         "type": 1,
         "values": [
            0.037065476179122925,
            0.06504711508750916
         ]
      },
      "3": {
         "type": 1,
         "values": [
            null,
            null
         ]
      },
      "4": {
         "type": 1,
         "values": [
            null,
            null
         ]
      }
   },
   "splits": [
      [
         2,
         -0.3382883630692959,
         false
      ],
      [
         2,
         0.037065476179122925,
         false
      ],
      [
         2,
         0.06504711508750916,
         true
      ]
   ],
   "remaining_rules": [
      37,
      71,
      143,
      145,
      184,
      212,
      257,
      258,
      284,
      354,
      355,
      443
   ],
   "set_rules": [
      37,
      71,
      143,
      184,
      212,
      258,
      284,
      354,
      355,
      443
   ],
   "foil_estimated_class": [
      1
   ],
   "distance": 0.030698189288513575,
   "extraction_time": 0.03121471405029297,
   "feature_bounds": {
      "0": {
         "type": 1,
         "values": [
            1.1126570105552673,
            null
         ]
      },
      "1": {
         "type": 1,
         "values": [
            0.21591956168413162,
            1.9567158222198486
         ]
      },
      "2": {
         "type": 1,
         "values": [
            0.0580517053604126,
            0.06504711508750916
         ]
      },
      "3": {
         "type": 1,
         "values": [
            0.9420481324195862,
            null
         ]
      },
      "4": {
         "type": 1,
         "values": [
            1.3014362454414368,
            1.7802915573120117
         ]
      }
   },
   "feature_bounds_compact": {
      "0": {
         "type": 1,
         "values": [
            1.0810370445251465,
            null
         ]
      },
      "1": {
         "type": 1,
         "values": [
            0.21318326890468597,
            null
         ]
      },
      "2": {
         "type": 1,
         "values": [
            0.05578652396798134,
            0.06504711508750916
         ]
      },
      "3": {
         "type": 1,
         "values": [
            0.9420481324195862,
            null
         ]
      },
      "4": {
         "type": 1,
         "values": [
            0.90059494972229,
            null
         ]
      }
   },
   "feature_bounds_compact_count": {
      "0": {
         "type": 1,
         "values": [
            1.0810370445251465,
            null
         ]
      },
      "1": {
         "type": 1,
         "values": [
            0.21318326890468597,
            null
         ]
      },
      "2": {
         "type": 1,
         "values": [
            0.05578652396798134,
            0.06504711508750916
         ]
      },
      "3": {
         "type": 1,
         "values": [
            0.9420481324195862,
            null
         ]
      },
      "4": {
         "type": 1,
         "values": [
            0.90059494972229,
            null
         ]
      }
   },
   "counterfactual_sample": [
      2.1074701146745487,
      1.0770313824893856,
      0.06004711508750916,
      1.0829272257165088,
      1.668114892218966
   ],
   "counterfactual_distance": 0.030696715351512645,
   "counterfactual_class": 1,
   "valid_": true
}